{
  "format_version": "1.16.100",
  "minecraft:item": {
	"description": {
      "identifier": "pixel:iron_hand_blaster",
      "category":"Equipment"
    },
    "components": {
	  "minecraft:icon": {
	    "texture": "iron_hand_blaster"
	  },
      "minecraft:creative_category": {
        "parent": "itemGroup.name.sword"
      },
      "tag:minecraft:is_hand_blaster":{},
	  "minecraft:allow_off_hand": false,
	  "minecraft:display_name": {
		"value": "item.pixel:iron_hand_blaster.name"
	  },
      "minecraft:max_stack_size": 1,
      "minecraft:use_duration": 3600,
      "minecraft:hand_equipped": true,
      "minecraft:durability": {
        "max_durability": 237,
        "damage_chance": {
          "min": 60,
          "max": 100
        }
      },
      "minecraft:repairable": {
        "repair_items": [
          {
            "items": [ "minecraft:iron_ingot" ],
            "repair_amount": 120
          },
          {
            "items": [ "pixel:repair_item" ],
            "repair_amount": 250
          }
        ]
      },
      "minecraft:damage": 3,
      "minecraft:enchantable": {
        "value": 12,
        "slot": "bow"
      },
      "minecraft:can_destroy_in_creative": false,
      "minecraft:digger": {
        "use_efficiency": false,
        "destroy_speeds": [
          {
            "block": "minecraft:web",
            "speed": 15,
			"on_dig": {
			  "event": "minecraft:break"
			}
          },
          {
            "block": "minecraft:bamboo",
            "speed": 10,
			"on_dig": {
			  "event": "minecraft:break"
			}
          }
        ],
		"on_dig": {
		  "event": "minecraft:break",
		  "target": "self"
		}
      },
      "minecraft:chargeable": {
		"on_complete": {
		  "event": "filter_the_shoot",
		  "target": "self"
		}
	  },
	  "minecraft:weapon": {
		"on_hurt_entity": {
		  "event": "minecraft:break"
		}
	  }
    },
	"events": {
	  "minecraft:break": {
	    "sequence":[
	      {
	        "randomize":[
	          {
	            "weight": 10,
		        "damage": {
		          "type": "durability",
		          "amount": 1
	            }
	          },
	          {
	            "weight": 20,
		        "damage": {
		          "type": "durability",
		          "amount": 0
	            }
	          },
	          {
	            "weight": 5,
		        "damage": {
		          "type": "durability",
		          "amount": 2
	            }
	          }
	        ]
	      }
	    ]
	  }
    }
  }
}