{
  "pools": [
    {
      "rolls": 1,
      "conditions": [
        {
          "condition": "random_chance",
          "chance": 0.2
        }
      ],
      "entries": [
        {
          "type": "item",
          "name": "minecraft:emerald",
          "weight": 1
        },
        {
          "type": "item",
          "name": "minecraft:egg",
          "weight": 4
        },
        {
          "type": "item",
          "name": "minecraft:rabbit_foot",
          "weight": 2
        },
        {
          "type": "item",
          "name": "pixel:repair_item",
          "weight": 2
        },
        {
          "type": "item",
          "name": "pixel:oval_gata_tsuba",
          "weight": 2
        },
        {
          "type": "item",
          "name": "minecraft:rabbit_hide",
          "weight": 2
        },
        {
          "type": "item",
          "name": "minecraft:wheat",
          "weight": 4
        },
        {
          "type": "item",
          "name": "minecraft:leather",
          "weight": 4
        },
        {
          "type": "item",
          "name": "minecraft:feather",
          "weight": 3
        }
      ]
    }
  ]
}