{
  "pools": [
    {
      "rolls": 1,
      "entries": [
        {
          "type": "item",
          "name": "minecraft:stone_sword",
          "weight": 1
        },
        {
          "type": "item",
          "name": "pixel:stone_saber",
          "weight": 1,
          "functions": [
            {
              "function": "looting_enchant",
              "count": {
                "min": 0,
                "max": 1
              }
            },
            {
              "function": "enchant_random_gear",
              "chance": 0.25
            }
          ]
        },
        {
          "type": "item",
          "name": "pixel:stone_longsword",
          "weight": 1,
          "functions": [
            {
              "function": "looting_enchant",
              "count": {
                "min": 0,
                "max": 1
              }
            },
            {
              "function": "enchant_random_gear",
              "chance": 0.25
            }
          ]
        },
        {
          "type": "item",
          "name": "pixel:stone_dagger",
          "weight": 1,
          "functions": [
            {
              "function": "looting_enchant",
              "count": {
                "min": 0,
                "max": 1
              }
            },
            {
              "function": "enchant_random_gear",
              "chance": 0.25
            }
          ]
        }
      ]
    }
  ]
}