{
  "mob.godzilla.roar1": {
    "category": "hostile",
    "min_distance": 100.0,
    "sounds": [
      "sounds/mob/godzilla/roar"
    ]
  },
  "mob.mechagodzilla.step": {
    "category": "hostile",
    "min_distance": 100.0,
    "sounds": [
      "sounds/mob/godzilla/mechagodzillastep"
    ]
  },
  "mob.mechagodzilla.death": {
    "category": "hostile",
    "min_distance": 100.0,
    "sounds": [
      "sounds/mob/godzilla/mechagodzilladeath"
    ]
  },
  "mob.godzilla.atom": {
    "category": "hostile",
    "min_distance": 100.0,
    "sounds": [
      "sounds/mob/godzilla/atom"
    ]
  },
  "mob.ghidorah.roar": {
    "category": "hostile",
    "min_distance": 100.0,
    "sounds": [
      "sounds/mob/ghidorah/roar1",
      "sounds/mob/ghidorah/roar2"
    ]
  },
  "mob.godzilla.death": {
    "category": "hostile",
    "min_distance": 100.0,
    "sounds": [
      "sounds/mob/godzilla/death"
    ]
  },
  "mob.godzilla.hurt": {
    "category": "hostile",
	"min_distance": 100.0,
    "sounds": [
      {
        "name": "sounds/mob/godzilla/hurt",
        "pitch": 1.0,
        "load_on_low_memory": true
      }
    ]
  },
  "mob.godzilla.hit": {
    "category": "hostile",
	"min_distance": 100.0,
    "sounds": [
      {
        "name": "sounds/mob/godzilla/hit",
        "pitch": 1.0,
        "load_on_low_memory": true
      }
    ]
  },
  "big.step": {
    "category": "neutral",
	"min_distance": 100.0,
    "sounds": [
      "sounds/mob/godzilla/step1",
	  "sounds/mob/godzilla/step2",
	  "sounds/mob/godzilla/step3"
    ]
  },
  "mob.godzilla.roar": {
    "category": "hostile",
    "min_distance": 100.0,
    "sounds": [
        "sounds/mob/godzilla/roar1"
    ]
  }
}
