{
	"format_version": "1.10.0",
	"particle_effect": {
		"description": {
			"identifier": "minecraft:critical_hit_emitter",
			"basic_render_parameters": {
				"material": "particles_alpha",
				"texture": "textures/particle/critical_hit"
			}
		},
		"components": {
			"minecraft:emitter_rate_steady": {
				"spawn_rate": 520,
				"max_particles": 60
			},
			"minecraft:emitter_lifetime_once": {
				"active_time": 0.15
			},
			"minecraft:emitter_shape_point": {
				"offset": [
					0,
					"math.random(-0.9,-0.5)",
					0
				],
				"direction": [
					"math.random(-0.75,0.75)",
					"math.random(-1,1)",
					"math.random(-0.75,0.75)"
				]
			},
			"minecraft:particle_lifetime_expression": {
				"max_lifetime": "6/(math.random(0,16)+12)"
			},
			"minecraft:particle_initial_speed": "math.random(13,20)",
			"minecraft:particle_motion_dynamic": {
				"linear_acceleration": [
					0,
					-10,
					0
				],
				"linear_drag_coefficient": 7
			},
			"minecraft:particle_appearance_billboard": {
				"size": [
					"0.06+variable.particle_random_1*0.05",
					"0.06+variable.particle_random_1*0.05"
				],
				"facing_camera_mode": "lookat_xyz",
				"uv": {
					"texture_width": 40,
					"texture_height": 512,
					"flipbook": {
						"base_UV": [
							0,
							"math.round(math.random(0,63))*8"
						],
						"size_UV": [
							8,
							8
						],
						"step_UV": [
							8,
							0
						],
						"frames_per_second": 4,
						"max_frame": 4,
						"stretch_to_lifetime": true
					}
				}
			},
			"minecraft:particle_appearance_lighting": {},
			"minecraft:particle_appearance_tinting": {
				"color": {
					"interpolant": "variable.particle_age/variable.particle_lifetime",
					"gradient": {
						"0.33": "#FFFF3636",
						"0.88": "#FF340303"
					}
				}
			}
		}
	}
}