{"format_version":"1.16.100","minecraft:item":{"description":{"category":"equipment","identifier":"yg:grabpack_greenhand"},"components":{"minecraft:icon":{"texture":"yg:grabpack_greenhand"},"minecraft:max_stack_size":1,"minecraft:hand_equipped":true,"minecraft:display_name":{"value":"Grab-Pack Green"},"minecraft:on_use":{"on_use":{"event":"shoot_projectile","target":"self"}},"minecraft:use_duration":1,"minecraft:cooldown":{"category":"grabpack","duration":0.5}},"events":{"shoot_projectile":{"sequence":[{"condition":"!query.is_sneaking","shoot":{"projectile":"yg:greenhand","launch_power":3,"angle_offset":3},"run_command":{"command":["playsound grabpack.shoot @a"]},"damage":{"type":"none","amount":5,"target":"self"}},{"condition":"query.is_sneaking","shoot":{"projectile":"yg:bluehand","launch_power":3,"angle_offset":3},"run_command":{"command":["playsound grabpack.shoot @a"]},"damage":{"type":"none","amount":150,"target":"self"}}]}}}}