{"format_version":"1.16.100","minecraft:item":{"description":{"category":"equipment","identifier":"yg:grabpack_purplehand"},"components":{"minecraft:icon":{"texture":"yg:grabpack_purplehand"},"minecraft:max_stack_size":1,"minecraft:hand_equipped":true,"minecraft:display_name":{"value":"Grab-Pack Purple"},"minecraft:on_use":{"on_use":{"event":"shoot_projectile","target":"self"}},"minecraft:use_duration":1,"minecraft:cooldown":{"category":"grabpack","duration":0.5}},"events":{"shoot_projectile":{"sequence":[{"condition":"!query.is_sneaking","shoot":{"projectile":"yg:purplehand","launch_power":3,"angle_offset":3},"run_command":{"command":["playsound grabpack.shoot @a"]},"damage":{"type":"none","amount":5,"target":"self"}},{"condition":"query.is_sneaking","shoot":{"projectile":"yg:bluehand","launch_power":3,"angle_offset":3},"run_command":{"command":["playsound grabpack.shoot @a","particle minecraft:knockback_roar_particle ~~1~","effect @s instant_health 4 1 true","effect @s slow_falling 3 1 true","effect @s levitation 1 13 true","effect @s speed 2 15 true"]},"damage":{"type":"none","amount":150,"target":"self"}}]}}}}