{
  "resource_pack_name": "vanilla",
  "texture_name": "atlas.terrain",
  "padding": 8,
  "num_mip_levels": 4,
  "texture_data": {
    "pa_jaranan": {
      "textures": [
        "textures/blocks/pa_jaranan"
      ]
    },
    "pa_celeng": {
      "textures": [
        "textures/blocks/pa_celeng"
      ]
    },
    "pa_caplokan_2": {
      "textures": [
        "textures/blocks/pa_caplokan_2"
      ]
    },
    "pa_sajen": {
      "textures": [
        "textures/blocks/pa_sajen"
      ]
    },
    "pa_caplokan_1": {
      "textures": [
        "textures/blocks/pa_caplokan_1"
      ]
    }
  }
}