{
  "format_version": "1.8.0",
  "animations": {
    "animation.witch.general": {
      "loop": true,
      "bones": {
        "nose": {
          "rotation": [
            "(variable.isholdingitem ? -25.7831 : (math.sin(query.life_time * 57.296) * 4.5)) - this",
            0,
            "(math.cos(query.life_time * 57.296) * 2.5) - this"
          ]
        }
      }
    },
    "animation.witch.villager_general": {
      "loop": true,
      "bones": {
        "arms": {
          "rotation": [
            "-42.97 - this",
            0,
            0
          ],
          "position": [
            0,
            -1,
            -1
          ]
        }
      }
    },
    "animation.witch.move": {
      "loop": true,
      "anim_time_update": "query.modified_distance_moved",
      "bones": {
        "leg0": {
          "rotation": [
            "(math.cos(query.anim_time * 38.17) * 40.0) - this",
            "-this",
            0
          ]
        },
        "leg1": {
          "rotation": [
            "(math.cos(query.anim_time * 38.17 + 180) * 40.0) - this",
            "-this",
            0
          ]
        }
      }
    },
    "animation.pa_gangle.idle": {
      "loop": true,
      "animation_length": 1,
      "bones": {
        "base": {
          "rotation": {
            "0.0": {
              "post": [
                0,
                0,
                0
              ],
              "lerp_mode": "catmullrom"
            },
            "0.5": {
              "post": [
                5,
                0,
                0
              ],
              "lerp_mode": "catmullrom"
            },
            "1.0": {
              "post": [
                0,
                0,
                0
              ],
              "lerp_mode": "catmullrom"
            }
          }
        },
        "ribbon17": {
          "rotation": {
            "0.0": {
              "post": [
                0,
                0,
                0
              ],
              "lerp_mode": "catmullrom"
            },
            "0.6667": {
              "post": [
                7.5,
                0,
                0
              ],
              "lerp_mode": "catmullrom"
            },
            "1.0": {
              "post": [
                0,
                0,
                0
              ],
              "lerp_mode": "catmullrom"
            }
          }
        },
        "ribbon5": {
          "rotation": {
            "0.0": {
              "post": [
                0,
                0,
                0
              ],
              "lerp_mode": "catmullrom"
            },
            "0.5833": {
              "post": [
                -13.17022,
                4.50416,
                9.39906
              ],
              "lerp_mode": "catmullrom"
            },
            "1.0": {
              "post": [
                0,
                0,
                0
              ],
              "lerp_mode": "catmullrom"
            }
          }
        },
        "ribbon": {
          "rotation": {
            "0.0": {
              "post": [
                0,
                0,
                0
              ],
              "lerp_mode": "catmullrom"
            },
            "0.5833": {
              "post": [
                -13.76823,
                -6.74296,
                -9.06682
              ],
              "lerp_mode": "catmullrom"
            },
            "1.0": {
              "post": [
                0,
                0,
                0
              ],
              "lerp_mode": "catmullrom"
            }
          }
        },
        "head": {
          "rotation": {
            "0.0": {
              "post": [
                0,
                0,
                0
              ],
              "lerp_mode": "catmullrom"
            },
            "0.7083": {
              "post": [
                -9.27293,
                0.31931,
                3.70802
              ],
              "lerp_mode": "catmullrom"
            },
            "1.0": {
              "post": [
                0,
                0,
                0
              ],
              "lerp_mode": "catmullrom"
            }
          }
        },
        "tears": {
          "position": {
            "0.0": {
              "post": [
                0,
                0,
                0
              ],
              "lerp_mode": "catmullrom"
            },
            "0.25": {
              "post": [
                0,
                -42,
                0
              ],
              "lerp_mode": "catmullrom"
            },
            "0.5": {
              "post": [
                0,
                0,
                0
              ],
              "lerp_mode": "catmullrom"
            },
            "0.75": {
              "post": [
                0,
                -0.37,
                0
              ],
              "lerp_mode": "catmullrom"
            },
            "1.0": {
              "post": [
                0,
                0,
                0
              ],
              "lerp_mode": "catmullrom"
            }
          },
          "scale": {
            "0.0": {
              "post": [
                1,
                1,
                1
              ],
              "lerp_mode": "catmullrom"
            },
            "0.25": {
              "post": [
                1,
                1,
                1
              ],
              "lerp_mode": "catmullrom"
            },
            "0.2917": {
              "post": [
                0,
                0,
                1
              ],
              "lerp_mode": "catmullrom"
            },
            "0.5": {
              "post": [
                0,
                0,
                1
              ],
              "lerp_mode": "catmullrom"
            },
            "0.75": {
              "post": [
                1,
                1,
                1
              ],
              "lerp_mode": "catmullrom"
            },
            "1.0": {
              "post": [
                1,
                1,
                1
              ],
              "lerp_mode": "catmullrom"
            }
          }
        },
        "tears2": {
          "position": {
            "0.0": {
              "post": [
                0,
                0,
                0
              ],
              "lerp_mode": "catmullrom"
            },
            "0.25": {
              "post": [
                0,
                -42,
                0
              ],
              "lerp_mode": "catmullrom"
            },
            "0.5417": {
              "post": [
                0,
                0,
                0
              ],
              "lerp_mode": "catmullrom"
            },
            "0.75": {
              "post": [
                0,
                -0.16,
                0
              ],
              "lerp_mode": "catmullrom"
            },
            "1.0": {
              "post": [
                0,
                0,
                0
              ],
              "lerp_mode": "catmullrom"
            }
          },
          "scale": {
            "0.0": {
              "post": [
                1,
                1,
                1
              ],
              "lerp_mode": "catmullrom"
            },
            "0.25": {
              "post": [
                1,
                1,
                1
              ],
              "lerp_mode": "catmullrom"
            },
            "0.2917": {
              "post": [
                0.1,
                0,
                1
              ],
              "lerp_mode": "catmullrom"
            },
            "0.5417": {
              "post": [
                0.1,
                0,
                1
              ],
              "lerp_mode": "catmullrom"
            },
            "0.75": {
              "post": [
                1,
                1,
                1
              ],
              "lerp_mode": "catmullrom"
            },
            "1.0": {
              "post": [
                1,
                1,
                1
              ],
              "lerp_mode": "catmullrom"
            }
          }
        },
        "all": {
          "position": {
            "0.0": {
              "post": [
                0,
                0,
                0
              ],
              "lerp_mode": "catmullrom"
            },
            "0.25": {
              "post": [
                0,
                -1,
                0
              ],
              "lerp_mode": "catmullrom"
            },
            "0.5": {
              "post": [
                0,
                0,
                0
              ],
              "lerp_mode": "catmullrom"
            },
            "0.75": {
              "post": [
                0,
                -0.94,
                0
              ],
              "lerp_mode": "catmullrom"
            },
            "1.0": {
              "post": [
                0,
                0,
                0
              ],
              "lerp_mode": "catmullrom"
            }
          }
        }
      }
    },
    "animation.pa_gangle.move_1": {
      "loop": true,
      "animation_length": 1,
      "bones": {
        "base": {
          "rotation": {
            "0.0": {
              "post": [
                2.5,
                0,
                0
              ],
              "lerp_mode": "catmullrom"
            },
            "0.4583": {
              "post": [
                10,
                0,
                0
              ],
              "lerp_mode": "catmullrom"
            },
            "1.0": {
              "post": [
                2.5,
                0,
                0
              ],
              "lerp_mode": "catmullrom"
            }
          }
        },
        "ribbon5": {
          "rotation": {
            "0.0": {
              "post": [
                -17.5,
                0,
                0
              ],
              "lerp_mode": "catmullrom"
            },
            "0.4583": {
              "post": [
                -2.5,
                0,
                0
              ],
              "lerp_mode": "catmullrom"
            },
            "1.0": {
              "post": [
                -17.5,
                0,
                0
              ],
              "lerp_mode": "catmullrom"
            }
          }
        },
        "ribbon6": {
          "rotation": {
            "0.0": {
              "post": [
                -22.5,
                0,
                0
              ],
              "lerp_mode": "catmullrom"
            },
            "0.5417": {
              "post": [
                -2.5,
                0,
                0
              ],
              "lerp_mode": "catmullrom"
            },
            "1.0": {
              "post": [
                -22.5,
                0,
                0
              ],
              "lerp_mode": "catmullrom"
            }
          }
        },
        "ribbon7": {
          "rotation": {
            "0.0": {
              "post": [
                15,
                0,
                0
              ],
              "lerp_mode": "catmullrom"
            },
            "0.625": {
              "post": [
                27.72553,
                -0.82242,
                0.64943
              ],
              "lerp_mode": "catmullrom"
            },
            "1.0": {
              "post": [
                15,
                0,
                0
              ],
              "lerp_mode": "catmullrom"
            }
          }
        },
        "ribbon8": {
          "rotation": {
            "0.0": {
              "post": [
                30,
                -17.5,
                0
              ],
              "lerp_mode": "catmullrom"
            },
            "0.7083": {
              "post": [
                47.5,
                -17.5,
                0
              ],
              "lerp_mode": "catmullrom"
            },
            "1.0": {
              "post": [
                30,
                -17.5,
                0
              ],
              "lerp_mode": "catmullrom"
            }
          }
        },
        "ribbon": {
          "rotation": {
            "0.0": {
              "post": [
                -17.5,
                0,
                -7.5
              ],
              "lerp_mode": "catmullrom"
            },
            "0.5": {
              "post": [
                6.89025,
                4.96406,
                9.01046
              ],
              "lerp_mode": "catmullrom"
            },
            "1.0": {
              "post": [
                -17.5,
                0,
                -7.5
              ],
              "lerp_mode": "catmullrom"
            }
          }
        },
        "ribbon2": {
          "rotation": {
            "0.0": {
              "post": [
                -19.66455,
                -5.14273,
                -5.60437
              ],
              "lerp_mode": "catmullrom"
            },
            "0.625": {
              "post": [
                -1.35761,
                0.17204,
                5.93402
              ],
              "lerp_mode": "catmullrom"
            },
            "1.0": {
              "post": [
                -19.66455,
                -5.14273,
                -5.60437
              ],
              "lerp_mode": "catmullrom"
            }
          }
        },
        "ribbon3": {
          "rotation": {
            "0.0": {
              "post": [
                12.5,
                0,
                0
              ],
              "lerp_mode": "catmullrom"
            },
            "0.7083": {
              "post": [
                37.5,
                0,
                0
              ],
              "lerp_mode": "catmullrom"
            },
            "1.0": {
              "post": [
                12.5,
                0,
                0
              ],
              "lerp_mode": "catmullrom"
            }
          }
        },
        "ribbon4": {
          "rotation": {
            "0.0": {
              "post": [
                21.9762,
                -6.36032,
                -10.7791
              ],
              "lerp_mode": "catmullrom"
            },
            "0.7917": {
              "post": [
                44.4762,
                -6.36032,
                -10.7791
              ],
              "lerp_mode": "catmullrom"
            },
            "1.0": {
              "post": [
                21.9762,
                -6.36032,
                -10.7791
              ],
              "lerp_mode": "catmullrom"
            }
          }
        },
        "ribbon9": {
          "rotation": {
            "0.0": {
              "post": [
                -42.5,
                0,
                0
              ],
              "lerp_mode": "catmullrom"
            },
            "0.25": {
              "post": [
                -42.14512,
                2.1229,
                -3.65176
              ],
              "lerp_mode": "catmullrom"
            },
            "0.5": {
              "post": [
                20.35312,
                3.77404,
                -6.49202
              ],
              "lerp_mode": "catmullrom"
            },
            "0.75": {
              "post": [
                -54.6673,
                1.99022,
                -3.42353
              ],
              "lerp_mode": "catmullrom"
            },
            "1.0": {
              "post": [
                -42.5,
                0,
                0
              ],
              "lerp_mode": "catmullrom"
            }
          }
        },
        "ribbon10": {
          "rotation": {
            "0.0": {
              "post": [
                -7.5,
                0,
                0
              ],
              "lerp_mode": "catmullrom"
            },
            "0.25": {
              "post": [
                77.79287,
                -1.06899,
                4.34401
              ],
              "lerp_mode": "catmullrom"
            },
            "0.5": {
              "post": [
                55.24287,
                -1.90043,
                7.72269
              ],
              "lerp_mode": "catmullrom"
            },
            "0.75": {
              "post": [
                -42.53794,
                -1.00218,
                4.07251
              ],
              "lerp_mode": "catmullrom"
            },
            "1.0": {
              "post": [
                -7.5,
                0,
                0
              ],
              "lerp_mode": "catmullrom"
            }
          }
        },
        "ribbon11": {
          "rotation": {
            "0.0": {
              "post": [
                32.5,
                0,
                0
              ],
              "lerp_mode": "catmullrom"
            },
            "0.25": {
              "post": [
                31.56,
                0,
                0
              ],
              "lerp_mode": "catmullrom"
            },
            "0.5": {
              "post": [
                -62.5,
                0,
                0
              ],
              "lerp_mode": "catmullrom"
            },
            "0.75": {
              "post": [
                49.12,
                0,
                0
              ],
              "lerp_mode": "catmullrom"
            },
            "1.0": {
              "post": [
                32.5,
                0,
                0
              ],
              "lerp_mode": "catmullrom"
            }
          }
        },
        "ribbon12": {
          "rotation": {
            "0.0": {
              "post": [
                -5,
                0,
                0
              ],
              "lerp_mode": "catmullrom"
            },
            "0.25": {
              "post": [
                -97.66,
                0,
                0
              ],
              "lerp_mode": "catmullrom"
            },
            "0.5": {
              "post": [
                -67.5,
                0,
                0
              ],
              "lerp_mode": "catmullrom"
            },
            "0.75": {
              "post": [
                20.64,
                0,
                0
              ],
              "lerp_mode": "catmullrom"
            },
            "1.0": {
              "post": [
                -5,
                0,
                0
              ],
              "lerp_mode": "catmullrom"
            }
          }
        },
        "ribbon13": {
          "rotation": {
            "0.0": {
              "post": [
                25,
                0,
                0
              ],
              "lerp_mode": "catmullrom"
            },
            "0.25": {
              "post": [
                -91.87,
                0,
                0
              ],
              "lerp_mode": "catmullrom"
            },
            "0.5": {
              "post": [
                -45,
                0,
                0
              ],
              "lerp_mode": "catmullrom"
            },
            "0.75": {
              "post": [
                15.43,
                0,
                0
              ],
              "lerp_mode": "catmullrom"
            },
            "1.0": {
              "post": [
                25,
                0,
                0
              ],
              "lerp_mode": "catmullrom"
            }
          }
        },
        "ribbon14": {
          "rotation": {
            "0.0": {
              "post": [
                55,
                0,
                0
              ],
              "lerp_mode": "catmullrom"
            },
            "0.25": {
              "post": [
                76.41,
                0,
                0
              ],
              "lerp_mode": "catmullrom"
            },
            "0.5": {
              "post": [
                17.5,
                0,
                0
              ],
              "lerp_mode": "catmullrom"
            },
            "0.75": {
              "post": [
                -19.93,
                0,
                0
              ],
              "lerp_mode": "catmullrom"
            },
            "1.0": {
              "post": [
                55,
                0,
                0
              ],
              "lerp_mode": "catmullrom"
            }
          }
        },
        "ribbon15": {
          "rotation": {
            "0.0": {
              "post": [
                -62.5,
                0,
                0
              ],
              "lerp_mode": "catmullrom"
            },
            "0.25": {
              "post": [
                66.88,
                0,
                0
              ],
              "lerp_mode": "catmullrom"
            },
            "0.5": {
              "post": [
                7.5,
                0,
                0
              ],
              "lerp_mode": "catmullrom"
            },
            "0.75": {
              "post": [
                -66.21,
                0,
                0
              ],
              "lerp_mode": "catmullrom"
            },
            "1.0": {
              "post": [
                -62.5,
                0,
                0
              ],
              "lerp_mode": "catmullrom"
            }
          }
        },
        "ribbon16": {
          "rotation": {
            "0.0": {
              "post": [
                -72.5,
                0,
                0
              ],
              "lerp_mode": "catmullrom"
            },
            "0.25": {
              "post": [
                13.28,
                0,
                0
              ],
              "lerp_mode": "catmullrom"
            },
            "0.5": {
              "post": [
                0,
                0,
                0
              ],
              "lerp_mode": "catmullrom"
            },
            "0.75": {
              "post": [
                12.92,
                0,
                0
              ],
              "lerp_mode": "catmullrom"
            },
            "1.0": {
              "post": [
                -72.5,
                0,
                0
              ],
              "lerp_mode": "catmullrom"
            }
          }
        },
        "all": {
          "position": {
            "0.0": {
              "post": [
                0,
                -4,
                0
              ],
              "lerp_mode": "catmullrom"
            },
            "0.5": {
              "post": [
                0,
                -4,
                -2
              ],
              "lerp_mode": "catmullrom"
            },
            "1.0": {
              "post": [
                0,
                -4,
                0
              ],
              "lerp_mode": "catmullrom"
            }
          }
        }
      }
    }
  }
}