{
  "format_version": "1.8.0",
  "animations": {
    "animation.witch.general": {
      "loop": true,
      "bones": {
        "nose": {
          "rotation": [
            "(variable.isholdingitem ? -25.7831 : (math.sin(query.life_time * 57.296) * 4.5)) - this",
            0,
            "(math.cos(query.life_time * 57.296) * 2.5) - this"
          ]
        }
      }
    },
    "animation.witch.villager_general": {
      "loop": true,
      "bones": {
        "arms": {
          "rotation": [
            "-42.97 - this",
            0,
            0
          ],
          "position": [
            0,
            -1,
            -1
          ]
        }
      }
    },
    "animation.witch.move": {
      "loop": true,
      "anim_time_update": "query.modified_distance_moved",
      "bones": {
        "leg0": {
          "rotation": [
            "(math.cos(query.anim_time * 38.17) * 40.0) - this",
            "-this",
            0
          ]
        },
        "leg1": {
          "rotation": [
            "(math.cos(query.anim_time * 38.17 + 180) * 40.0) - this",
            "-this",
            0
          ]
        }
      }
    },
    "animation.Jax.idle": {
      "loop": true,
      "animation_length": 2.5,
      "bones": {
        "head": {
          "rotation": {
            "0.0": {
              "post": [
                15,
                0,
                0
              ],
              "lerp_mode": "catmullrom"
            },
            "0.5": {
              "post": [
                14.65993,
                -3.21132,
                12.08681
              ],
              "lerp_mode": "catmullrom"
            },
            "1.0": {
              "post": [
                14.66,
                -3.21,
                12.09
              ],
              "lerp_mode": "catmullrom"
            },
            "1.5": {
              "post": [
                14.66,
                -3.21,
                12.09
              ],
              "lerp_mode": "catmullrom"
            },
            "2.5": {
              "post": [
                15,
                0,
                0
              ],
              "lerp_mode": "catmullrom"
            }
          }
        },
        "teeth": {
          "rotation": {
            "0.0": {
              "post": [
                0,
                0,
                0
              ],
              "lerp_mode": "catmullrom"
            },
            "1.0": {
              "post": [
                0,
                0,
                0
              ],
              "lerp_mode": "catmullrom"
            },
            "1.5": {
              "post": [
                0,
                0,
                0
              ],
              "lerp_mode": "catmullrom"
            },
            "2.5": {
              "post": [
                0,
                0,
                0
              ],
              "lerp_mode": "catmullrom"
            }
          },
          "position": {
            "0.0": {
              "post": [
                0,
                0,
                0
              ],
              "lerp_mode": "catmullrom"
            },
            "1.0": {
              "post": [
                0,
                0,
                0
              ],
              "lerp_mode": "catmullrom"
            },
            "1.5": {
              "post": [
                0,
                0,
                0
              ],
              "lerp_mode": "catmullrom"
            },
            "2.5": {
              "post": [
                0,
                0,
                0
              ],
              "lerp_mode": "catmullrom"
            }
          }
        },
        "eyes2": {
          "position": {
            "0.0": {
              "post": [
                0,
                0,
                0
              ],
              "lerp_mode": "catmullrom"
            },
            "1.0": {
              "post": [
                0,
                0,
                0
              ],
              "lerp_mode": "catmullrom"
            },
            "1.5": {
              "post": [
                0,
                0,
                0
              ],
              "lerp_mode": "catmullrom"
            },
            "2.5": {
              "post": [
                0,
                0,
                0
              ],
              "lerp_mode": "catmullrom"
            }
          },
          "scale": {
            "0.0": {
              "post": [
                1.2,
                0.7,
                1
              ],
              "lerp_mode": "catmullrom"
            },
            "1.0": {
              "post": [
                1.2,
                0.7,
                1
              ],
              "lerp_mode": "catmullrom"
            },
            "1.5": {
              "post": [
                1.2,
                0.7,
                1
              ],
              "lerp_mode": "catmullrom"
            },
            "2.5": {
              "post": [
                1.2,
                0.7,
                1
              ],
              "lerp_mode": "catmullrom"
            }
          }
        },
        "pupils": {
          "position": {
            "0.0": {
              "post": [
                0,
                0,
                0
              ],
              "lerp_mode": "catmullrom"
            },
            "0.5833": {
              "post": [
                2,
                0,
                0
              ],
              "lerp_mode": "catmullrom"
            },
            "1.0": {
              "post": [
                2,
                0,
                0
              ],
              "lerp_mode": "catmullrom"
            },
            "1.5": {
              "post": [
                2,
                0,
                0
              ],
              "lerp_mode": "catmullrom"
            },
            "2.5": {
              "post": [
                0,
                0,
                0
              ],
              "lerp_mode": "catmullrom"
            }
          },
          "scale": {
            "0.0": {
              "post": [
                1,
                1,
                1
              ],
              "lerp_mode": "catmullrom"
            },
            "0.5833": {
              "post": [
                1,
                1,
                1
              ],
              "lerp_mode": "catmullrom"
            },
            "1.0": {
              "post": [
                1,
                1,
                1
              ],
              "lerp_mode": "catmullrom"
            },
            "1.5": {
              "post": [
                1,
                1,
                1
              ],
              "lerp_mode": "catmullrom"
            },
            "2.5": {
              "post": [
                1,
                1,
                1
              ],
              "lerp_mode": "catmullrom"
            }
          }
        },
        "iris": {
          "position": {
            "0.0": {
              "post": [
                0,
                0,
                0
              ],
              "lerp_mode": "catmullrom"
            },
            "0.5833": {
              "post": [
                -1,
                0,
                0
              ],
              "lerp_mode": "catmullrom"
            },
            "1.0": {
              "post": [
                -1,
                0,
                0
              ],
              "lerp_mode": "catmullrom"
            },
            "1.5": {
              "post": [
                -1,
                0,
                0
              ],
              "lerp_mode": "catmullrom"
            },
            "2.5": {
              "post": [
                0,
                0,
                0
              ],
              "lerp_mode": "catmullrom"
            }
          }
        },
        "pupils2": {
          "position": {
            "0.0": {
              "post": [
                0,
                0,
                0
              ],
              "lerp_mode": "catmullrom"
            },
            "0.5833": {
              "post": [
                2,
                0,
                0
              ],
              "lerp_mode": "catmullrom"
            },
            "1.0": {
              "post": [
                2,
                0,
                0
              ],
              "lerp_mode": "catmullrom"
            },
            "1.5": {
              "post": [
                2,
                0,
                0
              ],
              "lerp_mode": "catmullrom"
            },
            "2.5": {
              "post": [
                0,
                0,
                0
              ],
              "lerp_mode": "catmullrom"
            }
          }
        },
        "iris2": {
          "position": {
            "0.0": {
              "post": [
                0,
                0,
                0
              ],
              "lerp_mode": "catmullrom"
            },
            "0.5833": {
              "post": [
                -1,
                0,
                0
              ],
              "lerp_mode": "catmullrom"
            },
            "1.0": {
              "post": [
                -1,
                0,
                0
              ],
              "lerp_mode": "catmullrom"
            },
            "1.5": {
              "post": [
                -1,
                0,
                0
              ],
              "lerp_mode": "catmullrom"
            },
            "2.5": {
              "post": [
                0,
                0,
                0
              ],
              "lerp_mode": "catmullrom"
            }
          }
        },
        "ears": {
          "rotation": {
            "0.0": {
              "post": [
                0,
                0,
                0
              ],
              "lerp_mode": "catmullrom"
            },
            "0.5833": {
              "post": [
                0,
                0,
                7.5
              ],
              "lerp_mode": "catmullrom"
            },
            "1.0": {
              "post": [
                0,
                0,
                0
              ],
              "lerp_mode": "catmullrom"
            },
            "1.5": {
              "post": [
                0,
                0,
                0
              ],
              "lerp_mode": "catmullrom"
            },
            "2.125": {
              "post": [
                0,
                0,
                -25
              ],
              "lerp_mode": "catmullrom"
            },
            "2.5": {
              "post": [
                0,
                0,
                0
              ],
              "lerp_mode": "catmullrom"
            }
          }
        },
        "base": {
          "rotation": {
            "0.0": {
              "post": [
                -5,
                0,
                -5
              ],
              "lerp_mode": "catmullrom"
            },
            "0.5833": {
              "post": [
                -4.99527,
                0.21782,
                -2.5095
              ],
              "lerp_mode": "catmullrom"
            },
            "1.0": {
              "post": [
                -5,
                0,
                -5
              ],
              "lerp_mode": "catmullrom"
            },
            "1.5": {
              "post": [
                -5,
                0,
                -5
              ],
              "lerp_mode": "catmullrom"
            },
            "2.0833": {
              "post": [
                -4.98107,
                0.43523,
                -0.01893
              ],
              "lerp_mode": "catmullrom"
            },
            "2.5": {
              "post": [
                -5,
                0,
                -5
              ],
              "lerp_mode": "catmullrom"
            }
          }
        },
        "right_hand": {
          "rotation": {
            "0.0": {
              "post": [
                0,
                0,
                62.5
              ],
              "lerp_mode": "catmullrom"
            },
            "1.0": {
              "post": [
                0,
                0,
                62.5
              ],
              "lerp_mode": "catmullrom"
            },
            "1.5": {
              "post": [
                0,
                0,
                62.5
              ],
              "lerp_mode": "catmullrom"
            },
            "2.5": {
              "post": [
                0,
                0,
                62.5
              ],
              "lerp_mode": "catmullrom"
            }
          }
        },
        "right_hand2": {
          "rotation": {
            "0.0": {
              "post": [
                -4.76968,
                -1.50179,
                -102.43745
              ],
              "lerp_mode": "catmullrom"
            },
            "1.0": {
              "post": [
                -4.76968,
                -1.50179,
                -102.43745
              ],
              "lerp_mode": "catmullrom"
            },
            "1.5": {
              "post": [
                -4.77,
                -1.5,
                -102.44
              ],
              "lerp_mode": "catmullrom"
            },
            "2.5": {
              "post": [
                -4.76968,
                -1.50179,
                -102.43745
              ],
              "lerp_mode": "catmullrom"
            }
          }
        },
        "Hand": {
          "rotation": {
            "0.0": {
              "post": [
                0,
                0,
                25
              ],
              "lerp_mode": "catmullrom"
            },
            "1.0": {
              "post": [
                0,
                0,
                25
              ],
              "lerp_mode": "catmullrom"
            },
            "1.5": {
              "post": [
                0,
                0,
                25
              ],
              "lerp_mode": "catmullrom"
            },
            "2.5": {
              "post": [
                0,
                0,
                25
              ],
              "lerp_mode": "catmullrom"
            }
          }
        },
        "ears2": {
          "rotation": {
            "0.0": {
              "post": [
                0,
                0,
                0
              ],
              "lerp_mode": "catmullrom"
            },
            "0.5833": {
              "post": [
                0,
                0,
                7.5
              ],
              "lerp_mode": "catmullrom"
            },
            "1.0": {
              "post": [
                0,
                0,
                0
              ],
              "lerp_mode": "catmullrom"
            },
            "1.5": {
              "post": [
                0,
                0,
                0.57
              ],
              "lerp_mode": "catmullrom"
            },
            "2.125": {
              "post": [
                0,
                0,
                -12.5
              ],
              "lerp_mode": "catmullrom"
            },
            "2.5": {
              "post": [
                0,
                0,
                0
              ],
              "lerp_mode": "catmullrom"
            }
          }
        },
        "left_hand": {
          "rotation": {
            "0.0": {
              "post": [
                5,
                0,
                0
              ],
              "lerp_mode": "catmullrom"
            },
            "0.4583": {
              "post": [
                5.27947,
                0.23018,
                -2.48939
              ],
              "lerp_mode": "catmullrom"
            },
            "1.0": {
              "post": [
                5,
                0,
                0
              ],
              "lerp_mode": "catmullrom"
            },
            "1.5": {
              "post": [
                0,
                0,
                0
              ],
              "lerp_mode": "catmullrom"
            },
            "2.0": {
              "post": [
                2.18542,
                0.09539,
                -2.49818
              ],
              "lerp_mode": "catmullrom"
            },
            "2.5": {
              "post": [
                5,
                0,
                0
              ],
              "lerp_mode": "catmullrom"
            }
          }
        },
        "left_hand2": {
          "rotation": {
            "0.0": {
              "post": [
                -7.63524,
                1.88529,
                -0.50759
              ],
              "lerp_mode": "catmullrom"
            },
            "1.0": {
              "post": [
                -7.63524,
                1.88529,
                -0.50759
              ],
              "lerp_mode": "catmullrom"
            },
            "1.5": {
              "post": [
                -7.64,
                1.89,
                -0.51
              ],
              "lerp_mode": "catmullrom"
            },
            "2.5": {
              "post": [
                -7.63524,
                1.88529,
                -0.50759
              ],
              "lerp_mode": "catmullrom"
            }
          }
        },
        "left_arm": {
          "rotation": {
            "0.0": {
              "post": [
                0,
                0,
                0
              ],
              "lerp_mode": "catmullrom"
            },
            "1.0": {
              "post": [
                0,
                0,
                0
              ],
              "lerp_mode": "catmullrom"
            },
            "1.5": {
              "post": [
                0,
                0,
                0
              ],
              "lerp_mode": "catmullrom"
            },
            "2.5": {
              "post": [
                0,
                0,
                0
              ],
              "lerp_mode": "catmullrom"
            }
          }
        },
        "Hand2": {
          "rotation": {
            "0.0": {
              "post": [
                17.35932,
                2.24944,
                -7.15656
              ],
              "lerp_mode": "catmullrom"
            },
            "1.0": {
              "post": [
                17.35932,
                2.24944,
                -7.15656
              ],
              "lerp_mode": "catmullrom"
            },
            "1.5": {
              "post": [
                17.36,
                2.25,
                -7.16
              ],
              "lerp_mode": "catmullrom"
            },
            "2.5": {
              "post": [
                17.35932,
                2.24944,
                -7.15656
              ],
              "lerp_mode": "catmullrom"
            }
          }
        },
        "all": {
          "rotation": {
            "0.0": {
              "post": [
                0,
                0,
                0
              ],
              "lerp_mode": "catmullrom"
            },
            "1.0": {
              "post": [
                0,
                0,
                0
              ],
              "lerp_mode": "catmullrom"
            },
            "1.5": {
              "post": [
                0,
                0,
                0
              ],
              "lerp_mode": "catmullrom"
            },
            "2.5": {
              "post": [
                0,
                0,
                0
              ],
              "lerp_mode": "catmullrom"
            }
          },
          "position": {
            "0.0": {
              "post": [
                0,
                0,
                0
              ],
              "lerp_mode": "catmullrom"
            },
            "1.0": {
              "post": [
                0,
                0,
                0
              ],
              "lerp_mode": "catmullrom"
            },
            "1.5": {
              "post": [
                0,
                0,
                0
              ],
              "lerp_mode": "catmullrom"
            },
            "2.5": {
              "post": [
                0,
                0,
                0
              ],
              "lerp_mode": "catmullrom"
            }
          }
        }
      }
    },
    "animation.Jax.walk": {
      "loop": true,
      "animation_length": 2.25,
      "bones": {
        "head": {
          "rotation": {
            "0.0": {
              "post": [
                4.95744,
                -0.65182,
                7.47178
              ],
              "lerp_mode": "catmullrom"
            },
            "0.625": {
              "post": [
                4.98107,
                0.43523,
                -4.98107
              ],
              "lerp_mode": "catmullrom"
            },
            "1.125": {
              "post": [
                4.95744,
                -0.65182,
                7.47178
              ],
              "lerp_mode": "catmullrom"
            },
            "1.75": {
              "post": [
                4.98107,
                0.43523,
                -4.98107
              ],
              "lerp_mode": "catmullrom"
            },
            "2.25": {
              "post": [
                4.95744,
                -0.65182,
                7.47178
              ],
              "lerp_mode": "catmullrom"
            }
          }
        },
        "teeth": {
          "rotation": {
            "0.0": {
              "post": [
                0,
                0,
                25
              ],
              "lerp_mode": "catmullrom"
            },
            "1.125": {
              "post": [
                0,
                0,
                25
              ],
              "lerp_mode": "catmullrom"
            },
            "2.25": {
              "post": [
                0,
                0,
                25
              ],
              "lerp_mode": "catmullrom"
            }
          },
          "position": {
            "0.0": {
              "post": [
                -2,
                0,
                0
              ],
              "lerp_mode": "catmullrom"
            },
            "1.125": {
              "post": [
                -2,
                0,
                0
              ],
              "lerp_mode": "catmullrom"
            },
            "2.25": {
              "post": [
                -2,
                0,
                0
              ],
              "lerp_mode": "catmullrom"
            }
          }
        },
        "eyes": {
          "scale": {
            "0.0": {
              "post": [
                1.2,
                0.7,
                1
              ],
              "lerp_mode": "catmullrom"
            },
            "1.125": {
              "post": [
                1.2,
                0.7,
                1
              ],
              "lerp_mode": "catmullrom"
            },
            "2.25": {
              "post": [
                1.2,
                0.7,
                1
              ],
              "lerp_mode": "catmullrom"
            }
          }
        },
        "eyes2": {
          "position": {
            "0.0": {
              "post": [
                0,
                0,
                0
              ],
              "lerp_mode": "catmullrom"
            },
            "1.125": {
              "post": [
                0,
                0,
                0
              ],
              "lerp_mode": "catmullrom"
            },
            "2.25": {
              "post": [
                0,
                0,
                0
              ],
              "lerp_mode": "catmullrom"
            }
          },
          "scale": {
            "0.0": {
              "post": [
                1.2,
                0.6,
                1
              ],
              "lerp_mode": "catmullrom"
            },
            "1.125": {
              "post": [
                1.2,
                0.6,
                1
              ],
              "lerp_mode": "catmullrom"
            },
            "2.25": {
              "post": [
                1.2,
                0.6,
                1
              ],
              "lerp_mode": "catmullrom"
            }
          }
        },
        "pupils": {
          "position": {
            "0.0": {
              "post": [
                0,
                0,
                0
              ],
              "lerp_mode": "catmullrom"
            },
            "1.125": {
              "post": [
                0,
                0,
                0
              ],
              "lerp_mode": "catmullrom"
            },
            "2.25": {
              "post": [
                0,
                0,
                0
              ],
              "lerp_mode": "catmullrom"
            }
          }
        },
        "iris": {
          "position": {
            "0.0": {
              "post": [
                0,
                0,
                0
              ],
              "lerp_mode": "catmullrom"
            },
            "1.125": {
              "post": [
                0,
                0,
                0
              ],
              "lerp_mode": "catmullrom"
            },
            "2.25": {
              "post": [
                0,
                0,
                0
              ],
              "lerp_mode": "catmullrom"
            }
          }
        },
        "pupils2": {
          "position": {
            "0.0": {
              "post": [
                0,
                0,
                0
              ],
              "lerp_mode": "catmullrom"
            },
            "1.125": {
              "post": [
                0,
                0,
                0
              ],
              "lerp_mode": "catmullrom"
            },
            "2.25": {
              "post": [
                0,
                0,
                0
              ],
              "lerp_mode": "catmullrom"
            }
          }
        },
        "iris2": {
          "position": {
            "0.0": {
              "post": [
                0,
                0,
                0
              ],
              "lerp_mode": "catmullrom"
            },
            "1.125": {
              "post": [
                0,
                0,
                0
              ],
              "lerp_mode": "catmullrom"
            },
            "2.25": {
              "post": [
                0,
                0,
                0
              ],
              "lerp_mode": "catmullrom"
            }
          }
        },
        "ears": {
          "rotation": {
            "0.0": {
              "post": [
                -30,
                0,
                0
              ],
              "lerp_mode": "catmullrom"
            },
            "0.625": {
              "post": [
                -47.5,
                0,
                0
              ],
              "lerp_mode": "catmullrom"
            },
            "1.125": {
              "post": [
                -30,
                0,
                0
              ],
              "lerp_mode": "catmullrom"
            },
            "1.75": {
              "post": [
                -47.5,
                0,
                0
              ],
              "lerp_mode": "catmullrom"
            },
            "2.25": {
              "post": [
                -30,
                0,
                0
              ],
              "lerp_mode": "catmullrom"
            }
          }
        },
        "base": {
          "rotation": {
            "0.0": {
              "post": [
                12.48848,
                0.54094,
                -2.44081
              ],
              "lerp_mode": "catmullrom"
            },
            "0.5": {
              "post": [
                12.48848,
                -0.54094,
                2.44081
              ],
              "lerp_mode": "catmullrom"
            },
            "1.125": {
              "post": [
                12.48848,
                0.54094,
                -2.44081
              ],
              "lerp_mode": "catmullrom"
            },
            "1.625": {
              "post": [
                12.48848,
                -0.54094,
                2.44081
              ],
              "lerp_mode": "catmullrom"
            },
            "2.25": {
              "post": [
                12.48848,
                0.54094,
                -2.44081
              ],
              "lerp_mode": "catmullrom"
            }
          }
        },
        "right_hand": {
          "rotation": {
            "0.0": {
              "post": [
                0,
                0,
                2.5
              ],
              "lerp_mode": "catmullrom"
            },
            "1.125": {
              "post": [
                0,
                0,
                2.5
              ],
              "lerp_mode": "catmullrom"
            },
            "2.25": {
              "post": [
                0,
                0,
                2.5
              ],
              "lerp_mode": "catmullrom"
            }
          }
        },
        "right_hand2": {
          "rotation": {
            "0.0": {
              "post": [
                0,
                0,
                0
              ],
              "lerp_mode": "catmullrom"
            },
            "1.125": {
              "post": [
                0,
                0,
                0
              ],
              "lerp_mode": "catmullrom"
            },
            "2.25": {
              "post": [
                0,
                0,
                0
              ],
              "lerp_mode": "catmullrom"
            }
          }
        },
        "Hand": {
          "rotation": {
            "0.0": {
              "post": [
                0,
                0,
                0
              ],
              "lerp_mode": "catmullrom"
            },
            "1.125": {
              "post": [
                0,
                0,
                0
              ],
              "lerp_mode": "catmullrom"
            },
            "2.25": {
              "post": [
                0,
                0,
                0
              ],
              "lerp_mode": "catmullrom"
            }
          }
        },
        "right_leg": {
          "rotation": {
            "0.0": {
              "post": [
                -32.5,
                0,
                0
              ],
              "lerp_mode": "catmullrom"
            },
            "0.5": {
              "post": [
                20,
                0,
                0
              ],
              "lerp_mode": "catmullrom"
            },
            "0.7917": {
              "post": [
                -58.08,
                0,
                0
              ],
              "lerp_mode": "catmullrom"
            },
            "1.125": {
              "post": [
                -32.5,
                0,
                0
              ],
              "lerp_mode": "catmullrom"
            },
            "1.625": {
              "post": [
                20,
                0,
                0
              ],
              "lerp_mode": "catmullrom"
            },
            "1.9167": {
              "post": [
                -58.08,
                0,
                0
              ],
              "lerp_mode": "catmullrom"
            },
            "2.25": {
              "post": [
                -32.5,
                0,
                0
              ],
              "lerp_mode": "catmullrom"
            }
          }
        },
        "right_feet": {
          "rotation": {
            "0.0": {
              "post": [
                5,
                0,
                0
              ],
              "lerp_mode": "catmullrom"
            },
            "0.25": {
              "post": [
                -19.84,
                0,
                0
              ],
              "lerp_mode": "catmullrom"
            },
            "0.5": {
              "post": [
                -12.5,
                0,
                0
              ],
              "lerp_mode": "catmullrom"
            },
            "0.7917": {
              "post": [
                -53.99,
                0,
                0
              ],
              "lerp_mode": "catmullrom"
            },
            "1.125": {
              "post": [
                5,
                0,
                0
              ],
              "lerp_mode": "catmullrom"
            },
            "1.375": {
              "post": [
                -19.84,
                0,
                0
              ],
              "lerp_mode": "catmullrom"
            },
            "1.625": {
              "post": [
                -12.5,
                0,
                0
              ],
              "lerp_mode": "catmullrom"
            },
            "1.9167": {
              "post": [
                -53.99,
                0,
                0
              ],
              "lerp_mode": "catmullrom"
            },
            "2.25": {
              "post": [
                5,
                0,
                0
              ],
              "lerp_mode": "catmullrom"
            }
          }
        },
        "ears2": {
          "rotation": {
            "0.0": {
              "post": [
                -25,
                0,
                0
              ],
              "lerp_mode": "catmullrom"
            },
            "0.625": {
              "post": [
                -42.5,
                0,
                0
              ],
              "lerp_mode": "catmullrom"
            },
            "1.125": {
              "post": [
                -25,
                0,
                0
              ],
              "lerp_mode": "catmullrom"
            },
            "1.75": {
              "post": [
                -42.5,
                0,
                0
              ],
              "lerp_mode": "catmullrom"
            },
            "2.25": {
              "post": [
                -25,
                0,
                0
              ],
              "lerp_mode": "catmullrom"
            }
          }
        },
        "right_leg2": {
          "rotation": {
            "0.0": {
              "post": [
                40,
                0,
                0
              ],
              "lerp_mode": "catmullrom"
            },
            "0.5": {
              "post": [
                27.5,
                0,
                0
              ],
              "lerp_mode": "catmullrom"
            },
            "0.7917": {
              "post": [
                134.87532,
                1.33926,
                -2.1112
              ],
              "lerp_mode": "catmullrom"
            },
            "1.125": {
              "post": [
                40,
                0,
                0
              ],
              "lerp_mode": "catmullrom"
            },
            "1.625": {
              "post": [
                27.5,
                0,
                0
              ],
              "lerp_mode": "catmullrom"
            },
            "1.9167": {
              "post": [
                134.87532,
                1.33926,
                -2.1112
              ],
              "lerp_mode": "catmullrom"
            },
            "2.25": {
              "post": [
                40,
                0,
                0
              ],
              "lerp_mode": "catmullrom"
            }
          }
        },
        "left_hand": {
          "rotation": {
            "0.0": {
              "post": [
                -22.5,
                0,
                0
              ],
              "lerp_mode": "catmullrom"
            },
            "0.5417": {
              "post": [
                20,
                0,
                0
              ],
              "lerp_mode": "catmullrom"
            },
            "1.125": {
              "post": [
                -22.5,
                0,
                0
              ],
              "lerp_mode": "catmullrom"
            },
            "1.6667": {
              "post": [
                20,
                0,
                0
              ],
              "lerp_mode": "catmullrom"
            },
            "2.25": {
              "post": [
                -22.5,
                0,
                0
              ],
              "lerp_mode": "catmullrom"
            }
          }
        },
        "left_hand2": {
          "rotation": {
            "0.0": {
              "post": [
                -15,
                0,
                0
              ],
              "lerp_mode": "catmullrom"
            },
            "0.6667": {
              "post": [
                -5,
                0,
                0
              ],
              "lerp_mode": "catmullrom"
            },
            "1.125": {
              "post": [
                -15,
                0,
                0
              ],
              "lerp_mode": "catmullrom"
            },
            "1.7917": {
              "post": [
                -5,
                0,
                0
              ],
              "lerp_mode": "catmullrom"
            },
            "2.25": {
              "post": [
                -15,
                0,
                0
              ],
              "lerp_mode": "catmullrom"
            }
          }
        },
        "left_arm": {
          "rotation": {
            "0.0": {
              "post": [
                0,
                0,
                0
              ],
              "lerp_mode": "catmullrom"
            },
            "1.125": {
              "post": [
                0,
                0,
                0
              ],
              "lerp_mode": "catmullrom"
            },
            "2.25": {
              "post": [
                0,
                0,
                0
              ],
              "lerp_mode": "catmullrom"
            }
          }
        },
        "Hand2": {
          "rotation": {
            "0.0": {
              "post": [
                -10,
                0,
                0
              ],
              "lerp_mode": "catmullrom"
            },
            "0.5833": {
              "post": [
                12.5,
                0,
                0
              ],
              "lerp_mode": "catmullrom"
            },
            "1.125": {
              "post": [
                -10,
                0,
                0
              ],
              "lerp_mode": "catmullrom"
            },
            "1.7083": {
              "post": [
                12.5,
                0,
                0
              ],
              "lerp_mode": "catmullrom"
            },
            "2.25": {
              "post": [
                -10,
                0,
                0
              ],
              "lerp_mode": "catmullrom"
            }
          }
        },
        "left_leg": {
          "rotation": {
            "0.0": {
              "post": [
                16.21703,
                3.66259,
                3.60798
              ],
              "lerp_mode": "catmullrom"
            },
            "0.25": {
              "post": [
                -49.20112,
                2.30369,
                1.14311
              ],
              "lerp_mode": "catmullrom"
            },
            "0.5": {
              "post": [
                -28.97078,
                1.24676,
                -0.77401
              ],
              "lerp_mode": "catmullrom"
            },
            "1.125": {
              "post": [
                16.21703,
                3.66259,
                3.60798
              ],
              "lerp_mode": "catmullrom"
            },
            "1.375": {
              "post": [
                -49.20112,
                2.30369,
                1.14311
              ],
              "lerp_mode": "catmullrom"
            },
            "1.625": {
              "post": [
                -28.97078,
                1.24676,
                -0.77401
              ],
              "lerp_mode": "catmullrom"
            },
            "2.25": {
              "post": [
                16.21703,
                3.66259,
                3.60798
              ],
              "lerp_mode": "catmullrom"
            }
          }
        },
        "left_leg2": {
          "rotation": {
            "0.0": {
              "post": [
                32.5,
                0,
                0
              ],
              "lerp_mode": "catmullrom"
            },
            "0.25": {
              "post": [
                124.24538,
                2.067,
                1.40654
              ],
              "lerp_mode": "catmullrom"
            },
            "0.5": {
              "post": [
                40,
                0,
                0
              ],
              "lerp_mode": "catmullrom"
            },
            "1.125": {
              "post": [
                32.5,
                0,
                0
              ],
              "lerp_mode": "catmullrom"
            },
            "1.375": {
              "post": [
                124.24538,
                2.067,
                1.40654
              ],
              "lerp_mode": "catmullrom"
            },
            "1.625": {
              "post": [
                40,
                0,
                0
              ],
              "lerp_mode": "catmullrom"
            },
            "2.25": {
              "post": [
                32.5,
                0,
                0
              ],
              "lerp_mode": "catmullrom"
            }
          }
        },
        "left_feet": {
          "rotation": {
            "0.0": {
              "post": [
                -12.5,
                0,
                0
              ],
              "lerp_mode": "catmullrom"
            },
            "0.25": {
              "post": [
                -49.37634,
                1.40491,
                -0.06138
              ],
              "lerp_mode": "catmullrom"
            },
            "0.5": {
              "post": [
                -2.50238,
                2.49762,
                -0.10912
              ],
              "lerp_mode": "catmullrom"
            },
            "0.7917": {
              "post": [
                -18.97395,
                1.42531,
                -0.06227
              ],
              "lerp_mode": "catmullrom"
            },
            "1.125": {
              "post": [
                -12.5,
                0,
                0
              ],
              "lerp_mode": "catmullrom"
            },
            "1.375": {
              "post": [
                -49.37634,
                1.40491,
                -0.06138
              ],
              "lerp_mode": "catmullrom"
            },
            "1.625": {
              "post": [
                -2.50238,
                2.49762,
                -0.10912
              ],
              "lerp_mode": "catmullrom"
            },
            "1.9167": {
              "post": [
                -18.97395,
                1.42531,
                -0.06227
              ],
              "lerp_mode": "catmullrom"
            },
            "2.25": {
              "post": [
                -12.5,
                0,
                0
              ],
              "lerp_mode": "catmullrom"
            }
          }
        },
        "all": {
          "rotation": {
            "0.0": {
              "post": [
                0,
                0,
                0
              ],
              "lerp_mode": "catmullrom"
            },
            "1.125": {
              "post": [
                0,
                0,
                0
              ],
              "lerp_mode": "catmullrom"
            },
            "2.25": {
              "post": [
                0,
                0,
                0
              ],
              "lerp_mode": "catmullrom"
            }
          },
          "position": {
            "0.0": {
              "post": [
                0,
                0,
                0
              ],
              "lerp_mode": "catmullrom"
            },
            "1.125": {
              "post": [
                0,
                0,
                0
              ],
              "lerp_mode": "catmullrom"
            },
            "2.25": {
              "post": [
                0,
                0,
                0
              ],
              "lerp_mode": "catmullrom"
            }
          }
        }
      }
    }
  }
}