{
  "format_version": "1.8.0",
  "animations": {
    "animation.witch.general": {
      "loop": true,
      "bones": {
        "nose": {
          "rotation": [
            "(variable.isholdingitem ? -25.7831 : (math.sin(query.life_time * 57.296) * 4.5)) - this",
            0,
            "(math.cos(query.life_time * 57.296) * 2.5) - this"
          ]
        }
      }
    },
    "animation.witch.villager_general": {
      "loop": true,
      "bones": {
        "arms": {
          "rotation": [
            "-42.97 - this",
            0,
            0
          ],
          "position": [
            0,
            -1,
            -1
          ]
        }
      }
    },
    "animation.witch.move": {
      "loop": true,
      "anim_time_update": "query.modified_distance_moved",
      "bones": {
        "leg0": {
          "rotation": [
            "(math.cos(query.anim_time * 38.17) * 40.0) - this",
            "-this",
            0
          ]
        },
        "leg1": {
          "rotation": [
            "(math.cos(query.anim_time * 38.17 + 180) * 40.0) - this",
            "-this",
            0
          ]
        }
      }
    },
    "animation.pa_zooble.idle": {
      "loop": true,
      "animation_length": 2,
      "bones": {
        "base": {
          "rotation": {
            "0.0": {
              "post": [
                0,
                0,
                0
              ],
              "lerp_mode": "catmullrom"
            },
            "0.5": {
              "post": [
                0,
                0,
                -2.5
              ],
              "lerp_mode": "catmullrom"
            },
            "1.0": {
              "post": [
                0,
                0,
                0
              ],
              "lerp_mode": "catmullrom"
            },
            "1.5": {
              "post": [
                0,
                0,
                2.66
              ],
              "lerp_mode": "catmullrom"
            },
            "2.0": {
              "post": [
                0,
                0,
                0
              ],
              "lerp_mode": "catmullrom"
            }
          }
        },
        "head": {
          "rotation": {
            "0.0": {
              "post": [
                0,
                0,
                0
              ],
              "lerp_mode": "catmullrom"
            },
            "0.5833": {
              "post": [
                0,
                0,
                7.5
              ],
              "lerp_mode": "catmullrom"
            },
            "1.0": {
              "post": [
                0,
                0,
                0
              ],
              "lerp_mode": "catmullrom"
            },
            "1.625": {
              "post": [
                0,
                0,
                -5.47
              ],
              "lerp_mode": "catmullrom"
            },
            "2.0": {
              "post": [
                0,
                0,
                0
              ],
              "lerp_mode": "catmullrom"
            }
          }
        },
        "eyes": {
          "rotation": {
            "0.0": {
              "post": [
                0,
                0,
                0
              ],
              "lerp_mode": "catmullrom"
            },
            "1.0": {
              "post": [
                0,
                0,
                0
              ],
              "lerp_mode": "catmullrom"
            },
            "2.0": {
              "post": [
                0,
                0,
                0
              ],
              "lerp_mode": "catmullrom"
            }
          },
          "scale": {
            "0.9167": {
              "pre": [
                1,
                1,
                1
              ],
              "post": [
                1,
                1,
                1
              ],
              "lerp_mode": "catmullrom"
            },
            "1.0": {
              "post": [
                1,
                0.1,
                1
              ],
              "lerp_mode": "catmullrom"
            },
            "1.125": {
              "post": [
                1,
                1,
                1
              ],
              "lerp_mode": "catmullrom"
            },
            "2.0": {
              "post": [
                1,
                1,
                1
              ],
              "lerp_mode": "catmullrom"
            }
          }
        },
        "sting": {
          "rotation": {
            "0.0": {
              "post": [
                0,
                0,
                0
              ],
              "lerp_mode": "catmullrom"
            },
            "0.4167": {
              "post": [
                0,
                0,
                0
              ],
              "lerp_mode": "catmullrom"
            },
            "0.5": {
              "post": [
                0,
                0,
                -7.5
              ],
              "lerp_mode": "catmullrom"
            },
            "0.5833": {
              "post": [
                0,
                0,
                9.78
              ],
              "lerp_mode": "catmullrom"
            },
            "0.6667": {
              "post": [
                0,
                0,
                -11.53
              ],
              "lerp_mode": "catmullrom"
            },
            "0.75": {
              "post": [
                0,
                0,
                0
              ],
              "lerp_mode": "catmullrom"
            },
            "1.0": {
              "post": [
                0,
                0,
                0
              ],
              "lerp_mode": "catmullrom"
            },
            "1.5833": {
              "post": [
                0,
                0,
                -12.5
              ],
              "lerp_mode": "catmullrom"
            },
            "2.0": {
              "post": [
                0,
                0,
                0
              ],
              "lerp_mode": "catmullrom"
            }
          }
        },
        "sting2": {
          "rotation": {
            "0.0": {
              "post": [
                0,
                0,
                0
              ],
              "lerp_mode": "catmullrom"
            },
            "0.4583": {
              "post": [
                0,
                0,
                2.5
              ],
              "lerp_mode": "catmullrom"
            },
            "1.0": {
              "post": [
                0,
                0,
                0
              ],
              "lerp_mode": "catmullrom"
            },
            "1.5417": {
              "post": [
                0,
                0,
                2.36
              ],
              "lerp_mode": "catmullrom"
            },
            "2.0": {
              "post": [
                0,
                0,
                0
              ],
              "lerp_mode": "catmullrom"
            }
          }
        },
        "left_arm": {
          "rotation": {
            "0.0": {
              "post": [
                0,
                0,
                0
              ],
              "lerp_mode": "catmullrom"
            },
            "0.5": {
              "post": [
                0,
                0,
                2.5
              ],
              "lerp_mode": "catmullrom"
            },
            "1.0": {
              "post": [
                0,
                0,
                0
              ],
              "lerp_mode": "catmullrom"
            },
            "1.5": {
              "post": [
                0,
                0,
                2.34
              ],
              "lerp_mode": "catmullrom"
            },
            "2.0": {
              "post": [
                0,
                0,
                0
              ],
              "lerp_mode": "catmullrom"
            }
          }
        },
        "left_bone": {
          "rotation": {
            "0.0": {
              "post": [
                0,
                0,
                0
              ],
              "lerp_mode": "catmullrom"
            },
            "1.0": {
              "post": [
                0,
                0,
                0
              ],
              "lerp_mode": "catmullrom"
            },
            "2.0": {
              "post": [
                0,
                0,
                0
              ],
              "lerp_mode": "catmullrom"
            }
          }
        },
        "left_arm2": {
          "rotation": {
            "0.0": {
              "post": [
                0,
                0,
                0
              ],
              "lerp_mode": "catmullrom"
            },
            "1.0": {
              "post": [
                0,
                0,
                0
              ],
              "lerp_mode": "catmullrom"
            },
            "2.0": {
              "post": [
                0,
                0,
                0
              ],
              "lerp_mode": "catmullrom"
            }
          }
        },
        "claw": {
          "rotation": {
            "0.0": {
              "post": [
                0,
                0,
                0
              ],
              "lerp_mode": "catmullrom"
            },
            "1.0": {
              "post": [
                0,
                0,
                0
              ],
              "lerp_mode": "catmullrom"
            },
            "2.0": {
              "post": [
                0,
                0,
                0
              ],
              "lerp_mode": "catmullrom"
            }
          }
        },
        "right_arm": {
          "rotation": {
            "0.0": {
              "post": [
                0,
                0,
                0
              ],
              "lerp_mode": "catmullrom"
            },
            "0.5": {
              "post": [
                0,
                0,
                2.5
              ],
              "lerp_mode": "catmullrom"
            },
            "1.0": {
              "post": [
                0,
                0,
                0
              ],
              "lerp_mode": "catmullrom"
            },
            "1.5": {
              "post": [
                0,
                0,
                2.34
              ],
              "lerp_mode": "catmullrom"
            },
            "2.0": {
              "post": [
                0,
                0,
                0
              ],
              "lerp_mode": "catmullrom"
            }
          }
        },
        "right_arm2": {
          "rotation": {
            "0.0": {
              "post": [
                0,
                0,
                0
              ],
              "lerp_mode": "catmullrom"
            },
            "1.0": {
              "post": [
                0,
                0,
                0
              ],
              "lerp_mode": "catmullrom"
            },
            "2.0": {
              "post": [
                0,
                0,
                0
              ],
              "lerp_mode": "catmullrom"
            }
          }
        },
        "right_hand": {
          "rotation": {
            "0.0": {
              "post": [
                0,
                0,
                0
              ],
              "lerp_mode": "catmullrom"
            },
            "1.0": {
              "post": [
                0,
                0,
                0
              ],
              "lerp_mode": "catmullrom"
            },
            "2.0": {
              "post": [
                0,
                0,
                0
              ],
              "lerp_mode": "catmullrom"
            }
          }
        },
        "wing": {
          "rotation": {
            "0.0": {
              "post": [
                0,
                0,
                0
              ],
              "lerp_mode": "catmullrom"
            },
            "0.1667": {
              "post": [
                0,
                0,
                27.5
              ],
              "lerp_mode": "catmullrom"
            },
            "0.375": {
              "post": [
                0,
                0,
                0
              ],
              "lerp_mode": "catmullrom"
            },
            "1.0": {
              "post": [
                0,
                0,
                0
              ],
              "lerp_mode": "catmullrom"
            },
            "1.5": {
              "post": [
                0,
                0,
                -10
              ],
              "lerp_mode": "catmullrom"
            },
            "2.0": {
              "post": [
                0,
                0,
                0
              ],
              "lerp_mode": "catmullrom"
            }
          }
        },
        "left_leg": {
          "rotation": {
            "0.0": {
              "post": [
                0,
                0,
                0
              ],
              "lerp_mode": "catmullrom"
            },
            "1.0": {
              "post": [
                0,
                0,
                0
              ],
              "lerp_mode": "catmullrom"
            },
            "2.0": {
              "post": [
                0,
                0,
                0
              ],
              "lerp_mode": "catmullrom"
            }
          }
        },
        "left_leg2": {
          "rotation": {
            "0.0": {
              "post": [
                0,
                0,
                0
              ],
              "lerp_mode": "catmullrom"
            },
            "1.0": {
              "post": [
                0,
                0,
                0
              ],
              "lerp_mode": "catmullrom"
            },
            "2.0": {
              "post": [
                0,
                0,
                0
              ],
              "lerp_mode": "catmullrom"
            }
          }
        },
        "left_feel": {
          "rotation": {
            "0.0": {
              "post": [
                0,
                0,
                0
              ],
              "lerp_mode": "catmullrom"
            },
            "1.0": {
              "post": [
                0,
                0,
                0
              ],
              "lerp_mode": "catmullrom"
            },
            "2.0": {
              "post": [
                0,
                0,
                0
              ],
              "lerp_mode": "catmullrom"
            }
          }
        },
        "right_leg": {
          "rotation": {
            "0.0": {
              "post": [
                0,
                0,
                0
              ],
              "lerp_mode": "catmullrom"
            },
            "1.0": {
              "post": [
                0,
                0,
                0
              ],
              "lerp_mode": "catmullrom"
            },
            "2.0": {
              "post": [
                0,
                0,
                0
              ],
              "lerp_mode": "catmullrom"
            }
          }
        },
        "right_leg2": {
          "rotation": {
            "0.0": {
              "post": [
                0,
                0,
                0
              ],
              "lerp_mode": "catmullrom"
            },
            "1.0": {
              "post": [
                0,
                0,
                0
              ],
              "lerp_mode": "catmullrom"
            },
            "2.0": {
              "post": [
                0,
                0,
                0
              ],
              "lerp_mode": "catmullrom"
            }
          }
        }
      }
    },
    "animation.pa_zooble.move_1": {
      "loop": true,
      "animation_length": 2,
      "bones": {
        "base": {
          "rotation": {
            "0.0": {
              "post": [
                25,
                0,
                12.5
              ],
              "lerp_mode": "catmullrom"
            },
            "0.25": {
              "post": [
                30.40965,
                -3.81254,
                18.96346
              ],
              "lerp_mode": "catmullrom"
            },
            "0.5": {
              "post": [
                22.5,
                0,
                12.5
              ],
              "lerp_mode": "catmullrom"
            },
            "0.75": {
              "post": [
                22.71341,
                5.13584,
                0.57919
              ],
              "lerp_mode": "catmullrom"
            },
            "1.0": {
              "post": [
                25,
                0,
                12.5
              ],
              "lerp_mode": "catmullrom"
            },
            "1.25": {
              "post": [
                28.67536,
                -11.24154,
                32.11805
              ],
              "lerp_mode": "catmullrom"
            },
            "1.5": {
              "post": [
                22.5,
                0,
                12.5
              ],
              "lerp_mode": "catmullrom"
            },
            "1.75": {
              "post": [
                22.71341,
                5.13584,
                0.57919
              ],
              "lerp_mode": "catmullrom"
            },
            "2.0": {
              "post": [
                25,
                0,
                12.5
              ],
              "lerp_mode": "catmullrom"
            }
          }
        },
        "head": {
          "rotation": {
            "0.0": {
              "post": [
                0,
                0,
                0
              ],
              "lerp_mode": "catmullrom"
            },
            "0.5": {
              "post": [
                0,
                0,
                -17.5
              ],
              "lerp_mode": "catmullrom"
            },
            "1.0": {
              "post": [
                0,
                0,
                0
              ],
              "lerp_mode": "catmullrom"
            },
            "1.5": {
              "post": [
                0,
                0,
                -17.5
              ],
              "lerp_mode": "catmullrom"
            },
            "2.0": {
              "post": [
                0,
                0,
                0
              ],
              "lerp_mode": "catmullrom"
            }
          }
        },
        "sting": {
          "rotation": {
            "0.0": {
              "post": [
                -30.40496,
                -0.69691,
                -1.26889
              ],
              "lerp_mode": "catmullrom"
            },
            "0.5": {
              "post": [
                -30.40496,
                -0.69691,
                -1.26889
              ],
              "lerp_mode": "catmullrom"
            },
            "1.0": {
              "post": [
                -30.40496,
                -0.69691,
                -1.26889
              ],
              "lerp_mode": "catmullrom"
            },
            "1.5": {
              "post": [
                -30.40496,
                -0.69691,
                -1.26889
              ],
              "lerp_mode": "catmullrom"
            },
            "2.0": {
              "post": [
                -30.40496,
                -0.69691,
                -1.26889
              ],
              "lerp_mode": "catmullrom"
            }
          }
        },
        "sting2": {
          "rotation": {
            "0.0": {
              "post": [
                -35,
                0,
                0
              ],
              "lerp_mode": "catmullrom"
            },
            "0.5": {
              "post": [
                -35,
                0,
                0
              ],
              "lerp_mode": "catmullrom"
            },
            "1.0": {
              "post": [
                -35,
                0,
                0
              ],
              "lerp_mode": "catmullrom"
            },
            "1.5": {
              "post": [
                -35,
                0,
                0
              ],
              "lerp_mode": "catmullrom"
            },
            "2.0": {
              "post": [
                -35,
                0,
                0
              ],
              "lerp_mode": "catmullrom"
            }
          }
        },
        "left_arm": {
          "rotation": {
            "0.0": {
              "post": [
                25,
                0,
                0
              ],
              "lerp_mode": "catmullrom"
            },
            "0.25": {
              "post": [
                1.05375,
                -6.45499,
                -10.70009
              ],
              "lerp_mode": "catmullrom"
            },
            "0.5": {
              "post": [
                -20,
                0,
                0
              ],
              "lerp_mode": "catmullrom"
            },
            "0.75": {
              "post": [
                3.22556,
                0.55536,
                -15.11245
              ],
              "lerp_mode": "catmullrom"
            },
            "1.0": {
              "post": [
                25,
                0,
                0
              ],
              "lerp_mode": "catmullrom"
            },
            "1.25": {
              "post": [
                -7.94695,
                13.49083,
                -27.05132
              ],
              "lerp_mode": "catmullrom"
            },
            "1.5": {
              "post": [
                -55,
                0,
                0
              ],
              "lerp_mode": "catmullrom"
            },
            "2.0": {
              "post": [
                25,
                0,
                0
              ],
              "lerp_mode": "catmullrom"
            }
          }
        },
        "left_bone": {
          "rotation": {
            "0.0": {
              "post": [
                -17.5,
                0,
                0
              ],
              "lerp_mode": "catmullrom"
            },
            "0.5": {
              "post": [
                -17.5,
                0,
                0
              ],
              "lerp_mode": "catmullrom"
            },
            "1.0": {
              "post": [
                -17.5,
                0,
                0
              ],
              "lerp_mode": "catmullrom"
            },
            "1.5": {
              "post": [
                -17.5,
                0,
                0
              ],
              "lerp_mode": "catmullrom"
            },
            "2.0": {
              "post": [
                -17.5,
                0,
                0
              ],
              "lerp_mode": "catmullrom"
            }
          }
        },
        "left_arm2": {
          "rotation": {
            "0.0": {
              "post": [
                14.56849,
                1.95058,
                -7.25509
              ],
              "lerp_mode": "catmullrom"
            },
            "0.5": {
              "post": [
                14.56849,
                1.95058,
                -7.25509
              ],
              "lerp_mode": "catmullrom"
            },
            "1.0": {
              "post": [
                14.56849,
                1.95058,
                -7.25509
              ],
              "lerp_mode": "catmullrom"
            },
            "1.5": {
              "post": [
                14.56849,
                1.95058,
                -7.25509
              ],
              "lerp_mode": "catmullrom"
            },
            "2.0": {
              "post": [
                14.56849,
                1.95058,
                -7.25509
              ],
              "lerp_mode": "catmullrom"
            }
          }
        },
        "claw": {
          "rotation": {
            "0.0": {
              "post": [
                -52.5,
                0,
                0
              ],
              "lerp_mode": "catmullrom"
            },
            "0.5": {
              "post": [
                -52.5,
                0,
                0
              ],
              "lerp_mode": "catmullrom"
            },
            "1.0": {
              "post": [
                -52.5,
                0,
                0
              ],
              "lerp_mode": "catmullrom"
            },
            "1.5": {
              "post": [
                -52.5,
                0,
                0
              ],
              "lerp_mode": "catmullrom"
            },
            "2.0": {
              "post": [
                -52.5,
                0,
                0
              ],
              "lerp_mode": "catmullrom"
            }
          }
        },
        "wing": {
          "rotation": {
            "0.0": {
              "post": [
                0,
                0,
                47.5
              ],
              "lerp_mode": "catmullrom"
            },
            "0.5": {
              "post": [
                0,
                0,
                22.5
              ],
              "lerp_mode": "catmullrom"
            },
            "1.0": {
              "post": [
                0,
                0,
                47.5
              ],
              "lerp_mode": "catmullrom"
            },
            "1.25": {
              "post": [
                0,
                0,
                57.5
              ],
              "lerp_mode": "catmullrom"
            },
            "1.5": {
              "post": [
                0,
                0,
                47.5
              ],
              "lerp_mode": "catmullrom"
            },
            "2.0": {
              "post": [
                0,
                0,
                47.5
              ],
              "lerp_mode": "catmullrom"
            }
          }
        },
        "all": {
          "position": {
            "0.0": {
              "post": [
                0,
                -3,
                0
              ],
              "lerp_mode": "catmullrom"
            },
            "0.5": {
              "post": [
                0,
                -3,
                -2
              ],
              "lerp_mode": "catmullrom"
            },
            "1.0": {
              "post": [
                0,
                -3,
                0
              ],
              "lerp_mode": "catmullrom"
            },
            "1.5": {
              "post": [
                0,
                -3,
                -2
              ],
              "lerp_mode": "catmullrom"
            },
            "2.0": {
              "post": [
                0,
                -3,
                0
              ],
              "lerp_mode": "catmullrom"
            }
          }
        },
        "left_leg": {
          "rotation": {
            "0.0": {
              "post": [
                -40,
                0,
                0
              ],
              "lerp_mode": "catmullrom"
            },
            "0.5": {
              "post": [
                27.5,
                0,
                0
              ],
              "lerp_mode": "catmullrom"
            },
            "0.75": {
              "post": [
                -34.53,
                0,
                0
              ],
              "lerp_mode": "catmullrom"
            },
            "1.0": {
              "post": [
                -40,
                0,
                0
              ],
              "lerp_mode": "catmullrom"
            },
            "1.5": {
              "post": [
                27.5,
                0,
                0
              ],
              "lerp_mode": "catmullrom"
            },
            "1.75": {
              "post": [
                -34.53,
                0,
                0
              ],
              "lerp_mode": "catmullrom"
            },
            "2.0": {
              "post": [
                -40,
                0,
                0
              ],
              "lerp_mode": "catmullrom"
            }
          }
        },
        "left_leg2": {
          "rotation": {
            "0.0": {
              "post": [
                50,
                0,
                0
              ],
              "lerp_mode": "catmullrom"
            },
            "0.5": {
              "post": [
                0,
                0,
                0
              ],
              "lerp_mode": "catmullrom"
            },
            "0.75": {
              "post": [
                114.38,
                0,
                0
              ],
              "lerp_mode": "catmullrom"
            },
            "1.0": {
              "post": [
                50,
                0,
                0
              ],
              "lerp_mode": "catmullrom"
            },
            "1.5": {
              "post": [
                0,
                0,
                0
              ],
              "lerp_mode": "catmullrom"
            },
            "1.75": {
              "post": [
                114.38,
                0,
                0
              ],
              "lerp_mode": "catmullrom"
            },
            "2.0": {
              "post": [
                50,
                0,
                0
              ],
              "lerp_mode": "catmullrom"
            }
          }
        },
        "left_feel": {
          "rotation": {
            "0.0": {
              "post": [
                -7.63972,
                -10.65471,
                1.58452
              ],
              "lerp_mode": "catmullrom"
            },
            "0.25": {
              "post": [
                -27.7045,
                -6.09801,
                10.58472
              ],
              "lerp_mode": "catmullrom"
            },
            "0.5": {
              "post": [
                -27.63972,
                -10.65471,
                1.58452
              ],
              "lerp_mode": "catmullrom"
            },
            "0.75": {
              "post": [
                -35.13567,
                -10.93951,
                1.02201
              ],
              "lerp_mode": "catmullrom"
            },
            "1.0": {
              "post": [
                -7.63972,
                -10.65471,
                1.58452
              ],
              "lerp_mode": "catmullrom"
            },
            "1.25": {
              "post": [
                -27.7045,
                -6.09801,
                10.58472
              ],
              "lerp_mode": "catmullrom"
            },
            "1.5": {
              "post": [
                -27.63972,
                -10.65471,
                1.58452
              ],
              "lerp_mode": "catmullrom"
            },
            "1.75": {
              "post": [
                -35.13567,
                -10.93951,
                1.02201
              ],
              "lerp_mode": "catmullrom"
            },
            "2.0": {
              "post": [
                -7.63972,
                -10.65471,
                1.58452
              ],
              "lerp_mode": "catmullrom"
            }
          }
        },
        "right_leg": {
          "rotation": {
            "0.0": {
              "post": [
                32.5,
                0,
                0
              ],
              "lerp_mode": "catmullrom"
            },
            "0.25": {
              "post": [
                -8.2,
                5.07692,
                27.10581
              ],
              "lerp_mode": "catmullrom"
            },
            "0.5": {
              "post": [
                -30,
                0,
                0
              ],
              "lerp_mode": "catmullrom"
            },
            "0.75": {
              "post": [
                0.11831,
                -0.09793,
                8.30614
              ],
              "lerp_mode": "catmullrom"
            },
            "1.0": {
              "post": [
                32.5,
                0,
                0
              ],
              "lerp_mode": "catmullrom"
            },
            "1.25": {
              "post": [
                -2.69757,
                9.29871,
                62.2778
              ],
              "lerp_mode": "catmullrom"
            },
            "1.5": {
              "post": [
                -30,
                0,
                0
              ],
              "lerp_mode": "catmullrom"
            },
            "1.75": {
              "post": [
                0.11831,
                -0.09793,
                8.30614
              ],
              "lerp_mode": "catmullrom"
            },
            "2.0": {
              "post": [
                32.5,
                0,
                0
              ],
              "lerp_mode": "catmullrom"
            }
          }
        },
        "right_leg2": {
          "rotation": {
            "0.0": {
              "post": [
                -27.5,
                0,
                0
              ],
              "lerp_mode": "catmullrom"
            },
            "0.25": {
              "post": [
                30.15275,
                10.41194,
                -87.97416
              ],
              "lerp_mode": "catmullrom"
            },
            "0.5": {
              "post": [
                58.14281,
                -43.79438,
                -40.61773
              ],
              "lerp_mode": "catmullrom"
            },
            "0.75": {
              "post": [
                25.30525,
                -17.03972,
                -39.84514
              ],
              "lerp_mode": "catmullrom"
            },
            "1.0": {
              "post": [
                -27.5,
                0,
                0
              ],
              "lerp_mode": "catmullrom"
            },
            "1.25": {
              "post": [
                30.15275,
                10.41194,
                -87.97416
              ],
              "lerp_mode": "catmullrom"
            },
            "1.5": {
              "post": [
                58.14281,
                -43.79438,
                -40.61773
              ],
              "lerp_mode": "catmullrom"
            },
            "1.75": {
              "post": [
                25.30525,
                -17.03972,
                -39.84514
              ],
              "lerp_mode": "catmullrom"
            },
            "2.0": {
              "post": [
                -27.5,
                0,
                0
              ],
              "lerp_mode": "catmullrom"
            }
          }
        }
      }
    }
  }
}