{"format_version":"1.10.0","animation_controllers":{"controller.animation.yg_bunzo_bunny.general":{"states":{"default":{"animations":["gazo_general","look_at_target"],"transitions":[{"attack":"variable.attack_time > 0 && variable.random == 0"},{"jumpscare":"query.has_rider && !query.is_stunned"}]},"attack":{"animations":["attack"],"transitions":[{"default":"query.all_animations_finished"}],"blend_transition":0.3},"jumpscare":{"animations":["jumpscare"],"transitions":[{"default":"!query.has_rider"}],"blend_transition":6}}},"controller.animation.yg_bunzo_bunny.move":{"states":{"default":{"animations":[{"moving":"query.modified_move_speed *3"}],"transitions":[{"moving":"query.ground_speed > 3"}],"blend_transition":0.2},"moving":{"animations":["moving"],"transitions":[{"default":"!query.is_moving"}],"blend_transition":0.4}}},"controller.animation.yg_bunzo_bunny.hanging":{"initial_state":"floor_idle","states":{"floor_idle":{"animations":[{"general":"query.is_on_ground"}],"transitions":[{"fly_idle":"!query.is_on_ground"}],"blend_transition":0.3},"fly_idle":{"animations":[{"hang":"!query.is_on_ground"}],"transitions":[{"floor_idle":"query.is_on_ground"}],"blend_transition":0.2}}}}}