{"format_version":"1.10.0","animation_controllers":{"controller.animation.yg_catnap.general":{"states":{"default":{"animations":["gazo_general","look_at_target"],"transitions":[{"attack":"variable.attack_time > 0 && variable.random == 0"},{"jumpscare":"query.has_rider && !query.is_stunned"},{"breath_gas":"query.is_roaring && query.variant == 1"}]},"attack":{"animations":["attack"],"transitions":[{"default":"query.all_animations_finished"}],"blend_transition":0.3},"jumpscare":{"animations":["jumpscare"],"transitions":[{"default":"!query.has_rider"}],"blend_transition":6},"breath_gas":{"animations":["breath_gas"],"transitions":[{"default":"!query.is_roaring"}],"blend_transition":10}}},"controller.animation.yg_catnap.move":{"states":{"default":{"animations":[{"moving":"query.modified_move_speed *3"}],"transitions":[{"moving":"query.ground_speed > 3"}],"blend_transition":0.2},"moving":{"animations":["moving"],"transitions":[{"default":"!query.is_moving"}],"blend_transition":0.4}}}}}