{"format_version":"1.10.0","animation_controllers":{"controller.animation.yg_pj_pugapillar.general":{"states":{"default":{"animations":["gazo_general","look_at_target"],"transitions":[{"jumpscare":"query.has_rider && !query.is_stunned"},{"climbing":"query.is_wall_climbing"}]},"jumpscare":{"animations":["jumpscare"],"transitions":[{"default":"!query.has_rider"}],"blend_transition":6},"climbing":{"animations":["climb"],"transitions":[{"default":"!query.is_wall_climbing"}],"blend_transition":0.5}}},"controller.animation.yg_pj_pugapillar.move":{"states":{"default":{"animations":[{"moving":"query.modified_move_speed *3"}],"transitions":[{"moving":"query.ground_speed > 3"}],"blend_transition":0.2},"moving":{"animations":["moving"],"transitions":[{"default":"!query.is_moving"}],"blend_transition":0.4}}}}}