{"resource_pack_name":"vanilla","texture_name":"atlas.items","texture_data":{"yg:catnap":{"textures":"textures/items/spawn_eggs/yg_catnap"},"yg:dogday":{"textures":"textures/items/spawn_eggs/yg_dogday"},"yg:prototype":{"textures":"textures/items/spawn_eggs/yg_prototype"},"yg:kissy_missy":{"textures":"textures/items/spawn_eggs/yg_kissy_missy"},"yg:huggy_wuggy":{"textures":"textures/items/spawn_eggs/yg_huggy_wuggy"},"yg:huggy_buddys":{"textures":"textures/items/spawn_eggs/yg_huggy_buddys"},"yg:bunzo_bunny":{"textures":"textures/items/spawn_eggs/yg_bunzo_bunny"},"yg:poppy":{"textures":"textures/items/spawn_eggs/yg_poppy"},"yg:mommy_long_legs":{"textures":"textures/items/spawn_eggs/yg_mommy_long_legs"},"yg:pj_pugapillar":{"textures":"textures/items/spawn_eggs/yg_pj_pugapillar"},"yg:gas_mask":{"textures":"textures/items/yg_gas_mask"},"yg:grabpack_redhand":{"textures":"textures/items/yg_grabpack_redhand"},"yg:grabpack_greenhand":{"textures":"textures/items/yg_grabpack_greenhand"},"yg:grabpack_purplehand":{"textures":"textures/items/yg_grabpack_purplehand"}}}