{
  "format_version": "1.12",
  "minecraft:recipe_shaped": {
    "description": {
      "identifier": "baseball_61ac9f9f"
    },
    "tags": [
      "crafting_table"
    ],
    "pattern": [
      "ABA",
      "ABA",
      " C "
    ],
    "key": {
      "A": {
        "item": "minecraft:iron_nugget",
        "data": 0
      },
      "B": {
        "item": "minecraft:planks",
        "data": 0
      },
      "C": {
        "item": "minecraft:stick",
        "data": 0
      }
    },
    "result": {
      "item": "zm:baseball",
      "count": 1
    }
  }
}