{
  "format_version": "1.16.100",
  "minecraft:item": {
	"description": {
      "identifier": "pixel:diamond_greatsword",
      "category":"Equipment"
    },
    "components": {
	  "minecraft:icon": {
	    "texture": "diamond_greatsword"
	  },
      "minecraft:creative_category": {
        "parent": "itemGroup.name.sword"
      },
	  "tag:damage:27":{},
      "tag:minecraft:is_dual_hand":{},
      "tag:minecraft:is_greatsword":{},
	  "minecraft:display_name": {
		"value": "item.pixel:diamond_greatsword.name"
	  },
      "minecraft:max_stack_size": 1,
      "minecraft:use_duration": 3600,
      "minecraft:hand_equipped": true,
      "minecraft:durability": {
        "max_durability": 647,
        "damage_chance": {
          "min": 60,
          "max": 100
        }
      },
      "minecraft:enchantable": {
        "value": 30,
        "slot": "sword"
      },
      "minecraft:repairable": {
        "repair_items": [
          {
            "items": [ "minecraft:diamond_ingot" ],
            "repair_amount": 280
          },
          {
            "items": [ "pixel:repair_item" ],
            "repair_amount": 250
          },
          {
            "items": [ "pixel:diamond_greatsword" ],
            "repair_amount": "query.max_durability"
          }
        ]
      },
      "minecraft:mining_speed": 1.5,
      "minecraft:damage": 22,
      "minecraft:can_destroy_in_creative": false,
      "minecraft:digger": {
        "use_efficiency": true,
        "destroy_speeds": [
          {
            "block": "minecraft:web",
            "speed": 15,
			"on_dig": {
			  "event": "minecraft:break"
			}
          },
          {
            "block": "minecraft:bamboo",
            "speed": 10,
			"on_dig": {
			  "event": "minecraft:break"
			}
          }
        ],
		"on_dig": {
		  "event": "minecraft:break",
		  "target": "self"
		}
      },
      "minecraft:chargeable": {
		"on_complete": {
		  "event": "filter_the_shoot",
		  "target": "self"
		}
	  },
	  "minecraft:weapon": {
		"on_hurt_entity": {
		  "event": "minecraft:break"
		}
	  }
	},
	"events": {
	  "minecraft:break": {
	    "sequence":[
	      {
		   "condition": "query.scoreboard('hvymstr') >= 0 && query.scoreboard('hvymstr') < 50",
	        "run_command":{
	          "command":[
	            "scoreboard objectives add grtswrd_cd dummy",
	            "scoreboard players set @s grtswrd_cd 40",
	            "tag @s add hevh",
                "summon pixel:heavy_hit ^^^1.5",
	            "effect @s weakness 2 20"
	          ]
	        }
	      },
	      {
		   "condition": "query.scoreboard('hvymstr') >= 50 && query.scoreboard('hvymstr') < 100",
	        "run_command":{
	          "command":[
	            "scoreboard objectives add grtswrd_cd dummy",
	            "scoreboard players set @s grtswrd_cd 40",
	            "tag @s add hevh",
                "summon pixel:heavy_hit ^^^2",
	            "effect @s weakness 2 20"
	          ]
	        },
		    "damage": {
		      "type": "entity_attack",
		      "amount": 1,
		      "target": "other"
	        }
	      },
	      {
		   "condition": "query.scoreboard('hvymstr') >= 100 && query.scoreboard('hvymstr') < 1000",
	        "run_command":{
	          "command":[
	            "scoreboard objectives add grtswrd_cd dummy",
	            "scoreboard players set @s grtswrd_cd 20",
	            "tag @s add hevh",
                "summon pixel:heavy_hit ^^^2",
	            "effect @s weakness 1 20"
	          ]
	        },
		    "damage": {
		      "type": "entity_attack",
		      "amount": 3,
		      "target": "other"
	        }
	      },
	      {
		   "condition": "query.scoreboard('hvymstr') >= 1000",
	        "run_command":{
	          "command":[
	            "tag @s add hevh",
                "summon pixel:heavy_hit ^^^2.5"
	          ]
	        },
		    "damage": {
		      "type": "entity_attack",
		      "amount": 5,
		      "target": "other"
	        }
	      },
	      {
		    "condition": "query.scoreboard('frctnstrk') > 0",
		    "sequence":[
	          {
		        "damage": {
		          "type": "fire_tick",
		          "amount": 3,
		          "target": "other"
	            }
	          }
		    ]
	      },
	      {
		    "condition": "query.scoreboard('irnlng') != 1 && query.scoreboard('dmndlng') != 1",
	        "randomize":[
	          {
	            "weight": 10,
		        "run_command": {
		          "command":[
	                "scoreboard players remove @s exhaust 5"
		          ]
		        }
	          },
	          {
	            "weight": 20,
		        "run_command": {
		          "command":[
	                "scoreboard players remove @s exhaust 7"
		          ]
		        }
	          },
	          {
	            "weight": 5,
		        "run_command": {
		          "command":[
	                "scoreboard players remove @s exhaust 6"
		          ]
		        }
	          }
	        ]
	      },
	      {
		    "condition": "query.scoreboard('irnlng') == 1",
	        "randomize":[
	          {
	            "weight": 10,
		        "run_command": {
		          "command":[
	                "scoreboard players remove @s exhaust 3"
		          ]
		        }
	          },
	          {
	            "weight": 20,
		        "run_command": {
		          "command":[
	                "scoreboard players remove @s exhaust 5"
		          ]
		        }
	          },
	          {
	            "weight": 5,
		        "run_command": {
		          "command":[
	                "scoreboard players remove @s exhaust 4"
		          ]
		        }
	          }
	        ]
	      },
	      {
		    "condition": "query.scoreboard('dmndlng') == 1",
	        "randomize":[
	          {
	            "weight": 10,
		        "run_command": {
		          "command":[
	                "scoreboard players remove @s exhaust 2"
		          ]
		        }
	          },
	          {
	            "weight": 20,
		        "run_command": {
		          "command":[
	                "scoreboard players remove @s exhaust 3"
		          ]
		        }
	          }
	        ]
	      },
	      {
	        "randomize":[
	          {
	            "weight": 10,
		        "damage": {
		          "type": "durability",
		          "amount": 1
	            }
	          },
	          {
	            "weight": 20,
		        "damage": {
		          "type": "durability",
		          "amount": 0
	            }
	          },
	          {
	            "weight": 5,
		        "damage": {
		          "type": "durability",
		          "amount": 2
	            }
	          }
	        ]
	      },
	      {
	        "randomize":[
	          {
	            "weight": 15,
	            "run_command":{
	              "command":[
	                "scoreboard objectives add hvymstr dummy"
	              ]
	            }
	          },
	          {
	            "weight": 20,
	            "run_command":{
	              "command":[
	                "scoreboard objectives add hvymstr dummy",
	                "scoreboard players add @s hvymstr 1"
	              ]
	            }
	          },
	          {
	            "weight": 10,
	            "run_command":{
	              "command":[
	                "scoreboard objectives add hvymstr dummy",
	                "scoreboard players add @s hvymstr 2"
	              ]
	            }
	          },
	          {
	            "weight": 2,
	            "run_command":{
	              "command":[
	                "scoreboard objectives add hvymstr dummy",
	                "scoreboard players add @s hvymstr 5"
	              ]
	            }
	          }
	        ]
	      },
	      {
		    "condition": "query.scoreboard('irnlng') != 1 && query.scoreboard('dmndlng') != 1",
		    "run_command": {
		      "command":[
	            "scoreboard players set @s exhregen 100"
		      ]
		    }
	      },
	      {
		    "condition": "query.scoreboard('irnlng') == 1",
		    "run_command": {
		      "command":[
	            "scoreboard players set @s exhregen 100"
		      ]
		    }
	      },
	      {
		    "condition": "query.scoreboard('dmndlng') == 1",
		    "run_command": {
		      "command":[
	            "scoreboard players set @s exhregen 100"
		      ]
		    }
	      }
	    ]
	  }
    }
  }
}