{
	"format_version": "1.12.0",
	"minecraft:geometry": [
		{
			"description": {
				"identifier": "geometry.black_vein1",
				"texture_width": 32,
				"texture_height": 32,
				"visible_bounds_width": 2,
				"visible_bounds_height": 2.5,
				"visible_bounds_offset": [0, 0.75, 0]
			},
			"bones": [
				{
					"name": "block",
					"pivot": [0, 0, 0],
					"cubes": [
						{"origin": [-4.5355, 0, -1.80658], "size": [1, 1, 4], "pivot": [-4.24326, 0, 1.64013], "rotation": [0, -65, 0], "uv": [12, 20]},
						{"origin": [-4.84115, 0, 1.82472], "size": [1, 1, 4], "pivot": [-4.24326, 0, 1.64013], "rotation": [0, -20, 0], "uv": [0, 20]},
						{"origin": [1.54115, 0, 0.82472], "size": [1, 1, 4], "pivot": [1.94326, 0, 0.64013], "rotation": [0, 37.5, 0], "uv": [18, 1]},
						{"origin": [1.2355, 0, -2.80658], "size": [1, 1, 4], "pivot": [1.94326, 0, 0.64013], "rotation": [0, 82.5, 0], "uv": [18, 6]},
						{"origin": [-0.45885, 0, -3.17528], "size": [1, 1, 4], "pivot": [-0.05674, 0, -3.35987], "rotation": [0, -12.5, 0], "uv": [12, 15]},
						{"origin": [-0.7645, 0, -6.80658], "size": [1, 1, 4], "pivot": [-0.05674, 0, -3.35987], "rotation": [0, 32.5, 0], "uv": [6, 16]},
						{"origin": [2.54115, 0, -3.17528], "size": [1, 1, 4], "pivot": [2.94326, 0, -3.35987], "rotation": [0, -60, 0], "uv": [12, 10]},
						{"origin": [2.2355, 0, -6.80658], "size": [1, 1, 4], "pivot": [2.94326, 0, -3.35987], "rotation": [0, -15, 0], "uv": [0, 15]},
						{"origin": [-4.45885, 0, -2.17528], "size": [1, 1, 4], "pivot": [-4.05674, 0, -2.35987], "rotation": [0, 82.5, 0], "uv": [12, 0]},
						{"origin": [-4.7645, 0, -5.80658], "size": [1, 1, 4], "pivot": [-4.05674, 0, -2.35987], "rotation": [-180, 52.5, -180], "uv": [12, 5]},
						{"origin": [-5.45885, 0, -5.17528], "size": [1, 1, 4], "pivot": [-5.05674, 0, -5.35987], "rotation": [0, 82.5, 0], "uv": [0, 10]},
						{"origin": [-5.7645, 0, -8.80658], "size": [1, 1, 4], "pivot": [-5.05674, 0, -5.35987], "rotation": [-180, 52.5, -180], "uv": [6, 11]},
						{"origin": [4.54115, 0, -1.17528], "size": [1, 1, 4], "pivot": [4.94326, 0, -1.35987], "rotation": [0, 10, 0], "uv": [6, 1]},
						{"origin": [4.2355, 0, -4.80658], "size": [1, 1, 4], "pivot": [4.94326, 0, -1.35987], "rotation": [0, 55, 0], "uv": [6, 6]},
						{"origin": [1.54115, 0, 2.82472], "size": [1, 1, 4], "pivot": [1.94326, 0, 2.64013], "rotation": [0, 10, 0], "uv": [0, 0]},
						{"origin": [1.2355, 0, -0.80658], "size": [1, 1, 4], "pivot": [1.94326, 0, 2.64013], "rotation": [0, 55, 0], "uv": [0, 5]},
						{"origin": [-2.24326, 0, 2.64013], "size": [1, 1, 4], "pivot": [-0.24326, 0, 2.64013], "rotation": [0, 52.5, 0], "uv": [18, 11]},
						{"origin": [-2, 0, 0], "size": [1, 1, 4], "pivot": [0, 0, 0], "rotation": [0, 7.5, 0], "uv": [18, 16]}
					]
				}
			]
		}
	]
}