{"format_version":"1.10.0","minecraft:client_entity":{"description":{"identifier":"yg:bunzo_bunny","materials":{"default":"witch"},"textures":{"default":"textures/entity/bunzo_bunny/yg_bunzo_bunny","angry":"textures/entity/bunzo_bunny/yg_bunzo_bunny_angry"},"geometry":{"default":"geometry.yg_bunzo_bunny"},"scripts":{"animate":["move","general","hanging"],"pre_animation":["variable.random = math.round(math.random(0,2));"]},"animations":{"moving":"animation.yg_bunzo_bunny.move","move":"controller.animation.yg_bunzo_bunny.move","gazo_general":"animation.yg_bunzo_bunny.general","general":"controller.animation.yg_bunzo_bunny.general","hanging":"controller.animation.yg_bunzo_bunny.hanging","hang":"animation.yg_bunzo_bunny.hang","attack":"animation.yg_bunzo_bunny.attack","jumpscare":"animation.yg_bunzo_bunny.jumpscare","look_at_target":"animation.yg_bunzo_bunny.looking"},"render_controllers":["controller.render.yg_bunzo_bunny"],"spawn_egg":{"texture":"yg:bunzo_bunny","texture_index":0}}}}