{"format_version":"1.10.0","minecraft:client_entity":{"description":{"identifier":"yg:catnap","materials":{"default":"enderman"},"textures":{"default":"textures/entity/yg_catnap"},"geometry":{"default":"geometry.yg_catnap"},"scripts":{"animate":["move","general"],"pre_animation":["variable.random = math.round(math.random(0,2));"]},"animations":{"moving":"animation.yg_catnap.move","move":"controller.animation.yg_catnap.move","gazo_general":"animation.yg_catnap.general","general":"controller.animation.yg_catnap.general","attack":"animation.yg_catnap.attack","jumpscare":"animation.yg_catnap.jumpscare","breath_gas":"animation.yg_catnap.breath_gas","look_at_target":"animation.yg_catnap.looking"},"render_controllers":["controller.render.witch"],"spawn_egg":{"texture":"yg:catnap","texture_index":0},"particle_effects":{"gas":"yg:redgas"}}}}