{"format_version":"1.10.0","minecraft:client_entity":{"description":{"identifier":"yg:dogday","materials":{"default":"enderman"},"textures":{"default":"textures/entity/yg_dogday"},"geometry":{"default":"geometry.yg_dogday"},"scripts":{"animate":["move","general"],"pre_animation":["variable.random = math.round(math.random(0,2));"]},"animations":{"moving":"animation.yg_dogday.move","move":"controller.animation.yg_dogday.move","gazo_general":"animation.yg_dogday.general","general":"controller.animation.yg_dogday.general","attack":"animation.yg_dogday.attack","jumpscare":"animation.yg_dogday.jumpscare","look_at_target":"animation.yg_dogday.looking"},"render_controllers":["controller.render.witch"],"spawn_egg":{"texture":"yg:dogday","texture_index":0}}}}