{"format_version":"1.10.0","minecraft:client_entity":{"description":{"identifier":"yg:huggy_buddys","materials":{"default":"witch"},"textures":{"blue":"textures/entity/huggy_buddys/yg_huggy_buddys_blue","green":"textures/entity/huggy_buddys/yg_huggy_buddys_green","purple":"textures/entity/huggy_buddys/yg_huggy_buddys_purple","yellow":"textures/entity/huggy_buddys/yg_huggy_buddys_yellow"},"geometry":{"default":"geometry.yg_huggy_buddys"},"scripts":{"animate":["move","general","jumping"],"pre_animation":["variable.random = math.round(math.random(0,2));"],"scale":"0.5"},"animations":{"moving":"animation.yg_huggy_buddys.move","move":"controller.animation.yg_huggy_buddys.move","gazo_general":"animation.yg_huggy_buddys.general","general":"controller.animation.yg_huggy_buddys.general","jumping":"controller.animation.yg_huggy_buddys.jumping","jump":"animation.yg_huggy_buddys.jumping","attack":"animation.yg_huggy_buddys.attack","jumpscare":"animation.yg_huggy_buddys.jumpscare","look_at_target":"animation.yg_huggy_buddys.looking"},"render_controllers":["controller.render.yg_huggy_buddys"],"spawn_egg":{"texture":"yg:huggy_buddys","texture_index":0}}}}