{"format_version":"1.10.0","minecraft:client_entity":{"description":{"identifier":"yg:huggy_wuggy","materials":{"default":"witch"},"textures":{"default":"textures/entity/huggy_wuggy/yg_huggy_wuggy","angry":"textures/entity/huggy_wuggy/yg_huggy_wuggy_angry"},"geometry":{"default":"geometry.yg_huggy_wuggy"},"scripts":{"animate":["move","general"],"pre_animation":["variable.random = math.round(math.random(0,2));"]},"animations":{"moving":"animation.yg_huggy_wuggy.move","move":"controller.animation.yg_huggy_wuggy.move","gazo_general":"animation.yg_huggy_wuggy.general","general":"controller.animation.yg_huggy_wuggy.general","attack":"animation.yg_huggy_wuggy.attack","jumpscare":"animation.yg_huggy_wuggy.jumpscare","look_at_target":"animation.yg_huggy_wuggy.looking"},"render_controllers":["controller.render.yg_huggy_wuggy"],"spawn_egg":{"texture":"yg:huggy_wuggy","texture_index":0}}}}