{"format_version":"1.10.0","minecraft:client_entity":{"description":{"identifier":"yg:kissy_missy","materials":{"default":"witch"},"textures":{"default":"textures/entity/yg_kissy_missy"},"geometry":{"default":"geometry.yg_kissy_missy"},"scripts":{"animate":["move","general"],"pre_animation":["variable.random = math.round(math.random(0,2));"]},"animations":{"moving":"animation.yg_kissy_missy.move","move":"controller.animation.yg_kissy_missy.move","gazo_general":"animation.yg_kissy_missy.general","general":"controller.animation.yg_kissy_missy.general","attack":"animation.yg_kissy_missy.attack","jumpscare":"animation.yg_kissy_missy.jumpscare","look_at_target":"animation.yg_kissy_missy.looking"},"render_controllers":["controller.render.witch"],"spawn_egg":{"texture":"yg:kissy_missy","texture_index":0}}}}