{"format_version":"1.10.0","minecraft:client_entity":{"description":{"identifier":"yg:mommy_long_legs","materials":{"default":"witch"},"textures":{"default":"textures/entity/mommy_long_legs/yg_mommy_long_legs","angry":"textures/entity/mommy_long_legs/yg_mommy_long_legs_angry"},"geometry":{"default":"geometry.yg_mommy_long_legs"},"scripts":{"animate":["move","general"],"pre_animation":["variable.random = math.round(math.random(0,2));"],"scale":"1.5"},"animations":{"moving":"animation.yg_mommy_long_legs.move","move":"controller.animation.yg_mommy_long_legs.move","gazo_general":"animation.yg_mommy_long_legs.general","general":"controller.animation.yg_mommy_long_legs.general","climb":"animation.yg_mommy_long_legs.climbing","attack":"animation.yg_mommy_long_legs.attack","jumpscare":"animation.yg_mommy_long_legs.jumpscare","look_at_target":"animation.yg_mommy_long_legs.looking"},"render_controllers":["controller.render.yg_mommy_long_legs"],"spawn_egg":{"texture":"yg:mommy_long_legs","texture_index":0}}}}