{"format_version":"1.10.0","minecraft:client_entity":{"description":{"identifier":"yg:poppy","materials":{"default":"witch"},"textures":{"default":"textures/entity/yg_poppy"},"geometry":{"default":"geometry.yg_poppy"},"scripts":{"animate":["move","general"],"pre_animation":["variable.random = math.round(math.random(0,2));"]},"animations":{"moving":"animation.yg_poppy.move","move":"controller.animation.yg_poppy.move","gazo_general":"animation.yg_poppy.general","general":"controller.animation.yg_poppy.general","attack":"animation.yg_poppy.attack","look_at_target":"animation.yg_poppy.looking"},"render_controllers":["controller.render.witch"],"spawn_egg":{"texture":"yg:poppy","texture_index":0}}}}