{"format_version":"1.10.0","minecraft:client_entity":{"description":{"identifier":"yg:pj_pugapillar","materials":{"default":"witch"},"textures":{"default":"textures/entity/yg_pj_pugapillar"},"geometry":{"default":"geometry.yg_pj_pugapillar"},"scripts":{"animate":["move","general"],"scale":"1.5"},"animations":{"moving":"animation.yg_pj_pugapillar.move","move":"controller.animation.yg_pj_pugapillar.move","gazo_general":"animation.yg_pj_pugapillar.general","general":"controller.animation.yg_pj_pugapillar.general","climb":"animation.yg_pj_pugapillar.climbing","jumpscare":"animation.yg_pj_pugapillar.jumpscare","look_at_target":"animation.yg_pj_pugapillar.looking"},"render_controllers":["controller.render.witch"],"spawn_egg":{"texture":"yg:pj_pugapillar","texture_index":0}}}}