{"format_version":"1.10.0","minecraft:client_entity":{"description":{"identifier":"yg:prototype","materials":{"default":"enderman"},"textures":{"default":"textures/entity/yg_prototype"},"geometry":{"default":"geometry.yg_prototype"},"scripts":{"animate":["move","general"],"pre_animation":["variable.random = math.round(math.random(0,2));"],"scale":"1.8"},"animations":{"moving":"animation.yg_prototype.move","move":"controller.animation.yg_prototype.move","gazo_general":"animation.yg_prototype.general","general":"controller.animation.yg_prototype.general","climb":"animation.yg_prototype.climbing","attack":"animation.yg_prototype.attack","jumpscare":"animation.yg_prototype.jumpscare","look_at_target":"animation.yg_prototype.looking"},"render_controllers":["controller.render.witch"],"spawn_egg":{"texture":"yg:prototype","texture_index":0}}}}