{
  "format_version": "1.14.0",
  "sound_definitions": {
    "knights.weapon.sharphit": {
      "sounds": [
        {
          "load_on_low_memory": false,
          "volume": 0.5,
          "name": "sounds/hit_sounds/sharp_hit/hit1",
          "pitch": 1
        },
        {
          "load_on_low_memory": false,
          "volume": 0.5,
          "name": "sounds/hit_sounds/sharp_hit/hit2",
          "pitch": 1
        },
        {
          "load_on_low_memory": false,
          "volume": 0.5,
          "name": "sounds/hit_sounds/sharp_hit/hit3",
          "pitch": 1
        },
        {
          "load_on_low_memory": false,
          "volume": 0.5,
          "name": "sounds/hit_sounds/sharp_hit/hit4",
          "pitch": 1
        }
      ]
    },
    "knights.weapon.blunthit": {
      "sounds": [
        {
          "load_on_low_memory": false,
          "volume": 0.75,
          "name": "sounds/hit_sounds/blunt_hit/blunt_hit1",
          "pitch": 1
        },
        {
          "load_on_low_memory": false,
          "volume": 0.75,
          "name": "sounds/hit_sounds/blunt_hit/blunt_hit2",
          "pitch": 1
        },
        {
          "load_on_low_memory": false,
          "volume": 0.75,
          "name": "sounds/hit_sounds/blunt_hit/blunt_hit3",
          "pitch": 1
        },
        {
          "load_on_low_memory": false,
          "volume": 0.75,
          "name": "sounds/hit_sounds/blunt_hit/blunt_hit_hard",
          "pitch": 1
        }
      ]
    },
    "item.shield.block": {
      "sounds": [
        {
          "load_on_low_memory": false,
          "volume": 0.5,
          "name": "sounds\/item\/shield\/block1",
          "pitch": 1.4534847736358643
        },
        {
          "load_on_low_memory": false,
          "volume": 1.25,
          "name": "sounds\/item\/shield\/block2",
          "pitch": 1
        },
        {
          "load_on_low_memory": true,
          "volume": 1.25,
          "name": "sounds\/item\/shield\/block3",
          "pitch": 1
        },
        {
          "load_on_low_memory": false,
          "volume": 1,
          "name": "sounds\/item\/shield\/block4",
          "pitch": 1
        },
        {
          "load_on_low_memory": false,
          "volume": 1,
          "name": "sounds\/item\/shield\/block5",
          "pitch": 1.1584848165512085
        }
      ],
      "category": "player",
      "__use_legacy_max_distance": "true"
    }
  }
}