{
	"format_version": "1.16.100",
	"minecraft:item": {
		"description": {
			"identifier": "knights:chinese_mountain_pattern_armour",
			"category": "equipment"
		},
		"components": {
			"minecraft:max_stack_size": 1,
			"minecraft:display_name": {
				"value": "Chinese Mountain Pattern Armour\n\n§9+2 Knockback Resistance"
			},
			"minecraft:enchantable": {
				"value": 9,
				"slot": "armor_torso"
			},
			"minecraft:durability": {
				"max_durability": 560,
				"damage_chance": {
					"min": 60,
					"max": 100
				}
			},
			"minecraft:knockback_resistance": {
				"protection": 2
			},
			"minecraft:icon": {
				"texture": "knights_mountain_pattern_armour"
			},
			"minecraft:render_offsets": "chestplates",
			"minecraft:armor": {
				"protection": 9
			},
			"minecraft:wearable": {
				"slot": "slot.armor.chest"
			},
			"minecraft:creative_category": {
				"parent": "itemGroup.name.chestplate"
			},
			"minecraft:repairable": {
				"repair_items": [
					{
						"items": [
							"knights:mountain_pattern_rows"
						],
						"repair_amount": "query.max_durability*0.25"
					},
					{
						"items": [
							"knights:chinese_mountain_pattern_armour"
						],
						"repair_amount": "context.other->query.remaining_durability+0.12*context.other->query.max_durability"
					}
				]
			}
		}
	}
}