{
	"format_version": "1.16.100",
	"minecraft:item": {
		"description": {
			"identifier": "knights:travellers_leggings",
			"category": "equipment"
		},
		"components": {
			"minecraft:max_stack_size": 1,
			"minecraft:display_name": {
				"value": "Travellers Leggings"
			},
			"minecraft:enchantable": {
				"value": 9,
				"slot": "armor_legs"
			},
			"minecraft:durability": {
				"max_durability": 225,
				"damage_chance": {
					"min": 60,
					"max": 100
				}
			},
			"minecraft:icon": {
				"texture": "knights_travellers_leggings"
			},
			"minecraft:render_offsets": "leggings",
			"minecraft:armor": {
				"protection": 5
			},
			"minecraft:wearable": {
				"slot": "slot.armor.legs"
			},
			"minecraft:creative_category": {
				"parent": "itemGroup.name.leggings"
			},
			"minecraft:repairable": {
				"repair_items": [
					{
						"items": [
							"knights:woollen_cloth"
						],
						"repair_amount": "query.max_durability*0.25"
					},
					{
						"items": [
							"knights:travellers_leggings"
						],
						"repair_amount": "context.other->query.remaining_durability+0.12*context.other->query.max_durability"
					}
				]
			}
		}
	}
}