{
	"format_version": "1.16.100",
	"minecraft:item": {
		"description": {
			"identifier": "knights:steel_buckler",
			"category": "equipment"
		},
		"components": {
			"minecraft:display_name": {
				"value": "Steel Buckler"
			},
			"minecraft:allow_off_hand": true,
			"minecraft:max_stack_size": 1,
			"minecraft:hand_equipped": true,
			"minecraft:durability": {
				"max_durability": 500
			},
			"minecraft:icon": {
				"texture": "knights_steel_buckler"
			},
			"minecraft:repairable": {
				"repair_items": [
					{
						"items": [
							"knights:steel_ingot"
						],
						"repair_amount": "query.max_durability*0.25"
					},
					{
						"items": [
							"knights:steel_buckler"
						],
						"repair_amount": "query.remaining_durability"
					}
				]
			},
			"minecraft:enchantable": {
				"slot": "shield",
				"value": 8
			}
		}
	}
}