{
	"format_version": "1.16.100",
	"minecraft:item": {
		"description": {
			"identifier": "knights:armet_helm_green",
			"category": "equipment"
		},
		"components": {
			"minecraft:display_name": {
				"value": "Armet Helm"
			},
			"minecraft:max_stack_size": 1,
			"minecraft:enchantable": {
				"value": 9,
				"slot": "armor_head"
			},
			"minecraft:durability": {
				"max_durability": 440,
				"damage_chance": {
					"min": 60,
					"max": 100
				}
			},
			"minecraft:block_placer": {
				"block": "knights:armet_green_display"
			},
			"minecraft:icon": {
				"texture": "knights_armet_helm_green"
			},
			"minecraft:render_offsets": "helmets",
			"minecraft:armor": {
				"protection": 5
			},
			"minecraft:wearable": {
				"slot": "slot.armor.head"
			},
			"minecraft:creative_category": {
				"parent": "itemGroup.name.helmet"
			},
			"minecraft:repairable": {
				"repair_items": [
					{
						"items": [
							"knights:steel_plate"
						],
						"repair_amount": "query.max_durability*0.25"
					},
					{
						"items": [
							"knights:armet_helm_green"
						],
						"repair_amount": "context.other->query.remaining_durability+0.12*context.other->query.max_durability"
					}
				]
			}
		}
	}
}