{
 "format_version": "1.16.100",
 "minecraft:item": {
	"description": {
		"identifier": "pixel:pole_hammer",
        "category":"Equipment"
	},
	"components": {
      "minecraft:creative_category": {
        "parent": "itemGroup.name.sword"
      },
	  "minecraft:icon": {
		"texture": "pole_hammer"
	  },
	  "tag:damage:10":{},
      "tag:minecraft:is_dual_hand":{},
      "tag:minecraft:is_hammer":{},
      "minecraft:durability": {
        "max_durability": 1205,
        "damage_chance": {
          "min": 60,
          "max": 100
        }
      },
      "minecraft:on_use":{
        "on_use":{
          "event": "use"    
        }
      },
      "minecraft:food": {
        "can_always_eat": true
      },
      "minecraft:repairable": {
        "repair_items": [
          {
            "items": [ "minecraft:iron_ingot" ],
            "repair_amount": 280
          },
          {
            "items": [ "pixel:repair_item" ],
            "repair_amount": 250
          }
        ]
      },
      "minecraft:use_duration": 1000,
	  "minecraft:display_name": {
		"value": "item.pixel:pole_hammer.name"
	  },
	  "minecraft:max_stack_size": 1,
	  "minecraft:hand_equipped": true,
      "minecraft:mining_speed": 1.5,
      "minecraft:damage": 10,
      "minecraft:enchantable": {
        "value": 12,
        "slot": "sword"
      },
      "minecraft:can_destroy_in_creative": false,
      "minecraft:digger": {
        "use_efficiency": true,
        "destroy_speeds": [
          {
            "block": "minecraft:web",
            "speed": 15,
			"on_dig": {
			  "event": "minecraft:break"
			}
          },
          {
            "block": "minecraft:bamboo",
            "speed": 10,
			"on_dig": {
			  "event": "minecraft:break"
			}
          }
        ],
		"on_dig": {
		  "event": "minecraft:break",
		  "target": "self"
		}
      },
      "minecraft:chargeable": {
		"on_complete": {
		  "event": "filter_the_shoot",
		  "target": "self"
		}
	  },
	  "minecraft:weapon": {
		"on_hurt_entity": {
		  "event": "minecraft:break"
		}
	  }
    },
	"events": {
	  "minecraft:break": {
	    "sequence":[
	      {
		    "condition": "query.scoreboard('hvymstr') >= 0 && query.scoreboard('hvymstr') < 100",
		    "sequence": [
	          {
	            "run_command":{
	              "command":[
	                "scoreboard objectives add ph_cd dummy",
	                "scoreboard players set @s ph_cd 40"
	              ]
	            }
	          },
	          {
		        "condition": "query.is_sprinting && query.scoreboard('bdc_cd') < 2",
	            "sequence":[
	              {
		            "damage": {
		              "type": "entity_attack",
		              "amount": 5,
		              "target": "other"
		            }
	              }
	            ]
	          }
		    ]
	      },
	      {
		    "condition": "query.scoreboard('hvymstr') >= 100 && query.scoreboard('hvymstr') < 1000",
		    "sequence": [
	          {
	            "run_command":{
	              "command":[
	                "scoreboard objectives add ph_cd dummy",
	                "scoreboard players set @s ph_cd 20"
	              ]
	            }
	          },
	          {
		        "condition": "query.is_sprinting && query.scoreboard('bdc_cd') < 2",
	            "sequence":[
	              {
		            "damage": {
		              "type": "entity_attack",
		              "amount": 6,
		              "target": "other"
		            }
	              }
	            ]
	          }
		    ]
	      },
	      {
		    "condition": "query.scoreboard('hvymstr') >= 1000",
		    "sequence": [
	          {
	            "run_command":{
	              "command":[
	                "scoreboard objectives add ph_cd dummy",
	                "scoreboard players set @s ph_cd 0"
	              ]
	            }
	          },
	          {
		        "condition": "query.is_sprinting && query.scoreboard('bdc_cd') < 2",
	            "sequence":[
	              {
		            "damage": {
		              "type": "entity_attack",
		              "amount": 8,
		              "target": "other"
		            }
	              }
	            ]
	          }
		    ]
	      },
	      {
	        "randomize":[
	          {
	            "weight": 10,
		        "damage": {
		          "type": "durability",
		          "amount": 1
	            }
	          },
	          {
	            "weight": 20,
		        "damage": {
		          "type": "durability",
		          "amount": 0
	            }
	          },
	          {
	            "weight": 5,
		        "damage": {
		          "type": "durability",
		          "amount": 2
	            }
	          }
	        ]
	      },
	      {
	        "randomize":[
	          {
	            "weight": 15,
	            "run_command":{
	              "command":[
	                "scoreboard objectives add hvymstr dummy"
	              ]
	            }
	          },
	          {
	            "weight": 20,
	            "run_command":{
	              "command":[
	                "scoreboard objectives add hvymstr dummy",
	                "scoreboard players add @s hvymstr 1"
	              ]
	            }
	          },
	          {
	            "weight": 10,
	            "run_command":{
	              "command":[
	                "scoreboard objectives add hvymstr dummy",
	                "scoreboard players add @s hvymstr 2"
	              ]
	            }
	          },
	          {
	            "weight": 2,
	            "run_command":{
	              "command":[
	                "scoreboard objectives add hvymstr dummy",
	                "scoreboard players add @s hvymstr 5"
	              ]
	            }
	          }
	        ]
	      },
	      {
		    "condition": "query.scoreboard('irnlng') != 1 && query.scoreboard('dmndlng') != 1",
		    "run_command": {
		      "command":[
	            "scoreboard players set @s exhregen 100"
		      ]
		    }
	      },
	      {
		    "condition": "query.scoreboard('irnlng') == 1",
		    "run_command": {
		      "command":[
	            "scoreboard players set @s exhregen 100"
		      ]
		    }
	      },
	      {
		    "condition": "query.scoreboard('dmndlng') == 1",
		    "run_command": {
		      "command":[
	            "scoreboard players set @s exhregen 100"
		      ]
		    }
	      }
	    ]
	  }
	}
  }
}