{
	"format_version": "1.10.0",
	"animations": {
		"animation.attack.remover": {
			"timeline": {
			    "0.00":[
				    "/event entity @s remove_damage"
			    ],
			    "0.05":[
				    "/event entity @s remove_tag",
				    "/event entity @s remove_katana"
			    ]
			},
			"animation_length": 1.5
		},
		"animation.attack.remover_fastest": {
			"timeline": {
			    "0.01":[
				    "/event entity @s remove_damage",
				    "/event entity @s remove_tag",
				    "/event entity @s remove_katana"
			    ]
			},
			"animation_length": 0.5
		},
		"animation.attack.remover_1s": {
			"timeline": {
			    "1.05":[
				    "/event entity @s remove_damage"
			    ],
			    "1.10":[
				    "/event entity @s remove_tag"
			    ],
			    "1.15":[
				    "/event entity @s remove_katana"
			    ]
			},
			"animation_length": 1.5
		},
		"animation.attack.remover_2s": {
			"timeline": {
			    "2.05":[
				    "/event entity @s remove_damage"
			    ],
			    "2.10":[
				    "/event entity @s remove_tag"
			    ],
			    "2.15":[
				    "/event entity @s remove_katana"
			    ]
			},
			"animation_length": 2.5
		},
		"animation.attack.remover_3s": {
			"timeline": {
			    "3.05":[
				    "/event entity @s remove_damage"
			    ],
			    "3.10":[
				    "/event entity @s remove_tag"
			    ],
			    "3.15":[
				    "/event entity @s remove_katana"
			    ]
			},
			"animation_length": 3.5
		},
		"animation.attack.remover_5s": {
			"timeline": {
			    "5.05":[
				    "/event entity @s remove_damage"
			    ],
			    "5.10":[
				    "/event entity @s remove_tag"
			    ],
			    "5.15":[
				    "/event entity @s remove_katana"
			    ]
			},
			"animation_length": 5.5
		},
		"animation.attack.remover_lance": {
			"timeline": {
			    "10.05":[
				    "/event entity @s remove_damage"
			    ],
			    "10.10":[
				    "/event entity @s remove_tag"
			    ],
			    "10.15":[
				    "/event entity @s remove_katana"
			    ]
			},
			"animation_length": 10.25
		},
		"animation.attack.slower": {
			"timeline": {
			    "0.05":[
				    "/event entity @s remove_damage",
				    "/execute as @e[r=1.5,c=1,tag=!jidder] run effect @s slowness 5 20"
			    ],
			    "0.10":[
				    "/event entity @s remove_tag"
			    ],
			    "0.15":[
				    "/event entity @s remove_katana"
			    ]
			},
			"animation_length": 1.5
		},
		"animation.attack.bleeder": {
			"timeline": {
			    "0.05":[
				    "/event entity @s remove_damage",
				    "/execute as @e[r=1.5,c=1,tag=!jidder] run effect @s wither 5 1"
			    ],
			    "0.10":[
				    "/event entity @s remove_tag"
			    ],
			    "0.15":[
				    "/event entity @s remove_katana"
			    ]
			},
			"animation_length": 1.5
		},
		"animation.attack.ground": {
			"timeline": {
			    "0.1":[
				    "/event entity @s remove_damage"
			    ],
			    "0.25":[
				    "/event entity @s remove_tag"
			    ],
			    "0.5":[
				    "/event entity @s remove_katana"
			    ]
			},
			"animation_length": 1.5
		},
		"animation.attack.projectile": {
			"timeline": {
			    "1.0":[
				    "/event entity @s remove_tag"
			    ],
			    "1.25":[
				    "/event entity @s remove_katana"
			    ]
			},
			"animation_length": 1.5
		},
		"animation.attack.gungnir": {
			"timeline": {
			    "0.01":[
				    "/execute as @s run tp @s ^^^0.5 facing @e[type=!pixel:gungnir_spear_throw,c=1]",
				    "/execute as @s run tp @s ^0.25^^ facing @e[type=!pixel:gungnir_spear_throw,c=1]"
			    ]
			},
			"animation_length": 0.01,
			"loop" : true
		},
		"animation.teleport.lance": {
			"timeline": {
			    "0.01":[
				    "/execute as @s run tp @s @p[c=1,tag=pcharge]"
			    ]
			},
			"animation_length": 0.5,
			"loop" : true
		}
	}
}