{
  "format_version": "1.12.0",
  "minecraft:geometry": [
    {
      "description": {
        "identifier": "geometry.fc_death_worm",
        "texture_width": 128,
        "texture_height": 128,
        "visible_bounds_width": 9,
        "visible_bounds_height": 2,
        "visible_bounds_offset": [
          0,
          0,
          0
        ]
      },
      "bones": [
        {
          "name": "body1",
          "pivot": [
            0,
            5,
            0
          ],
          "cubes": [
            {
              "origin": [
                -6.0,
                0.0,
                -13.0
              ],
              "size": [
                12.0,
                12.0,
                24.0
              ],
              "uv": [
                0,
                0
              ],
              "inflate": 0
            },
            {
              "origin": [
                4.0,
                2.0,
                -14.0
              ],
              "size": [
                2.0,
                8.0,
                1.0
              ],
              "uv": [
                6,
                6
              ],
              "inflate": 0
            },
            {
              "origin": [
                -4.0,
                1.0,
                -14.0
              ],
              "size": [
                8.0,
                2.0,
                1.0
              ],
              "uv": [
                0,
                0
              ],
              "inflate": 0
            },
            {
              "origin": [
                -6.0,
                2.0,
                -14.0
              ],
              "size": [
                2.0,
                8.0,
                1.0
              ],
              "uv": [
                0,
                6
              ],
              "inflate": 0
            },
            {
              "origin": [
                -4.0,
                9.0,
                -14.0
              ],
              "size": [
                8.0,
                2.0,
                1.0
              ],
              "uv": [
                0,
                3
              ],
              "inflate": 0
            },
            {
              "origin": [
                3.0,
                8.0,
                -15.0
              ],
              "size": [
                1.0,
                1.0,
                2.0
              ],
              "uv": [
                12,
                6
              ],
              "inflate": 0
            },
            {
              "origin": [
                0.0,
                8.0,
                -15.0
              ],
              "size": [
                1.0,
                1.0,
                2.0
              ],
              "uv": [
                12,
                6
              ],
              "inflate": 0
            },
            {
              "origin": [
                -3.0,
                8.0,
                -15.0
              ],
              "size": [
                1.0,
                1.0,
                2.0
              ],
              "uv": [
                12,
                6
              ],
              "inflate": 0
            },
            {
              "origin": [
                -4.0,
                6.0,
                -15.0
              ],
              "size": [
                1.0,
                1.0,
                2.0
              ],
              "uv": [
                12,
                6
              ],
              "inflate": 0
            },
            {
              "origin": [
                -4.0,
                3.0,
                -15.0
              ],
              "size": [
                1.0,
                1.0,
                2.0
              ],
              "uv": [
                12,
                6
              ],
              "inflate": 0
            },
            {
              "origin": [
                -1.0,
                3.0,
                -15.0
              ],
              "size": [
                1.0,
                1.0,
                2.0
              ],
              "uv": [
                12,
                6
              ],
              "inflate": 0
            },
            {
              "origin": [
                2.0,
                3.0,
                -15.0
              ],
              "size": [
                1.0,
                1.0,
                2.0
              ],
              "uv": [
                12,
                6
              ],
              "inflate": 0
            },
            {
              "origin": [
                3.0,
                5.0,
                -15.0
              ],
              "size": [
                1.0,
                1.0,
                2.0
              ],
              "uv": [
                12,
                6
              ],
              "inflate": 0
            }
          ]
        },
        {
          "name": "body2",
          "pivot": [
            0,
            6,
            11
          ],
          "cubes": [
            {
              "origin": [
                -5.0,
                1.0,
                11.0
              ],
              "size": [
                10.0,
                10.0,
                14.0
              ],
              "uv": [
                0,
                36
              ],
              "inflate": 0
            }
          ],
          "parent": "body1"
        },
        {
          "name": "body3",
          "pivot": [
            0,
            6,
            25
          ],
          "cubes": [
            {
              "origin": [
                -4.0,
                2.0,
                25.0
              ],
              "size": [
                8.0,
                8.0,
                11.0
              ],
              "uv": [
                48,
                0
              ],
              "inflate": 0
            }
          ],
          "parent": "body2"
        },
        {
          "name": "body4",
          "pivot": [
            0,
            6,
            36
          ],
          "cubes": [
            {
              "origin": [
                -3.0,
                3.0,
                36.0
              ],
              "size": [
                6.0,
                6.0,
                11.0
              ],
              "uv": [
                48,
                36
              ],
              "inflate": 0
            }
          ],
          "parent": "body3"
        },
        {
          "name": "body5",
          "pivot": [
            0,
            6,
            46
          ],
          "cubes": [
            {
              "origin": [
                -2.0,
                4.0,
                46.0
              ],
              "size": [
                4.0,
                4.0,
                11.0
              ],
              "uv": [
                37,
                53
              ],
              "inflate": 0
            }
          ],
          "parent": "body4"
        }
      ]
    }
  ]
}