{
  "format_version": "1.12.0",
  "minecraft:geometry": [
    {
      "description": {
        "identifier": "geometry.fc_dirt_golem",
        "texture_width": 128,
        "texture_height": 128,
        "visible_bounds_width": 6,
        "visible_bounds_height": 13.5,
        "visible_bounds_offset": [
          0,
          6.25,
          0
        ]
      },
      "bones": [
        {
          "name": "body",
          "pivot": [
            0,
            28,
            0
          ],
          "cubes": [
            {
              "origin": [
                -8.0,
                34.0,
                1.0
              ],
              "size": [
                16.0,
                12.0,
                16.0
              ],
              "pivot": [
                0.0,
                15.0,
                0.0
              ],
              "rotation": [
                37.5,
                0.0,
                0.0
              ],
              "uv": [
                64,
                0
              ],
              "inflate": 0
            },
            {
              "origin": [
                -8.0,
                19.0,
                2.0
              ],
              "size": [
                16.0,
                16.0,
                14.0
              ],
              "pivot": [
                0.0,
                15.0,
                0.0
              ],
              "rotation": [
                37.5,
                0.0,
                0.0
              ],
              "uv": [
                2,
                2
              ],
              "inflate": 0
            },
            {
              "origin": [
                -7.5,
                17.0,
                3.0
              ],
              "size": [
                15.0,
                2.0,
                12.0
              ],
              "pivot": [
                0.0,
                15.0,
                0.0
              ],
              "rotation": [
                37.5,
                0.0,
                0.0
              ],
              "uv": [
                5,
                15
              ],
              "inflate": 0
            },
            {
              "origin": [
                -7.0,
                36.0,
                -4.0
              ],
              "size": [
                14.0,
                13.0,
                9.0
              ],
              "pivot": [
                0.0,
                15.0,
                0.0
              ],
              "rotation": [
                5.0,
                0.0,
                0.0
              ],
              "uv": [
                73,
                7
              ],
              "inflate": 0
            },
            {
              "origin": [
                -1.0,
                49.0,
                1.0
              ],
              "size": [
                7.0,
                13.0,
                0.0
              ],
              "pivot": [
                0.0,
                15.0,
                0.0
              ],
              "rotation": [
                5.0,
                0.0,
                0.0
              ],
              "uv": [
                69,
                51
              ],
              "inflate": 0
            },
            {
              "origin": [
                -7.0,
                49.0,
                -1.0
              ],
              "size": [
                7.0,
                13.0,
                0.0
              ],
              "pivot": [
                0.0,
                15.0,
                0.0
              ],
              "rotation": [
                5.0,
                0.0,
                0.0
              ],
              "uv": [
                69,
                51
              ],
              "inflate": 0
            },
            {
              "origin": [
                -6.0,
                46.0,
                7.0
              ],
              "size": [
                7.0,
                13.0,
                0.0
              ],
              "pivot": [
                0.0,
                15.0,
                0.0
              ],
              "rotation": [
                5.0,
                0.0,
                0.0
              ],
              "uv": [
                69,
                51
              ],
              "inflate": 0
            },
            {
              "origin": [
                3.0,
                49.0,
                -2.0
              ],
              "size": [
                0.0,
                11.0,
                7.0
              ],
              "pivot": [
                0.0,
                15.0,
                0.0
              ],
              "rotation": [
                5.0,
                0.0,
                0.0
              ],
              "uv": [
                69,
                46
              ],
              "inflate": 0
            },
            {
              "origin": [
                -4.0,
                49.0,
                -5.0
              ],
              "size": [
                0.0,
                11.0,
                7.0
              ],
              "pivot": [
                0.0,
                15.0,
                0.0
              ],
              "rotation": [
                5.0,
                0.0,
                0.0
              ],
              "uv": [
                69,
                46
              ],
              "inflate": 0
            },
            {
              "origin": [
                -3.0,
                46.0,
                4.0
              ],
              "size": [
                0.0,
                11.0,
                7.0
              ],
              "pivot": [
                0.0,
                15.0,
                0.0
              ],
              "rotation": [
                5.0,
                0.0,
                0.0
              ],
              "uv": [
                69,
                46
              ],
              "inflate": 0
            },
            {
              "origin": [
                -5.0,
                31.0,
                0.0
              ],
              "size": [
                10.0,
                15.0,
                9.0
              ],
              "pivot": [
                0.0,
                15.0,
                0.0
              ],
              "rotation": [
                5.0,
                0.0,
                0.0
              ],
              "uv": [
                73,
                7
              ],
              "inflate": 0
            }
          ]
        },
        {
          "name": "head",
          "pivot": [
            0,
            44,
            -13
          ],
          "cubes": [
            {
              "origin": [
                -6.5,
                39.0,
                -20.0
              ],
              "size": [
                13.0,
                14.0,
                12.0
              ],
              "uv": [
                6,
                69
              ],
              "inflate": 0
            }
          ],
          "parent": "body"
        },
        {
          "name": "arm1",
          "pivot": [
            -8,
            40,
            -7
          ],
          "cubes": [
            {
              "origin": [
                -16.0,
                20.0,
                -11.0
              ],
              "size": [
                8.0,
                24.0,
                8.0
              ],
              "uv": [
                16,
                0
              ],
              "inflate": 0
            },
            {
              "origin": [
                -17.0,
                38.0,
                -13.0
              ],
              "size": [
                9.0,
                8.0,
                12.0
              ],
              "uv": [
                75,
                4
              ],
              "inflate": 0
            },
            {
              "origin": [
                -16.5,
                9.0,
                -12.5
              ],
              "size": [
                9.0,
                15.0,
                11.0
              ],
              "uv": [
                12,
                5
              ],
              "inflate": 0
            }
          ],
          "parent": "body"
        },
        {
          "name": "arm0",
          "pivot": [
            8,
            40,
            -7
          ],
          "cubes": [
            {
              "origin": [
                8.0,
                20.0,
                -11.0
              ],
              "size": [
                8.0,
                24.0,
                8.0
              ],
              "uv": [
                16,
                0
              ],
              "inflate": 0
            },
            {
              "origin": [
                8.0,
                38.0,
                -13.0
              ],
              "size": [
                9.0,
                8.0,
                12.0
              ],
              "uv": [
                75,
                4
              ],
              "inflate": 0
            },
            {
              "origin": [
                7.5,
                9.0,
                -12.5
              ],
              "size": [
                9.0,
                15.0,
                11.0
              ],
              "uv": [
                12,
                5
              ],
              "inflate": 0
            }
          ],
          "parent": "body"
        },
        {
          "name": "leg1",
          "pivot": [
            4,
            28,
            5
          ],
          "cubes": [
            {
              "origin": [
                1.0,
                10.0,
                -1.0
              ],
              "size": [
                6.0,
                24.0,
                6.0
              ],
              "uv": [
                19,
                1
              ],
              "inflate": 0
            },
            {
              "origin": [
                0.5,
                0.0,
                -1.5
              ],
              "size": [
                7.0,
                14.0,
                7.0
              ],
              "uv": [
                19,
                1
              ],
              "inflate": 0
            }
          ],
          "parent": "body"
        },
        {
          "name": "leg0",
          "pivot": [
            -5,
            28,
            2
          ],
          "cubes": [
            {
              "origin": [
                -7.0,
                10.0,
                -1.0
              ],
              "size": [
                6.0,
                24.0,
                6.0
              ],
              "uv": [
                19,
                1
              ],
              "inflate": 0
            },
            {
              "origin": [
                -7.5,
                0.0,
                -1.5
              ],
              "size": [
                7.0,
                14.0,
                7.0
              ],
              "uv": [
                19,
                1
              ],
              "inflate": 0
            }
          ],
          "parent": "body"
        }
      ]
    }
  ]
}