{
  "format_version": "1.12.0",
  "minecraft:geometry": [
    {
      "description": {
        "identifier": "geometry.fc_deer",
        "texture_width": 128,
        "texture_height": 128,
        "visible_bounds_width": 3,
        "visible_bounds_height": 3.5,
        "visible_bounds_offset": [
          0,
          1.25,
          0
        ]
      },
      "bones": [
        {
          "name": "bone2",
          "cubes": [
            {
              "origin": [
                -5.0,
                12.0,
                -9.0
              ],
              "size": [
                10.0,
                9.0,
                18.0
              ],
              "uv": [
                0,
                0
              ],
              "inflate": 0
            },
            {
              "origin": [
                -2.0,
                16.0,
                5.0
              ],
              "size": [
                4.0,
                4.0,
                7.0
              ],
              "uv": [
                28,
                27
              ],
              "inflate": 0
            }
          ]
        },
        {
          "name": "head",
          "pivot": [
            0,
            16,
            -6
          ],
          "cubes": [
            {
              "origin": [
                -4.0,
                14.0,
                -11.0
              ],
              "size": [
                8.0,
                17.0,
                6.0
              ],
              "uv": [
                0,
                27
              ],
              "inflate": 0
            },
            {
              "origin": [
                -4.0,
                31.0,
                -8.0
              ],
              "size": [
                1.0,
                5.0,
                0.0
              ],
              "uv": [
                7,
                63
              ],
              "inflate": 0
            },
            {
              "origin": [
                3.0,
                31.0,
                -8.0
              ],
              "size": [
                1.0,
                5.0,
                0.0
              ],
              "uv": [
                7,
                63
              ],
              "inflate": 0
            },
            {
              "origin": [
                -7.0,
                32.0,
                -8.0
              ],
              "size": [
                1.0,
                5.0,
                0.0
              ],
              "uv": [
                4,
                62
              ],
              "inflate": 0
            },
            {
              "origin": [
                -3.0,
                35.0,
                -8.0
              ],
              "size": [
                1.0,
                1.0,
                0.0
              ],
              "uv": [
                8,
                63
              ],
              "inflate": 0
            },
            {
              "origin": [
                2.0,
                35.0,
                -8.0
              ],
              "size": [
                1.0,
                1.0,
                0.0
              ],
              "uv": [
                8,
                63
              ],
              "inflate": 0
            },
            {
              "origin": [
                -10.0,
                39.0,
                -8.0
              ],
              "size": [
                1.0,
                1.0,
                0.0
              ],
              "uv": [
                9,
                62
              ],
              "inflate": 0
            },
            {
              "origin": [
                9.0,
                39.0,
                -8.0
              ],
              "size": [
                1.0,
                1.0,
                0.0
              ],
              "uv": [
                9,
                62
              ],
              "inflate": 0
            },
            {
              "origin": [
                -2.0,
                36.0,
                -8.0
              ],
              "size": [
                1.0,
                1.0,
                0.0
              ],
              "uv": [
                9,
                62
              ],
              "inflate": 0
            },
            {
              "origin": [
                1.0,
                36.0,
                -8.0
              ],
              "size": [
                1.0,
                1.0,
                0.0
              ],
              "uv": [
                9,
                62
              ],
              "inflate": 0
            },
            {
              "origin": [
                -6.0,
                33.0,
                -8.0
              ],
              "size": [
                2.0,
                1.0,
                0.0
              ],
              "uv": [
                5,
                65
              ],
              "inflate": 0
            },
            {
              "origin": [
                -9.0,
                36.0,
                -8.0
              ],
              "size": [
                2.0,
                1.0,
                0.0
              ],
              "uv": [
                2,
                62
              ],
              "inflate": 0
            },
            {
              "origin": [
                7.0,
                36.0,
                -8.0
              ],
              "size": [
                2.0,
                1.0,
                0.0
              ],
              "uv": [
                2,
                62
              ],
              "inflate": 0
            },
            {
              "origin": [
                -9.0,
                37.0,
                -8.0
              ],
              "size": [
                1.0,
                2.0,
                0.0
              ],
              "uv": [
                2,
                60
              ],
              "inflate": 0
            },
            {
              "origin": [
                8.0,
                37.0,
                -8.0
              ],
              "size": [
                1.0,
                2.0,
                0.0
              ],
              "uv": [
                2,
                60
              ],
              "inflate": 0
            },
            {
              "origin": [
                4.0,
                33.0,
                -8.0
              ],
              "size": [
                2.0,
                1.0,
                0.0
              ],
              "uv": [
                5,
                65
              ],
              "inflate": 0
            },
            {
              "origin": [
                6.0,
                32.0,
                -8.0
              ],
              "size": [
                1.0,
                5.0,
                0.0
              ],
              "uv": [
                4,
                62
              ],
              "inflate": 0
            },
            {
              "origin": [
                -6.0,
                37.0,
                -8.0
              ],
              "size": [
                1.0,
                2.0,
                0.0
              ],
              "uv": [
                5,
                60
              ],
              "inflate": 0
            },
            {
              "origin": [
                5.0,
                37.0,
                -8.0
              ],
              "size": [
                1.0,
                2.0,
                0.0
              ],
              "uv": [
                5,
                60
              ],
              "inflate": 0
            },
            {
              "origin": [
                -2.0,
                25.0,
                -14.0
              ],
              "size": [
                4.0,
                3.0,
                3.0
              ],
              "uv": [
                16,
                51
              ],
              "inflate": 0
            },
            {
              "origin": [
                2.0,
                30.0,
                -7.0
              ],
              "size": [
                3.0,
                3.0,
                1.0
              ],
              "uv": [
                40,
                38
              ],
              "inflate": 0
            },
            {
              "origin": [
                -5.0,
                30.0,
                -7.0
              ],
              "size": [
                3.0,
                3.0,
                1.0
              ],
              "uv": [
                22,
                27
              ],
              "inflate": 0
            }
          ],
          "parent": "bone2"
        },
        {
          "name": "leg0",
          "pivot": [
            -3,
            12,
            -7
          ],
          "cubes": [
            {
              "origin": [
                -5.0,
                0.0,
                -9.0
              ],
              "size": [
                4.0,
                12.0,
                4.0
              ],
              "uv": [
                44,
                38
              ],
              "inflate": 0
            }
          ],
          "parent": "bone2"
        },
        {
          "name": "leg1",
          "pivot": [
            3,
            12,
            -7
          ],
          "cubes": [
            {
              "origin": [
                1.0,
                0.0,
                -9.0
              ],
              "size": [
                4.0,
                12.0,
                4.0
              ],
              "uv": [
                28,
                38
              ],
              "inflate": 0
            }
          ],
          "parent": "bone2"
        },
        {
          "name": "leg2",
          "pivot": [
            -3,
            12,
            7
          ],
          "cubes": [
            {
              "origin": [
                -5.0,
                0.0,
                5.0
              ],
              "size": [
                4.0,
                12.0,
                4.0
              ],
              "uv": [
                38,
                0
              ],
              "inflate": 0
            }
          ],
          "parent": "bone2"
        },
        {
          "name": "leg3",
          "pivot": [
            3,
            12,
            7
          ],
          "cubes": [
            {
              "origin": [
                1.0,
                0.0,
                5.0
              ],
              "size": [
                4.0,
                12.0,
                4.0
              ],
              "uv": [
                0,
                0
              ],
              "inflate": 0
            }
          ],
          "parent": "bone2"
        }
      ]
    }
  ]
}