{
  "format_version": "1.12.0",
  "minecraft:geometry": [
    {
      "description": {
        "identifier": "geometry.fc_ent",
        "texture_width": 128,
        "texture_height": 128,
        "visible_bounds_width": 6,
        "visible_bounds_height": 13.5,
        "visible_bounds_offset": [
          0,
          6.25,
          0
        ]
      },
      "bones": [
        {
          "name": "body",
          "pivot": [
            0,
            37,
            0
          ],
          "cubes": [
            {
              "origin": [
                -7.5,
                24.0,
                -3.5
              ],
              "size": [
                15.0,
                25.0,
                7.0
              ],
              "uv": [
                65,
                0
              ],
              "inflate": 0
            },
            {
              "origin": [
                -8.5,
                39.0,
                -4.5
              ],
              "size": [
                17.0,
                11.0,
                9.0
              ],
              "uv": [
                9,
                0
              ],
              "inflate": 0
            },
            {
              "origin": [
                -7.5,
                23.0,
                4.5
              ],
              "size": [
                14.0,
                16.0,
                0.0
              ],
              "uv": [
                51,
                64
              ],
              "inflate": 0
            },
            {
              "origin": [
                -15.5,
                37.0,
                -5.5
              ],
              "size": [
                11.0,
                11.0,
                11.0
              ],
              "uv": [
                9,
                0
              ],
              "inflate": 0
            },
            {
              "origin": [
                -14.5,
                48.0,
                -4.5
              ],
              "size": [
                8.0,
                3.0,
                9.0
              ],
              "uv": [
                9,
                0
              ],
              "inflate": 0
            },
            {
              "origin": [
                6.5,
                48.0,
                -4.5
              ],
              "size": [
                8.0,
                3.0,
                9.0
              ],
              "uv": [
                9,
                0
              ],
              "inflate": 0
            },
            {
              "origin": [
                4.5,
                37.0,
                -5.5
              ],
              "size": [
                11.0,
                11.0,
                11.0
              ],
              "uv": [
                9,
                0
              ],
              "inflate": 0
            },
            {
              "origin": [
                -3.5,
                48.0,
                -2.5
              ],
              "size": [
                7.0,
                6.0,
                5.0
              ],
              "uv": [
                78,
                16
              ],
              "inflate": 0
            }
          ]
        },
        {
          "name": "head",
          "pivot": [
            0,
            51,
            0
          ],
          "cubes": [
            {
              "origin": [
                -6.0,
                51.0,
                -5.0
              ],
              "size": [
                12.0,
                12.0,
                10.0
              ],
              "uv": [
                8,
                40
              ],
              "inflate": 0
            },
            {
              "origin": [
                -5.0,
                63.0,
                -4.0
              ],
              "size": [
                3.0,
                12.0,
                3.0
              ],
              "uv": [
                66,
                43
              ],
              "inflate": 0
            },
            {
              "origin": [
                -3.0,
                77.0,
                -2.0
              ],
              "size": [
                8.0,
                6.0,
                7.0
              ],
              "uv": [
                23,
                9
              ],
              "inflate": 0
            },
            {
              "origin": [
                0.0,
                63.0,
                0.0
              ],
              "size": [
                3.0,
                19.0,
                3.0
              ],
              "uv": [
                66,
                42
              ],
              "inflate": 0
            },
            {
              "origin": [
                2.0,
                63.0,
                -3.0
              ],
              "size": [
                3.0,
                6.0,
                3.0
              ],
              "uv": [
                66,
                42
              ],
              "inflate": 0
            },
            {
              "origin": [
                -7.0,
                71.0,
                -6.0
              ],
              "size": [
                8.0,
                6.0,
                7.0
              ],
              "uv": [
                23,
                9
              ],
              "inflate": 0
            },
            {
              "origin": [
                -1.0,
                67.0,
                -5.0
              ],
              "size": [
                8.0,
                6.0,
                7.0
              ],
              "uv": [
                23,
                9
              ],
              "inflate": 0
            },
            {
              "origin": [
                -7.0,
                62.0,
                -1.0
              ],
              "size": [
                8.0,
                6.0,
                7.0
              ],
              "uv": [
                23,
                9
              ],
              "inflate": 0
            }
          ],
          "parent": "body"
        },
        {
          "name": "arm1",
          "pivot": [
            -7,
            47,
            0
          ],
          "cubes": [
            {
              "origin": [
                -15.0,
                25.0,
                -4.0
              ],
              "size": [
                8.0,
                8.0,
                8.0
              ],
              "uv": [
                82,
                16
              ],
              "inflate": 0
            },
            {
              "origin": [
                -14.5,
                33.0,
                -3.5
              ],
              "size": [
                7.0,
                8.0,
                7.0
              ],
              "uv": [
                82,
                16
              ],
              "inflate": 0
            },
            {
              "origin": [
                -14.5,
                21.0,
                -3.5
              ],
              "size": [
                7.0,
                4.0,
                7.0
              ],
              "uv": [
                82,
                16
              ],
              "inflate": 0
            },
            {
              "origin": [
                -14.5,
                41.0,
                -3.5
              ],
              "size": [
                7.0,
                8.0,
                7.0
              ],
              "uv": [
                82,
                16
              ],
              "inflate": 0
            }
          ],
          "parent": "body"
        },
        {
          "name": "arm0",
          "pivot": [
            7,
            46,
            0
          ],
          "cubes": [
            {
              "origin": [
                7.0,
                25.0,
                -4.0
              ],
              "size": [
                8.0,
                8.0,
                8.0
              ],
              "uv": [
                82,
                16
              ],
              "inflate": 0
            },
            {
              "origin": [
                8.0,
                20.0,
                -3.0
              ],
              "size": [
                6.0,
                5.0,
                6.0
              ],
              "uv": [
                82,
                16
              ],
              "inflate": 0
            },
            {
              "origin": [
                7.5,
                33.0,
                -3.5
              ],
              "size": [
                7.0,
                8.0,
                7.0
              ],
              "uv": [
                82,
                16
              ],
              "inflate": 0
            },
            {
              "origin": [
                7.5,
                41.0,
                -3.5
              ],
              "size": [
                7.0,
                8.0,
                7.0
              ],
              "uv": [
                82,
                16
              ],
              "inflate": 0
            }
          ],
          "parent": "body"
        },
        {
          "name": "leg1",
          "pivot": [
            4,
            24,
            0
          ],
          "cubes": [
            {
              "origin": [
                0.0,
                0.0,
                -4.0
              ],
              "size": [
                8.0,
                8.0,
                8.0
              ],
              "uv": [
                82,
                16
              ],
              "inflate": 0
            },
            {
              "origin": [
                0.5,
                8.0,
                -3.5
              ],
              "size": [
                7.0,
                8.0,
                7.0
              ],
              "uv": [
                82,
                16
              ],
              "inflate": 0
            },
            {
              "origin": [
                0.5,
                16.0,
                -3.5
              ],
              "size": [
                7.0,
                8.0,
                7.0
              ],
              "uv": [
                82,
                16
              ],
              "inflate": 0
            }
          ],
          "parent": "body"
        },
        {
          "name": "leg0",
          "pivot": [
            -4,
            24,
            0
          ],
          "cubes": [
            {
              "origin": [
                -8.0,
                0.0,
                -4.0
              ],
              "size": [
                8.0,
                8.0,
                8.0
              ],
              "uv": [
                82,
                16
              ],
              "inflate": 0
            },
            {
              "origin": [
                -7.5,
                8.0,
                -3.5
              ],
              "size": [
                7.0,
                8.0,
                7.0
              ],
              "uv": [
                82,
                16
              ],
              "inflate": 0
            },
            {
              "origin": [
                -7.5,
                16.0,
                -3.5
              ],
              "size": [
                7.0,
                8.0,
                7.0
              ],
              "uv": [
                82,
                16
              ],
              "inflate": 0
            }
          ],
          "parent": "body"
        }
      ]
    }
  ]
}