{
  "format_version": "1.12.0",
  "minecraft:geometry": [
    {
      "description": {
        "identifier": "geometry.fc_fairy",
        "texture_width": 32,
        "texture_height": 32,
        "visible_bounds_width": 2,
        "visible_bounds_height": 3.5,
        "visible_bounds_offset": [
          0,
          1.25,
          0
        ]
      },
      "bones": [
        {
          "name": "bone",
          "pivot": [
            0,
            10,
            0
          ],
          "cubes": [
            {
              "origin": [
                -1.0,
                20.0,
                -2.0
              ],
              "size": [
                3.0,
                3.0,
                3.0
              ],
              "uv": [
                0,
                0
              ],
              "inflate": 0
            },
            {
              "origin": [
                -1.0,
                15.0,
                -1.5
              ],
              "size": [
                3.0,
                5.0,
                2.0
              ],
              "uv": [
                8,
                8
              ],
              "inflate": 0
            }
          ]
        },
        {
          "name": "rightArm",
          "pivot": [
            -1,
            19.5,
            -0.5
          ],
          "cubes": [
            {
              "origin": [
                -2.0,
                15.0,
                -1.5
              ],
              "size": [
                1.0,
                5.0,
                2.0
              ],
              "uv": [
                12,
                15
              ],
              "inflate": 0
            }
          ],
          "parent": "bone"
        },
        {
          "name": "leftArm",
          "pivot": [
            2,
            19.5,
            -0.5
          ],
          "cubes": [
            {
              "origin": [
                2.0,
                15.0,
                -1.5
              ],
              "size": [
                1.0,
                5.0,
                2.0
              ],
              "uv": [
                6,
                15
              ],
              "inflate": 0
            }
          ],
          "parent": "bone"
        },
        {
          "name": "rightLeg",
          "pivot": [
            1,
            15,
            -0.5
          ],
          "cubes": [
            {
              "origin": [
                0.5,
                10.0,
                -1.5
              ],
              "size": [
                1.0,
                5.0,
                2.0
              ],
              "uv": [
                12,
                0
              ],
              "inflate": 0
            }
          ],
          "parent": "bone",
          "rotation": [
            20,
            0,
            0
          ]
        },
        {
          "name": "leftLeg",
          "pivot": [
            0,
            15,
            -0.5
          ],
          "cubes": [
            {
              "origin": [
                -0.5,
                10.0,
                -1.5
              ],
              "size": [
                1.0,
                5.0,
                2.0
              ],
              "uv": [
                0,
                12
              ],
              "inflate": 0
            }
          ],
          "parent": "bone",
          "rotation": [
            -2.5,
            0,
            0
          ]
        },
        {
          "name": "bone2",
          "pivot": [
            2,
            18,
            0.5
          ],
          "cubes": [
            {
              "origin": [
                2.0,
                19.0,
                0.5
              ],
              "size": [
                0.0,
                1.0,
                3.0
              ],
              "uv": [
                16,
                5
              ],
              "inflate": 0
            },
            {
              "origin": [
                2.0,
                18.0,
                0.5
              ],
              "size": [
                0.0,
                1.0,
                2.0
              ],
              "uv": [
                4,
                10
              ],
              "inflate": 0
            },
            {
              "origin": [
                2.0,
                17.0,
                0.5
              ],
              "size": [
                0.0,
                1.0,
                3.0
              ],
              "uv": [
                16,
                4
              ],
              "inflate": 0
            },
            {
              "origin": [
                2.0,
                16.0,
                1.5
              ],
              "size": [
                0.0,
                1.0,
                3.0
              ],
              "uv": [
                0,
                16
              ],
              "inflate": 0
            },
            {
              "origin": [
                2.0,
                15.0,
                3.5
              ],
              "size": [
                0.0,
                1.0,
                1.0
              ],
              "uv": [
                0,
                0
              ],
              "inflate": 0
            },
            {
              "origin": [
                2.0,
                20.0,
                1.5
              ],
              "size": [
                0.0,
                1.0,
                4.0
              ],
              "uv": [
                0,
                6
              ],
              "inflate": 0
            },
            {
              "origin": [
                2.0,
                21.0,
                1.5
              ],
              "size": [
                0.0,
                2.0,
                5.0
              ],
              "uv": [
                0,
                1
              ],
              "inflate": 0
            },
            {
              "origin": [
                2.0,
                23.0,
                2.5
              ],
              "size": [
                0.0,
                1.0,
                3.0
              ],
              "uv": [
                10,
                4
              ],
              "inflate": 0
            }
          ],
          "parent": "bone"
        },
        {
          "name": "bone3",
          "pivot": [
            -1,
            18,
            0.5
          ],
          "cubes": [
            {
              "origin": [
                -1.0,
                19.0,
                0.5
              ],
              "size": [
                0.0,
                1.0,
                3.0
              ],
              "uv": [
                16,
                5
              ],
              "inflate": 0
            },
            {
              "origin": [
                -1.0,
                18.0,
                0.5
              ],
              "size": [
                0.0,
                1.0,
                2.0
              ],
              "uv": [
                4,
                10
              ],
              "inflate": 0
            },
            {
              "origin": [
                -1.0,
                17.0,
                0.5
              ],
              "size": [
                0.0,
                1.0,
                3.0
              ],
              "uv": [
                16,
                4
              ],
              "inflate": 0
            },
            {
              "origin": [
                -1.0,
                16.0,
                1.5
              ],
              "size": [
                0.0,
                1.0,
                3.0
              ],
              "uv": [
                0,
                16
              ],
              "inflate": 0
            },
            {
              "origin": [
                -1.0,
                15.0,
                3.5
              ],
              "size": [
                0.0,
                1.0,
                1.0
              ],
              "uv": [
                0,
                0
              ],
              "inflate": 0
            },
            {
              "origin": [
                -1.0,
                20.0,
                1.5
              ],
              "size": [
                0.0,
                1.0,
                4.0
              ],
              "uv": [
                0,
                6
              ],
              "inflate": 0
            },
            {
              "origin": [
                -1.0,
                21.0,
                1.5
              ],
              "size": [
                0.0,
                2.0,
                5.0
              ],
              "uv": [
                0,
                1
              ],
              "inflate": 0
            },
            {
              "origin": [
                -1.0,
                23.0,
                2.5
              ],
              "size": [
                0.0,
                1.0,
                3.0
              ],
              "uv": [
                10,
                4
              ],
              "inflate": 0
            }
          ],
          "parent": "bone"
        }
      ]
    }
  ]
}