{
  "format_version": "1.12.0",
  "minecraft:geometry": [
    {
      "description": {
        "identifier": "geometry.fc_fairy_house",
        "texture_width": 128,
        "texture_height": 64,
        "visible_bounds_width": 6,
        "visible_bounds_height": 3.5,
        "visible_bounds_offset": [
          0,
          0.25,
          0
        ]
      },
      "bones": [
        {
          "name": "bb_main",
          "cubes": [
            {
              "origin": [
                -5.0,
                0.0,
                -5.0
              ],
              "size": [
                9.0,
                10.0,
                9.0
              ],
              "uv": [
                0,
                0
              ],
              "inflate": 0
            },
            {
              "origin": [
                -1.0,
                10.0,
                -5.0
              ],
              "size": [
                0.0,
                8.0,
                5.0
              ],
              "uv": [
                72,
                47
              ],
              "inflate": 0
            },
            {
              "origin": [
                -2.0,
                10.0,
                -1.0
              ],
              "size": [
                5.0,
                8.0,
                0.0
              ],
              "uv": [
                72,
                52
              ],
              "inflate": 0
            }
          ]
        }
      ]
    }
  ]
}