{
  "format_version": "1.12.0",
  "minecraft:geometry": [
    {
      "description": {
        "identifier": "geometry.fc_goblin",
        "texture_width": 64,
        "texture_height": 64,
        "visible_bounds_width": 3,
        "visible_bounds_height": 3.5,
        "visible_bounds_offset": [
          0,
          1.25,
          0
        ]
      },
      "bones": [
        {
          "name": "bone2"
        },
        {
          "name": "rightLeg",
          "pivot": [
            1,
            7,
            0
          ],
          "cubes": [
            {
              "origin": [
                0.0,
                0.0,
                -1.0
              ],
              "size": [
                3.0,
                8.0,
                3.0
              ],
              "uv": [
                12,
                26
              ],
              "inflate": 0
            }
          ],
          "parent": "bone2"
        },
        {
          "name": "leftLeg",
          "pivot": [
            -1,
            7,
            1
          ],
          "cubes": [
            {
              "origin": [
                -3.0,
                0.0,
                -1.0
              ],
              "size": [
                3.0,
                8.0,
                3.0
              ],
              "uv": [
                24,
                26
              ],
              "inflate": 0
            }
          ],
          "parent": "bone2"
        },
        {
          "name": "body",
          "pivot": [
            0,
            10,
            0
          ],
          "cubes": [
            {
              "origin": [
                -3.0,
                8.0,
                -1.0
              ],
              "size": [
                6.0,
                8.0,
                3.0
              ],
              "uv": [
                0,
                15
              ],
              "inflate": 0
            }
          ],
          "parent": "bone2"
        },
        {
          "name": "head",
          "pivot": [
            0,
            16,
            0
          ],
          "cubes": [
            {
              "origin": [
                -4.0,
                16.0,
                -3.0
              ],
              "size": [
                8.0,
                8.0,
                7.0
              ],
              "uv": [
                0,
                0
              ],
              "inflate": 0
            },
            {
              "origin": [
                -1.0,
                15.0,
                -5.0
              ],
              "size": [
                2.0,
                4.0,
                2.0
              ],
              "uv": [
                23,
                0
              ],
              "inflate": 0
            },
            {
              "origin": [
                -6.0,
                19.0,
                -3.0
              ],
              "size": [
                4.0,
                2.0,
                0.0
              ],
              "pivot": [
                0.0,
                16.0,
                0.0
              ],
              "rotation": [
                0.0,
                37.5,
                0.0
              ],
              "uv": [
                29,
                0
              ],
              "inflate": 0
            },
            {
              "origin": [
                2.0,
                19.0,
                -3.0
              ],
              "size": [
                4.0,
                2.0,
                0.0
              ],
              "pivot": [
                0.0,
                16.0,
                0.0
              ],
              "rotation": [
                0.0,
                -37.5,
                0.0
              ],
              "uv": [
                27,
                15
              ],
              "inflate": 0
            },
            {
              "origin": [
                -5.0,
                18.0,
                -3.0
              ],
              "size": [
                3.0,
                1.0,
                0.0
              ],
              "pivot": [
                0.0,
                16.0,
                0.0
              ],
              "rotation": [
                0.0,
                37.5,
                0.0
              ],
              "uv": [
                0,
                4
              ],
              "inflate": 0
            },
            {
              "origin": [
                2.0,
                18.0,
                -3.0
              ],
              "size": [
                3.0,
                1.0,
                0.0
              ],
              "pivot": [
                0.0,
                16.0,
                0.0
              ],
              "rotation": [
                0.0,
                -37.5,
                0.0
              ],
              "uv": [
                0,
                3
              ],
              "inflate": 0
            },
            {
              "origin": [
                3.5,
                17.0,
                -3.5
              ],
              "size": [
                1.0,
                2.0,
                1.0
              ],
              "pivot": [
                0.0,
                16.0,
                0.0
              ],
              "rotation": [
                0.0,
                -37.5,
                0.0
              ],
              "uv": [
                0,
                0
              ],
              "inflate": 0
            }
          ],
          "parent": "body"
        },
        {
          "name": "Arm",
          "pivot": [
            3,
            16,
            1
          ],
          "cubes": [
            {
              "origin": [
                3.0,
                8.0,
                -1.0
              ],
              "size": [
                3.0,
                8.0,
                3.0
              ],
              "uv": [
                18,
                15
              ],
              "inflate": 0
            },
            {
              "origin": [
                4.0,
                9.0,
                -7.0
              ],
              "size": [
                1.0,
                1.0,
                14.0
              ],
              "uv": [
                26.25,
                28.25
              ],
              "inflate": 0
            },
            {
              "origin": [
                4.0,
                8.0,
                -10.0
              ],
              "size": [
                1.0,
                3.0,
                3.0
              ],
              "uv": [
                28.5,
                46.75
              ],
              "inflate": 0
            },
            {
              "origin": [
                4.0,
                9.0,
                -11.0
              ],
              "size": [
                1.0,
                1.0,
                1.0
              ],
              "uv": [
                28.5,
                46.75
              ],
              "inflate": 0
            }
          ],
          "parent": "bone2"
        },
        {
          "name": "Arm2",
          "pivot": [
            -3,
            16,
            0
          ],
          "cubes": [
            {
              "origin": [
                -6.0,
                8.0,
                -1.0
              ],
              "size": [
                3.0,
                8.0,
                3.0
              ],
              "uv": [
                0,
                26
              ],
              "inflate": 0
            }
          ],
          "parent": "bone2"
        }
      ]
    }
  ]
}