{
  "format_version": "1.12.0",
  "minecraft:geometry": [
    {
      "description": {
        "identifier": "geometry.fc_hippocampus",
        "texture_width": 128,
        "texture_height": 128,
        "visible_bounds_width": 6,
        "visible_bounds_height": 4,
        "visible_bounds_offset": [
          0,
          1,
          0
        ]
      },
      "bones": [
        {
          "name": "bone8",
          "cubes": [
            {
              "origin": [
                -5.0,
                0.0,
                -10.0
              ],
              "size": [
                10.0,
                9.0,
                18.0
              ],
              "uv": [
                0,
                27
              ],
              "inflate": 0
            }
          ]
        },
        {
          "name": "tail",
          "pivot": [
            0,
            4,
            8
          ],
          "cubes": [
            {
              "origin": [
                -4.0,
                1.0,
                8.0
              ],
              "size": [
                8.0,
                7.0,
                20.0
              ],
              "uv": [
                0,
                0
              ],
              "inflate": 0
            },
            {
              "origin": [
                0.0,
                8.0,
                8.0
              ],
              "size": [
                0.0,
                4.0,
                19.0
              ],
              "uv": [
                0,
                35
              ],
              "inflate": 0
            }
          ],
          "parent": "bone8"
        },
        {
          "name": "bone2",
          "pivot": [
            0,
            4.5,
            26
          ],
          "cubes": [
            {
              "origin": [
                -8.0,
                4.5,
                25.0
              ],
              "size": [
                16.0,
                0.0,
                11.0
              ],
              "uv": [
                25,
                0
              ],
              "inflate": 0
            }
          ],
          "parent": "tail"
        },
        {
          "name": "head",
          "pivot": [
            0,
            4,
            -10
          ],
          "cubes": [
            {
              "origin": [
                -2.0,
                4.0,
                -12.0
              ],
              "size": [
                4.0,
                11.0,
                7.0
              ],
              "uv": [
                49,
                47
              ],
              "inflate": 0
            },
            {
              "origin": [
                -3.0,
                15.0,
                -13.0
              ],
              "size": [
                6.0,
                7.0,
                8.0
              ],
              "uv": [
                38,
                27
              ],
              "inflate": 0
            },
            {
              "origin": [
                -2.0,
                16.0,
                -17.0
              ],
              "size": [
                4.0,
                5.0,
                4.0
              ],
              "uv": [
                36,
                11
              ],
              "inflate": 0
            }
          ],
          "parent": "bone8"
        },
        {
          "name": "bone6",
          "pivot": [
            -3,
            20,
            -8
          ],
          "cubes": [
            {
              "origin": [
                -3.0,
                18.0,
                -8.0
              ],
              "size": [
                0.0,
                5.0,
                6.0
              ],
              "uv": [
                0,
                52
              ],
              "inflate": 0
            }
          ],
          "parent": "head"
        },
        {
          "name": "bone7",
          "pivot": [
            3,
            20,
            -8
          ],
          "cubes": [
            {
              "origin": [
                3.0,
                18.0,
                -8.0
              ],
              "size": [
                0.0,
                5.0,
                6.0
              ],
              "uv": [
                0,
                52
              ],
              "inflate": 0
            }
          ],
          "parent": "head"
        },
        {
          "name": "le0",
          "pivot": [
            -3,
            0,
            -8
          ],
          "cubes": [
            {
              "origin": [
                -5.0,
                -12.0,
                -10.0
              ],
              "size": [
                4.0,
                12.0,
                4.0
              ],
              "uv": [
                0,
                27
              ],
              "inflate": 0
            }
          ],
          "parent": "bone8"
        },
        {
          "name": "le1",
          "pivot": [
            3,
            0,
            -8
          ],
          "cubes": [
            {
              "origin": [
                1.0,
                -12.0,
                -10.0
              ],
              "size": [
                4.0,
                12.0,
                4.0
              ],
              "uv": [
                0,
                27
              ],
              "inflate": 0
            }
          ],
          "parent": "bone8"
        }
      ]
    }
  ]
}