{
  "format_version": "1.12.0",
  "minecraft:geometry": [
    {
      "description": {
        "identifier": "geometry.fc_koi",
        "texture_width": 32,
        "texture_height": 32,
        "visible_bounds_width": 3,
        "visible_bounds_height": 2.5,
        "visible_bounds_offset": [
          0,
          0.75,
          0
        ]
      },
      "bones": [
        {
          "name": "body_front",
          "pivot": [
            0,
            -2,
            -7
          ],
          "cubes": [
            {
              "origin": [
                -1.5,
                1.5,
                -7.0
              ],
              "size": [
                3.0,
                5.0,
                8.0
              ],
              "uv": [
                0,
                0
              ],
              "inflate": 0
            }
          ]
        },
        {
          "name": "body_back",
          "pivot": [
            0,
            -2,
            1
          ],
          "cubes": [
            {
              "origin": [
                -1.5,
                1.5,
                1.0
              ],
              "size": [
                3.0,
                5.0,
                8.0
              ],
              "uv": [
                0,
                13
              ],
              "inflate": 0
            }
          ],
          "parent": "body_front"
        },
        {
          "name": "dorsal_back",
          "pivot": [
            0,
            3,
            1
          ],
          "cubes": [
            {
              "origin": [
                0.0,
                6.5,
                2.0
              ],
              "size": [
                0.0,
                2.0,
                3.0
              ],
              "uv": [
                2,
                3
              ],
              "inflate": 0
            }
          ],
          "parent": "body_back"
        },
        {
          "name": "tailfin",
          "pivot": [
            0,
            -2,
            9
          ],
          "cubes": [
            {
              "origin": [
                0.0,
                1.5,
                9.0
              ],
              "size": [
                0.0,
                5.0,
                6.0
              ],
              "uv": [
                20,
                10
              ],
              "inflate": 0
            }
          ],
          "parent": "body_back"
        },
        {
          "name": "dorsal_front",
          "pivot": [
            0,
            3,
            -1
          ],
          "cubes": [
            {
              "origin": [
                0.0,
                6.5,
                0.0
              ],
              "size": [
                0.0,
                1.0,
                1.0
              ],
              "uv": [
                4,
                2
              ],
              "inflate": 0
            }
          ],
          "parent": "body_front"
        },
        {
          "name": "head",
          "pivot": [
            0,
            1,
            -7
          ],
          "cubes": [
            {
              "origin": [
                -1.0,
                2.0,
                -10.0
              ],
              "size": [
                2.0,
                4.0,
                3.0
              ],
              "uv": [
                22,
                0
              ],
              "inflate": 0
            }
          ],
          "parent": "body_front"
        },
        {
          "name": "leftFin",
          "pivot": [
            1.5,
            -1,
            -7
          ],
          "cubes": [
            {
              "origin": [
                -0.50752,
                1.86703,
                -7.0
              ],
              "size": [
                2.0,
                0.0,
                2.0
              ],
              "uv": [
                2,
                0
              ],
              "inflate": 0
            }
          ],
          "parent": "body_front",
          "rotation": [
            0,
            0,
            35
          ]
        },
        {
          "name": "rightFin",
          "pivot": [
            -1.5,
            -1,
            -7
          ],
          "cubes": [
            {
              "origin": [
                -1.49258,
                1.86703,
                -7.0
              ],
              "size": [
                2.0,
                0.0,
                2.0
              ],
              "uv": [
                -2,
                0
              ],
              "inflate": 0
            }
          ],
          "parent": "body_front",
          "rotation": [
            0,
            0,
            -35
          ]
        }
      ]
    }
  ]
}