{
  "format_version": "1.12.0",
  "minecraft:geometry": [
    {
      "description": {
        "identifier": "geometry.fc_lhamacorn",
        "texture_width": 128,
        "texture_height": 128,
        "visible_bounds_width": 3,
        "visible_bounds_height": 4.5,
        "visible_bounds_offset": [
          0,
          1.75,
          0
        ]
      },
      "bones": [
        {
          "name": "head",
          "pivot": [
            0,
            17,
            -6
          ],
          "cubes": [
            {
              "origin": [
                -2.0,
                27.0,
                -16.0
              ],
              "size": [
                4.0,
                4.0,
                9.0
              ],
              "uv": [
                28,
                40
              ],
              "inflate": 0
            },
            {
              "origin": [
                -4.0,
                15.0,
                -12.0
              ],
              "size": [
                8.0,
                18.0,
                6.0
              ],
              "uv": [
                0,
                27
              ],
              "inflate": 0
            },
            {
              "origin": [
                -1.0,
                33.0,
                -11.52
              ],
              "size": [
                2.0,
                4.0,
                2.0
              ],
              "uv": [
                0,
                0
              ],
              "inflate": 0
            },
            {
              "origin": [
                -0.5,
                37.0,
                -11.0
              ],
              "size": [
                1.0,
                4.0,
                1.0
              ],
              "uv": [
                0,
                27
              ],
              "inflate": 0
            },
            {
              "origin": [
                -6.0,
                32.0,
                -9.0
              ],
              "size": [
                3.0,
                4.0,
                1.0
              ],
              "uv": [
                34,
                0
              ],
              "inflate": 0
            },
            {
              "origin": [
                3.0,
                32.0,
                -9.0
              ],
              "size": [
                3.0,
                4.0,
                1.0
              ],
              "uv": [
                22,
                27
              ],
              "inflate": 0
            }
          ]
        },
        {
          "name": "A",
          "pivot": [
            0,
            19,
            2
          ],
          "cubes": [
            {
              "origin": [
                -6.0,
                12.0,
                -5.0
              ],
              "size": [
                12.0,
                17.0,
                10.0
              ],
              "uv": [
                0,
                0
              ],
              "inflate": 0
            },
            {
              "origin": [
                -3.0,
                8.0,
                0.0
              ],
              "size": [
                6.0,
                6.0,
                7.0
              ],
              "uv": [
                28,
                27
              ],
              "inflate": 0
            }
          ],
          "rotation": [
            90,
            0,
            0
          ]
        },
        {
          "name": "leg0",
          "pivot": [
            -3.5,
            14,
            6
          ],
          "cubes": [
            {
              "origin": [
                -5.5,
                0.0,
                4.0
              ],
              "size": [
                4.0,
                14.0,
                4.0
              ],
              "uv": [
                16,
                51
              ],
              "inflate": 0
            }
          ]
        },
        {
          "name": "leg1",
          "pivot": [
            3.5,
            14,
            6
          ],
          "cubes": [
            {
              "origin": [
                1.5,
                0.0,
                4.0
              ],
              "size": [
                4.0,
                14.0,
                4.0
              ],
              "uv": [
                0,
                51
              ],
              "inflate": 0
            }
          ]
        },
        {
          "name": "leg2",
          "pivot": [
            -3.5,
            14,
            -5
          ],
          "cubes": [
            {
              "origin": [
                -5.5,
                0.0,
                -7.0
              ],
              "size": [
                4.0,
                14.0,
                4.0
              ],
              "uv": [
                50,
                49
              ],
              "inflate": 0
            }
          ]
        },
        {
          "name": "leg3",
          "pivot": [
            3.5,
            14,
            -5
          ],
          "cubes": [
            {
              "origin": [
                1.5,
                0.0,
                -7.0
              ],
              "size": [
                4.0,
                14.0,
                4.0
              ],
              "uv": [
                44,
                0
              ],
              "inflate": 0
            }
          ]
        }
      ]
    }
  ]
}