{
  "format_version": "1.12.0",
  "minecraft:geometry": [
    {
      "description": {
        "identifier": "geometry.fc_medusa_head",
        "texture_width": 64,
        "texture_height": 64,
        "visible_bounds_width": 14,
        "visible_bounds_height": 4.5,
        "visible_bounds_offset": [
          0,
          1.75,
          0
        ]
      },
      "bones": [
        {
          "name": "rightArm",
          "pivot": [
            -9,
            12,
            -2
          ],
          "cubes": [
            {
              "origin": [
                -13.0,
                11.0,
                -7.0
              ],
              "size": [
                8.0,
                8.0,
                8.0
              ],
              "uv": [
                0,
                0
              ],
              "inflate": 0
            }
          ]
        },
        {
          "name": "bone26",
          "pivot": [
            -9,
            14,
            -9
          ],
          "cubes": [
            {
              "origin": [
                -5.0,
                26.0,
                -14.0
              ],
              "size": [
                4.0,
                2.0,
                4.0
              ],
              "uv": [
                24,
                0
              ],
              "inflate": 0
            },
            {
              "origin": [
                -17.0,
                26.0,
                -14.0
              ],
              "size": [
                4.0,
                2.0,
                4.0
              ],
              "uv": [
                24,
                0
              ],
              "inflate": 0
            },
            {
              "origin": [
                -23.0,
                20.0,
                -14.0
              ],
              "size": [
                4.0,
                2.0,
                4.0
              ],
              "uv": [
                24,
                0
              ],
              "inflate": 0
            },
            {
              "origin": [
                -22.0,
                11.0,
                -14.0
              ],
              "size": [
                4.0,
                2.0,
                4.0
              ],
              "uv": [
                24,
                0
              ],
              "inflate": 0
            },
            {
              "origin": [
                -21.0,
                5.0,
                -14.0
              ],
              "size": [
                4.0,
                2.0,
                4.0
              ],
              "uv": [
                24,
                0
              ],
              "inflate": 0
            },
            {
              "origin": [
                -1.0,
                5.0,
                -14.0
              ],
              "size": [
                4.0,
                2.0,
                4.0
              ],
              "uv": [
                24,
                0
              ],
              "inflate": 0
            },
            {
              "origin": [
                2.0,
                10.0,
                -14.0
              ],
              "size": [
                4.0,
                2.0,
                4.0
              ],
              "uv": [
                24,
                0
              ],
              "inflate": 0
            },
            {
              "origin": [
                1.0,
                21.0,
                -14.0
              ],
              "size": [
                4.0,
                2.0,
                4.0
              ],
              "uv": [
                24,
                0
              ],
              "inflate": 0
            }
          ],
          "parent": "rightArm"
        },
        {
          "name": "bone3",
          "pivot": [
            -9,
            12,
            -2
          ],
          "cubes": [
            {
              "origin": [
                -10.0,
                19.0,
                -5.0
              ],
              "size": [
                2.0,
                8.0,
                3.0
              ],
              "uv": [
                21,
                45
              ],
              "inflate": 0
            },
            {
              "origin": [
                -10.0,
                -1.0,
                -17.0
              ],
              "size": [
                2.0,
                8.0,
                3.0
              ],
              "pivot": [
                -9.0,
                12.0,
                -2.0
              ],
              "rotation": [
                -105.0,
                0.0,
                0.0
              ],
              "uv": [
                35,
                44
              ],
              "inflate": 0
            }
          ],
          "parent": "rightArm",
          "rotation": [
            0,
            0,
            22.5
          ]
        },
        {
          "name": "bone13",
          "pivot": [
            -9,
            12,
            -2
          ],
          "cubes": [
            {
              "origin": [
                -10.0,
                19.0,
                -5.0
              ],
              "size": [
                2.0,
                8.0,
                3.0
              ],
              "uv": [
                21,
                45
              ],
              "inflate": 0
            },
            {
              "origin": [
                -10.0,
                -1.0,
                -17.0
              ],
              "size": [
                2.0,
                8.0,
                3.0
              ],
              "pivot": [
                -9.0,
                12.0,
                -2.0
              ],
              "rotation": [
                -105.0,
                0.0,
                0.0
              ],
              "uv": [
                35,
                44
              ],
              "inflate": 0
            }
          ],
          "parent": "rightArm",
          "rotation": [
            0,
            0,
            -20
          ]
        },
        {
          "name": "bone8",
          "pivot": [
            -6,
            16,
            -2
          ],
          "cubes": [
            {
              "origin": [
                -7.0,
                23.0,
                -5.0
              ],
              "size": [
                2.0,
                8.0,
                3.0
              ],
              "uv": [
                21,
                45
              ],
              "inflate": 0
            },
            {
              "origin": [
                -7.0,
                3.0,
                -17.0
              ],
              "size": [
                2.0,
                8.0,
                3.0
              ],
              "pivot": [
                -6.0,
                16.0,
                -2.0
              ],
              "rotation": [
                -105.0,
                0.0,
                0.0
              ],
              "uv": [
                35,
                44
              ],
              "inflate": 0
            }
          ],
          "parent": "rightArm",
          "rotation": [
            0,
            0,
            -72.5
          ]
        },
        {
          "name": "bone7",
          "pivot": [
            -11,
            14,
            -2
          ],
          "cubes": [
            {
              "origin": [
                -12.0,
                21.0,
                -5.0
              ],
              "size": [
                2.0,
                8.0,
                3.0
              ],
              "uv": [
                21,
                45
              ],
              "inflate": 0
            },
            {
              "origin": [
                -12.0,
                1.0,
                -17.0
              ],
              "size": [
                2.0,
                8.0,
                3.0
              ],
              "pivot": [
                -11.0,
                14.0,
                -2.0
              ],
              "rotation": [
                -105.0,
                0.0,
                0.0
              ],
              "uv": [
                35,
                44
              ],
              "inflate": 0
            }
          ],
          "parent": "rightArm",
          "rotation": [
            4.7901,
            18.77235,
            71.0055
          ]
        },
        {
          "name": "bone9",
          "pivot": [
            -12,
            16,
            -2
          ],
          "cubes": [
            {
              "origin": [
                -13.0,
                23.0,
                -5.0
              ],
              "size": [
                2.0,
                8.0,
                3.0
              ],
              "uv": [
                21,
                45
              ],
              "inflate": 0
            },
            {
              "origin": [
                -13.0,
                3.0,
                -17.0
              ],
              "size": [
                2.0,
                8.0,
                3.0
              ],
              "pivot": [
                -12.0,
                16.0,
                -2.0
              ],
              "rotation": [
                -105.0,
                0.0,
                0.0
              ],
              "uv": [
                35,
                44
              ],
              "inflate": 0
            }
          ],
          "parent": "rightArm",
          "rotation": [
            0,
            0,
            107.5
          ]
        },
        {
          "name": "bone11",
          "pivot": [
            -12,
            16,
            -2
          ],
          "cubes": [
            {
              "origin": [
                -13.0,
                23.0,
                -5.0
              ],
              "size": [
                2.0,
                8.0,
                3.0
              ],
              "uv": [
                21,
                45
              ],
              "inflate": 0
            },
            {
              "origin": [
                -13.0,
                3.0,
                -17.0
              ],
              "size": [
                2.0,
                8.0,
                3.0
              ],
              "pivot": [
                -12.0,
                16.0,
                -2.0
              ],
              "rotation": [
                -105.0,
                0.0,
                0.0
              ],
              "uv": [
                35,
                44
              ],
              "inflate": 0
            }
          ],
          "parent": "rightArm",
          "rotation": [
            0,
            0,
            127.5
          ]
        },
        {
          "name": "bone10",
          "pivot": [
            -4,
            14,
            -2
          ],
          "cubes": [
            {
              "origin": [
                -5.0,
                21.0,
                -5.0
              ],
              "size": [
                2.0,
                8.0,
                3.0
              ],
              "uv": [
                21,
                45
              ],
              "inflate": 0
            },
            {
              "origin": [
                -5.0,
                1.0,
                -17.0
              ],
              "size": [
                2.0,
                8.0,
                3.0
              ],
              "pivot": [
                -4.0,
                14.0,
                -2.0
              ],
              "rotation": [
                -105.0,
                0.0,
                0.0
              ],
              "uv": [
                35,
                44
              ],
              "inflate": 0
            }
          ],
          "parent": "rightArm",
          "rotation": [
            0,
            0,
            -95
          ]
        },
        {
          "name": "bone12",
          "pivot": [
            -7,
            17,
            -2
          ],
          "cubes": [
            {
              "origin": [
                -8.0,
                24.0,
                -5.0
              ],
              "size": [
                2.0,
                8.0,
                3.0
              ],
              "uv": [
                21,
                45
              ],
              "inflate": 0
            },
            {
              "origin": [
                -8.0,
                4.0,
                -17.0
              ],
              "size": [
                2.0,
                8.0,
                3.0
              ],
              "pivot": [
                -7.0,
                17.0,
                -2.0
              ],
              "rotation": [
                -105.0,
                0.0,
                0.0
              ],
              "uv": [
                35,
                44
              ],
              "inflate": 0
            }
          ],
          "parent": "rightArm",
          "rotation": [
            0,
            0,
            -132.5
          ]
        }
      ]
    }
  ]
}