{
  "format_version": "1.12.0",
  "minecraft:geometry": [
    {
      "description": {
        "identifier": "geometry.fc_medusa",
        "texture_width": 64,
        "texture_height": 64,
        "visible_bounds_width": 14,
        "visible_bounds_height": 4.5,
        "visible_bounds_offset": [
          0,
          1.75,
          0
        ]
      },
      "bones": [
        {
          "name": "bone2",
          "pivot": [
            0,
            0,
            -6
          ]
        },
        {
          "name": "Body",
          "pivot": [
            0,
            13,
            -7
          ],
          "cubes": [
            {
              "origin": [
                -4.0,
                13.0,
                -8.0
              ],
              "size": [
                8.0,
                12.0,
                4.0
              ],
              "uv": [
                0,
                30
              ],
              "inflate": 0
            },
            {
              "origin": [
                -2.0,
                25.0,
                -7.0
              ],
              "size": [
                4.0,
                3.0,
                2.0
              ],
              "uv": [
                40,
                24
              ],
              "inflate": 0
            }
          ],
          "parent": "bone2"
        },
        {
          "name": "head",
          "pivot": [
            0,
            27,
            -6
          ],
          "cubes": [
            {
              "origin": [
                -4.0,
                26.0,
                -11.0
              ],
              "size": [
                8.0,
                8.0,
                8.0
              ],
              "uv": [
                0,
                0
              ],
              "inflate": 0
            }
          ],
          "parent": "Body"
        },
        {
          "name": "bone26",
          "pivot": [
            0,
            29,
            -13
          ],
          "cubes": [
            {
              "origin": [
                4.0,
                41.0,
                -18.0
              ],
              "size": [
                4.0,
                2.0,
                4.0
              ],
              "uv": [
                24,
                0
              ],
              "inflate": 0
            },
            {
              "origin": [
                -8.0,
                41.0,
                -18.0
              ],
              "size": [
                4.0,
                2.0,
                4.0
              ],
              "uv": [
                24,
                0
              ],
              "inflate": 0
            },
            {
              "origin": [
                -14.0,
                35.0,
                -18.0
              ],
              "size": [
                4.0,
                2.0,
                4.0
              ],
              "uv": [
                24,
                0
              ],
              "inflate": 0
            },
            {
              "origin": [
                -13.0,
                26.0,
                -18.0
              ],
              "size": [
                4.0,
                2.0,
                4.0
              ],
              "uv": [
                24,
                0
              ],
              "inflate": 0
            },
            {
              "origin": [
                -12.0,
                20.0,
                -18.0
              ],
              "size": [
                4.0,
                2.0,
                4.0
              ],
              "uv": [
                24,
                0
              ],
              "inflate": 0
            },
            {
              "origin": [
                8.0,
                20.0,
                -18.0
              ],
              "size": [
                4.0,
                2.0,
                4.0
              ],
              "uv": [
                24,
                0
              ],
              "inflate": 0
            },
            {
              "origin": [
                11.0,
                25.0,
                -18.0
              ],
              "size": [
                4.0,
                2.0,
                4.0
              ],
              "uv": [
                24,
                0
              ],
              "inflate": 0
            },
            {
              "origin": [
                10.0,
                36.0,
                -18.0
              ],
              "size": [
                4.0,
                2.0,
                4.0
              ],
              "uv": [
                24,
                0
              ],
              "inflate": 0
            }
          ],
          "parent": "head"
        },
        {
          "name": "bone3",
          "pivot": [
            0,
            27,
            -6
          ],
          "cubes": [
            {
              "origin": [
                -1.0,
                34.0,
                -9.0
              ],
              "size": [
                2.0,
                8.0,
                3.0
              ],
              "uv": [
                21,
                45
              ],
              "inflate": 0
            },
            {
              "origin": [
                -1.0,
                14.0,
                -21.0
              ],
              "size": [
                2.0,
                8.0,
                3.0
              ],
              "pivot": [
                0.0,
                27.0,
                -6.0
              ],
              "rotation": [
                -105.0,
                0.0,
                0.0
              ],
              "uv": [
                35,
                44
              ],
              "inflate": 0
            }
          ],
          "parent": "head",
          "rotation": [
            0,
            0,
            22.5
          ]
        },
        {
          "name": "bone13",
          "pivot": [
            0,
            27,
            -6
          ],
          "cubes": [
            {
              "origin": [
                -1.0,
                34.0,
                -9.0
              ],
              "size": [
                2.0,
                8.0,
                3.0
              ],
              "uv": [
                21,
                45
              ],
              "inflate": 0
            },
            {
              "origin": [
                -1.0,
                14.0,
                -21.0
              ],
              "size": [
                2.0,
                8.0,
                3.0
              ],
              "pivot": [
                0.0,
                27.0,
                -6.0
              ],
              "rotation": [
                -105.0,
                0.0,
                0.0
              ],
              "uv": [
                35,
                44
              ],
              "inflate": 0
            }
          ],
          "parent": "head",
          "rotation": [
            0,
            0,
            -20
          ]
        },
        {
          "name": "bone8",
          "pivot": [
            3,
            31,
            -6
          ],
          "cubes": [
            {
              "origin": [
                2.0,
                38.0,
                -9.0
              ],
              "size": [
                2.0,
                8.0,
                3.0
              ],
              "uv": [
                21,
                45
              ],
              "inflate": 0
            },
            {
              "origin": [
                2.0,
                18.0,
                -21.0
              ],
              "size": [
                2.0,
                8.0,
                3.0
              ],
              "pivot": [
                3.0,
                31.0,
                -6.0
              ],
              "rotation": [
                -105.0,
                0.0,
                0.0
              ],
              "uv": [
                35,
                44
              ],
              "inflate": 0
            }
          ],
          "parent": "head",
          "rotation": [
            0,
            0,
            -72.5
          ]
        },
        {
          "name": "bone7",
          "pivot": [
            -2,
            29,
            -6
          ],
          "cubes": [
            {
              "origin": [
                -3.0,
                36.0,
                -9.0
              ],
              "size": [
                2.0,
                8.0,
                3.0
              ],
              "uv": [
                21,
                45
              ],
              "inflate": 0
            },
            {
              "origin": [
                -3.0,
                16.0,
                -21.0
              ],
              "size": [
                2.0,
                8.0,
                3.0
              ],
              "pivot": [
                -2.0,
                29.0,
                -6.0
              ],
              "rotation": [
                -105.0,
                0.0,
                0.0
              ],
              "uv": [
                35,
                44
              ],
              "inflate": 0
            }
          ],
          "parent": "head",
          "rotation": [
            4.7901,
            18.77235,
            71.0055
          ]
        },
        {
          "name": "bone9",
          "pivot": [
            -3,
            31,
            -6
          ],
          "cubes": [
            {
              "origin": [
                -4.0,
                38.0,
                -9.0
              ],
              "size": [
                2.0,
                8.0,
                3.0
              ],
              "uv": [
                21,
                45
              ],
              "inflate": 0
            },
            {
              "origin": [
                -4.0,
                18.0,
                -21.0
              ],
              "size": [
                2.0,
                8.0,
                3.0
              ],
              "pivot": [
                -3.0,
                31.0,
                -6.0
              ],
              "rotation": [
                -105.0,
                0.0,
                0.0
              ],
              "uv": [
                35,
                44
              ],
              "inflate": 0
            }
          ],
          "parent": "head",
          "rotation": [
            0,
            0,
            107.5
          ]
        },
        {
          "name": "bone11",
          "pivot": [
            -3,
            31,
            -6
          ],
          "cubes": [
            {
              "origin": [
                -4.0,
                38.0,
                -9.0
              ],
              "size": [
                2.0,
                8.0,
                3.0
              ],
              "uv": [
                21,
                45
              ],
              "inflate": 0
            },
            {
              "origin": [
                -4.0,
                18.0,
                -21.0
              ],
              "size": [
                2.0,
                8.0,
                3.0
              ],
              "pivot": [
                -3.0,
                31.0,
                -6.0
              ],
              "rotation": [
                -105.0,
                0.0,
                0.0
              ],
              "uv": [
                35,
                44
              ],
              "inflate": 0
            }
          ],
          "parent": "head",
          "rotation": [
            0,
            0,
            127.5
          ]
        },
        {
          "name": "bone10",
          "pivot": [
            5,
            29,
            -6
          ],
          "cubes": [
            {
              "origin": [
                4.0,
                36.0,
                -9.0
              ],
              "size": [
                2.0,
                8.0,
                3.0
              ],
              "uv": [
                21,
                45
              ],
              "inflate": 0
            },
            {
              "origin": [
                4.0,
                16.0,
                -21.0
              ],
              "size": [
                2.0,
                8.0,
                3.0
              ],
              "pivot": [
                5.0,
                29.0,
                -6.0
              ],
              "rotation": [
                -105.0,
                0.0,
                0.0
              ],
              "uv": [
                35,
                44
              ],
              "inflate": 0
            }
          ],
          "parent": "head",
          "rotation": [
            0,
            0,
            -95
          ]
        },
        {
          "name": "bone12",
          "pivot": [
            2,
            32,
            -6
          ],
          "cubes": [
            {
              "origin": [
                1.0,
                39.0,
                -9.0
              ],
              "size": [
                2.0,
                8.0,
                3.0
              ],
              "uv": [
                21,
                45
              ],
              "inflate": 0
            },
            {
              "origin": [
                1.0,
                19.0,
                -21.0
              ],
              "size": [
                2.0,
                8.0,
                3.0
              ],
              "pivot": [
                2.0,
                32.0,
                -6.0
              ],
              "rotation": [
                -105.0,
                0.0,
                0.0
              ],
              "uv": [
                35,
                44
              ],
              "inflate": 0
            }
          ],
          "parent": "head",
          "rotation": [
            0,
            0,
            -132.5
          ]
        },
        {
          "name": "rightArm",
          "pivot": [
            4,
            25,
            -6
          ],
          "cubes": [
            {
              "origin": [
                3.91587,
                12.26564,
                -8.0
              ],
              "size": [
                3.0,
                7.0,
                4.0
              ],
              "uv": [
                36,
                0
              ],
              "inflate": 0
            },
            {
              "origin": [
                3.91587,
                19.26564,
                -8.0
              ],
              "size": [
                3.0,
                6.0,
                4.0
              ],
              "uv": [
                40,
                14
              ],
              "inflate": 0
            }
          ],
          "parent": "Body"
        },
        {
          "name": "leftArm",
          "pivot": [
            -4,
            25,
            -6
          ],
          "cubes": [
            {
              "origin": [
                -6.96117,
                12.30312,
                -8.0
              ],
              "size": [
                3.0,
                7.0,
                4.0
              ],
              "uv": [
                24,
                34
              ],
              "inflate": 0
            },
            {
              "origin": [
                -6.96117,
                19.30312,
                -8.0
              ],
              "size": [
                3.0,
                6.0,
                4.0
              ],
              "uv": [
                38,
                34
              ],
              "inflate": 0
            }
          ],
          "parent": "Body"
        },
        {
          "name": "tail",
          "pivot": [
            0,
            12,
            -9
          ],
          "parent": "Body"
        },
        {
          "name": "bone21",
          "pivot": [
            0,
            13,
            -6
          ],
          "parent": "tail",
          "rotation": [
            90,
            0,
            0
          ]
        },
        {
          "name": "bone",
          "pivot": [
            0,
            13,
            -6
          ],
          "cubes": [
            {
              "origin": [
                -4.0,
                -24.0,
                -62.0
              ],
              "size": [
                8.0,
                8.0,
                6.0
              ],
              "pivot": [
                0.0,
                -24.0,
                -20.0
              ],
              "rotation": [
                -100.0,
                0.0,
                0.0
              ],
              "uv": [
                0,
                16
              ],
              "inflate": 0
            }
          ],
          "parent": "bone21"
        },
        {
          "name": "bone4",
          "cubes": [
            {
              "origin": [
                -4.0,
                -7.0,
                -53.0
              ],
              "size": [
                8.0,
                8.0,
                6.0
              ],
              "pivot": [
                0.0,
                -24.0,
                -20.0
              ],
              "rotation": [
                -62.5,
                0.0,
                0.0
              ],
              "uv": [
                0,
                16
              ],
              "inflate": 0
            }
          ],
          "parent": "bone"
        },
        {
          "name": "bone14",
          "pivot": [
            0,
            11,
            -17
          ],
          "cubes": [
            {
              "origin": [
                -4.0,
                -61.0,
                -26.0
              ],
              "size": [
                8.0,
                8.0,
                6.0
              ],
              "pivot": [
                0.0,
                -24.0,
                -20.0
              ],
              "rotation": [
                180.0,
                0.0,
                0.0
              ],
              "uv": [
                0,
                16
              ],
              "inflate": 0
            }
          ],
          "parent": "bone4"
        },
        {
          "name": "bone15",
          "pivot": [
            0,
            5,
            -17
          ],
          "cubes": [
            {
              "origin": [
                -4.0,
                5.0,
                -20.0
              ],
              "size": [
                8.0,
                8.0,
                6.0
              ],
              "pivot": [
                0.0,
                5.0,
                -17.0
              ],
              "rotation": [
                180.0,
                0.0,
                0.0
              ],
              "uv": [
                0,
                16
              ],
              "inflate": 0
            }
          ],
          "parent": "bone14"
        },
        {
          "name": "bone16",
          "pivot": [
            0,
            -3,
            -17
          ],
          "cubes": [
            {
              "origin": [
                -4.0,
                -45.0,
                -26.0
              ],
              "size": [
                8.0,
                8.0,
                6.0
              ],
              "pivot": [
                0.0,
                -24.0,
                -20.0
              ],
              "rotation": [
                180.0,
                0.0,
                0.0
              ],
              "uv": [
                0,
                16
              ],
              "inflate": 0
            }
          ],
          "parent": "bone15"
        },
        {
          "name": "bone17",
          "pivot": [
            0,
            -11,
            -17
          ],
          "cubes": [
            {
              "origin": [
                -4.0,
                -37.0,
                -26.0
              ],
              "size": [
                8.0,
                8.0,
                6.0
              ],
              "pivot": [
                0.0,
                -24.0,
                -20.0
              ],
              "rotation": [
                180.0,
                0.0,
                0.0
              ],
              "uv": [
                0,
                16
              ],
              "inflate": 0
            }
          ],
          "parent": "bone16"
        },
        {
          "name": "bone18",
          "pivot": [
            0,
            -19,
            -17
          ],
          "cubes": [
            {
              "origin": [
                -4.0,
                -19.0,
                -20.0
              ],
              "size": [
                8.0,
                8.0,
                6.0
              ],
              "pivot": [
                0.0,
                -19.0,
                -17.0
              ],
              "rotation": [
                180.0,
                0.0,
                0.0
              ],
              "uv": [
                0,
                16
              ],
              "inflate": 0
            }
          ],
          "parent": "bone17"
        },
        {
          "name": "bone19",
          "pivot": [
            0,
            -27,
            -17
          ],
          "cubes": [
            {
              "origin": [
                -4.0,
                -21.0,
                -26.0
              ],
              "size": [
                8.0,
                8.0,
                6.0
              ],
              "pivot": [
                0.0,
                -24.0,
                -20.0
              ],
              "rotation": [
                180.0,
                0.0,
                0.0
              ],
              "uv": [
                0,
                16
              ],
              "inflate": 0
            }
          ],
          "parent": "bone18"
        },
        {
          "name": "bone20",
          "pivot": [
            0,
            -35,
            -17
          ],
          "cubes": [
            {
              "origin": [
                -4.0,
                -13.0,
                -26.0
              ],
              "size": [
                8.0,
                8.0,
                6.0
              ],
              "pivot": [
                0.0,
                -24.0,
                -20.0
              ],
              "rotation": [
                180.0,
                0.0,
                0.0
              ],
              "uv": [
                0,
                16
              ],
              "inflate": 0
            }
          ],
          "parent": "bone19"
        },
        {
          "name": "bone22",
          "pivot": [
            0,
            -43,
            -17
          ],
          "cubes": [
            {
              "origin": [
                -4.0,
                -43.0,
                -20.0
              ],
              "size": [
                8.0,
                8.0,
                6.0
              ],
              "pivot": [
                0.0,
                -43.0,
                -17.0
              ],
              "rotation": [
                180.0,
                0.0,
                0.0
              ],
              "uv": [
                0,
                16
              ],
              "inflate": 0
            }
          ],
          "parent": "bone20"
        },
        {
          "name": "bone23",
          "pivot": [
            0,
            -51,
            -17
          ],
          "cubes": [
            {
              "origin": [
                -4.0,
                -51.0,
                -20.0
              ],
              "size": [
                8.0,
                8.0,
                6.0
              ],
              "pivot": [
                0.0,
                -51.0,
                -17.0
              ],
              "rotation": [
                180.0,
                0.0,
                0.0
              ],
              "uv": [
                0,
                16
              ],
              "inflate": 0
            }
          ],
          "parent": "bone22"
        },
        {
          "name": "bone24",
          "pivot": [
            0,
            -59,
            -17
          ],
          "cubes": [
            {
              "origin": [
                -4.0,
                -59.0,
                -20.0
              ],
              "size": [
                8.0,
                8.0,
                6.0
              ],
              "pivot": [
                0.0,
                -59.0,
                -17.0
              ],
              "rotation": [
                180.0,
                0.0,
                0.0
              ],
              "uv": [
                0,
                16
              ],
              "inflate": 0
            }
          ],
          "parent": "bone23"
        },
        {
          "name": "bone25",
          "pivot": [
            0,
            -67,
            -18
          ],
          "cubes": [
            {
              "origin": [
                -4.0,
                -67.0,
                -22.0
              ],
              "size": [
                8.0,
                8.0,
                6.0
              ],
              "pivot": [
                0.0,
                -67.0,
                -18.0
              ],
              "rotation": [
                180.0,
                0.0,
                0.0
              ],
              "uv": [
                0,
                16
              ],
              "inflate": 0
            }
          ],
          "parent": "bone24"
        },
        {
          "name": "bone5",
          "pivot": [
            0,
            -75,
            -17
          ],
          "cubes": [
            {
              "origin": [
                -3.0,
                14.0,
                -2.0
              ],
              "size": [
                6.0,
                4.0,
                8.0
              ],
              "pivot": [
                0.0,
                -22.0,
                -53.0
              ],
              "rotation": [
                -92.5,
                0.0,
                0.0
              ],
              "uv": [
                20,
                22
              ],
              "inflate": 0
            }
          ],
          "parent": "bone25"
        },
        {
          "name": "bone6",
          "pivot": [
            0,
            -82,
            -18
          ],
          "cubes": [
            {
              "origin": [
                -1.0,
                -6.9,
                28.6
              ],
              "size": [
                2.0,
                2.0,
                8.0
              ],
              "pivot": [
                0.0,
                -21.0,
                -32.0
              ],
              "rotation": [
                -91.0,
                0.0,
                0.0
              ],
              "uv": [
                24,
                8
              ],
              "inflate": 0
            }
          ],
          "parent": "bone5"
        }
      ]
    }
  ]
}