{
  "format_version": "1.12.0",
  "minecraft:geometry": [
    {
      "description": {
        "identifier": "geometry.fc_minotauro",
        "texture_width": 64,
        "texture_height": 64,
        "visible_bounds_width": 7,
        "visible_bounds_height": 7,
        "visible_bounds_offset": [
          0,
          0.5,
          0
        ]
      },
      "bones": [
        {
          "name": "body",
          "pivot": [
            0,
            21,
            0
          ],
          "cubes": [
            {
              "origin": [
                -4.0,
                14.0,
                -1.0
              ],
              "size": [
                8.0,
                12.0,
                4.0
              ],
              "uv": [
                16,
                16
              ],
              "inflate": 0
            },
            {
              "origin": [
                -1.5,
                6.0,
                4.0
              ],
              "size": [
                3.0,
                9.0,
                0.0
              ],
              "pivot": [
                0.0,
                2.0,
                0.0
              ],
              "rotation": [
                5.0,
                0.0,
                0.0
              ],
              "uv": [
                51,
                54
              ],
              "inflate": 0
            }
          ]
        },
        {
          "name": "head",
          "pivot": [
            0,
            26,
            1
          ],
          "cubes": [
            {
              "origin": [
                -4.0,
                26.0,
                -3.0
              ],
              "size": [
                8.0,
                8.0,
                8.0
              ],
              "uv": [
                0,
                0
              ],
              "inflate": 0
            },
            {
              "origin": [
                -2.0,
                26.0,
                -4.0
              ],
              "size": [
                4.0,
                3.0,
                1.0
              ],
              "uv": [
                25,
                0
              ],
              "inflate": 0
            },
            {
              "origin": [
                4.0,
                32.0,
                0.0
              ],
              "size": [
                1.0,
                4.0,
                2.0
              ],
              "uv": [
                58,
                48
              ],
              "inflate": 0
            },
            {
              "origin": [
                -5.0,
                32.0,
                0.0
              ],
              "size": [
                1.0,
                4.0,
                2.0
              ],
              "uv": [
                58,
                48
              ],
              "inflate": 0
            }
          ],
          "parent": "body"
        },
        {
          "name": "rightLeg",
          "pivot": [
            2,
            15,
            1
          ],
          "cubes": [
            {
              "origin": [
                0.0,
                8.0,
                -1.0
              ],
              "size": [
                4.0,
                6.0,
                4.0
              ],
              "uv": [
                16,
                36
              ],
              "inflate": 0
            },
            {
              "origin": [
                0.5,
                2.0,
                -0.5
              ],
              "size": [
                3.0,
                6.0,
                3.0
              ],
              "uv": [
                17,
                37
              ],
              "inflate": 0
            },
            {
              "origin": [
                0.5,
                0.0,
                -1.0
              ],
              "size": [
                3.0,
                3.0,
                4.0
              ],
              "uv": [
                1,
                37
              ],
              "inflate": 0
            }
          ],
          "parent": "body"
        },
        {
          "name": "leftLeg",
          "pivot": [
            -2,
            15,
            1
          ],
          "cubes": [
            {
              "origin": [
                -4.0,
                8.0,
                -1.0
              ],
              "size": [
                4.0,
                6.0,
                4.0
              ],
              "uv": [
                0,
                16
              ],
              "inflate": 0
            },
            {
              "origin": [
                -3.5,
                2.0,
                -0.5
              ],
              "size": [
                3.0,
                6.0,
                3.0
              ],
              "uv": [
                2,
                27
              ],
              "inflate": 0
            },
            {
              "origin": [
                -3.5,
                0.0,
                -1.0
              ],
              "size": [
                3.0,
                3.0,
                4.0
              ],
              "uv": [
                1,
                37
              ],
              "inflate": 0
            }
          ],
          "parent": "body"
        },
        {
          "name": "rightArm",
          "pivot": [
            -4,
            24,
            1
          ],
          "cubes": [
            {
              "origin": [
                -7.0,
                14.0,
                -1.0
              ],
              "size": [
                3.0,
                12.0,
                4.0
              ],
              "uv": [
                32,
                48
              ],
              "inflate": 0
            }
          ],
          "parent": "body"
        },
        {
          "name": "leftArm",
          "pivot": [
            4,
            25,
            1
          ],
          "cubes": [
            {
              "origin": [
                4.0,
                14.0,
                -1.0
              ],
              "size": [
                3.0,
                12.0,
                4.0
              ],
              "uv": [
                32,
                48
              ],
              "inflate": 0
            }
          ],
          "parent": "body"
        }
      ]
    }
  ]
}