{
  "format_version": "1.12.0",
  "minecraft:geometry": [
    {
      "description": {
        "identifier": "geometry.fc_ningyo",
        "texture_width": 64,
        "texture_height": 64,
        "visible_bounds_width": 7,
        "visible_bounds_height": 2.5,
        "visible_bounds_offset": [
          0,
          0.75,
          0
        ]
      },
      "bones": [
        {
          "name": "bone",
          "pivot": [
            0,
            23,
            0
          ],
          "cubes": [
            {
              "origin": [
                -4.0,
                18.0,
                -2.0
              ],
              "size": [
                8.0,
                13.0,
                4.0
              ],
              "uv": [
                24,
                0
              ],
              "inflate": 0
            },
            {
              "origin": [
                -2.0,
                30.0,
                -1.0
              ],
              "size": [
                4.0,
                2.0,
                2.0
              ],
              "uv": [
                40,
                17
              ],
              "inflate": 0
            }
          ]
        },
        {
          "name": "bone5",
          "pivot": [
            4,
            30,
            0
          ],
          "cubes": [
            {
              "origin": [
                4.0,
                18.0,
                -2.0
              ],
              "size": [
                3.0,
                13.0,
                4.0
              ],
              "uv": [
                40,
                47
              ],
              "inflate": 0
            }
          ],
          "parent": "bone"
        },
        {
          "name": "bone6",
          "pivot": [
            -4,
            30,
            0
          ],
          "cubes": [
            {
              "origin": [
                -7.0,
                18.0,
                -2.0
              ],
              "size": [
                3.0,
                13.0,
                4.0
              ],
              "uv": [
                44,
                30
              ],
              "inflate": 0
            }
          ],
          "parent": "bone"
        },
        {
          "name": "bone2",
          "pivot": [
            0,
            18,
            0
          ],
          "cubes": [
            {
              "origin": [
                -4.0,
                7.0,
                -2.0
              ],
              "size": [
                8.0,
                11.0,
                4.0
              ],
              "uv": [
                0,
                34
              ],
              "inflate": 0
            },
            {
              "origin": [
                0.0,
                3.0,
                0.0
              ],
              "size": [
                0.0,
                13.0,
                8.0
              ],
              "uv": [
                8,
                3
              ],
              "inflate": 0
            }
          ],
          "parent": "bone"
        },
        {
          "name": "bone3",
          "pivot": [
            0,
            7,
            0
          ],
          "cubes": [
            {
              "origin": [
                -3.0,
                -4.0,
                -2.0
              ],
              "size": [
                6.0,
                11.0,
                4.0
              ],
              "uv": [
                24,
                34
              ],
              "inflate": 0
            }
          ],
          "parent": "bone2"
        },
        {
          "name": "bone4",
          "pivot": [
            0,
            -4,
            0
          ],
          "cubes": [
            {
              "origin": [
                -2.0,
                -10.0,
                -1.0
              ],
              "size": [
                4.0,
                6.0,
                2.0
              ],
              "uv": [
                0,
                26
              ],
              "inflate": 0
            },
            {
              "origin": [
                0.0,
                -21.0,
                -6.0
              ],
              "size": [
                0.0,
                14.0,
                12.0
              ],
              "uv": [
                0,
                0
              ],
              "inflate": 0
            }
          ],
          "parent": "bone3"
        },
        {
          "name": "head",
          "pivot": [
            0,
            32,
            0
          ],
          "cubes": [
            {
              "origin": [
                -4.0,
                32.0,
                -4.0
              ],
              "size": [
                8.0,
                8.0,
                8.0
              ],
              "uv": [
                16,
                18
              ],
              "inflate": 0
            }
          ],
          "parent": "bone"
        },
        {
          "name": "bone7",
          "pivot": [
            0,
            32,
            3
          ],
          "cubes": [
            {
              "origin": [
                -4.0,
                24.0,
                2.0
              ],
              "size": [
                8.0,
                8.0,
                2.0
              ],
              "uv": [
                0,
                0
              ],
              "inflate": 0
            }
          ],
          "parent": "head"
        }
      ]
    }
  ]
}