{
  "format_version": "1.12.0",
  "minecraft:geometry": [
    {
      "description": {
        "identifier": "geometry.fc_siren",
        "texture_width": 64,
        "texture_height": 64,
        "visible_bounds_width": 9,
        "visible_bounds_height": 9,
        "visible_bounds_offset": [
          0,
          0.5,
          0
        ]
      },
      "bones": [
        {
          "name": "bone4",
          "pivot": [
            0,
            16,
            1
          ],
          "cubes": [
            {
              "origin": [
                -4.0,
                12.0,
                -2.0
              ],
              "size": [
                8.0,
                12.0,
                4.0
              ],
              "uv": [
                32,
                48
              ],
              "inflate": 0
            },
            {
              "origin": [
                -2.0,
                24.0,
                -1.0
              ],
              "size": [
                4.0,
                2.0,
                2.0
              ],
              "uv": [
                16,
                48
              ],
              "inflate": 0
            },
            {
              "origin": [
                1.0,
                20.0,
                -2.5
              ],
              "size": [
                3.0,
                3.0,
                1.0
              ],
              "uv": [
                16,
                60
              ],
              "inflate": 0
            },
            {
              "origin": [
                -4.0,
                20.0,
                -2.5
              ],
              "size": [
                3.0,
                3.0,
                1.0
              ],
              "uv": [
                16,
                60
              ],
              "inflate": 0
            }
          ]
        },
        {
          "name": "bone5",
          "pivot": [
            0,
            25,
            0
          ],
          "cubes": [
            {
              "origin": [
                -4.0,
                25.38206,
                -4.44508
              ],
              "size": [
                8.0,
                8.0,
                8.0
              ],
              "uv": [
                0,
                30
              ],
              "inflate": 0
            },
            {
              "origin": [
                1.0,
                14.38206,
                -3.44508
              ],
              "size": [
                3.0,
                11.0,
                0.0
              ],
              "uv": [
                37,
                22
              ],
              "inflate": 0
            },
            {
              "origin": [
                -4.0,
                14.38206,
                -3.44508
              ],
              "size": [
                3.0,
                11.0,
                0.0
              ],
              "uv": [
                44,
                22
              ],
              "inflate": 0
            }
          ],
          "parent": "bone4"
        },
        {
          "name": "bone8",
          "pivot": [
            0,
            25.38206,
            2.55492
          ],
          "cubes": [
            {
              "origin": [
                -4.0,
                14.38206,
                1.55492
              ],
              "size": [
                8.0,
                11.0,
                2.0
              ],
              "uv": [
                35,
                33
              ],
              "inflate": 0
            }
          ],
          "parent": "bone5"
        },
        {
          "name": "bone6",
          "pivot": [
            -4,
            23,
            0
          ],
          "cubes": [
            {
              "origin": [
                -7.0,
                12.0,
                -2.0
              ],
              "size": [
                3.0,
                12.0,
                4.0
              ],
              "uv": [
                0,
                48
              ],
              "inflate": 0
            }
          ],
          "parent": "bone4"
        },
        {
          "name": "bone7",
          "pivot": [
            4,
            23,
            0
          ],
          "cubes": [
            {
              "origin": [
                4.0,
                12.0,
                -2.0
              ],
              "size": [
                3.0,
                12.0,
                4.0
              ],
              "uv": [
                0,
                48
              ],
              "inflate": 0
            }
          ],
          "parent": "bone4"
        },
        {
          "name": "rightLeg",
          "pivot": [
            0,
            12,
            0
          ],
          "cubes": [
            {
              "origin": [
                -4.0,
                0.0,
                -3.0
              ],
              "size": [
                8.0,
                12.0,
                6.0
              ],
              "uv": [
                0,
                0
              ],
              "inflate": 0
            }
          ],
          "parent": "bone4"
        },
        {
          "name": "bone",
          "cubes": [
            {
              "origin": [
                -3.0,
                -11.0,
                -2.5
              ],
              "size": [
                6.0,
                11.0,
                5.0
              ],
              "uv": [
                3,
                1
              ],
              "inflate": 0
            },
            {
              "origin": [
                -6.0,
                -12.0,
                -0.5
              ],
              "size": [
                7.0,
                10.0,
                0.0
              ],
              "uv": [
                24,
                18
              ],
              "inflate": 0
            },
            {
              "origin": [
                0.0,
                -11.0,
                -1.5
              ],
              "size": [
                0.0,
                10.0,
                7.0
              ],
              "uv": [
                24,
                11
              ],
              "inflate": 0
            },
            {
              "origin": [
                -1.0,
                -12.0,
                -0.5
              ],
              "size": [
                7.0,
                10.0,
                0.0
              ],
              "uv": [
                24,
                18
              ],
              "inflate": 0
            }
          ],
          "parent": "rightLeg"
        },
        {
          "name": "bone2",
          "pivot": [
            0,
            -11,
            0
          ],
          "cubes": [
            {
              "origin": [
                -1.0,
                -19.0,
                -1.5
              ],
              "size": [
                2.0,
                8.0,
                3.0
              ],
              "uv": [
                9,
                5
              ],
              "inflate": 0
            }
          ],
          "parent": "bone"
        },
        {
          "name": "bone3",
          "pivot": [
            0,
            -18,
            0
          ],
          "cubes": [
            {
              "origin": [
                -5.23479,
                -28.15405,
                -0.0832
              ],
              "size": [
                12.0,
                12.0,
                0.0
              ],
              "uv": [
                0,
                18
              ],
              "inflate": 0
            }
          ],
          "parent": "bone2"
        }
      ]
    }
  ]
}