{
  "format_version": "1.12.0",
  "minecraft:geometry": [
    {
      "description": {
        "identifier": "geometry.fc_siren_tail_pink",
        "texture_width": 64,
        "texture_height": 64,
        "visible_bounds_width": 9,
        "visible_bounds_height": 9,
        "visible_bounds_offset": [
          0,
          0.5,
          0
        ]
      },
      "bones": [
        {
          "name": "rightLeg",
          "pivot": [
            -2,
            12,
            0
          ],
          "cubes": [
            {
              "origin": [
                -3.0,
                -11.0,
                -2.5
              ],
              "size": [
                6.0,
                11.0,
                5.0
              ],
              "uv": [
                3,
                1
              ],
              "inflate": 0
            },
            {
              "origin": [
                -6.0,
                -12.0,
                -0.5
              ],
              "size": [
                7.0,
                10.0,
                0.0
              ],
              "uv": [
                24,
                18
              ],
              "inflate": 0
            },
            {
              "origin": [
                -1.0,
                -12.0,
                -0.5
              ],
              "size": [
                7.0,
                10.0,
                0.0
              ],
              "uv": [
                24,
                18
              ],
              "inflate": 0
            },
            {
              "origin": [
                -1.0,
                -19.0,
                -1.5
              ],
              "size": [
                2.0,
                8.0,
                3.0
              ],
              "uv": [
                9,
                5
              ],
              "inflate": 0
            },
            {
              "origin": [
                -4.0,
                0.0,
                -3.0
              ],
              "size": [
                8.0,
                12.0,
                6.0
              ],
              "uv": [
                0,
                0
              ],
              "inflate": 0
            },
            {
              "origin": [
                -6.0,
                -28.0,
                0.0
              ],
              "size": [
                12.0,
                12.0,
                0.0
              ],
              "uv": [
                0,
                18
              ],
              "inflate": 0
            }
          ]
        }
      ]
    }
  ]
}