{
  "format_version": "1.12.0",
  "minecraft:geometry": [
    {
      "description": {
        "identifier": "geometry.fc_yeti",
        "texture_width": 128,
        "texture_height": 128,
        "visible_bounds_width": 4,
        "visible_bounds_height": 4.5,
        "visible_bounds_offset": [
          0,
          1.75,
          0
        ]
      },
      "bones": [
        {
          "name": "bb_main",
          "cubes": [
            {
              "origin": [
                -10.0,
                18.0,
                -17.0
              ],
              "size": [
                20.0,
                15.0,
                32.0
              ],
              "uv": [
                0,
                0
              ],
              "inflate": 0
            }
          ]
        },
        {
          "name": "arm0",
          "pivot": [
            -8,
            27,
            -11
          ],
          "cubes": [
            {
              "origin": [
                -17.0,
                0.0,
                -16.0
              ],
              "size": [
                9.0,
                29.0,
                9.0
              ],
              "uv": [
                52,
                47
              ],
              "inflate": 0
            }
          ]
        },
        {
          "name": "arm1",
          "pivot": [
            8,
            27,
            -11
          ],
          "cubes": [
            {
              "origin": [
                8.0,
                0.0,
                -16.0
              ],
              "size": [
                9.0,
                29.0,
                9.0
              ],
              "uv": [
                52,
                47
              ],
              "inflate": 0
            }
          ]
        },
        {
          "name": "leg0",
          "pivot": [
            -6,
            18,
            11
          ],
          "cubes": [
            {
              "origin": [
                -10.0,
                1.0,
                9.0
              ],
              "size": [
                8.0,
                17.0,
                8.0
              ],
              "uv": [
                0,
                0
              ],
              "inflate": 0
            }
          ]
        },
        {
          "name": "leg1",
          "pivot": [
            6,
            18,
            11
          ],
          "cubes": [
            {
              "origin": [
                2.0,
                1.0,
                9.0
              ],
              "size": [
                8.0,
                17.0,
                8.0
              ],
              "uv": [
                0,
                0
              ],
              "inflate": 0
            }
          ]
        },
        {
          "name": "head",
          "pivot": [
            0,
            29,
            -14
          ],
          "cubes": [
            {
              "origin": [
                -7.0,
                25.0,
                -26.0
              ],
              "size": [
                14.0,
                16.0,
                12.0
              ],
              "uv": [
                0,
                47
              ],
              "inflate": 0
            },
            {
              "origin": [
                7.0,
                37.0,
                -22.0
              ],
              "size": [
                8.0,
                4.0,
                4.0
              ],
              "uv": [
                72,
                0
              ],
              "inflate": 0
            },
            {
              "origin": [
                -15.0,
                37.0,
                -22.0
              ],
              "size": [
                8.0,
                4.0,
                4.0
              ],
              "uv": [
                72,
                0
              ],
              "inflate": 0
            },
            {
              "origin": [
                12.0,
                41.0,
                -22.0
              ],
              "size": [
                3.0,
                3.0,
                4.0
              ],
              "uv": [
                0,
                25
              ],
              "inflate": 0
            },
            {
              "origin": [
                -15.0,
                41.0,
                -22.0
              ],
              "size": [
                3.0,
                3.0,
                4.0
              ],
              "uv": [
                0,
                25
              ],
              "inflate": 0
            },
            {
              "origin": [
                13.0,
                47.0,
                -20.5
              ],
              "size": [
                1.0,
                3.0,
                1.0
              ],
              "uv": [
                24,
                0
              ],
              "inflate": 0
            },
            {
              "origin": [
                -14.0,
                47.0,
                -20.5
              ],
              "size": [
                1.0,
                3.0,
                1.0
              ],
              "uv": [
                24,
                0
              ],
              "inflate": 0
            },
            {
              "origin": [
                12.5,
                44.0,
                -21.0
              ],
              "size": [
                2.0,
                3.0,
                2.0
              ],
              "uv": [
                0,
                0
              ],
              "inflate": 0
            },
            {
              "origin": [
                -14.5,
                44.0,
                -21.0
              ],
              "size": [
                2.0,
                3.0,
                2.0
              ],
              "uv": [
                0,
                0
              ],
              "inflate": 0
            }
          ]
        }
      ]
    }
  ]
}