{
	"format_version": "1.10.0",
	"particle_effect": {
		"description": {
			"identifier": "particle.ccat.space_infvoid_stars",
			"basic_render_parameters": {
				"material": "particles_alpha",
				"texture": "textures/particle/particles"
			}
		},
		"components": {
			"minecraft:emitter_rate_instant": {
				"num_particles": 2000
			},
			"minecraft:emitter_lifetime_once": {
				"active_time": 2
			},
			"minecraft:emitter_shape_sphere": {
				"radius": "math.random(2,14.8)",
				"surface_only": true,
				"direction": "outwards"
			},
			"minecraft:particle_lifetime_expression": {
				"max_lifetime": 28.25
			},
			"minecraft:particle_expire_if_not_in_blocks": [
				"minecraft:air",
				"minecraft:water",
				"minecraft:barrier",
				"minecraft:lava"
			],
			"minecraft:particle_initial_spin": {
				"rotation": "math.random(0,360)"
			},
			"minecraft:particle_initial_speed": 0.005,
			"minecraft:particle_motion_dynamic": {},
			"minecraft:particle_appearance_billboard": {
				"size": [
					0.02,
					0.02
				],
				"facing_camera_mode": "rotate_xyz",
				"uv": {
					"texture_width": 128,
					"texture_height": 128,
					"uv": [
						11,
						91
					],
					"uv_size": [
						3,
						3
					]
				}
			},
			"minecraft:particle_appearance_tinting": {
				"color": {
					"interpolant": "variable.particle_age  / variable.particle_lifetime",
					"gradient": {
						"0.0": "#FFFFFFFF",
						"0.93": "#ffffffff",
						"1.0": "#00FFFFFF"
					}
				}
			}
		}
	}
}