{
	"format_version": "1.10.0",
	"particle_effect": {
		"description": {
			"identifier": "particle.ccat.space_purple_explosion3",
			"basic_render_parameters": {
				"material": "particles_blend",
				"texture": "textures/particle/particles"
			}
		},
		"components": {
			"minecraft:emitter_rate_instant": {
				"num_particles": 500
			},
			"minecraft:emitter_lifetime_once": {
				"active_time": 1
			},
			"minecraft:emitter_shape_point": {},
			"minecraft:particle_lifetime_expression": {
				"max_lifetime": "math.random(0.5,3)"
			},
			"minecraft:particle_expire_if_not_in_blocks": [
				"minecraft:air",
				"minecraft:water",
				"minecraft:barrier",
				"minecraft:lava"
			],
			"minecraft:particle_initial_spin": {
				"rotation_rate": 150
			},
			"minecraft:particle_initial_speed": "math.random(5,40)",
			"minecraft:particle_motion_dynamic": {
				"linear_drag_coefficient": "math.random(1,2)",
				"rotation_drag_coefficient": 0.2
			},
			"minecraft:particle_appearance_billboard": {
				"size": [
					"math.clamp(variable.particle_age,0,0.4)",
					"math.clamp(variable.particle_age,0,0.4)"
				],
				"facing_camera_mode": "rotate_xyz",
				"uv": {
					"texture_width": 128,
					"texture_height": 128,
					"flipbook": {
						"base_UV": [
							1,
							89
						],
						"size_UV": [
							7,
							7
						],
						"step_UV": [
							8,
							0
						],
						"max_frame": 8,
						"stretch_to_lifetime": true
					}
				}
			},
			"minecraft:particle_appearance_tinting": {
				"color": {
					"interpolant": "variable.particle_age  / variable.particle_lifetime",
					"gradient": {
						"0.0": "#FFFFFFFF",
						"0.26": "#FFE782F1",
						"0.48": "#FFC72ADC",
						"0.68": "#FF8B15A2",
						"1.0": "#005E1181"
					}
				}
			}
		}
	}
}