{
	"format_version": "1.10.0",
	"particle_effect": {
		"description": {
			"identifier": "particle.ccat.space_purple_combine2",
			"basic_render_parameters": {
				"material": "particles_alpha",
				"texture": "textures/particle/particles"
			}
		},
		"curves": {
			"variable.shrink1": {
				"type": "linear",
				"input": "v.particle_age",
				"horizontal_range": "v.particle_lifetime",
				"nodes": [
					0.2,
					0.15,
					0
				]
			}
		},
		"components": {
			"minecraft:emitter_rate_instant": {
				"num_particles": 3
			},
			"minecraft:emitter_lifetime_once": {},
			"minecraft:emitter_shape_point": {},
			"minecraft:particle_lifetime_expression": {
				"max_lifetime": 1
			},
			"minecraft:particle_initial_speed": 0.8,
			"minecraft:particle_motion_dynamic": {
				"linear_drag_coefficient": "math.random(-2.8,-3)"
			},
			"minecraft:particle_appearance_billboard": {
				"size": [
					"variable.shrink1",
					"variable.shrink1"
				],
				"facing_camera_mode": "rotate_xyz",
				"uv": {
					"texture_width": 128,
					"texture_height": 128,
					"uv": [
						41,
						89
					],
					"uv_size": [
						7,
						7
					]
				}
			},
			"minecraft:particle_appearance_tinting": {
				"color": {
					"interpolant": "variable.shrink1",
					"gradient": {
						"0.0": "#FF420B6A",
						"0.16": "#FFAF0EEB",
						"0.2": "#FFEEE6EE"
					}
				}
			}
		}
	}
}