{
	"format_version": "1.10.0",
	"particle_effect": {
		"description": {
			"identifier": "particle.ccat.space_purple_blue_form",
			"basic_render_parameters": {
				"material": "particles_alpha",
				"texture": "textures/particle/particles"
			}
		},
		"components": {
			"minecraft:emitter_rate_steady": {
				"spawn_rate": 120,
				"max_particles": 60
			},
			"minecraft:emitter_lifetime_once": {
				"active_time": 0.5
			},
			"minecraft:emitter_shape_sphere": {
				"radius": 2.5,
				"surface_only": true,
				"direction": "inwards"
			},
			"minecraft:particle_lifetime_expression": {
				"max_lifetime": 0.6
			},
			"minecraft:particle_initial_spin": {
				"rotation_rate": -100
			},
			"minecraft:particle_initial_speed": 2,
			"minecraft:particle_motion_dynamic": {
				"linear_drag_coefficient": -2,
				"rotation_acceleration": -400
			},
			"minecraft:particle_appearance_billboard": {
				"size": [
					"variable.particle_age/5",
					"variable.particle_age/5"
				],
				"facing_camera_mode": "rotate_xyz",
				"uv": {
					"texture_width": 128,
					"texture_height": 128,
					"uv": [
						34,
						90
					],
					"uv_size": [
						5,
						5
					]
				}
			},
			"minecraft:particle_appearance_tinting": {
				"color": {
					"interpolant": "variable.particle_age / variable.particle_lifetime",
					"gradient": {
						"0.0": "#FF3543FF",
						"0.58": "#FF4A5DFF",
						"0.77": "#FF8C8CFF",
						"0.89": "#FFA4A0FF"
					}
				}
			}
		}
	}
}