{
	"format_version": "1.10.0",
	"particle_effect": {
		"description": {
			"identifier": "particle.ccat.space_purple_combine",
			"basic_render_parameters": {
				"material": "particles_blend",
				"texture": "textures/particle/particles"
			}
		},
		"components": {
			"minecraft:emitter_rate_instant": {
				"num_particles": 2
			},
			"minecraft:emitter_lifetime_once": {},
			"minecraft:emitter_shape_sphere": {
				"radius": 0.05,
				"surface_only": true,
				"direction": "outwards"
			},
			"minecraft:particle_lifetime_expression": {
				"max_lifetime": 0.2
			},
			"minecraft:particle_initial_speed": 0.6,
			"minecraft:particle_motion_dynamic": {
				"linear_drag_coefficient": 20
			},
			"minecraft:particle_appearance_billboard": {
				"size": [
					"math.random(0.32,0.35)",
					"math.random(0.37,0.4)"
				],
				"facing_camera_mode": "rotate_xyz",
				"uv": {
					"texture_width": 128,
					"texture_height": 128,
					"uv": [
						41,
						89
					],
					"uv_size": [
						7,
						7
					]
				}
			},
			"minecraft:particle_appearance_tinting": {
				"color": {
					"interpolant": "variable.particle_age / variable.particle_lifetime",
					"gradient": {
						"0.0": "#00D548E7",
						"0.71": "#FFB716E0",
						"1.0": "#FF881A9E"
					}
				}
			}
		}
	}
}