{
	"format_version": "1.10.0",
	"particle_effect": {
		"description": {
			"identifier": "particle.ccat.space_infvoid_blackhole",
			"basic_render_parameters": {
				"material": "particles_blend",
				"texture": "textures/particle/texture.ccat.space_infvoid_blackhole"
			}
		},
		"components": {
			"minecraft:emitter_rate_instant": {
				"num_particles": 1
			},
			"minecraft:emitter_lifetime_once": {
				"active_time": 1
			},
			"minecraft:emitter_shape_point": {},
			"minecraft:particle_lifetime_expression": {
				"max_lifetime": 28.25
			},
			"minecraft:particle_initial_speed": 0,
			"minecraft:particle_motion_dynamic": {},
			"minecraft:particle_appearance_billboard": {
				"size": [
					4,
					4
				],
				"facing_camera_mode": "rotate_xyz",
				"uv": {
					"texture_width": 78,
					"texture_height": 78,
					"uv": [
						0,
						0
					],
					"uv_size": [
						78,
						78
					]
				}
			},
			"minecraft:particle_appearance_tinting": {
				"color": {
					"interpolant": "v.particle_age / v.particle_lifetime",
					"gradient": {
						"0.0": "#FFFFFFF4",
						"0.23": "#FFFFFFF0",
						"0.5": "#FFFFFFF4",
						"0.76": "#FFFFFFF0",
						"1.0": "#FFFFFFF4"
					}
				}
			}
		}
	}
}