{
	"format_version": "1.10.0",
	"particle_effect": {
		"description": {
			"identifier": "particle.ccat.space_purple_explosion2",
			"basic_render_parameters": {
				"material": "particles_blend",
				"texture": "textures/particle/particles"
			}
		},
		"components": {
			"minecraft:emitter_rate_instant": {
				"num_particles": 200
			},
			"minecraft:emitter_lifetime_once": {
				"active_time": 1
			},
			"minecraft:emitter_shape_point": {},
			"minecraft:particle_lifetime_expression": {
				"max_lifetime": "math.random(2,4)"
			},
			"minecraft:particle_expire_if_not_in_blocks": [
				"minecraft:air",
				"minecraft:water",
				"minecraft:barrier",
				"minecraft:lava"
			],
			"minecraft:particle_initial_spin": {
				"rotation_rate": "math.random(0,200)"
			},
			"minecraft:particle_initial_speed": "math.random(10,35)",
			"minecraft:particle_motion_dynamic": {
				"linear_drag_coefficient": "math.random(2.5,3)",
				"rotation_drag_coefficient": 0.4
			},
			"minecraft:particle_appearance_billboard": {
				"size": [
					"math.clamp(variable.particle_age,0,0.5)",
					"math.clamp(variable.particle_age,0,0.5)"
				],
				"facing_camera_mode": "rotate_xyz",
				"uv": {
					"texture_width": 128,
					"texture_height": 128,
					"flipbook": {
						"base_UV": [
							0,
							0
						],
						"size_UV": [
							8,
							8
						],
						"step_UV": [
							8,
							0
						],
						"max_frame": 8,
						"stretch_to_lifetime": true
					}
				}
			},
			"minecraft:particle_appearance_tinting": {
				"color": {
					"interpolant": "variable.particle_age / variable.particle_lifetime",
					"gradient": {
						"0.0": "#FFCAA3D0",
						"0.25": "#FF9D18AB",
						"0.61": "#FF7E138C",
						"1.0": "#006F1581"
					}
				}
			}
		}
	}
}