{
	"format_version": "1.10.0",
	"particle_effect": {
		"description": {
			"identifier": "particle.ccat.space_purple_glow",
			"basic_render_parameters": {
				"material": "particles_blend",
				"texture": "textures/particle/particles"
			}
		},
		"components": {
			"minecraft:emitter_rate_instant": {
				"num_particles": 1
			},
			"minecraft:emitter_lifetime_once": {
				"active_time": 1
			},
			"minecraft:emitter_shape_point": {},
			"minecraft:particle_lifetime_expression": {
				"max_lifetime": 1.5
			},
			"minecraft:particle_initial_speed": 0,
			"minecraft:particle_motion_dynamic": {},
			"minecraft:particle_appearance_billboard": {
				"size": [
					"3.5*variable.particle_age",
					"3.5*variable.particle_age"
				],
				"facing_camera_mode": "rotate_xyz",
				"uv": {
					"texture_width": 128,
					"texture_height": 128,
					"uv": [
						32,
						17
					],
					"uv_size": [
						32,
						32
					]
				}
			},
			"minecraft:particle_appearance_tinting": {
				"color": {
					"interpolant": "variable.particle_age / variable.particle_lifetime",
					"gradient": {
						"0.0": "#FFEBE0E0",
						"0.09": "#FFC464E4",
						"0.9": "#FF9D1BCA",
						"1.0": "#00FF00FF"
					}
				}
			}
		}
	}
}