{
	"format_version": "1.10.0",
	"particle_effect": {
		"description": {
			"identifier": "particle.ccat.space_infvoid_rush",
			"basic_render_parameters": {
				"material": "particles_alpha",
				"texture": "textures/particle/particles"
			}
		},
		"components": {
			"minecraft:emitter_rate_instant": {
				"num_particles": 300
			},
			"minecraft:emitter_lifetime_once": {},
			"minecraft:emitter_shape_sphere": {
				"offset": [
					0,
					0,
					-2
				],
				"radius": "math.random(4,14)",
				"surface_only": true,
				"direction": [
					0,
					0,
					1
				]
			},
			"minecraft:particle_lifetime_expression": {
				"max_lifetime": 0.04
			},
			"minecraft:particle_expire_if_not_in_blocks": [
				"minecraft:air",
				"minecraft:water",
				"minecraft:barrier",
				"minecraft:lava"
			],
			"minecraft:particle_initial_speed": 100,
			"minecraft:particle_motion_dynamic": {},
			"minecraft:particle_appearance_billboard": {
				"size": [
					2,
					0.02
				],
				"facing_camera_mode": "lookat_direction",
				"direction": {
					"mode": "derive_from_velocity"
				},
				"uv": {
					"texture_width": 128,
					"texture_height": 128,
					"uv": [
						41,
						92
					],
					"uv_size": [
						7,
						1
					]
				}
			},
			"minecraft:particle_appearance_tinting": {
				"color": {
					"interpolant": "math.random(0,1)",
					"gradient": {
						"0.25": "#ffffffff",
						"0.48": "#FFAD0042",
						"0.76": "#FF480067",
						"1.0": "#FFF600F7"
					}
				}
			}
		}
	}
}