{
	"format_version": "1.10.0",
	"particle_effect": {
		"description": {
			"identifier": "particle.ccat.space_purple_lightning4.2",
			"basic_render_parameters": {
				"material": "particles_alpha",
				"texture": "textures/particle/texture.ccat.space_purple_lightning4"
			}
		},
		"components": {
			"minecraft:emitter_rate_instant": {
				"num_particles": 15
			},
			"minecraft:emitter_lifetime_once": {},
			"minecraft:emitter_shape_sphere": {
				"radius": "math.random(2.5,8)",
				"surface_only": true,
				"direction": "inwards"
			},
			"minecraft:particle_lifetime_expression": {
				"max_lifetime": 0.2
			},
			"minecraft:particle_initial_spin": {
				"rotation": "math.random(0,360)"
			},
			"minecraft:particle_initial_speed": 0,
			"minecraft:particle_motion_dynamic": {},
			"minecraft:particle_appearance_billboard": {
				"size": [
					1.3,
					1.3
				],
				"facing_camera_mode": "rotate_xyz",
				"uv": {
					"texture_width": 51,
					"texture_height": 51,
					"uv": [
						0,
						0
					],
					"uv_size": [
						51,
						51
					]
				}
			},
			"minecraft:particle_appearance_tinting": {
				"color": {
					"interpolant": "variable.particle_age / variable.particle_lifetime",
					"gradient": {
						"0.0": "#FFFFFFFF",
						"0.68": "#FFFFFFFF",
						"1.0": "#00FFFFFF"
					}
				}
			}
		}
	}
}