{
	"format_version": "1.10.0",
	"particle_effect": {
		"description": {
			"identifier": "particle.ccat.space_purple_inner",
			"basic_render_parameters": {
				"material": "particles_alpha",
				"texture": "textures/particle/particles"
			}
		},
		"components": {
			"minecraft:emitter_rate_instant": {
				"num_particles": 150
			},
			"minecraft:emitter_lifetime_once": {
				"active_time": 1
			},
			"minecraft:emitter_shape_sphere": {
				"radius": 1.9,
				"surface_only": true,
				"direction": "outwards"
			},
			"minecraft:particle_lifetime_expression": {
				"max_lifetime": 0.2
			},
			"minecraft:particle_initial_spin": {
				"rotation": "math.random(0,360)",
				"rotation_rate": 150
			},
			"minecraft:particle_initial_speed": 1,
			"minecraft:particle_motion_dynamic": {},
			"minecraft:particle_appearance_billboard": {
				"size": [
					0.25,
					0.25
				],
				"facing_camera_mode": "rotate_xyz",
				"uv": {
					"texture_width": 128,
					"texture_height": 128,
					"uv": [
						34,
						90
					],
					"uv_size": [
						5,
						5
					]
				}
			},
			"minecraft:particle_appearance_tinting": {
				"color": {
					"interpolant": "variable.particle_age / variable.particle_lifetime",
					"gradient": {
						"0.0": "#FFE4BEFF",
						"0.31": "#FFDE92FF",
						"1.0": "#FF9B20CE"
					}
				}
			}
		}
	}
}