{
	"format_version": "1.16.100",
	"minecraft:item": {
		"description": {
			"identifier": "knights:wooden_lucernehammer",
			"category": "equipment"
		},
		"components": {
			"minecraft:can_destroy_in_creative": false,
			"minecraft:creative_category": {
				"parent": "itemGroup.name.sword"
			},
			"minecraft:durability": {
				"max_durability": 70
			},
			"minecraft:damage": 5,
			"minecraft:digger": {
				"use_efficiency": true,
				"destroy_speeds": [
					{
						"block": "minecraft:web",
						"on_dig": {
							"event": "on_tool_used",
							"target": "self"
						},
						"speed": 15
					},
					{
						"block": "minecraft:bamboo",
						"on_dig": {
							"event": "on_tool_used",
							"target": "self"
						},
						"speed": 60
					}
				]
			},
			"minecraft:enchantable": {
				"value": 14,
				"slot": "sword"
			},
			"minecraft:hand_equipped": true,
			"minecraft:display_name": {
				"value": "Wooden Lucerne Hammer"
			},
			"minecraft:icon": {
				"texture": "knights_wooden_lucernehammer"
			},
			"minecraft:max_stack_size": 1,
			"minecraft:repairable": {
				"repair_items": [
					{
						"items": [
							"minecraft:planks"
						],
						"repair_amount": "query.max_durability*0.25"
					},
					{
						"items": [
							"knights:wooden_lucernehammer"
						],
						"repair_amount": "context.other->query.remaining_durability+0.12*context.other->query.max_durability"
					}
				]
			},
			"minecraft:weapon": {
				"on_hurt_entity": {
					"event": "damaged",
					"target": "self"
				}
			},
			"tag:minecraft:is_sword": {},
			"tag:damage:wood": {},
			"tag:minecraft:is_mace": {},
			"tag:minecraft:is_tool": {}
		},
		"events": {
			"damaged": {
				"damage": {
					"type": "durability",
					"amount": 1,
					"target": "self"
				}
			},
			"on_tool_used": {
				"damage": {
					"type": "durability",
					"amount": 2,
					"target": "self"
				}
			}
		}
	}
}