{"entity_sounds":{"entities":{"yg:bunzo_bunny":{"events":{"ambient":"mob.yg_bunzo_bunny.ambient","attack":{"pitch":1,"sound":"mob.yg_bunzo_bunny.attack","volume":50},"death":"mob.yg_bunzo_bunny.death","hurt":"mob.yg_bunzo_bunny.hurt","step":{"pitch":1,"sound":"mob.yg_bunzo_bunny.step","volume":10}},"pitch":[1],"volume":50},"yg:catnap":{"events":{"attack":{"pitch":1,"sound":"mob.yg_catnap.attack","volume":50},"roar":{"sound":"mob.yg_catnap.roar","volume":50,"pitch":1}},"pitch":[1],"volume":50},"yg:huggy_wuggy":{"events":{"attack":{"pitch":1,"sound":"mob.yg_huggy_wuggy.attack","volume":50},"target":"music.yg_huggy_wuggy.target"},"pitch":[1],"volume":50},"yg:huggy_buddys":{"events":{"ambient":"mob.yg_huggy_buddys.ambient","attack":{"pitch":1,"sound":"mob.yg_huggy_buddys.attack","volume":50},"death":"mob.yg_huggy_buddys.death","hurt":"mob.yg_huggy_buddys.hurt"},"pitch":[1],"volume":50},"yg:mommy_long_legs":{"events":{"ambient":"mob.yg_mommy_long_legs.ambient","attack":{"pitch":1,"sound":"mob.yg_mommy_long_legs.attack","volume":50},"death":"mob.yg_mommy_long_legs.death","hurt":"mob.yg_mommy_long_legs.hurt","target":"music.yg_mommy_long_legs.target"},"pitch":[1],"volume":50},"yg:pj_pugapillar":{"events":{"attack":{"pitch":1,"sound":"mob.yg_pj_pugapillar.attack","volume":50}},"pitch":[1],"volume":50},"yg:poppy":{"events":{"ambient":"mob.yg_poppy.ambient","death":"mob.yg_poppy.death","hurt":"mob.yg_poppy.hurt"},"pitch":[1],"volume":50},"yg:prototype":{"events":{"ambient":"mob.yg_prototype.ambient"},"pitch":[1],"volume":50}}}}