{
    "format_version": 1,
    "header": {
        "description": "By LegitDragonb0y Crafter Saurus And ClownZilla",
        "name": "Godzilla Attack (Distant Expansion)",
        "uuid": "b4af28f8-174e-44ff-ba0d-75d6e1fe17ae",
        "version": [0, 0, 2],
        "min_engine_version":[1,12,0]
    },
    "modules": [
        {
            "description": " By LegitDragonB0y Crafter Saurus And ClownZilla",
            "type": "data",
            "uuid": "95dcdbf9-fa2f-4ffc-90c6-f5c5a568e889",
            "version": [0, 0, 2]
        }
    ],
    "dependencies": [
        {
            "uuid": "fabf955e-04f6-4683-b73e-d706086317be",
            "version": [0, 0, 2]
        }
    ]
}
