{
  "format_version": "1.10.0",
  "minecraft:spawn_rules": {
    "description": {
      "identifier": "fc:koi",
      "population_control": "water_animal"
    },
    "conditions": [
      {
        "minecraft:spawns_on_surface": {},
        "minecraft:spawns_underwater": {},
        "minecraft:brightness_filter": {
          "min": 0.0,
          "max": 15.0,
          "adjust_for_weather": false
        },
        "minecraft:weight": {
          "default": 10
        },
        "minecraft:herd": {
          "min_size": 1,
          "max_size": 5
        },
        "minecraft:density_limit": {
          "surface": 5
        },
        "minecraft:biome_filter": [
          {
            "any_of": [
              {
                "test": "has_biome_tag",
                "operator": "==",
                "value": "river"
              }
            ]
          }
        ]
      }
    ]
  }
}