{
  "format_version": "1.8.0",
  "minecraft:client_entity": {
    "description": {
      "identifier": "f:bubble",
      "min_engine_version": "1.8.0",
      "materials": {
        "default": "witch"
      },
      "textures": {
        "default": "textures/entity/pamobile/f_bubble"
      },
      "geometry": {
        "default": "geometry.f_bubble"
      },
      "scripts": {
        "scale": "0.9375"
      },
      "animations": {
        "villager_general": "animation.villager.general",
        "look_at_target": "animation.common.look_at_target",
        "move": "animation.villager.move",
        "general": "animation.bubble.idleandwalk"
      },
      "animation_controllers": [
        {
          "general": "controller.animation.witch.general"
        },
        {
          "move": "controller.animation.villager.move"
        }
      ],
      "render_controllers": [
        "controller.render.witch"
      ],
      "spawn_egg": {
        "base_color": "#959595",
        "overlay_color": "#D8D8D8"
      }
    }
  }
}