{
  "format_version": "1.10.0",
  "minecraft:attachable": {
    "description": {
      "identifier": "pixel:netherite_katana_rndtsb",
      "materials": {
        "default": "entity_alphatest",
        "enchanted": "entity_alphatest_glint"
      },
      "textures": {
        "default": "textures/entity/netherite_katana",
        "tsuba": "textures/entity/katana/tsuba/maru_gata",
        "enchanted": "textures/misc/enchanted_item_glint",
        "trail": "textures/entity/rapier_trail_normal"
      },
      "geometry": {
        "mainhand": "geometry.katana",
        "sheath": "geometry.katana_first",
        "tsuba": "geometry.tsuba_maru_gata"
      },
      "render_controllers": [
        "controller.render.weaponk", 
        "controller.render.tsuba"
      ]
    }
  }
}
