{
 "format_version": "1.16.100",
 "minecraft:item": {
	"description": {
		"identifier": "pixel:skill_dodge",
        "category":"Equipment"
	},
	"components": {
      "minecraft:creative_category": {
        "parent": "itemGroup.name.fan"
      },
	  "minecraft:icon": {
		"texture": "roll_scroll"
	  },
	  "tag:minecraft:is_skill":{},
	  "minecraft:display_name": {
		"value": "Dodge Skill"
	  },
	  "minecraft:max_stack_size": 1,
	  "minecraft:hand_equipped": true,
	  "minecraft:cooldown": {
		"category": "skill",
		"duration": 2
	  },
      "minecraft:use_duration": 3600,
      "minecraft:food": {
        "can_always_eat": true
      },
	  "minecraft:on_use": {
		"on_use": {
	      "event": "fan"
		}
      }
    },
	"events": {
      "fan": {
		"sequence": [
		   {
	        "run_command":{
	          "command":[
		        "execute @s ~ ~ ~ summon pixel:propel ^^^1"
	          ]
	        }
		  }
		]
	  }
	}
  }
}