{
	"format_version": "1.12.0",
	"minecraft:geometry": [
		{
			"description": {
				"identifier": "geometry.knights_armet_helm_display",
				"texture_width": 64,
				"texture_height": 32,
				"visible_bounds_width": 3,
				"visible_bounds_height": 3.5,
				"visible_bounds_offset": [
					0,
					1.25,
					0
				]
			},
			"bones": [
				{
					"name": "block",
					"pivot": [
						0,
						0,
						0
					],
					"cubes": [
						{
							"origin": [
								0,
								0,
								0
							],
							"size": [
								0,
								0,
								0
							],
							"uv": [
								0,
								0
							]
						}
					]
				},
				{
					"name": "Armet",
					"parent": "block",
					"pivot": [
						-4,
						8,
						-4
					],
					"cubes": [
						{
							"origin": [
								-4,
								0.95,
								-3.2
							],
							"size": [
								8,
								7,
								7
							],
							"inflate": 1,
							"uv": [
								0,
								0
							]
						},
						{
							"origin": [
								-4,
								0.95,
								-3.7
							],
							"size": [
								8,
								7,
								1
							],
							"inflate": 0.97,
							"uv": [
								6,
								6
							]
						}
					]
				},
				{
					"name": "VisorTopLeft",
					"parent": "block",
					"pivot": [
						-4,
						8,
						-4
					],
					"rotation": [
						-41.74,
						-39.13,
						0
					],
					"cubes": [
						{
							"origin": [
								-3.6,
								2.35,
								-6.6
							],
							"size": [
								7,
								5,
								0
							],
							"uv": [
								47,
								0
							]
						}
					]
				},
				{
					"name": "VisorTopRight",
					"parent": "block",
					"pivot": [
						-4,
						8,
						-4
					],
					"rotation": [
						-41.74,
						36.52,
						0
					],
					"cubes": [
						{
							"origin": [
								-5.1,
								5.6,
								-2.9
							],
							"size": [
								7,
								5,
								0
							],
							"uv": [
								47,
								0
							],
							"mirror": true
						}
					]
				},
				{
					"name": "VisorBottomLeft",
					"parent": "block",
					"pivot": [
						-4,
						8,
						-4
					],
					"rotation": [
						39.13,
						-39.13,
						0
					],
					"cubes": [
						{
							"origin": [
								-3.85,
								3.5,
								-10.9
							],
							"size": [
								7,
								6,
								0
							],
							"uv": [
								30,
								0
							],
							"mirror": true
						}
					]
				},
				{
					"name": "VisorBottomRight",
					"parent": "block",
					"pivot": [
						-4,
						8,
						-4
					],
					"rotation": [
						39.13,
						39.13,
						0
					],
					"cubes": [
						{
							"origin": [
								-4.95,
								0.25,
								-6.9
							],
							"size": [
								7,
								6,
								0
							],
							"uv": [
								30,
								0
							]
						}
					]
				},
				{
					"name": "Plume4",
					"parent": "block",
					"pivot": [
						-4,
						8,
						-4
					],
					"rotation": [
						-57.39,
						-15.65,
						57.39
					],
					"cubes": [
						{
							"origin": [
								0.2,
								17.6,
								2.8
							],
							"size": [
								3,
								3,
								3
							],
							"inflate": 0.5,
							"uv": [
								12,
								18
							],
							"mirror": true
						}
					]
				},
				{
					"name": "Plume12",
					"parent": "block",
					"pivot": [
						-4,
						8,
						-4
					],
					"rotation": [
						49.57,
						-7.83,
						-33.91
					],
					"cubes": [
						{
							"origin": [
								-0.3,
								-0.9,
								4
							],
							"size": [
								3,
								3,
								3
							],
							"inflate": 0.5,
							"uv": [
								0,
								23
							]
						}
					]
				},
				{
					"name": "Plume7",
					"parent": "block",
					"pivot": [
						-4,
						8,
						-4
					],
					"rotation": [
						-57.39,
						7.83,
						140.87
					],
					"cubes": [
						{
							"origin": [
								-9.7,
								21.8,
								-0.6
							],
							"size": [
								3,
								3,
								3
							],
							"inflate": 0.5,
							"uv": [
								12,
								25
							],
							"mirror": true
						}
					]
				},
				{
					"name": "Plume21",
					"parent": "block",
					"pivot": [
						-4,
						8,
						-4
					],
					"rotation": [
						-75.65,
						39.13,
						0
					],
					"cubes": [
						{
							"origin": [
								-6.9,
								19.8,
								-1.2
							],
							"size": [
								3,
								3,
								3
							],
							"inflate": 0.5,
							"uv": [
								12,
								25
							],
							"mirror": true
						}
					]
				},
				{
					"name": "Plume1",
					"parent": "block",
					"pivot": [
						-4,
						8,
						-4
					],
					"rotation": [
						-20.87,
						0,
						0
					],
					"cubes": [
						{
							"origin": [
								-1.5,
								11.8,
								5.7
							],
							"size": [
								3,
								3,
								3
							],
							"inflate": 0.5,
							"uv": [
								0,
								23
							],
							"mirror": true
						}
					]
				},
				{
					"name": "Plume0",
					"parent": "block",
					"pivot": [
						-4,
						8,
						-4
					],
					"rotation": [
						-80.87,
						5.22,
						-39.13
					],
					"cubes": [
						{
							"origin": [
								-2.9,
								16.9,
								-1
							],
							"size": [
								2,
								3,
								2
							],
							"inflate": 0.5,
							"uv": [
								24,
								17
							]
						}
					]
				},
				{
					"name": "Plume2",
					"parent": "block",
					"pivot": [
						-4,
						8,
						-4
					],
					"rotation": [
						-65.22,
						-5.22,
						73.04
					],
					"cubes": [
						{
							"origin": [
								-4.6,
								20.6,
								-1.3
							],
							"size": [
								3,
								3,
								3
							],
							"inflate": 0.5,
							"uv": [
								12,
								25
							],
							"mirror": true
						}
					]
				},
				{
					"name": "Plume11",
					"parent": "block",
					"pivot": [
						-4,
						8,
						-4
					],
					"rotation": [
						20.87,
						0,
						0
					],
					"cubes": [
						{
							"origin": [
								-1.5,
								0.5,
								8.1
							],
							"size": [
								3,
								3,
								3
							],
							"inflate": 0.5,
							"uv": [
								0,
								23
							]
						}
					]
				},
				{
					"name": "Plume27",
					"parent": "block",
					"pivot": [
						-4,
						8,
						-4
					],
					"rotation": [
						-54.78,
						20.87,
						-7.83
					],
					"cubes": [
						{
							"origin": [
								-4.6,
								19.6,
								1.2
							],
							"size": [
								3,
								3,
								3
							],
							"inflate": 0.5,
							"uv": [
								12,
								25
							],
							"mirror": true
						}
					]
				},
				{
					"name": "Plume8",
					"parent": "block",
					"pivot": [
						-4,
						8,
						-4
					],
					"rotation": [
						-86.09,
						-13.04,
						-54.78
					],
					"cubes": [
						{
							"origin": [
								-5.5,
								19.6,
								-1
							],
							"size": [
								3,
								3,
								3
							],
							"inflate": 0.5,
							"uv": [
								12,
								25
							],
							"mirror": true
						}
					]
				},
				{
					"name": "Plume28",
					"parent": "block",
					"pivot": [
						-4,
						8,
						-4
					],
					"rotation": [
						23.48,
						10.43,
						-80.87
					],
					"cubes": [
						{
							"origin": [
								-1.7,
								-0.7,
								3.2
							],
							"size": [
								3,
								3,
								3
							],
							"inflate": 0.5,
							"uv": [
								0,
								23
							]
						}
					]
				},
				{
					"name": "Plume19",
					"parent": "block",
					"pivot": [
						-4,
						8,
						-4
					],
					"rotation": [
						-86.09,
						26.09,
						20.87
					],
					"cubes": [
						{
							"origin": [
								-5.5,
								20.4,
								-3.7
							],
							"size": [
								3,
								3,
								3
							],
							"inflate": 0.5,
							"uv": [
								12,
								25
							],
							"mirror": true
						}
					]
				},
				{
					"name": "Plume5",
					"parent": "block",
					"pivot": [
						-4,
						8,
						-4
					],
					"rotation": [
						-49.57,
						7.83,
						26.09
					],
					"cubes": [
						{
							"origin": [
								-4.6,
								20.5,
								1.2
							],
							"size": [
								3,
								3,
								3
							],
							"inflate": 0.5,
							"uv": [
								12,
								25
							],
							"mirror": true
						}
					]
				},
				{
					"name": "Plume14",
					"parent": "block",
					"pivot": [
						-4,
						8,
						-4
					],
					"rotation": [
						31.3,
						-28.7,
						-83.48001
					],
					"cubes": [
						{
							"origin": [
								2.6,
								3.3,
								2.5
							],
							"size": [
								3,
								3,
								3
							],
							"inflate": 0.5,
							"uv": [
								0,
								23
							]
						}
					]
				},
				{
					"name": "Plume22",
					"parent": "block",
					"pivot": [
						-4,
						8,
						-4
					],
					"rotation": [
						-5.22,
						39.13,
						-151.3
					],
					"cubes": [
						{
							"origin": [
								-11.1,
								2.7,
								-1.3
							],
							"size": [
								3,
								3,
								3
							],
							"inflate": 0.5,
							"uv": [
								0,
								23
							]
						}
					]
				},
				{
					"name": "Plume17",
					"parent": "block",
					"pivot": [
						-4,
						8,
						-4
					],
					"rotation": [
						93.91001,
						-26.09,
						15.65
					],
					"cubes": [
						{
							"origin": [
								-0.6,
								-0.4,
								-1.9
							],
							"size": [
								3,
								3,
								3
							],
							"inflate": 0.5,
							"uv": [
								0,
								23
							],
							"mirror": true
						}
					]
				},
				{
					"name": "Plume24",
					"parent": "block",
					"pivot": [
						-4,
						8,
						-4
					],
					"rotation": [
						20.87,
						2.61,
						5.22
					],
					"cubes": [
						{
							"origin": [
								-5.4,
								0.7,
								8.6
							],
							"size": [
								3,
								3,
								3
							],
							"inflate": 0.5,
							"uv": [
								0,
								23
							]
						}
					]
				},
				{
					"name": "Plume13",
					"parent": "block",
					"pivot": [
						-4,
						8,
						-4
					],
					"rotation": [
						-109.57,
						5.22,
						-26.09
					],
					"cubes": [
						{
							"origin": [
								-6.2,
								21.7,
								-2.7
							],
							"size": [
								3,
								3,
								3
							],
							"inflate": 0.5,
							"uv": [
								12,
								17
							],
							"mirror": true
						}
					]
				}
			]
		}
	]
}