{
	"format_version": "1.12.0",
	"minecraft:geometry": [
		{
			"description": {
				"identifier": "geometry.knights_straw_display",
				"texture_width": 128,
				"texture_height": 128,
				"visible_bounds_width": 3,
				"visible_bounds_height": 3,
				"visible_bounds_offset": [
					0,
					1.5,
					0
				]
			},
			"bones": [
				{
					"name": "block",
					"pivot": [
						0,
						3,
						0
					],
					"cubes": [
						{
							"origin": [
								-6,
								0,
								-6
							],
							"size": [
								12,
								1,
								12
							],
							"uv": [
								60,
								7
							]
						},
						{
							"origin": [
								-1,
								0.5,
								-1
							],
							"size": [
								2,
								7,
								2
							],
							"uv": [
								56,
								0
							]
						}
					]
				},
				{
					"name": "head",
					"parent": "block",
					"pivot": [
						0,
						2,
						0
					],
					"cubes": [
						{
							"origin": [
								-4,
								2,
								-4
							],
							"size": [
								8,
								8,
								8
							],
							"inflate": 0.6,
							"uv": [
								0,
								0
							]
						}
					]
				},
				{
					"name": "strawhat",
					"parent": "head",
					"pivot": [
						0,
						2,
						0
					]
				},
				{
					"name": "bone2",
					"parent": "strawhat",
					"pivot": [
						0,
						-24,
						0
					],
					"rotation": [
						0,
						-90,
						0
					],
					"cubes": [
						{
							"origin": [
								-8.5,
								0.5,
								1
							],
							"size": [
								17,
								13,
								0
							],
							"pivot": [
								0,
								13,
								0
							],
							"rotation": [
								50,
								0,
								0
							],
							"uv": [
								0,
								29
							]
						},
						{
							"origin": [
								-8.5,
								0.5,
								-1
							],
							"size": [
								17,
								13,
								0
							],
							"pivot": [
								0,
								13,
								0
							],
							"rotation": [
								-50,
								0,
								0
							],
							"uv": [
								0,
								29
							]
						}
					]
				},
				{
					"name": "bone4",
					"parent": "strawhat",
					"pivot": [
						0,
						-24,
						0
					],
					"rotation": [
						0,
						180,
						0
					],
					"cubes": [
						{
							"origin": [
								-8.5,
								0.5,
								1
							],
							"size": [
								17,
								13,
								0
							],
							"pivot": [
								0,
								13,
								0
							],
							"rotation": [
								50,
								0,
								0
							],
							"uv": [
								0,
								29
							]
						},
						{
							"origin": [
								-8.5,
								0.5,
								-1
							],
							"size": [
								17,
								13,
								0
							],
							"pivot": [
								0,
								13,
								0
							],
							"rotation": [
								-50,
								0,
								0
							],
							"uv": [
								0,
								29
							]
						}
					]
				}
			]
		}
	]
}