{
	"format_version": "1.12.0",
	"minecraft:geometry": [
		{
			"description": {
				"identifier": "geometry.knights_kabuto_display",
				"texture_width": 64,
				"texture_height": 64,
				"visible_bounds_width": 2,
				"visible_bounds_height": 3.5,
				"visible_bounds_offset": [
					0,
					1.25,
					0
				]
			},
			"bones": [
				{
					"name": "head",
					"pivot": [
						0,
						0,
						0
					],
					"cubes": [
						{
							"origin": [
								-4.2,
								5.8,
								-5
							],
							"size": [
								8.4,
								3,
								1
							],
							"uv": {
								"north": {
									"uv": [
										17,
										20
									],
									"uv_size": [
										8,
										3
									]
								},
								"east": {
									"uv": [
										2,
										31
									],
									"uv_size": [
										1,
										3
									]
								},
								"south": {
									"uv": [
										0,
										21
									],
									"uv_size": [
										8,
										3
									]
								},
								"west": {
									"uv": [
										24,
										31
									],
									"uv_size": [
										1,
										3
									]
								},
								"up": {
									"uv": [
										25,
										4
									],
									"uv_size": [
										8,
										1
									]
								},
								"down": {
									"uv": [
										27,
										16
									],
									"uv_size": [
										8,
										-1
									]
								}
							}
						},
						{
							"origin": [
								-4.2,
								8.8,
								-4
							],
							"size": [
								8.4,
								1,
								8
							],
							"uv": {
								"north": {
									"uv": [
										27,
										16
									],
									"uv_size": [
										8,
										1
									]
								},
								"east": {
									"uv": [
										27,
										17
									],
									"uv_size": [
										8,
										1
									]
								},
								"south": {
									"uv": [
										27,
										18
									],
									"uv_size": [
										8,
										1
									]
								},
								"west": {
									"uv": [
										27,
										19
									],
									"uv_size": [
										8,
										1
									]
								},
								"up": {
									"uv": [
										0,
										0
									],
									"uv_size": [
										8,
										8
									]
								},
								"down": {
									"uv": [
										0,
										8
									],
									"uv_size": [
										8,
										-8
									]
								}
							}
						},
						{
							"origin": [
								-4.2,
								5.6,
								4
							],
							"size": [
								8.4,
								3.2,
								1
							],
							"uv": {
								"north": {
									"uv": [
										8,
										21
									],
									"uv_size": [
										8,
										3
									]
								},
								"east": {
									"uv": [
										25,
										31
									],
									"uv_size": [
										1,
										3
									]
								},
								"south": {
									"uv": [
										16,
										23
									],
									"uv_size": [
										8,
										3
									]
								},
								"west": {
									"uv": [
										28,
										31
									],
									"uv_size": [
										1,
										3
									]
								},
								"up": {
									"uv": [
										27,
										20
									],
									"uv_size": [
										8,
										1
									]
								},
								"down": {
									"uv": [
										27,
										22
									],
									"uv_size": [
										8,
										-1
									]
								}
							}
						},
						{
							"origin": [
								-4.5,
								0.4,
								3.2
							],
							"size": [
								9,
								5.2,
								2
							],
							"pivot": [
								0.2,
								4.6,
								4.5
							],
							"rotation": [
								17.5,
								0,
								0
							],
							"uv": {
								"north": {
									"uv": [
										0,
										16
									],
									"uv_size": [
										9,
										5
									]
								},
								"east": {
									"uv": [
										3,
										27
									],
									"uv_size": [
										2,
										5
									]
								},
								"south": {
									"uv": [
										16,
										0
									],
									"uv_size": [
										9,
										5
									]
								},
								"west": {
									"uv": [
										5,
										27
									],
									"uv_size": [
										2,
										5
									]
								},
								"up": {
									"uv": [
										24,
										11
									],
									"uv_size": [
										9,
										2
									]
								},
								"down": {
									"uv": [
										24,
										15
									],
									"uv_size": [
										9,
										-2
									]
								}
							}
						},
						{
							"origin": [
								-5.4,
								0.4,
								-4
							],
							"size": [
								2,
								5.2,
								8
							],
							"pivot": [
								-4.7,
								4.6,
								0
							],
							"rotation": [
								0,
								0,
								12.5
							],
							"uv": {
								"north": {
									"uv": [
										7,
										27
									],
									"uv_size": [
										2,
										5
									]
								},
								"east": {
									"uv": [
										16,
										5
									],
									"uv_size": [
										8,
										5
									]
								},
								"south": {
									"uv": [
										9,
										27
									],
									"uv_size": [
										2,
										5
									]
								},
								"west": {
									"uv": [
										9,
										16
									],
									"uv_size": [
										8,
										5
									]
								},
								"up": {
									"uv": [
										24,
										23
									],
									"uv_size": [
										2,
										8
									]
								},
								"down": {
									"uv": [
										25,
										23
									],
									"uv_size": [
										2,
										-8
									]
								}
							}
						},
						{
							"origin": [
								3.4,
								0.4,
								-4
							],
							"size": [
								2,
								5.2,
								8
							],
							"pivot": [
								4.7,
								4.6,
								0
							],
							"rotation": [
								0,
								0,
								-12.5
							],
							"uv": {
								"north": {
									"uv": [
										11,
										27
									],
									"uv_size": [
										2,
										5
									]
								},
								"east": {
									"uv": [
										16,
										10
									],
									"uv_size": [
										8,
										5
									]
								},
								"south": {
									"uv": [
										13,
										27
									],
									"uv_size": [
										2,
										5
									]
								},
								"west": {
									"uv": [
										17,
										15
									],
									"uv_size": [
										8,
										5
									]
								},
								"up": {
									"uv": [
										16,
										26
									],
									"uv_size": [
										2,
										8
									]
								},
								"down": {
									"uv": [
										18,
										34
									],
									"uv_size": [
										2,
										-8
									]
								}
							}
						},
						{
							"origin": [
								-6.4,
								2.6,
								-5
							],
							"size": [
								3,
								4.2,
								1
							],
							"pivot": [
								-4.7,
								4.6,
								0
							],
							"rotation": [
								0,
								0,
								12.5
							],
							"uv": {
								"north": {
									"uv": [
										25,
										0
									],
									"uv_size": [
										3,
										4
									]
								},
								"east": {
									"uv": [
										28,
										27
									],
									"uv_size": [
										1,
										4
									]
								},
								"south": {
									"uv": [
										20,
										26
									],
									"uv_size": [
										3,
										4
									]
								},
								"west": {
									"uv": [
										29,
										23
									],
									"uv_size": [
										1,
										4
									]
								},
								"up": {
									"uv": [
										28,
										3
									],
									"uv_size": [
										3,
										1
									]
								},
								"down": {
									"uv": [
										31,
										4
									],
									"uv_size": [
										3,
										-1
									]
								}
							}
						},
						{
							"origin": [
								3.4,
								2.6,
								-5
							],
							"size": [
								3,
								4.2,
								1
							],
							"pivot": [
								4.7,
								4.6,
								0
							],
							"rotation": [
								0,
								0,
								-12.5
							],
							"uv": {
								"north": {
									"uv": [
										26,
										23
									],
									"uv_size": [
										3,
										4
									]
								},
								"east": {
									"uv": [
										29,
										27
									],
									"uv_size": [
										1,
										4
									]
								},
								"south": {
									"uv": [
										0,
										27
									],
									"uv_size": [
										3,
										4
									]
								},
								"west": {
									"uv": [
										20,
										30
									],
									"uv_size": [
										1,
										4
									]
								},
								"up": {
									"uv": [
										29,
										31
									],
									"uv_size": [
										3,
										1
									]
								},
								"down": {
									"uv": [
										3,
										33
									],
									"uv_size": [
										3,
										-1
									]
								}
							}
						},
						{
							"origin": [
								-5.2,
								5.6,
								-4
							],
							"size": [
								1,
								3.2,
								8
							],
							"uv": {
								"north": {
									"uv": [
										32,
										5
									],
									"uv_size": [
										1,
										3
									]
								},
								"east": {
									"uv": [
										0,
										24
									],
									"uv_size": [
										8,
										3
									]
								},
								"south": {
									"uv": [
										6,
										32
									],
									"uv_size": [
										1,
										3
									]
								},
								"west": {
									"uv": [
										24,
										5
									],
									"uv_size": [
										8,
										3
									]
								},
								"up": {
									"uv": [
										23,
										26
									],
									"uv_size": [
										1,
										8
									]
								},
								"down": {
									"uv": [
										15,
										35
									],
									"uv_size": [
										1,
										-8
									]
								}
							}
						},
						{
							"origin": [
								4.2,
								5.6,
								-4
							],
							"size": [
								1,
								3.2,
								8
							],
							"uv": {
								"north": {
									"uv": [
										7,
										32
									],
									"uv_size": [
										1,
										3
									]
								},
								"east": {
									"uv": [
										8,
										24
									],
									"uv_size": [
										8,
										3
									]
								},
								"south": {
									"uv": [
										8,
										32
									],
									"uv_size": [
										1,
										3
									]
								},
								"west": {
									"uv": [
										24,
										8
									],
									"uv_size": [
										8,
										3
									]
								},
								"up": {
									"uv": [
										26,
										27
									],
									"uv_size": [
										1,
										8
									]
								},
								"down": {
									"uv": [
										27,
										35
									],
									"uv_size": [
										1,
										-8
									]
								}
							}
						}
					]
				},
				{
					"name": "horns",
					"parent": "head",
					"pivot": [
						0,
						7,
						-5
					],
					"cubes": [
						{
							"origin": [
								-1,
								6.6,
								-6
							],
							"size": [
								2,
								2,
								1
							],
							"pivot": [
								0,
								7,
								-5
							],
							"rotation": [
								-5,
								0,
								0
							],
							"uv": {
								"north": {
									"uv": [
										21,
										30
									],
									"uv_size": [
										2,
										2
									]
								},
								"east": {
									"uv": [
										16,
										21
									],
									"uv_size": [
										1,
										2
									]
								},
								"south": {
									"uv": [
										30,
										23
									],
									"uv_size": [
										2,
										2
									]
								},
								"west": {
									"uv": [
										0,
										33
									],
									"uv_size": [
										1,
										2
									]
								},
								"up": {
									"uv": [
										3,
										33
									],
									"uv_size": [
										2,
										1
									]
								},
								"down": {
									"uv": [
										33,
										5
									],
									"uv_size": [
										2,
										-1
									]
								}
							}
						},
						{
							"origin": [
								-4,
								5.6,
								-5.5
							],
							"size": [
								8,
								1,
								1
							],
							"inflate": 0.01,
							"uv": {
								"north": {
									"uv": [
										27,
										22
									],
									"uv_size": [
										8,
										1
									]
								},
								"east": {
									"uv": [
										34,
										28
									],
									"uv_size": [
										1,
										1
									]
								},
								"south": {
									"uv": [
										28,
										0
									],
									"uv_size": [
										8,
										1
									]
								},
								"west": {
									"uv": [
										34,
										29
									],
									"uv_size": [
										1,
										1
									]
								},
								"up": {
									"uv": [
										28,
										1
									],
									"uv_size": [
										8,
										1
									]
								},
								"down": {
									"uv": [
										28,
										3
									],
									"uv_size": [
										8,
										-1
									]
								}
							}
						},
						{
							"origin": [
								1,
								7.6,
								-6
							],
							"size": [
								2,
								2,
								1
							],
							"uv": {
								"north": {
									"uv": [
										30,
										29
									],
									"uv_size": [
										2,
										2
									]
								},
								"east": {
									"uv": [
										33,
										7
									],
									"uv_size": [
										1,
										2
									]
								},
								"south": {
									"uv": [
										0,
										31
									],
									"uv_size": [
										2,
										2
									]
								},
								"west": {
									"uv": [
										33,
										9
									],
									"uv_size": [
										1,
										2
									]
								},
								"up": {
									"uv": [
										33,
										11
									],
									"uv_size": [
										2,
										1
									]
								},
								"down": {
									"uv": [
										33,
										13
									],
									"uv_size": [
										2,
										-1
									]
								}
							}
						},
						{
							"origin": [
								3,
								8.6,
								-6
							],
							"size": [
								1,
								2,
								1
							],
							"uv": {
								"north": {
									"uv": [
										33,
										13
									],
									"uv_size": [
										1,
										2
									]
								},
								"east": {
									"uv": [
										33,
										23
									],
									"uv_size": [
										1,
										2
									]
								},
								"south": {
									"uv": [
										33,
										25
									],
									"uv_size": [
										1,
										2
									]
								},
								"west": {
									"uv": [
										33,
										27
									],
									"uv_size": [
										1,
										2
									]
								},
								"up": {
									"uv": [
										16,
										15
									],
									"uv_size": [
										1,
										1
									]
								},
								"down": {
									"uv": [
										3,
										35
									],
									"uv_size": [
										1,
										-1
									]
								}
							}
						},
						{
							"origin": [
								4,
								9.6,
								-6
							],
							"size": [
								1,
								3,
								1
							],
							"uv": {
								"north": {
									"uv": [
										22,
										32
									],
									"uv_size": [
										1,
										3
									]
								},
								"east": {
									"uv": [
										32,
										23
									],
									"uv_size": [
										1,
										3
									]
								},
								"south": {
									"uv": [
										32,
										26
									],
									"uv_size": [
										1,
										3
									]
								},
								"west": {
									"uv": [
										29,
										32
									],
									"uv_size": [
										1,
										3
									]
								},
								"up": {
									"uv": [
										34,
										25
									],
									"uv_size": [
										1,
										1
									]
								},
								"down": {
									"uv": [
										34,
										27
									],
									"uv_size": [
										1,
										-1
									]
								}
							}
						},
						{
							"origin": [
								3,
								10.6,
								-6
							],
							"size": [
								1,
								3,
								1
							],
							"uv": {
								"north": {
									"uv": [
										12,
										32
									],
									"uv_size": [
										1,
										3
									]
								},
								"east": {
									"uv": [
										13,
										32
									],
									"uv_size": [
										1,
										3
									]
								},
								"south": {
									"uv": [
										14,
										32
									],
									"uv_size": [
										1,
										3
									]
								},
								"west": {
									"uv": [
										21,
										32
									],
									"uv_size": [
										1,
										3
									]
								},
								"up": {
									"uv": [
										34,
										24
									],
									"uv_size": [
										1,
										1
									]
								},
								"down": {
									"uv": [
										25,
										35
									],
									"uv_size": [
										1,
										-1
									]
								}
							}
						},
						{
							"origin": [
								2,
								9.6,
								-6
							],
							"size": [
								1,
								1,
								1
							],
							"uv": {
								"north": {
									"uv": [
										34,
										7
									],
									"uv_size": [
										1,
										1
									]
								},
								"east": {
									"uv": [
										34,
										8
									],
									"uv_size": [
										1,
										1
									]
								},
								"south": {
									"uv": [
										34,
										9
									],
									"uv_size": [
										1,
										1
									]
								},
								"west": {
									"uv": [
										34,
										10
									],
									"uv_size": [
										1,
										1
									]
								},
								"up": {
									"uv": [
										34,
										13
									],
									"uv_size": [
										1,
										1
									]
								},
								"down": {
									"uv": [
										34,
										15
									],
									"uv_size": [
										1,
										-1
									]
								}
							}
						},
						{
							"origin": [
								-3,
								7.6,
								-6
							],
							"size": [
								2,
								2,
								1
							],
							"uv": {
								"north": {
									"uv": [
										30,
										25
									],
									"uv_size": [
										2,
										2
									]
								},
								"east": {
									"uv": [
										1,
										33
									],
									"uv_size": [
										1,
										2
									]
								},
								"south": {
									"uv": [
										30,
										27
									],
									"uv_size": [
										2,
										2
									]
								},
								"west": {
									"uv": [
										5,
										33
									],
									"uv_size": [
										1,
										2
									]
								},
								"up": {
									"uv": [
										33,
										5
									],
									"uv_size": [
										2,
										1
									]
								},
								"down": {
									"uv": [
										33,
										7
									],
									"uv_size": [
										2,
										-1
									]
								}
							}
						},
						{
							"origin": [
								-4,
								10.6,
								-6
							],
							"size": [
								1,
								3,
								1
							],
							"uv": {
								"north": {
									"uv": [
										32,
										8
									],
									"uv_size": [
										1,
										3
									]
								},
								"east": {
									"uv": [
										9,
										32
									],
									"uv_size": [
										1,
										3
									]
								},
								"south": {
									"uv": [
										10,
										32
									],
									"uv_size": [
										1,
										3
									]
								},
								"west": {
									"uv": [
										11,
										32
									],
									"uv_size": [
										1,
										3
									]
								},
								"up": {
									"uv": [
										34,
										23
									],
									"uv_size": [
										1,
										1
									]
								},
								"down": {
									"uv": [
										24,
										35
									],
									"uv_size": [
										1,
										-1
									]
								}
							}
						},
						{
							"origin": [
								-5,
								9.6,
								-6
							],
							"size": [
								1,
								3,
								1
							],
							"uv": {
								"north": {
									"uv": [
										32,
										29
									],
									"uv_size": [
										1,
										3
									]
								},
								"east": {
									"uv": [
										30,
										32
									],
									"uv_size": [
										1,
										3
									]
								},
								"south": {
									"uv": [
										31,
										32
									],
									"uv_size": [
										1,
										3
									]
								},
								"west": {
									"uv": [
										32,
										32
									],
									"uv_size": [
										1,
										3
									]
								},
								"up": {
									"uv": [
										34,
										27
									],
									"uv_size": [
										1,
										1
									]
								},
								"down": {
									"uv": [
										28,
										35
									],
									"uv_size": [
										1,
										-1
									]
								}
							}
						},
						{
							"origin": [
								-4,
								8.6,
								-6
							],
							"size": [
								1,
								2,
								1
							],
							"uv": {
								"north": {
									"uv": [
										33,
										29
									],
									"uv_size": [
										1,
										2
									]
								},
								"east": {
									"uv": [
										33,
										31
									],
									"uv_size": [
										1,
										2
									]
								},
								"south": {
									"uv": [
										33,
										33
									],
									"uv_size": [
										1,
										2
									]
								},
								"west": {
									"uv": [
										2,
										34
									],
									"uv_size": [
										1,
										2
									]
								},
								"up": {
									"uv": [
										34,
										3
									],
									"uv_size": [
										1,
										1
									]
								},
								"down": {
									"uv": [
										4,
										35
									],
									"uv_size": [
										1,
										-1
									]
								}
							}
						},
						{
							"origin": [
								-3,
								9.6,
								-6
							],
							"size": [
								1,
								1,
								1
							],
							"uv": {
								"north": {
									"uv": [
										16,
										34
									],
									"uv_size": [
										1,
										1
									]
								},
								"east": {
									"uv": [
										17,
										34
									],
									"uv_size": [
										1,
										1
									]
								},
								"south": {
									"uv": [
										18,
										34
									],
									"uv_size": [
										1,
										1
									]
								},
								"west": {
									"uv": [
										19,
										34
									],
									"uv_size": [
										1,
										1
									]
								},
								"up": {
									"uv": [
										20,
										34
									],
									"uv_size": [
										1,
										1
									]
								},
								"down": {
									"uv": [
										23,
										35
									],
									"uv_size": [
										1,
										-1
									]
								}
							}
						}
					]
				},
				{
					"name": "menpo",
					"parent": "head",
					"pivot": [
						0,
						-24,
						0
					],
					"cubes": [
						{
							"origin": [
								-4,
								0.2,
								-4.9
							],
							"size": [
								8,
								8,
								0
							],
							"uv": {
								"north": {
									"uv": [
										8,
										8
									],
									"uv_size": [
										8,
										8
									]
								},
								"east": {
									"uv": [
										0,
										0
									],
									"uv_size": [
										0,
										8
									]
								},
								"south": {
									"uv": [
										8,
										8
									],
									"uv_size": [
										8,
										8
									]
								},
								"west": {
									"uv": [
										0,
										0
									],
									"uv_size": [
										0,
										8
									]
								},
								"up": {
									"uv": [
										0,
										0
									],
									"uv_size": [
										8,
										0
									]
								},
								"down": {
									"uv": [
										0,
										0
									],
									"uv_size": [
										8,
										0
									]
								}
							}
						},
						{
							"origin": [
								-1,
								3.2,
								-5.8
							],
							"size": [
								2,
								3,
								1
							],
							"pivot": [
								0,
								3,
								-6
							],
							"rotation": [
								-12.5,
								0,
								0
							],
							"uv": {
								"north": {
									"uv": [
										5,
										61
									],
									"uv_size": [
										2,
										3
									]
								},
								"east": {
									"uv": [
										9,
										5
									],
									"uv_size": [
										1,
										3
									]
								},
								"south": {
									"uv": [
										7,
										61
									],
									"uv_size": [
										-2,
										3
									]
								},
								"west": {
									"uv": [
										8,
										5
									],
									"uv_size": [
										1,
										3
									]
								},
								"up": {
									"uv": [
										8,
										9
									],
									"uv_size": [
										1,
										-1
									]
								},
								"down": {
									"uv": [
										8,
										9
									],
									"uv_size": [
										2,
										-1
									]
								}
							}
						}
					]
				}
			]
		}
	]
}