{
   "format_version": "1.8.0",
   "render_controllers": {
      "controller.render.demos": {
         "arrays": {
            "textures": {
               "Array.skins": [
                  "Texture.default",
                  "Texture.another"
               ]
            }
         },
         "geometry": "Geometry.default",
         "materials": [
            {
               "*": "Material.default"
            }
         ],
         "textures": [
            "Array.skins[query.variant]"
         ]
      }
   }
}