{
	"format_version": "1.10.0",
	"animation_controllers": {
		"controller.animation.dagger.attack": {
			"states": {
				"default": {
					"transitions": [
						{
							"unsheathe": "variable.dagger"
						},
						{
							"undefault": "!query.is_item_name_any('slot.hotbar',0,'pixel:wooden_dagger') && !query.is_item_name_any('slot.hotbar',0,'pixel:stone_dagger') && !query.is_item_name_any('slot.hotbar',0,'pixel:iron_dagger') && !query.is_item_name_any('slot.hotbar',0,'pixel:golden_dagger') && !query.is_item_name_any('slot.hotbar',0,'pixel:diamond_dagger') && !query.is_item_name_any('slot.hotbar',0,'pixel:netherite_dagger')"
						}
					]
				},
				"undefault": {
					"transitions": [
						{
							"dagger": "variable.dagger && !v.dagger_left"
						},
						{
							"dual_dagger": "variable.dagger && v.dagger_left"
						},
						{
							"default": "query.is_item_name_any('slot.hotbar',0,'pixel:wooden_dagger')||query.is_item_name_any('slot.hotbar',0,'pixel:stone_dagger')||query.is_item_name_any('slot.hotbar',0,'pixel:iron_dagger')||query.is_item_name_any('slot.hotbar',0,'pixel:golden_dagger')||query.is_item_name_any('slot.hotbar',0,'pixel:diamond_dagger')||query.is_item_name_any('slot.hotbar',0,'pixel:netherite_dagger')"
						}
					]
				},
				"unsheathe": {
					"animations": [
					  "dagger_unsheathe"
					],
					"transitions": [
						{
							"dagger": "query.all_animations_finished"
						},
						{
							"dual_dagger": "variable.dagger && v.dagger_left"
						},
						{
							"default": "!variable.dagger"
						}
					]
				},
				"dagger": {
				    "animations": [
				      "dagger_base_pose",
				     "katana_unsheathed_0",
                      "dagger_no_back"
				    ],
					"transitions": [
						{
							"move": "query.is_moving"
						},
						{
							"attack": "v.attack_time > 0"
						},
						{
							"ride": "query.is_riding"
						},
						{
							"dual_dagger": "variable.dagger && v.dagger_left"
						},
						{
							"sneak": "query.is_sneaking"
						},
						{
							"default": "!variable.dagger"
						}
					]
				},
				"sneak": {
					"animations": [
				        "dagger_sneak",
                      "dagger_no_back"
					],
					"transitions": [
						{
							"default": "!variable.dagger"
						},
						{
							"attack": "v.attack_time > 0"
						},
						{
							"dual_dagger": "variable.dagger && v.dagger_left"
						},
						{
							"sneak_move": "query.is_moving"
						},
						{
							"ride": "query.is_riding"
						},
						{
							"dagger": "!query.is_sneaking"
						}
					]
				},
				"ride": {
					"animations": [
					  {
					    "no_attack_ride": "!query.is_moving"
					  },
					  {
					    "no_attack_ride_move": "query.is_moving"
					  }
					],
					"transitions": [
						{
							"default": "!variable.dagger"
						},
						{
							"attack": "v.attack_time > 0"
						},
						{
							"dagger": "!query.is_riding"
						}
					]
				},
				"move": {
					"animations": [
					  "dagger_move",
					  "katana_unsheathed_0",
                      "dagger_no_back"
					],
					"transitions": [
						{
							"default": "!variable.dagger"
						},
						{
							"attack": "v.attack_time > 0"
						},
						{
							"dual_dagger": "variable.dagger && v.dagger_left"
						},
						{
							"dagger": "!query.is_moving"
						},
						{
							"ride": "query.is_riding"
						},
						{
							"sprint": "query.is_sprinting"
						},
						{
							"sneak": "query.is_sneaking"
						}
					]
				},
				"sprint": {
					"animations": [
                      "dagger_no_back",
					  "katana_unsheathed_0",
					  "dagger_sprint"
					],
					"transitions": [
						{
							"default": "!variable.dagger"
						},
						{
							"attack": "v.attack_time > 0"
						},
						{
							"dual_dagger": "variable.dagger && v.dagger_left"
						},
						{
							"dagger": "query.all_animations_finished"
						}
					]
				},
				"sneak_move": {
					"animations": [
                      "dagger_no_back",
					  "katana_unsheathed_0",
					  "dagger_sneak_move"
					],
					"transitions": [
						{
							"default": "!variable.dagger"
						},
						{
							"attack": "v.attack_time > 0"
						},
						{
							"ride": "query.is_riding"
						},
						{
							"dual_dagger": "variable.dagger && v.dagger_left"
						},
						{
							"dagger": "!query.is_sneaking"
						},
						{
							"move": "!query.is_sprinting"
						},
						{
							"sneak": "query.is_sneaking && !query.is_moving"
						}
					]
				},
				"dual_dagger": {
				    "animations": [
				      "dual_dagger_base_pose",
				     "katana_unsheathed_0",
                      "dagger_no_back"
				    ],
					"transitions": [
						{
							"dual_move": "query.is_moving"
						},
						{
							"attack_dual": "v.attack_time > 0"
						},
						{
							"ride": "query.is_riding"
						},
						{
							"dual_sneak": "query.is_sneaking"
						},
						{
							"dagger": "variable.dagger && !v.dagger_left"
						},
						{
							"default": "!variable.dagger"
						}
					]
				},
				"dual_sneak": {
					"animations": [
				        "dual_dagger_sneak",
                      "dagger_no_back"
					],
					"transitions": [
						{
							"default": "!variable.dagger"
						},
						{
							"attack_dual": "v.attack_time > 0"
						},
						{
							"dagger": "variable.dagger && !v.dagger_left"
						},
						{
							"ride": "query.is_riding"
						},
						{
							"dual_sneak_move": "query.is_moving"
						},
						{
							"dual_dagger": "!query.is_sneaking"
						}
					]
				},
				"dual_move": {
					"animations": [
					  "dual_dagger_move",
					  "katana_unsheathed_0",
                      "dagger_no_back"
					],
					"transitions": [
						{
							"default": "!variable.dagger"
						},
						{
							"attack_dual": "v.attack_time > 0"
						},
						{
							"dagger": "variable.dagger && !v.dagger_left"
						},
						{
							"ride": "query.is_riding"
						},
						{
							"dual_dagger": "!query.is_moving"
						},
						{
							"dual_sprint": "query.is_sprinting"
						},
						{
							"dual_sneak": "query.is_sneaking"
						}
					]
				},
				"dual_sprint": {
					"animations": [
                      "dagger_no_back",
					  "katana_unsheathed_0",
					  "dual_dagger_sprint"
					],
					"transitions": [
						{
							"default": "!variable.dagger"
						},
						{
							"attack_dual": "v.attack_time > 0"
						},
						{
							"dagger": "variable.dagger && !v.dagger_left"
						},
						{
							"dual_dagger": "query.all_animations_finished"
						}
					]
				},
				"dual_sneak_move": {
					"animations": [
                      "dagger_no_back",
					  "katana_unsheathed_0",
					  "dual_dagger_sneak_move"
					],
					"transitions": [
						{
							"default": "!variable.dagger"
						},
						{
							"attack_dual": "v.attack_time > 0"
						},
						{
							"dagger": "variable.dagger && !v.dagger_left"
						},
						{
							"ride": "query.is_riding"
						},
						{
							"dual_dagger": "!query.is_sneaking"
						},
						{
							"dual_move": "!query.is_sprinting"
						},
						{
							"dual_sneak": "query.is_sneaking && !query.is_moving"
						}
					]
				},
	            "attack": {
	                "animations": ["dagger_attack_0"],
	                "transitions": [
	                    {
	                        "attack_1": "v.attack_time > 0.0 && q.any_animation_finished"
	                    },
	                    {
	                        "dagger": "q.anim_time > 2 && query.any_animation_finished"
	                    }
	                ]
	            },
	            "attack_1": {
	                "animations": ["dagger_attack_1"],
	                "transitions": [
	                    {
	                        "attack_2": "v.attack_time > 0.0 && q.any_animation_finished"
	                    },
	                    {
	                        "dagger": "q.anim_time > 2 && query.any_animation_finished"
	                    }
	                ]
	            },
	            "attack_2": {
	                "animations": ["dagger_attack_2"],
	                "transitions": [
	                    {
	                        "dagger": "q.any_animation_finished"
	                    }
	                ]
	            },
	            "attack_dual": {
	                "animations": ["dagger_attack"],
	                "transitions": [
	                    {
	                        "attackdual_1": "v.attack_time > 0.0 && q.any_animation_finished"
	                    },
	                    {
	                        "dual_dagger": "q.anim_time > 2 && query.any_animation_finished"
	                    }
	                ]
	            },
	            "attackdual_1": {
	                "animations": ["dagger_attack_1"],
	                "transitions": [
	                    {
	                        "attackdual_2": "v.attack_time > 0.0 && q.any_animation_finished"
	                    },
	                    {
	                        "dual_dagger": "q.anim_time > 2 && query.any_animation_finished"
	                    }
	                ]
	            },
	            "attackdual_2": {
	                "animations": ["dagger_attack_2"],
	                "transitions": [
	                    {
	                        "dual_dagger": "q.any_animation_finished"
	                    }
	                ]
	            }
			}
		}
	}
}