{
	"format_version": "1.10.0",
	"animation_controllers": {
		"controller.animation.hand_blaster.attack": {
			"states": {
				"default": {
					"transitions": [
						{
							"unsheathe": "variable.hb"
						},
						{
							"undefault": "!query.is_item_name_any('slot.hotbar',0,'pixel:iron_hb')"
						}
					]
				},
				"undefault": {
					"transitions": [
						{
							"hb": "variable.hb"
						},
						{
							"default": "query.is_item_name_any('slot.hotbar',0,'pixel:iron_hb')"
						}
					]
				},
				"unsheathe": {
					"animations": [
					  "mace_unsheathe"
					],
					"transitions": [
						{
							"hb": "query.all_animations_finished"
						},
						{
							"default": "!variable.hb"
						}
					]
				},
				"hb": {
				    "animations": [
				      "hb_base_pose"
				    ],
					"transitions": [
						{
							"move": "query.is_moving"
						},
						{
							"sneak": "query.is_sneaking"
						},
						{
							"default": "!variable.hb"
						},
						{
							"attack": "query.is_using_item"
						}
					]
				},
				"ride": {
					"animations": [
					  {
					    "no_attack_ride": "!query.is_moving"
					  },
					  {
					    "no_attack_ride_move": "query.is_moving"
					  }
					],
					"transitions": [
						{
							"default": "!variable.hb"
						},
						{
							"hb": "!query.is_riding"
						}
					]
				},
				"sneak": {
					"animations": [
				        "hb_sneak"
					],
					"transitions": [
						{
							"default": "!variable.hb"
						},
						{
							"sneak_move": "query.is_moving"
						},
						{
							"hb": "!query.is_sneaking"
						}
					]
				},
				"attack": {
					"animations": [
				        "hb_attack"
					],
					"transitions": [
						{
							"default": "!variable.hb"
						},
						{
							"hb": "query.all_animations_finished"
						}
					]
				},
				"move": {
					"animations": [
					  "hb_move"
					],
					"transitions": [
						{
							"default": "!variable.hb"
						},
						{
							"hb": "!query.is_moving"
						},
						{
							"sprint": "query.is_sprinting"
						},
						{
							"sneak": "query.is_sneaking"
						}
					]
				},
				"sprint": {
					"animations": [
                      "hb_sprint"
					],
					"transitions": [
						{
							"default": "!variable.hb"
						},
						{
							"hb": "!query.is_sprinting && !query.is_moving"
						},
						{
							"move": "!query.is_sprinting && query.is_moving"
						}
					]
				},
				"sneak_move": {
					"animations": [
					  "hb_sneak_move"
					],
					"transitions": [
						{
							"default": "!variable.hb"
						},
						{
							"hb": "!query.is_sneaking"
						},
						{
							"move": "!query.is_sprinting"
						},
						{
							"sneak": "query.is_sneaking && !query.is_moving"
						}
					]
				}
			}
		}
	}
}