{
	"format_version": "1.10.0",
	"animation_controllers": {
		"controller.animation.katar.attack": {
			"states": {
				"default": {
					"transitions": [
						{
							"unsheathe": "variable.katar"
						},
						{
							"undefault": "!query.is_item_name_any('slot.hotbar',0,'pixel:wooden_katar') && !query.is_item_name_any('slot.hotbar',0,'pixel:stone_katar')&&!query.is_item_name_any('slot.hotbar',0,'pixel:iron_katar')&&!query.is_item_name_any('slot.hotbar',0,'pixel:golden_katar')&&!query.is_item_name_any('slot.hotbar',0,'pixel:diamond_katar')&&!query.is_item_name_any('slot.hotbar',0,'pixel:netherite_katar')"
						}
					]
				},
				"undefault": {
					"transitions": [
						{
							"katar": "variable.katar"
						},
						{
							"default": "query.is_item_name_any('slot.hotbar',0,'pixel:wooden_katar')||query.is_item_name_any('slot.hotbar',0,'pixel:stone_katar')||query.is_item_name_any('slot.hotbar',0,'pixel:iron_katar')||query.is_item_name_any('slot.hotbar',0,'pixel:golden_katar')||query.is_item_name_any('slot.hotbar',0,'pixel:diamond_katar')||query.is_item_name_any('slot.hotbar',0,'pixel:netherite_katar')"
						}
					]
				},
				"unsheathe": {
				    "animations": [
				      "katar_unsheathe"
				    ],
					"transitions": [
						{
							"katar": "variable.katar"
						},
						{
							"default": "!variable.katar"
						}
					]
				},
				"katar": {
				    "animations": [
				      "katar_base_pose",
				     "katana_unsheathed_0",
                      "katar_no_back"
				    ],
					"transitions": [
						{
							"move": "query.is_moving"
						},
						{
							"attack": "v.attack_time > 0"
						},
						{
							"ride": "query.is_riding"
						},
						{
							"sneak": "query.is_sneaking"
						},
						{
							"default": "!variable.katar"
						}
					]
				},
				"ride": {
					"animations": [
					  {
					    "no_attack_ride": "!query.is_moving"
					  },
					  {
					    "no_attack_ride_move": "query.is_moving"
					  }
					],
					"transitions": [
						{
							"default": "!variable.katar"
						},
						{
							"attack": "v.attack_time > 0"
						},
						{
							"katar": "!query.is_riding"
						}
					]
				},
				"sneak": {
					"animations": [
					    {
				          "katar_sneak": "!query.is_moving"
					    },
					    {
				          "katar_sneak_move": "query.is_moving"
					    },
                      "katar_no_back"
					],
					"transitions": [
						{
							"default": "!variable.katar"
						},
						{
							"attack": "v.attack_time > 0"
						},
						{
							"ride": "query.is_riding"
						},
						{
							"sneak_move": "query.is_moving"
						},
						{
							"katar": "!query.is_sneaking"
						}
					]
				},
				"move": {
					"animations": [
					  "katar_move",
					  "katana_unsheathed_0",
                      "katar_no_back"
					],
					"transitions": [
						{
							"default": "!variable.katar"
						},
						{
							"attack": "v.attack_time > 0"
						},
						{
							"ride": "query.is_riding"
						},
						{
							"katar": "!query.is_moving"
						},
						{
							"sprint": "query.is_sprinting"
						},
						{
							"sneak": "query.is_sneaking"
						}
					]
				},
				"sprint": {
					"animations": [
                      "katar_no_back",
					  "katana_unsheathed_0",
					  "katar_sprint"
					],
					"transitions": [
						{
							"default": "!variable.katar"
						},
						{
							"attack": "v.attack_time > 0"
						},
						{
							"katar": "query.all_animations_finished"
						}
					]
				},
				"sneak_move": {
					"animations": [
                      "katar_no_back",
					  "katana_unsheathed_0",
					  "katar_sneak_move"
					],
					"transitions": [
						{
							"default": "!variable.katar"
						},
						{
							"attack": "v.attack_time > 0"
						},
						{
							"katar": "!query.is_moving"
						},
						{
							"move": "!query.is_sprinting"
						},
						{
							"sneak": "query.is_sneaking"
						}
					]
				},
	            "attack": {
	                "animations": ["katar_attack_0"],
	                "transitions": [
	                    {
	                        "attack_1": "v.attack_time > 0.0 && q.any_animation_finished"
	                    },
	                    {
	                        "katar": "q.anim_time > 2 && query.any_animation_finished"
	                    }
	                ]
	            },
	            "attack_1": {
	                "animations": ["katar_attack_1"],
	                "transitions": [
	                    {
	                        "attack_2": "v.attack_time > 0.0 && q.any_animation_finished"
	                    },
	                    {
	                        "katar": "q.anim_time > 2 && query.any_animation_finished"
	                    }
	                ]
	            },
	            "attack_2": {
	                "animations": ["katar_attack_2"],
	                "transitions": [
	                    {
	                        "katar": "q.any_animation_finished"
	                    }
	                ]
	            }
			}
		}
	}
}