{
	"format_version": "1.10.0",
	"animation_controllers": {
		"controller.animation.longsword.dual_attack": {
			"states": {
				"default": {
				    "animations":[
				      "dl_stance0"
				    ],
					"transitions": [
						{
							"attack": "variable.attack_time>0 && query.mark_variant == 0"
						},
						{
							"attack2": "variable.attack_time>0 && query.mark_variant == 1"
						},
						{
							"attack3": "variable.attack_time>0 && query.mark_variant == 2"
						}
					],
					"blend_transition": 0.1
				},
				"attack": {
					"animations": [
					    "dl_attack0"
					],
					"transitions": [
						{
							"default": "query.any_animation_finished"
						}
					],
					"blend_transition": 0.1
				},
				"attack2": {
					"animations": [
					    "dl_attack1"
					],
					"transitions": [
						{
							"default": "query.any_animation_finished"
						}
					],
					"blend_transition": 0.1
				},
				"attack3": {
					"animations": [
					    "dl_attack2"
					],
					"transitions": [
						{
							"default": "query.any_animation_finished"
						}
					],
					"blend_transition": 0.1
				}
			}
		}
	}
}