{
	"format_version": "1.10.0",
	"animation_controllers": {
		"controller.animation.odachi.attack": {
			"states": {
				"default": {
					"transitions": [
						{
							"odachi": "variable.odachi"
						},
						{
							"odachi": "query.is_item_name_any('slot.hotbar',0,'pixel:wooden_odachi') && variable.odachi||query.is_item_name_any('slot.hotbar',0,'pixel:stone_odachi') && variable.odachi||query.is_item_name_any('slot.hotbar',0,'pixel:iron_odachi') && variable.odachi||query.is_item_name_any('slot.hotbar',0,'pixel:golden_odachi') && variable.odachi||query.is_item_name_any('slot.hotbar',0,'pixel:diamond_odachi') && variable.odachi||query.is_item_name_any('slot.hotbar',0,'pixel:netherite_odachi') && variable.odachi||query.is_item_name_any('slot.hotbar',0,'pixel:iron_odachi_vltsb') && variable.odachi||query.is_item_name_any('slot.hotbar',0,'pixel:golden_odachi_vltsb') && variable.odachi||query.is_item_name_any('slot.hotbar',0,'pixel:diamond_odachi_vltsb') && variable.odachi||query.is_item_name_any('slot.hotbar',0,'pixel:netherite_odachi_vltsb') && variable.odachi||query.is_item_name_any('slot.hotbar',0,'pixel:iron_odachi_rndtsb') && variable.odachi||query.is_item_name_any('slot.hotbar',0,'pixel:golden_odachi_rndtsb') && variable.odachi||query.is_item_name_any('slot.hotbar',0,'pixel:diamond_odachi_rndtsb') && variable.odachi||query.is_item_name_any('slot.hotbar',0,'pixel:netherite_odachi_rndtsb') && variable.odachi||query.is_item_name_any('slot.hotbar',0,'pixel:iron_odachi_rdsmtsb') && variable.odachi||query.is_item_name_any('slot.hotbar',0,'pixel:golden_odachi_rdsmtsb') && variable.odachi||query.is_item_name_any('slot.hotbar',0,'pixel:diamond_odachi_rdsmtsb') && variable.odachi||query.is_item_name_any('slot.hotbar',0,'pixel:netherite_odachi_rdsmtsb') && variable.odachi"
						},
						{
							"odachi": "query.is_item_name_any('slot.hotbar',1,'pixel:wooden_odachi') && variable.odachi||query.is_item_name_any('slot.hotbar',1,'pixel:stone_odachi') && variable.odachi||query.is_item_name_any('slot.hotbar',1,'pixel:iron_odachi') && variable.odachi||query.is_item_name_any('slot.hotbar',1,'pixel:golden_odachi') && variable.odachi||query.is_item_name_any('slot.hotbar',1,'pixel:diamond_odachi') && variable.odachi||query.is_item_name_any('slot.hotbar',1,'pixel:netherite_odachi') && variable.odachi||query.is_item_name_any('slot.hotbar',1,'pixel:iron_odachi_vltsb') && variable.odachi||query.is_item_name_any('slot.hotbar',1,'pixel:golden_odachi_vltsb') && variable.odachi||query.is_item_name_any('slot.hotbar',1,'pixel:diamond_odachi_vltsb') && variable.odachi||query.is_item_name_any('slot.hotbar',1,'pixel:netherite_odachi_vltsb') && variable.odachi||query.is_item_name_any('slot.hotbar',1,'pixel:iron_odachi_rndtsb') && variable.odachi||query.is_item_name_any('slot.hotbar',1,'pixel:golden_odachi_rndtsb') && variable.odachi||query.is_item_name_any('slot.hotbar',1,'pixel:diamond_odachi_rndtsb') && variable.odachi||query.is_item_name_any('slot.hotbar',1,'pixel:netherite_odachi_rndtsb') && variable.odachi||query.is_item_name_any('slot.hotbar',1,'pixel:iron_odachi_rdsmtsb') && variable.odachi||query.is_item_name_any('slot.hotbar',1,'pixel:golden_odachi_rdsmtsb') && variable.odachi||query.is_item_name_any('slot.hotbar',1,'pixel:diamond_odachi_rdsmtsb') && variable.odachi||query.is_item_name_any('slot.hotbar',1,'pixel:netherite_odachi_rdsmtsb') && variable.odachi"
						},
						{
							"odachi": "query.is_item_name_any('slot.hotbar',2,'pixel:wooden_odachi') && variable.odachi||query.is_item_name_any('slot.hotbar',2,'pixel:stone_odachi') && variable.odachi||query.is_item_name_any('slot.hotbar',2,'pixel:iron_odachi') && variable.odachi||query.is_item_name_any('slot.hotbar',2,'pixel:golden_odachi') && variable.odachi||query.is_item_name_any('slot.hotbar',2,'pixel:diamond_odachi') && variable.odachi||query.is_item_name_any('slot.hotbar',2,'pixel:netherite_odachi') && variable.odachi||query.is_item_name_any('slot.hotbar',2,'pixel:iron_odachi_vltsb') && variable.odachi||query.is_item_name_any('slot.hotbar',2,'pixel:golden_odachi_vltsb') && variable.odachi||query.is_item_name_any('slot.hotbar',2,'pixel:diamond_odachi_vltsb') && variable.odachi||query.is_item_name_any('slot.hotbar',2,'pixel:netherite_odachi_vltsb') && variable.odachi||query.is_item_name_any('slot.hotbar',2,'pixel:iron_odachi_rndtsb') && variable.odachi||query.is_item_name_any('slot.hotbar',2,'pixel:golden_odachi_rndtsb') && variable.odachi||query.is_item_name_any('slot.hotbar',2,'pixel:diamond_odachi_rndtsb') && variable.odachi||query.is_item_name_any('slot.hotbar',2,'pixel:netherite_odachi_rndtsb') && variable.odachi||query.is_item_name_any('slot.hotbar',2,'pixel:iron_odachi_rdsmtsb') && variable.odachi||query.is_item_name_any('slot.hotbar',2,'pixel:golden_odachi_rdsmtsb') && variable.odachi||query.is_item_name_any('slot.hotbar',2,'pixel:diamond_odachi_rdsmtsb') && variable.odachi||query.is_item_name_any('slot.hotbar',2,'pixel:netherite_odachi_rdsmtsb') && variable.odachi"
						}
					]
				},
				"odachi": {
				    "animations": [
				      "odachi_base_pose",
				     "katana_unsheathed_0",
                      "shield_no_back"
				    ],
					"transitions": [
						{
							"attack": "v.attack_time > 0"
						},
						{
							"move": "query.is_moving"
						},
						{
							"sneak": "query.is_sneaking"
						},
						{
							"ride": "query.is_riding"
						},
						{
							"default": "!variable.odachi"
						}
					]
				},
				"ride": {
					"animations": [
					  {
					    "no_attack_ride": "!query.is_moving"
					  },
					  {
					    "no_attack_ride_move": "query.is_moving"
					  }
					],
					"transitions": [
						{
							"default": "!variable.odachi"
						},
						{
							"odachi": "!query.is_riding"
						}
					]
				},
				"sneak": {
					"animations": [
				        "odachi_sneak",
					  "katana_unsheathed_0",
                      "shield_no_back"
					],
					"transitions": [
						{
							"default": "!variable.odachi"
						},
						{
							"attack": "v.attack_time > 0"
						},
						{
							"sneak_move": "query.is_moving"
						},
						{
							"odachi": "!query.is_sneaking"
						}
					]
				},
				"move": {
					"animations": [
					  "odachi_move",
					  "katana_unsheathed_0",
                      "shield_no_back"
					],
					"transitions": [
						{
							"default": "!variable.odachi"
						},
						{
							"attack": "v.attack_time > 0"
						},
						{
							"ride": "query.is_riding"
						},
						{
							"odachi": "!query.is_moving"
						},
						{
							"sprint": "query.is_sprinting"
						},
						{
							"sneak": "query.is_sneaking"
						}
					]
				},
				"sprint": {
					"animations": [
                      "shield_no_back",
					  "katana_unsheathed_0",
					  "odachi_sprint"
					],
					"transitions": [
						{
							"default": "!variable.odachi"
						},
						{
							"attack": "v.attack_time > 0"
						},
						{
							"odachi": "query.all_animations_finished"
						}
					]
				},
				"sneak_move": {
					"animations": [
                      "shield_no_back",
					  "katana_unsheathed_0",
					  "odachi_sneak_move"
					],
					"transitions": [
						{
							"default": "!variable.odachi"
						},
						{
							"attack": "v.attack_time > 0"
						},
						{
							"odachi": "!query.is_sneaking"
						},
						{
							"move": "!query.is_sprinting"
						},
						{
							"sneak": "query.is_sneaking && !query.is_moving"
						}
					]
				},
	            "attack": {
	                "animations": ["odachi_attack_0"],
	                "transitions": [
	                    {
	                        "attack_1": "v.attack_time > 0.0 && q.any_animation_finished"
	                    },
	                    {
	                        "odachi": "q.anim_time > 2 && query.any_animation_finished"
	                    }
	                ]
	            },
	            "attack_1": {
	                "animations": ["odachi_attack_1"],
	                "transitions": [
	                    {
	                        "attack_2": "v.attack_time > 0.0 && q.any_animation_finished"
	                    },
	                    {
	                        "odachi": "q.anim_time > 2 && query.any_animation_finished"
	                    }
	                ]
	            },
	            "attack_2": {
	                "animations": ["odachi_attack_2"],
	                "transitions": [
	                    {
	                        "odachi": "q.any_animation_finished"
	                    }
	                ]
	            }
			}
		}
	}
}