{
	"format_version": "1.8.0",
	"animations": {
		"animation.dual_longsword.base_pose": {
			"loop": true,
			"override_previous_animation": true,
			"bones": {
				"root": {
					"rotation": ["variable.is_first_person ? (math.cos(query.life_time * 100.0) * 0.200) + 0.200 : 0", "variable.is_first_person ? 180 : 0", 0],
					"position": ["variable.is_first_person ? 2 : 0", "variable.is_first_person ? -4 : -1", "variable.is_first_person ? 12 : 0"]
				},
				"leftleg": {
					"rotation": [-12.5, 0, 0]
				},
				"lowerlleg": {
					"rotation": [12.5, 0, 0]
				},
				"rightleg": {
					"rotation": [15, 0, 0]
				},
				"lowerrleg": {
					"rotation": [10, 0, 0]
				},
				"waist": {
					"rotation": [7.5, 10, 0]
				},
				"leftArm": {
					"rotation": [-20.49807, 30.82594, -43.3448]
				},
				"lowerlarm": {
					"rotation": [-22.5, 0, 0]
				},
				"rightArm": {
					"rotation": [28.99833, 5.20816, 23.81247]
				},
				"lowerrarm": {
					"rotation": [-25, 0, 0]
				},
				"longsword_back_main": {
					"scale": 0
				},
				"longsword_back_offhand": {
					"scale": 0
				}
			}
		},
		"animation.dual_longsword.attack_dual_pierce": {
			"animation_length": 0.8,
			"override_previous_animation": true,
			"bones": {
				"root": {
					"rotation": ["variable.is_first_person ? (math.cos(query.life_time * 100.0) * 0.200) + 0.200 : 0", "variable.is_first_person ? 180 : 0", 0],
					"position": ["variable.is_first_person ? 2 : 0", "variable.is_first_person ? -4 : -1", "variable.is_first_person ? 12 : 0"]
				},
				"leftleg": {
					"rotation": {
						"0.0": [-12.5, 0, 0],
						"0.3": [-22.5, 0, 0],
						"0.5": [-2.5, 0, 0],
						"0.6": [17.5, 0, 0]
					}
				},
				"lowerlleg": {
					"rotation": {
						"0.0": [12.5, 0, 0],
						"0.2": [20, 0, 0],
						"0.4": [27.5, 0, 0],
						"0.5": [27.5, 0, 0],
						"0.6": [10, 0, 0]
					}
				},
				"rightleg": {
					"rotation": {
						"0.0": [15, 0, 0],
						"0.3": [17.5, 0, 0],
						"0.5": [-95, 0, 0],
						"0.6": [-30, 0, 0]
					}
				},
				"lowerrleg": {
					"rotation": {
						"0.0": [10, 0, 0],
						"0.3": [10, 0, 0],
						"0.5": [104.17, 0, 0],
						"0.6": [30, 0, 0]
					}
				},
				"waist": {
					"rotation": {
						"0.0": [7.5, 10, 0],
						"0.2": [7.39285, 2.56307, -0.97718],
						"0.4": [14.89285, 2.56307, -0.97718],
						"0.5": [14.89285, 2.56307, -0.97718],
						"0.6": [2.44781, -12.4237, -1.61117]
					}
				},
				"leftArm": {
					"rotation": {
						"0.0": [-20.49807, 30.82594, -43.3448],
						"0.2": [63.78524, 7.08401, -15.85502],
						"0.4": [71.02435, -6.32663, -53.62785],
						"0.5": [71.02435, -6.32663, -53.62785],
						"0.6": [-112.34086, 5.4179, -81.99457]
					}
				},
				"lowerlarm": {
					"rotation": {
						"0.0": [-22.5, 0, 0],
						"0.2": [-62.5, 0, 0],
						"0.4": [-70, 0, 0],
						"0.5": [-70, 0, 0],
						"0.6": [-5, 0, 0]
					}
				},
				"rightArm": {
					"rotation": {
						"0.0": [28.99833, 5.20816, 23.81247],
						"0.2": [73.99833, 5.20816, 23.81247],
						"0.4": [89.57986, 6.25915, 53.94881],
						"0.5": [89.57986, 6.25915, 53.94881],
						"0.6": [-62.22641, -10.58166, 86.18909]
					}
				},
				"lowerrarm": {
					"rotation": {
						"0.0": [-25, 0, 0],
						"0.2": [-77.5, 0, 0],
						"0.4": [-85, 0, 0],
						"0.5": [-85, 0, 0],
						"0.6": [-30, 0, 0]
					}
				},
				"rightItem": {
					"rotation": {
						"0.4": [2.49762, 0.10901, 0.00238],
						"0.5": [2.49762, 0.10901, 0.00238],
						"0.6": [72.5, 0, 2.5]
					}
				},
				"leftItem": {
					"rotation": {
						"0.4": [0, 0, 0],
						"0.5": [0, 0, 0],
						"0.6": [80, 0, 0]
					}
				},
				"longsword_back_main": {
					"scale": 0
				},
				"longsword_back_offhand": {
					"scale": 0
				}
			}
		},
		"animation.dual_longsword.attack_dual_slash": {
			"animation_length": 0.8,
			"override_previous_animation": true,
			"bones": {
				"root": {
					"rotation": ["variable.is_first_person ? (math.cos(query.life_time * 100.0) * 0.200) + 0.200 : 0", "variable.is_first_person ? 180 : 0", 0],
					"position": {
						"0.0": ["variable.is_first_person ? 2 : 0", "variable.is_first_person ? -4 : -1", "variable.is_first_person ? 12 : 0"],
						"0.2": ["variable.is_first_person ? 2 : 0", "variable.is_first_person ? -4 : -1", "variable.is_first_person ? 12 : 0"],
						"0.4": ["variable.is_first_person ? 2 : 0", "variable.is_first_person ? -5 : -2", "variable.is_first_person ? 12 : 0"],
						"0.5": ["variable.is_first_person ? 2 : 0", "variable.is_first_person ? -5 : -2", "variable.is_first_person ? 12 : 0"],
						"0.6": ["variable.is_first_person ? 2 : 0", "variable.is_first_person ? -5 : -2", "variable.is_first_person ? 12 : 0"]
					}
				},
				"leftleg": {
					"rotation": {
						"0.0": [17.5, 0, 0],
						"0.3": [30, 0, 0],
						"0.5": [-92.5, 0, 0],
						"0.6": [-47.5, 0, 0]
					}
				},
				"lowerlleg": {
					"rotation": {
						"0.0": [10, 0, 0],
						"0.4": [72.5, 0, 0],
						"0.5": [87.5, 0, 0],
						"0.6": [47.5, 0, 0]
					}
				},
				"rightleg": {
					"rotation": {
						"0.0": [-30, 0, 0],
						"0.3": [-37.5, 0, 0],
						"0.5": [-7.5, 0, 0],
						"0.6": [25, 0, 0]
					}
				},
				"lowerrleg": {
					"rotation": {
						"0.0": [30, 0, 0],
						"0.2": [37.5, 0, 0],
						"0.4": [37.5, 0, 0],
						"0.5": [32.5, 0, 0],
						"0.6": [32.5, 0, 0]
					}
				},
				"waist": {
					"rotation": {
						"0.0": [2.44781, -12.4237, -1.61117],
						"0.2": [2.39262, -2.43258, -1.18586],
						"0.4": [17.39262, -2.43258, -1.18586],
						"0.5": [17.39262, -2.43258, -1.18586],
						"0.6": [9.89262, -2.43258, -1.18586]
					}
				},
				"leftArm": {
					"rotation": {
						"0.0": [-112.34086, 5.4179, -81.99457],
						"0.2": [-64.84086, 5.4179, -81.99457],
						"0.4": [-121.88032, 4.51525, -74.22275],
						"0.5": [-121.88032, 4.51525, -74.22275],
						"0.6": [45.0457, 4.23121, -81.73929]
					}
				},
				"lowerlarm": {
					"rotation": {
						"0.0": [-5, 0, 0],
						"0.4": [-17.5, 0, 0],
						"0.5": [-17.5, 0, 0],
						"0.6": [-17.5, 0, 0]
					}
				},
				"rightArm": {
					"rotation": {
						"0.0": [-62.22641, -10.58166, 86.18909],
						"0.2": [-49.72641, -10.58166, 86.18909],
						"0.4": [-108.27008, -16.14374, 111.87588],
						"0.5": [-108.27008, -16.14374, 111.87588],
						"0.6": [54.64177, -11.71137, 99.82923]
					}
				},
				"lowerrarm": {
					"rotation": {
						"0.0": [-30, 0, 0],
						"0.5": [-30, 0, 0],
						"0.6": [-30, 0, 0]
					}
				},
				"rightItem": {
					"rotation": {
						"0.0": [72.5, 0, 2.5],
						"0.2": [10, 0, 2.5],
						"0.5": [10, 0, 2.5],
						"0.6": [10, 0, 2.5]
					}
				},
				"leftItem": {
					"rotation": {
						"0.0": [80, 0, 0],
						"0.2": [0, 0, 0],
						"0.5": [0, 0, 0],
						"0.6": [0, 0, 0]
					}
				},
				"longsword_back_main": {
					"scale": 0
				},
				"longsword_back_offhand": {
					"scale": 0
				}
			}
		},
		"animation.dual_longsword.attack_dual_slash_left": {
			"animation_length": 0.8,
			"override_previous_animation": true,
			"bones": {
				"root": {
					"rotation": {
						"0.0": ["variable.is_first_person ? (math.cos(query.life_time * 100.0) * 0.200) + 0.200 : 0", "variable.is_first_person ? 180 : 0", 0],
						"0.5": ["variable.is_first_person ? (math.cos(query.life_time * 100.0) * 0.200) + 0.200 : 0", "variable.is_first_person ? 175 : -5", 0],
						"0.6": ["variable.is_first_person ? (math.cos(query.life_time * 100.0) * 0.200) + 0.200 : 0", "variable.is_first_person ? 137.5 : 42.5", 0]
					},
					"position": {
						"0.0": ["variable.is_first_person ? 2 : 0", "variable.is_first_person ? -4 : -1", "variable.is_first_person ? 12 : 0"],
						"0.2": ["variable.is_first_person ? 2 : 0", "variable.is_first_person ? -3 : 0", "variable.is_first_person ? 12 : 0"]
					}
				},
				"leftleg": {
					"rotation": {
						"0.0": [-47.5, 0, 0],
						"0.2": [-15, 0, 0]
					}
				},
				"lowerlleg": {
					"rotation": {
						"0.0": [47.5, 0, 0],
						"0.2": [10, 0, 0]
					}
				},
				"rightleg": {
					"rotation": {
						"0.0": [25, 0, 0],
						"0.2": [-2.5, 0, 0]
					}
				},
				"lowerrleg": {
					"rotation": {
						"0.0": [32.5, 0, 0],
						"0.2": [7.5, 0, 0]
					}
				},
				"waist": {
					"rotation": {
						"0.0": [9.89262, -2.43258, -1.18586],
						"0.2": [22.18801, -25.81778, -10.37792],
						"0.4": [40.65531, -49.87864, -27.50352],
						"0.5": [40.65531, -49.87864, -27.50352],
						"0.6": [26.59851, 40.49979, 14.38302]
					}
				},
				"leftArm": {
					"rotation": {
						"0.0": [45.0457, 4.23121, -81.73929],
						"0.2": [59.47039, -34.98244, -130.15708],
						"0.4": [132.06431, -18.07882, -246.98897],
						"0.5": [132.06431, -18.07882, -246.98897],
						"0.6": [323.79332, 6.01607, -267.72134]
					}
				},
				"lowerlarm": {
					"rotation": [-17.5, 0, 0]
				},
				"rightArm": {
					"rotation": {
						"0.0": [54.64177, -11.71137, 99.82923],
						"0.2": [-38.72069, 17.13733, 83.31954],
						"0.4": [-81.22069, 17.13733, 83.31954],
						"0.5": [-81.22069, 17.13733, 83.31954],
						"0.6": [-42.75166, 31.13716, 87.66637]
					}
				},
				"lowerrarm": {
					"rotation": [-30, 0, 0]
				},
				"rightItem": {
					"rotation": [10, 0, 2.5]
				},
				"leftItem": {
					"rotation": {
						"0.0": [0, 0, 0],
						"0.2": [0, 0, 0],
						"0.4": [0, 0, 0],
						"0.5": [0, 0, 0]
					}
				},
				"longsword_back_main": {
					"scale": 0
				},
				"longsword_back_offhand": {
					"scale": 0
				}
			}
		},
		"animation.dual_longsword.sneak": {
			"loop": true,
			"override_previous_animation": true,
			"bones": {
				"root": {
					"rotation": ["variable.is_first_person ? (math.cos(query.life_time * 100.0) * 0.200) + 0.200 : 0", "variable.is_first_person ? 180 : 0", 0],
					"position": ["variable.is_first_person ? 2 : 0", "variable.is_first_person ? -8 : -5", "variable.is_first_person ? 12 : 0"]
				},
				"leftleg": {
					"rotation": [10, 0, -2.5]
				},
				"lowerlleg": {
					"rotation": [75, 0, 0]
				},
				"rightleg": {
					"rotation": [-79.99294, 0.32621, 2.47864]
				},
				"lowerrleg": {
					"rotation": [80, 0, 0]
				},
				"waist": {
					"rotation": [12.37989, 0.18675, -1.06564]
				},
				"leftArm": {
					"rotation": [32.6876, 9.94765, -36.48203]
				},
				"lowerlarm": {
					"rotation": [-42.5, 0, 0]
				},
				"rightArm": {
					"rotation": [47.67625, -2.97063, 32.46981]
				},
				"lowerrarm": {
					"rotation": [-30, 0, 0]
				},
				"rightItem": {
					"position": [0, 0, -1]
				},
				"trail_lance": {
					"scale": 0
				},
				"longsword_back_main": {
					"scale": 0
				},
				"longsword_back_offhand": {
					"scale": 0
				}
			}
		},
		"animation.dual_longsword.sneak_move": {
			"loop": true,
			"animation_length": 1.04,
			"override_previous_animation": true,
			"bones": {
				"root": {
					"rotation": ["variable.is_first_person ? (math.cos(query.life_time * 100.0) * 0.200) + 0.200 : 0", "variable.is_first_person ? 177.5 : -2.5", -2.5],
					"position": {
						"0.0": ["variable.is_first_person ? 2 : 0", "variable.is_first_person ? -7 : -4", "variable.is_first_person ? 12 : 0"],
						"0.24": ["variable.is_first_person ? 2 : 0", "variable.is_first_person ? -8 : -5", "variable.is_first_person ? 12 : 0"],
						"0.52": ["variable.is_first_person ? 2 : 0", "variable.is_first_person ? -7 : -4", "variable.is_first_person ? 12 : 0"],
						"0.8": ["variable.is_first_person ? 2 : 0", "variable.is_first_person ? -9 : -6", "variable.is_first_person ? 12 : 0"],
						"1.04": ["variable.is_first_person ? 2 : 0", "variable.is_first_person ? -7 : -4", "variable.is_first_person ? 12 : 0"]
					}
				},
				"leftleg": {
					"rotation": {
						"0.0": [-74.9299, 1.70818, -0.30014],
						"0.52": [-2.4299, 1.70818, -0.30014],
						"0.8": [-111.26229, 1.23927, 0.51927],
						"1.04": [-74.9299, 1.70818, -0.30014]
					}
				},
				"lowerlleg": {
					"rotation": {
						"0.0": [72.5, 0, 0],
						"0.24": [118.46, 0, 0],
						"0.52": [80, 0, 0],
						"0.8": [100.96, 0, 0],
						"1.04": [72.5, 0, 0]
					}
				},
				"rightleg": {
					"rotation": {
						"0.0": [-0.14068, -2.24944, 7.15656],
						"0.24": [-98.33018, 0.42156, 5.28399],
						"0.52": [-77.46793, 3.53773, 3.09932],
						"0.8": [-25.83018, 0.42156, 5.28399],
						"1.04": [-0.14068, -2.24944, 7.15656]
					}
				},
				"lowerrleg": {
					"rotation": {
						"0.0": [77.5, 0, 0],
						"0.24": [100, 0, 0],
						"0.52": [72.5, 0, 0],
						"0.8": [112.69, 0, 0],
						"1.04": [77.5, 0, 0]
					}
				},
				"waist": {
					"rotation": {
						"0.0": [33.88762, -18.37521, -5.64208],
						"0.52": [34.26024, 22.70661, 9.32084],
						"1.04": [33.88762, -18.37521, -5.64208]
					}
				},
				"leftArm": {
					"rotation": {
						"0.0": [2.44882, -3.66596, -17.0879],
						"0.52": [-62.07545, 14.02739, -59.11424],
						"1.04": [2.44882, -3.66596, -17.0879]
					}
				},
				"lowerlarm": {
					"rotation": {
						"0.0": [-52.5, 0, 0],
						"0.52": [-62.5, 0, 0],
						"1.04": [-52.5, 0, 0]
					}
				},
				"rightArm": {
					"rotation": {
						"0.0": [-27.08584, 15.23696, 27.41573],
						"0.52": [36.47945, -2.03535, 16.9667],
						"1.04": [-27.08584, 15.23696, 27.41573]
					}
				},
				"lowerrarm": {
					"rotation": [-47.5, 0, 0]
				},
				"rightItem": {
					"position": [0, 0, -1]
				},
				"trail_lance": {
					"scale": 0
				},
				"longsword_back_main": {
					"scale": 0
				},
				"longsword_back_offhand": {
					"scale": 0
				}
			}
		},
		"animation.dual_longsword.move": {
			"loop": true,
			"animation_length": 1.04,
			"override_previous_animation": true,
			"bones": {
				"root": {
					"rotation": ["variable.is_first_person ? (math.cos(query.life_time * 100.0) * 0.200) + 0.200 : 0", "variable.is_first_person ? 180 : 0", 0],
					"position": {
						"0.0": ["variable.is_first_person ? 2 : 0", "variable.is_first_person ? -5 : -2", "variable.is_first_person ? 12 : 0"],
						"0.2": ["variable.is_first_person ? 2 : 0", "variable.is_first_person ? -3 : 0", "variable.is_first_person ? 12 : 0"],
						"0.36": ["variable.is_first_person ? 2 : 0", "variable.is_first_person ? -4 : -1", "variable.is_first_person ? 12 : 0"],
						"0.52": ["variable.is_first_person ? 2 : 0", "variable.is_first_person ? -5 : -2", "variable.is_first_person ? 12 : 0"],
						"0.72": ["variable.is_first_person ? 2 : 0", "variable.is_first_person ? -3 : 0", "variable.is_first_person ? 12 : 0"],
						"1.04": ["variable.is_first_person ? 2 : 0", "variable.is_first_person ? -5 : -2", "variable.is_first_person ? 12 : 0"]
					}
				},
				"leftleg": {
					"rotation": {
						"0.0": [-42.5, 0, 0],
						"0.2": [-1.73, 0, 0],
						"0.36": [22.88, 0, 0],
						"0.52": [40, 0, 0],
						"0.72": [5.81, 0, 0],
						"0.88": [-86.54, 0, 0],
						"1.04": [-42.5, 0, 0]
					}
				},
				"lowerlleg": {
					"rotation": {
						"0.0": [40, 0, 0],
						"0.2": [2.12, 0, 0],
						"0.36": [3.56, 0, 0],
						"0.52": [12.5, 0, 0],
						"0.72": [72.88, 0, 0],
						"0.88": [91.44, 0, 0],
						"1.04": [40, 0, 0]
					}
				},
				"rightleg": {
					"rotation": {
						"0.0": [32.5, 0, 0],
						"0.2": [0.58, 0, 0],
						"0.36": [-78.46, 0, 0],
						"0.52": [-45, 0, 0],
						"0.72": [-0.19, 0, 0],
						"1.04": [32.5, 0, 0]
					}
				},
				"lowerrleg": {
					"rotation": {
						"0.0": [0, 0, 0],
						"0.2": [87.31, 0, 0],
						"0.36": [82.41, 0, 0],
						"0.52": [47.5, 0, 0],
						"0.72": [1.73, 0, 0],
						"1.04": [0, 0, 0]
					}
				},
				"waist": {
					"rotation": [-2.5, 0, 0]
				},
				"leftArm": {
					"rotation": {
						"0.0": [49.31911, -6.73333, -14.00542],
						"0.52": [-18.18089, -6.73333, -14.00542],
						"1.04": [49.31911, -6.73333, -14.00542]
					}
				},
				"lowerlarm": {
					"rotation": {
						"0.0": [-25, 0, 0],
						"0.52": [-50, 0, 0],
						"1.04": [-25, 0, 0]
					}
				},
				"rightArm": {
					"rotation": {
						"0.0": [-9.89557, 7.32123, 16.63219],
						"0.52": [32.60443, 7.32123, 16.63219],
						"1.04": [-9.89557, 7.32123, 16.63219]
					}
				},
				"lowerrarm": {
					"rotation": {
						"0.0": [-62.5, 0, 0],
						"0.52": [-27.5, 0, 0],
						"1.04": [-62.5, 0, 0]
					}
				},
				"longsword_back_main": {
					"scale": 0
				},
				"longsword_back_offhand": {
					"scale": 0
				}
			}
		},
		"animation.dual_longsword.sprint": {
			"loop": true,
			"animation_length": 0.64,
			"override_previous_animation": true,
			"bones": {
				"root": {
					"rotation": {
						"0.0": ["variable.is_first_person ? (math.cos(query.life_time * 100.0) * 0.200) + 0.200 + 7.5 : 7.5", "variable.is_first_person ? 180 : 0", 0],
						"0.32": ["variable.is_first_person ? (math.cos(query.life_time * 100.0) * 0.200) + 0.200 + 17.5 : 17.5", "variable.is_first_person ? 180 : 0", 0],
						"0.64": ["variable.is_first_person ? (math.cos(query.life_time * 100.0) * 0.200) + 0.200 + 7.5 : 7.5", "variable.is_first_person ? 180 : 0", 0]
					},
					"position": {
						"0.0": ["variable.is_first_person ? 2 : 0", "variable.is_first_person ? -5 : -2", "variable.is_first_person ? 12 : 0"],
						"0.16": ["variable.is_first_person ? 2 : 0", "variable.is_first_person ? -2 : 1", "variable.is_first_person ? 12 : 0"],
						"0.32": ["variable.is_first_person ? 2 : 0", "variable.is_first_person ? -5 : -2", "variable.is_first_person ? 12 : 0"],
						"0.48": ["variable.is_first_person ? 2 : 0", "variable.is_first_person ? -3 : 0", "variable.is_first_person ? 12 : 0"],
						"0.64": ["variable.is_first_person ? 2 : 0", "variable.is_first_person ? -5 : -2", "variable.is_first_person ? 12 : 0"]
					}
				},
				"leftleg": {
					"rotation": {
						"0.0": [-50, 0, 0],
						"0.16": [41.54, 0, 0],
						"0.32": [17.5, 0, 0],
						"0.48": [-91.97, 0, 0],
						"0.64": [-50, 0, 0]
					}
				},
				"lowerlleg": {
					"rotation": {
						"0.0": [45, 0, 0],
						"0.16": [0.96, 0, 0],
						"0.32": [55, 0, 0],
						"0.48": [102.93, 0, 0],
						"0.64": [45, 0, 0]
					}
				},
				"rightleg": {
					"rotation": {
						"0.0": [30, 0, 0],
						"0.16": [-83.75, 0, 0],
						"0.32": [-57.5, 0, 0],
						"0.48": [38.75, 0, 0],
						"0.64": [30, 0, 0]
					}
				},
				"lowerrleg": {
					"rotation": {
						"0.0": [75, 0, 0],
						"0.16": [85.58, 0, 0],
						"0.32": [40, 0, 0],
						"0.48": [0.96, 0, 0],
						"0.64": [75, 0, 0]
					}
				},
				"waist": {
					"rotation": {
						"0.0": [17.5, 0, 0],
						"0.32": [12.5, 0, 0],
						"0.64": [17.5, 0, 0]
					}
				},
				"leftArm": {
					"rotation": {
						"0.0": [20.57639, -9.30727, -36.69304],
						"0.32": [36.55613, -6.60796, -43.75926],
						"0.64": [20.57639, -9.30727, -36.69304]
					}
				},
				"lowerlarm": {
					"rotation": {
						"0.0": [-25, 0, 0],
						"0.32": [-47.5, 0, 0],
						"0.64": [-25, 0, 0]
					}
				},
				"rightArm": {
					"rotation": {
						"0.0": [15.62489, 7.98133, 43.59681],
						"0.32": [45.62489, 7.98133, 43.59681],
						"0.64": [15.62489, 7.98133, 43.59681]
					}
				},
				"lowerrarm": {
					"rotation": {
						"0.0": [-25, 0, 0],
						"0.32": [-52.5, 0, 0],
						"0.64": [-25, 0, 0]
					}
				},
				"longsword_back_main": {
					"scale": 0
				},
				"longsword_back_offhand": {
					"scale": 0
				}
			}
		},
		"animation.dual_longsword.ability_guard": {
			"animation_length": 0.72,
			"bones": {
				"root": {
					"rotation": ["variable.is_first_person ? (math.cos(query.life_time * 100.0) * 0.200) + 0.200 : 0", "variable.is_first_person ? 180 : 0", 0],
					"position": ["variable.is_first_person ? 2 : 0", "variable.is_first_person ? -4 : -1", "variable.is_first_person ? 12 : 0"]
				},
				"waist": {
					"rotation": {
						"0.0": [7.5, 10, 0],
						"0.28": [-10.10715, 2.56307, -0.97718]
					}
				},
				"leftArm": {
					"rotation": {
						"0.0": [-20.49807, 30.82594, -43.3448],
						"0.24": [-20.49807, 30.82594, -43.3448],
						"0.32": [-60.57779, -14.2906, -27.89341]
					}
				},
				"lowerlarm": {
					"rotation": {
						"0.0": [-22.5, 0, 0],
						"0.28": [-33.21088, 13.83447, -5.85463]
					}
				},
				"rightArm": {
					"rotation": {
						"0.0": [28.99833, 5.20816, 23.81247],
						"0.28": [-45.41578, 7.38857, 51.39738]
					}
				},
				"lowerrarm": {
					"rotation": {
						"0.0": [-25, 0, 0],
						"0.28": [-55, 0, 0]
					}
				},
				"rightItem": {
					"position": [0, -1, -2]
				},
				"leftleg": {
					"rotation": [-12.5, 0, 0]
				},
				"lowerlleg": {
					"rotation": [12.5, 0, 0]
				},
				"rightleg": {
					"rotation": [15, 0, 0]
				},
				"lowerrleg": {
					"rotation": [10, 0, 0]
				},
				"longsword_back_main": {
					"scale": 0
				},
				"longsword_back_offhand": {
					"scale": 0
				}
			}
		}
	}
}