{
	"format_version": "1.8.0",
	"animations": {
		"animation.fast_paced_greatsword.basepose": {
			"loop": true,
			"override_previous_animation": true,
			"bones": {
				"root": {
					"rotation": ["variable.is_first_person ? (math.cos(query.life_time * 100.0) * 0.200) + 0.200 : 0", "variable.is_first_person ? 180 : 0", 0],
					"position": ["variable.is_first_person ? 2 : 0", "variable.is_first_person ? -3 : 0", "variable.is_first_person ? 12 : 0"]
				},
				"leftleg": {
					"rotation": [-29.9299, 1.70818, -0.30014]
				},
				"lowerlleg": {
					"rotation": [30, 0, 0]
				},
				"rightleg": {
					"rotation": [17.35932, -2.24944, 7.15656]
				},
				"lowerrleg": {
					"rotation": [7.5, 0, 0]
				},
				"waist": {
					"rotation": [10.9953, 27.22672, 4.00801]
				},
				"leftArm": {
					"rotation": [-27.76439, 30, 35.26439]
				},
				"rightArm": {
					"rotation": [-106.57533, 53.84897, -128.22433]
				},
				"lowerrarm": {
					"rotation": [-12.5, 0, 0]
				},
				"rightitem": {
					"rotation": [10, 0, 0]
				},
				"trail_greatsword": {
					"scale": 0
				},
				"greatsword_back": {
					"scale": 0
				}
			}
		},
		"animation.fast_paced_greatsword.sneak": {
			"loop": true,
			"override_previous_animation": true,
			"bones": {
				"root": {
					"rotation": ["variable.is_first_person ? (math.cos(query.life_time * 100.0) * 0.200) + 0.200 : 0", "variable.is_first_person ? 140 : -40", 0],
					"position": ["variable.is_first_person ? 2 : 0", "variable.is_first_person ? -7 : -4", "variable.is_first_person ? 12 : 0"]
				},
				"leftleg": {
					"rotation": [-74.9299, 1.70818, -0.30014]
				},
				"lowerlleg": {
					"rotation": [72.5, 0, 0]
				},
				"rightleg": {
					"rotation": [-0.14068, -2.24944, 7.15656]
				},
				"lowerrleg": {
					"rotation": [77.5, 0, 0]
				},
				"waist": {
					"rotation": [23.4953, 27.22672, 4.00801]
				},
				"leftArm": {
					"rotation": [-32.2835, 28.9008, 36.06929]
				},
				"rightArm": {
					"rotation": [-137.70903, 36.38671, -163.22057]
				},
				"lowerrarm": {
					"rotation": [-12.5, 0, 0]
				},
				"rightitem": {
					"rotation": [0, 0, 0]
				},
				"trail_greatsword": {
					"scale": 0
				},
				"greatsword_back": {
					"scale": 0
				}
			}
		},
		"animation.fast_paced_greatsword.sneak_move": {
			"loop": true,
			"animation_length": 1.04,
			"override_previous_animation": true,
			"bones": {
				"root": {
					"rotation": ["variable.is_first_person ? (math.cos(query.life_time * 100.0) * 0.200) + 0.200 : 0", "variable.is_first_person ? 140 : -40", 0],
					"position": {
						"0.0": ["variable.is_first_person ? 2 : 0", "variable.is_first_person ? -7 : -4", "variable.is_first_person ? 12 : 0"],
						"0.24": ["variable.is_first_person ? 2 : 0", "variable.is_first_person ? -8 : -5", "variable.is_first_person ? 12 : 0"],
						"0.52": ["variable.is_first_person ? 2 : 0", "variable.is_first_person ? -7 : -4", "variable.is_first_person ? 12 : 0"],
						"0.8": ["variable.is_first_person ? 2 : 0", "variable.is_first_person ? -8 : -5", "variable.is_first_person ? 12 : 0"],
						"1.04": ["variable.is_first_person ? 2 : 0", "variable.is_first_person ? -7 : -4", "variable.is_first_person ? 12 : 0"]
					}
				},
				"leftleg": {
					"rotation": {
						"0.0": [-74.9299, 1.70818, -0.30014],
						"0.52": [-2.4299, 1.70818, -0.30014],
						"0.8": [-111.26229, 1.23927, 0.51927],
						"1.04": [-74.9299, 1.70818, -0.30014]
					}
				},
				"lowerlleg": {
					"rotation": {
						"0.0": [72.5, 0, 0],
						"0.24": [118.46, 0, 0],
						"0.52": [80, 0, 0],
						"0.8": [100.96, 0, 0],
						"1.04": [72.5, 0, 0]
					}
				},
				"rightleg": {
					"rotation": {
						"0.0": [-0.14068, -2.24944, 7.15656],
						"0.24": [-98.33018, 0.42156, 5.28399],
						"0.52": [-77.46793, 3.53773, 3.09932],
						"0.8": [-25.83018, 0.42156, 5.28399],
						"1.04": [-0.14068, -2.24944, 7.15656]
					}
				},
				"lowerrleg": {
					"rotation": {
						"0.0": [77.5, 0, 0],
						"0.24": [100, 0, 0],
						"0.52": [72.5, 0, 0],
						"0.8": [112.69, 0, 0],
						"1.04": [77.5, 0, 0]
					}
				},
				"waist": {
					"rotation": {
						"0.0": [23.4953, 27.22672, 4.00801],
						"0.24": [25.9953, 27.22672, 4.00801],
						"0.52": [23.4953, 27.22672, 4.00801],
						"1.04": [23.4953, 27.22672, 4.00801]
					}
				},
				"leftArm": {
					"rotation": {
						"0.0": [-32.2835, 28.9008, 36.06929],
						"0.24": [-29.7835, 28.9008, 36.06929],
						"0.52": [-32.2835, 28.9008, 36.06929],
						"1.04": [-32.2835, 28.9008, 36.06929]
					}
				},
				"rightArm": {
					"rotation": {
						"0.0": [-137.70903, 36.38671, -163.22057],
						"0.24": [-133.86288, 36.38671, -163.22057],
						"0.52": [-140.20903, 36.38671, -163.22057],
						"1.04": [-137.70903, 36.38671, -163.22057]
					}
				},
				"lowerrarm": {
					"rotation": [-12.5, 0, 0]
				},
				"rightitem": {
					"rotation": [0, 0, 0]
				},
				"trail_greatsword": {
					"scale": 0
				},
				"greatsword_back": {
					"scale": 0
				}
			}
		},
		"animation.fast_paced_greatsword.jump": {
			"loop": "hold_on_last_frame",
			"animation_length": 0.2,
			"override_previous_animation": true,
			"bones": {
				"root": {
					"rotation": ["variable.is_first_person ? (math.cos(query.life_time * 100.0) * 0.200) + 0.200 : 0", "variable.is_first_person ? 180 : 0", 0],
					"position": {
						"0.0": ["variable.is_first_person ? 2 : 0", "variable.is_first_person ? -5 : -2", "variable.is_first_person ? 12 : 0"],
						"0.1": ["variable.is_first_person ? 2 : 0", "variable.is_first_person ? -2 : 1", "variable.is_first_person ? 12 : 0"],
						"0.2": ["variable.is_first_person ? 2 : 0", "variable.is_first_person ? -2 : 1", "variable.is_first_person ? 12 : 0"]
					}
				},
				"leftleg": {
					"rotation": {
						"0.0": [-42.4299, 1.70818, -0.30014],
						"0.1": [-2.4299, 1.70818, -0.30014],
						"0.2": [-2.4299, 1.70818, -0.30014]
					}
				},
				"lowerlleg": {
					"rotation": {
						"0.0": [55, 0, 0],
						"0.1": [10, 0, 0],
						"0.2": [10, 0, 0]
					}
				},
				"rightleg": {
					"rotation": {
						"0.0": [-30.14068, -2.24944, 7.15656],
						"0.1": [2.35932, -2.24944, 7.15656],
						"0.2": [2.35932, -2.24944, 7.15656]
					}
				},
				"lowerrleg": {
					"rotation": {
						"0.0": [57.5, 0, 0],
						"0.1": [7.5, 0, 0],
						"0.2": [7.5, 0, 0]
					}
				},
				"waist": {
					"rotation": {
						"0.0": [10.9953, 27.22672, 4.00801],
						"0.1": [21.21534, 44.33222, 8.60696]
					}
				},
				"leftArm": {
					"rotation": [-27.76439, 30, 35.26439]
				},
				"rightArm": {
					"rotation": [-106.57533, 53.84897, -128.22433]
				},
				"lowerrarm": {
					"rotation": [-12.5, 0, 0]
				},
				"rightitem": {
					"rotation": [10, 0, 0]
				},
				"trail_greatsword3": {
					"scale": 0
				},
				"trail_greatsword": {
					"scale": 0
				},
				"greatsword_back": {
					"scale": 0
				}
			}
		},
		"animation.fast_paced_greatsword.land": {
			"loop": "hold_on_last_frame",
			"animation_length": 0.2,
			"override_previous_animation": true,
			"bones": {
				"root": {
					"rotation": ["variable.is_first_person ? (math.cos(query.life_time * 100.0) * 0.200) + 0.200 : 0", "variable.is_first_person ? 180 : 0", 0],
					"position": {
						"0.0": ["variable.is_first_person ? 2 : 0", "variable.is_first_person ? -5 : -2", "variable.is_first_person ? 12 : 0"],
						"0.1": ["variable.is_first_person ? 2 : 0", "variable.is_first_person ? -3 : 0", "variable.is_first_person ? 12 : 0"],
						"0.2": ["variable.is_first_person ? 2 : 0", "variable.is_first_person ? -4 : -1", "variable.is_first_person ? 12 : 0"]
					}
				},
				"leftleg": {
					"rotation": {
						"0.0": [-57.29262, -3.06358, -11.85766],
						"0.1": [-7.29262, -3.06358, -11.85766],
						"0.2": [-29.9299, 1.70818, -0.30014]
					}
				},
				"lowerlleg": {
					"rotation": {
						"0.0": [65, 0, 0],
						"0.1": [12.5, 0, 0],
						"0.2": [30, 0, 0]
					}
				},
				"rightleg": {
					"rotation": {
						"0.0": [4.72104, 0.03499, 14.30199],
						"0.1": [-5.80395, 5.22755, 2.91557],
						"0.2": [17.35932, -2.24944, 7.15656]
					}
				},
				"lowerrleg": {
					"rotation": {
						"0.0": [42.5, 0, 0],
						"0.1": [17.5, 0, 0],
						"0.2": [7.5, 0, 0]
					}
				},
				"waist": {
					"rotation": {
						"0.0": [21.21534, 44.33222, 8.60696],
						"0.2": [10.9953, 27.22672, 4.00801]
					}
				},
				"leftArm": {
					"rotation": [-27.76439, 30, 35.26439]
				},
				"rightArm": {
					"rotation": [-106.57533, 53.84897, -128.22433]
				},
				"lowerrarm": {
					"rotation": [-12.5, 0, 0]
				},
				"rightitem": {
					"rotation": [10, 0, 0]
				},
				"trail_greatsword": {
					"scale": 0
				},
				"greatsword_back": {
					"scale": 0
				}
			}
		},
		"animation.fast_paced_greatsword.move": {
			"loop": true,
			"animation_length": 1.04,
			"override_previous_animation": true,
			"bones": {
				"root": {
					"rotation": {
						"0.0": ["variable.is_first_person ? (math.cos(query.life_time * 100.0) * 0.200) + 0.200 + 10 : 10", "variable.is_first_person ? 180 : 0", 0],
						"1.04": ["variable.is_first_person ? (math.cos(query.life_time * 100.0) * 0.200) + 0.200 + 10 : 10", "variable.is_first_person ? 180 : 0", 0]
					},
					"position": {
						"0.0": ["variable.is_first_person ? 2 : 0", "variable.is_first_person ? -5 : -2", "variable.is_first_person ? 12 : 0"],
						"0.24": ["variable.is_first_person ? 2 : 0", "variable.is_first_person ? -3 : 0", "variable.is_first_person ? 12 : 0"],
						"0.52": ["variable.is_first_person ? 2 : 0", "variable.is_first_person ? -5 : -2", "variable.is_first_person ? 12 : 0"],
						"0.8": ["variable.is_first_person ? 2 : 0", "variable.is_first_person ? -3 : 0", "variable.is_first_person ? 12 : 0"],
						"1.04": ["variable.is_first_person ? 2 : 0", "variable.is_first_person ? -5 : -2", "variable.is_first_person ? 12 : 0"]
					}
				},
				"leftleg": {
					"rotation": {
						"0.0": [-54.9299, 1.70818, -0.30014],
						"0.52": [22.5701, 1.70818, -0.30014],
						"0.8": [-79.73759, 1.70818, -0.30014],
						"1.04": [-54.9299, 1.70818, -0.30014]
					}
				},
				"lowerlleg": {
					"rotation": {
						"0.0": [35, 0, 0],
						"0.52": [7.5, 0, 0],
						"0.72": [119.78, 0, 0],
						"0.92": [65.58, 0, 0],
						"1.04": [35, 0, 0]
					}
				},
				"rightleg": {
					"rotation": {
						"0.0": [24.85639, 2.3056, 1.19667],
						"0.28": [-79.9513, 2.3056, 1.19667],
						"0.52": [-60.14361, 2.3056, 1.19667],
						"1.04": [24.85639, 2.3056, 1.19667]
					}
				},
				"lowerrleg": {
					"rotation": {
						"0.0": [7.5, 0, 0],
						"0.24": [134.62, 0, 0],
						"0.4": [61.41, 0, 0],
						"0.52": [50, 0, 0],
						"1.04": [7.5, 0, 0]
					}
				},
				"waist": {
					"rotation": {
						"0.0": [20.27251, 40.67239, 3.69706],
						"0.52": [16.12579, 20.26233, 11.19984],
						"1.04": [20.27251, 40.67239, 3.69706]
					}
				},
				"leftArm": {
					"rotation": {
						"0.0": [-38.80534, 35.87967, 24.20083],
						"1.04": [-38.80534, 35.87967, 24.20083]
					}
				},
				"rightArm": {
					"rotation": {
						"0.0": [-113.45076, 48.75526, -146.56439],
						"0.52": [-122.74409, 44.02067, -159.36375],
						"1.04": [-113.45076, 48.75526, -146.56439]
					}
				},
				"lowerrarm": {
					"rotation": [-12.5, 0, 0]
				},
				"rightitem": {
					"rotation": [10, 0, 0]
				},
				"trail_greatsword": {
					"scale": 0
				},
				"greatsword_back": {
					"scale": 0
				}
			}
		},
		"animation.fast_paced_greatsword.sprinting": {
			"loop": true,
			"animation_length": 0.56,
			"override_previous_animation": true,
			"bones": {
				"root": {
					"rotation": ["variable.is_first_person ? (math.cos(query.life_time * 100.0) * 0.200) + 0.200 + 15 : 15", "variable.is_first_person ? 180 : 0", 0],
					"position": {
						"0.0": ["variable.is_first_person ? 2 : 0", "variable.is_first_person ? -5 : -2", "variable.is_first_person ? 12 : 0"],
						"0.16": ["variable.is_first_person ? 2 : 0", "variable.is_first_person ? -3 : 0", "variable.is_first_person ? 12 : 0"],
						"0.28": ["variable.is_first_person ? 2 : 0", "variable.is_first_person ? -6 : -3", "variable.is_first_person ? 12 : 0"],
						"0.44": ["variable.is_first_person ? 2 : 0", "variable.is_first_person ? -3 : 0", "variable.is_first_person ? 12 : 0"],
						"0.56": ["variable.is_first_person ? 2 : 0", "variable.is_first_person ? -5 : -2", "variable.is_first_person ? 12 : 0"]
					}
				},
				"leftleg": {
					"rotation": {
						"0.0": [-64.9299, 1.70818, -0.30014],
						"0.16": [32.92724, 1.70818, -0.30014],
						"0.28": [27.5701, 1.70818, -0.30014],
						"0.44": [-95.28704, 1.70818, -0.30014],
						"0.56": [-64.9299, 1.70818, -0.30014]
					}
				},
				"lowerlleg": {
					"rotation": {
						"0.0": [47.5, 0, 0],
						"0.16": [10, 0, 0],
						"0.44": [96.25, 0, 0],
						"0.56": [47.5, 0, 0]
					}
				},
				"rightleg": {
					"rotation": {
						"0.0": [24.85639, 2.3056, 1.19667],
						"0.16": [-99.42932, 2.3056, 1.19667],
						"0.28": [-72.64361, 2.3056, 1.19667],
						"0.44": [28.07068, 2.3056, 1.19667],
						"0.56": [24.85639, 2.3056, 1.19667]
					}
				},
				"lowerrleg": {
					"rotation": {
						"0.0": [60, 0, 0],
						"0.16": [94.64, 0, 0],
						"0.28": [55, 0, 0],
						"0.44": [17.86, 0, 0],
						"0.56": [60, 0, 0]
					}
				},
				"waist": {
					"rotation": {
						"0.0": [9.06902, 42.91394, -5.92325],
						"0.28": [17.7431, 45.46232, 10.33448],
						"0.56": [9.06902, 42.91394, -5.92325]
					}
				},
				"leftArm": {
					"rotation": {
						"0.0": [-38.80534, 35.87967, 24.20083],
						"0.28": [-33.40998, 39.18774, 28.98466],
						"0.56": [-38.80534, 35.87967, 24.20083]
					}
				},
				"rightArm": {
					"rotation": {
						"0.0": [-113.45076, 48.75526, -146.56439],
						"0.28": [-118.45076, 48.75526, -146.56439],
						"0.56": [-113.45076, 48.75526, -146.56439]
					}
				},
				"lowerrarm": {
					"rotation": {
						"0.0": [-12.5, 0, 0],
						"0.28": [-20, 0, 0],
						"0.56": [-12.5, 0, 0]
					}
				},
				"rightitem": {
					"rotation": {
						"0.0": [10, 0, 0],
						"0.28": [25.07624, 4.65811, 1.81586],
						"0.56": [10, 0, 0]
					}
				},
				"trail_greatsword": {
					"scale": 0
				},
				"greatsword_back": {
					"scale": 0
				}
			}
		},
		"animation.fast_paced_greatsword.attack_right": {
			"animation_length": 1.5,
			"override_previous_animation": true,
			"bones": {
				"root": {
					"rotation": {
						"0.0": ["variable.is_first_person ? (math.cos(query.life_time * 100.0) * 0.200) + 0.200 : 0", "variable.is_first_person ? 250 : 70", 0],
						"0.2": ["variable.is_first_person ? (math.cos(query.life_time * 100.0) * 0.200) + 0.200 : 0", "variable.is_first_person ? 260 : 80", 0],
						"0.5": ["variable.is_first_person ? (math.cos(query.life_time * 100.0) * 0.200) + 0.200 : 0", "variable.is_first_person ? 260 : 80", 0],
						"0.7": ["variable.is_first_person ? (math.cos(query.life_time * 100.0) * 0.200) + 0.200 : 0", "variable.is_first_person ? 180 : 0", 0],
						"0.8": [
							"variable.is_first_person ? (math.cos(query.life_time * 100.0) * 0.200) + 0.200 + 53.4455 : 53.4455",
							"variable.is_first_person ? 180 - 75.3507 : -75.3507",
							-65.6221
						],
						"1.0": [
							"variable.is_first_person ? (math.cos(query.life_time * 100.0) * 0.200) + 0.200 + 53.4455 : 53.4455",
							"variable.is_first_person ? 180 - 75.3507 : -75.3507",
							-65.6221
						]
					},
					"position": {
						"0.0": ["variable.is_first_person ? 2 : 0", "variable.is_first_person ? -4 : -1", "variable.is_first_person ? 12 : 0"],
						"0.2": ["variable.is_first_person ? 2 : 0", "variable.is_first_person ? -5 : -2", "variable.is_first_person ? 12 : 0"],
						"0.5": ["variable.is_first_person ? 2 : 0", "variable.is_first_person ? -5 : -2", "variable.is_first_person ? 12 : 0"],
						"0.6": ["variable.is_first_person ? 2 : 0", "variable.is_first_person ? 1 : 4", "variable.is_first_person ? 12 : 0"],
						"0.7": ["variable.is_first_person ? 2 : 0", "variable.is_first_person ? -1 : 2", "variable.is_first_person ? 12 : 0"],
						"0.8": ["variable.is_first_person ? 2 : 0", "variable.is_first_person ? -6 : -3", "variable.is_first_person ? 12 : 0"]
					}
				},
				"leftleg": {
					"rotation": {
						"0.0": [-29.9299, 1.70818, -0.30014],
						"0.2": [-47.4299, 1.70818, -0.30014],
						"0.5": [-47.4299, 1.70818, -0.30014],
						"0.6": [12.5701, 1.70818, -0.30014],
						"0.7": [7.5701, 1.70818, -0.30014],
						"0.8": [37.34024, -4.07307, 10.78968],
						"1.0": [36.97238, -7.40874, 11.63879]
					}
				},
				"lowerlleg": {
					"rotation": {
						"0.0": [30, 0, 0],
						"0.2": [47.5, 0, 0],
						"0.5": [47.5, 0, 0],
						"0.6": [10, 0, 0]
					}
				},
				"rightleg": {
					"rotation": {
						"0.0": [17.35932, -2.24944, 7.15656],
						"0.2": [24.85932, -2.24944, 7.15656],
						"0.5": [24.85932, -2.24944, 7.15656],
						"0.6": [-48.89068, -2.24944, 7.15656],
						"0.7": [-77.64068, -2.24944, 7.15656],
						"0.8": [-52.11054, -7.8186, 21.99881],
						"1.0": [-42.64068, -2.24944, 7.15656]
					}
				},
				"lowerrleg": {
					"rotation": {
						"0.0": [7.5, 0, 0],
						"0.2": [7.5, 0, 0],
						"0.5": [7.5, 0, 0],
						"0.6": [21.25, 0, 0],
						"0.7": [75, 0, 0],
						"0.8": [60, 0, 0],
						"1.0": [40, 0, 0]
					}
				},
				"waist": {
					"rotation": {
						"0.0": [57.45658, 50.23152, 28.94733],
						"0.2": [64.95658, 50.23152, 28.94733],
						"0.5": [64.95658, 50.23152, 28.94733],
						"0.7": [-2.52979, -65.32395, 0.21826],
						"0.8": [48.35692, -67.05915, -22.82289],
						"1.0": [102.63034, -70.52955, -68.9052]
					}
				},
				"leftArm": {
					"rotation": {
						"0.0": [-79.15371, 49.54719, -5.39738],
						"0.2": [-81.65371, 49.54719, -5.39738],
						"0.5": [-81.65371, 49.54719, -5.39738],
						"0.7": [-117.74322, 38.55544, -17.04961],
						"0.8": [-107.74322, 38.55544, -17.04961],
						"1.0": [-70.11131, 49.91982, -9.73467]
					}
				},
				"rightArm": {
					"rotation": {
						"0.0": [-100.14892, 17.2421, -117.74758],
						"0.2": [-91.17593, 17.93484, -104.652],
						"0.5": [-91.17593, 17.93484, -104.652],
						"0.7": [-52.64897, -17.24296, -111.67291],
						"0.8": [-54.05559, -9.21189, -105.54617],
						"1.0": [-51.61529, 21.06853, -83.03012]
					}
				},
				"lowerrarm": {
					"rotation": {
						"0.0": [-12.5, 0, 0],
						"0.2": [-12.5, 0, 0],
						"0.5": [-12.5, 0, 0],
						"0.7": [-45, 0, 0],
						"1.0": [-15, 0, 0]
					}
				},
				"rightitem": {
					"rotation": {
						"0.0": [10, 0, 0],
						"0.2": [10, 0, 0],
						"0.5": [10, 0, 0]
					}
				},
				"trail_greatsword3": {
					"rotation": {
						"0.0": [0, -57.5, 0],
						"0.9": [35.27138, -57.5, 0]
					},
					"position": {
						"0.0": [-6, 0, -6],
						"0.9": [-6, 4, -15]
					},
					"scale": {
						"0.7": [0, 0, 0],
						"0.8": [1.3, 1, 1.6]
					}
				},
				"trail_greatsword": {
					"scale": {
						"0.0": [0, 0, 0],
						"0.5": [0, 0, 0],
						"0.6": [1, 1, 1],
						"0.7": [0, 0, 0],
						"0.8": [1, 1, 1],
						"0.9": [0, 0, 0]
					}
				},
				"greatsword_back": {
					"scale": 0
				}
			}
		},
		"animation.fast_paced_greatsword.attack_left": {
			"animation_length": 1.5,
			"override_previous_animation": true,
			"bones": {
				"root": {
					"rotation": {
						"0.0": [
							"variable.is_first_person ? (math.cos(query.life_time * 100.0) * 0.200) + 0.200 + 53.4455 : 53.4455",
							"variable.is_first_person ? 180 - 75.3507 : -75.3507",
							-65.6221
						],
						"0.3": [
							"variable.is_first_person ? (math.cos(query.life_time * 100.0) * 0.200) + 0.200 + 58.4455 : 58.4455",
							"variable.is_first_person ? 180 - 75.3507 : -75.3507",
							-65.6221
						],
						"0.6": [
							"variable.is_first_person ? (math.cos(query.life_time * 100.0) * 0.200) + 0.200 + 58.4455 : 58.4455",
							"variable.is_first_person ? 180 - 75.3507 : -75.3507",
							-65.6221
						],
						"0.9": [
							"variable.is_first_person ? (math.cos(query.life_time * 100.0) * 0.200) + 0.200 + 13.3265 : 13.3265",
							"variable.is_first_person ? 180 + 28.193 : 28.193",
							-6.70121
						],
						"1.0": [
							"variable.is_first_person ? (math.cos(query.life_time * 100.0) * 0.200) + 0.200 + 210.3474 : 210.3474",
							"variable.is_first_person ? 180 + 71.3776 : 71.3776",
							179.15572
						]
					},
					"position": {
						"0.0": ["variable.is_first_person ? 2 : 0", "variable.is_first_person ? -5 : -2", "variable.is_first_person ? 12 : 0"],
						"0.3": ["variable.is_first_person ? 2 : 0", "variable.is_first_person ? -6 : -3", "variable.is_first_person ? 12 : 0"],
						"0.6": ["variable.is_first_person ? 2 : 0", "variable.is_first_person ? -6 : -3", "variable.is_first_person ? 12 : 0"],
						"0.7": ["variable.is_first_person ? 2 : 0", "variable.is_first_person ? -2 : 1", "variable.is_first_person ? 12 : 0"],
						"1.0": ["variable.is_first_person ? 2 : 0", "variable.is_first_person ? -6 : -3", "variable.is_first_person ? 12 : 0"]
					}
				},
				"leftleg": {
					"rotation": {
						"0.0": [36.97238, -7.40874, 11.63879],
						"0.3": [27.20509, -5.90095, 9.63107],
						"0.6": [27.20509, -5.90095, 9.63107],
						"0.7": [-37.79491, -5.90095, 9.63107],
						"0.9": [-105.29491, -5.90095, 9.63107]
					}
				},
				"lowerlleg": {
					"rotation": {
						"0.0": [30, 0, 0],
						"0.3": [42.5, 0, 0],
						"0.6": [42.5, 0, 0],
						"0.7": [25, 0, 0],
						"0.9": [90, 0, 0]
					}
				},
				"rightleg": {
					"rotation": {
						"0.0": [-42.64068, -2.24944, 7.15656],
						"0.3": [-59.48204, -14.97912, 19.32948],
						"0.6": [-59.48204, -14.97912, 19.32948],
						"0.7": [-18.63516, -9.22168, 38.93174],
						"0.9": [-29.48204, -14.97912, 19.32948]
					}
				},
				"lowerrleg": {
					"rotation": {
						"0.0": [40, 0, 0],
						"0.3": [72.5, 0, 0],
						"0.6": [72.5, 0, 0],
						"0.7": [45, 0, 0]
					}
				},
				"waist": {
					"rotation": {
						"0.0": [102.63034, -70.52955, -68.9052],
						"0.3": [49.97021, -65.32395, 0.21826],
						"0.6": [77.11429, -69.47032, -23.70181],
						"0.7": [-0.72047, -59.34491, 42.19676],
						"0.9": [-13.02121, 14.32759, -3.51121],
						"1.0": [-0.68492, 36.14815, -9.64086],
						"1.2": [-5.68492, 36.14815, -9.64086]
					}
				},
				"leftArm": {
					"rotation": {
						"0.0": [-70.11131, 49.91982, -9.73467],
						"0.3": [-88.74094, 28.52545, -18.57903],
						"0.6": [-88.74094, 28.52545, -18.57903],
						"0.9": [-108.74094, 28.52545, -18.57903],
						"1.2": [-74.4761, 40.42275, 25.11107]
					}
				},
				"rightArm": {
					"rotation": {
						"0.0": [-51.61529, 21.06853, -83.03012],
						"0.3": [-104.8761, -23.14016, 84.24796],
						"0.6": [-104.8761, -23.14016, 84.24796],
						"0.9": [-85.38047, 5.84538, 87.19147],
						"1.2": [-66.65508, -2.47171, 103.56706]
					}
				},
				"lowerrarm": {
					"rotation": {
						"0.0": [-15, 0, 0],
						"0.3": [0, 0, 0],
						"0.6": [0, 0, 0],
						"0.9": [-25, 0, 0],
						"1.2": [-37.5, 0, 0]
					}
				},
				"rightitem": {
					"rotation": {
						"0.0": [10, 0, 0],
						"0.3": [25, 0, 0],
						"0.6": [25, 0, 0]
					},
					"position": {
						"0.3": [0, -2, -3],
						"0.6": [0, -2, -3]
					}
				},
				"trail_greatsword3": {
					"rotation": {
						"0.0": [0, -57.5, 0],
						"1.0": [0, -162.5, 0]
					},
					"position": {
						"0.0": [-6, 0, -6],
						"1.0": [15, 10, -2]
					},
					"scale": {
						"0.9": [0, 0, 0],
						"1.0": [1.3, 1, 1.6],
						"1.3": [1.3, 1, 1.6],
						"1.4": [0, 0, 0]
					}
				},
				"trail_greatsword": {
					"scale": {
						"0.0": [0, 0, 0],
						"0.6": [0, 0, 0],
						"0.7": [1, 1, 1],
						"0.9": [1, 1, 1],
						"1.0": [0, 0, 0]
					}
				},
				"greatsword_back": {
					"scale": 0
				}
			}
		},
		"animation.fast_paced_greatsword.attack_top": {
			"animation_length": 2,
			"override_previous_animation": true,
			"bones": {
				"root": {
					"rotation": ["variable.is_first_person ? (math.cos(query.life_time * 100.0) * 0.200) + 0.200 : 0", "variable.is_first_person ? 180 : 0", 0],
					"position": {
						"0.0": ["variable.is_first_person ? 2 : 0", "variable.is_first_person ? -4 : -1", "variable.is_first_person ? 12 : 0"],
						"1.0": ["variable.is_first_person ? 2 : 0", "variable.is_first_person ? -8 : -5", "variable.is_first_person ? 12 : 0"],
						"1.2": ["variable.is_first_person ? 2 : 0", "variable.is_first_person ? 4 : 7", "variable.is_first_person ? 12 : 0"],
						"1.5": ["variable.is_first_person ? 2 : 0", "variable.is_first_person ? 4 : 7", "variable.is_first_person ? 12 : 0"],
						"1.6": ["variable.is_first_person ? 2 : 0", "variable.is_first_person ? -4 : -1", "variable.is_first_person ? 12 : 0"]
					}
				},
				"leftleg": {
					"rotation": {
						"0.0": [-29.9299, 1.70818, -0.30014],
						"0.4": [-7.61243, 0.39598, -10.21557],
						"0.6": [-7.61243, 0.39598, -10.21557],
						"1.0": [-82.61243, 0.39598, -10.21557],
						"1.1": [-0.52909, 0.39598, -10.21557],
						"1.4": [11.97091, 0.39598, -10.21557],
						"1.6": [-10.11243, 0.39598, -10.21557]
					}
				},
				"lowerlleg": {
					"rotation": {
						"0.0": [30, 0, 0],
						"1.0": [102.5, 0, 0],
						"1.1": [20, 0, 0]
					}
				},
				"rightleg": {
					"rotation": {
						"0.0": [17.35932, -2.24944, 7.15656],
						"0.4": [-22.64068, -2.24944, 7.15656],
						"0.6": [-22.64068, -2.24944, 7.15656],
						"1.0": [-77.64068, -2.24944, 7.15656],
						"1.1": [-5.14068, -2.24944, 7.15656],
						"1.4": [17.35932, -2.24944, 7.15656],
						"1.6": [42.35932, -2.24944, 7.15656]
					}
				},
				"lowerrleg": {
					"rotation": {
						"0.0": [7.5, 0, 0],
						"0.4": [27.5, 0, 0],
						"0.6": [27.5, 0, 0],
						"1.0": [97.5, 0, 0],
						"1.1": [15, 0, 0]
					}
				},
				"waist": {
					"rotation": {
						"0.0": [10.9953, 27.22672, 4.00801],
						"0.4": [9.7986, -4.76883, -1.8944],
						"1.0": [-32.7014, -4.76883, -1.8944],
						"1.3": [-20.2014, -4.76883, -1.8944],
						"1.5": [-7.7014, -4.76883, -1.8944],
						"1.6": [54.7986, -4.76883, -1.8944]
					}
				},
				"leftArm": {
					"rotation": {
						"0.0": [-27.76439, 30, 35.26439],
						"0.4": [-27.76439, 30, 35.26439],
						"0.6": [-49.13039, 47.07116, 32.67952],
						"1.0": [-171.80334, 21.19205, -34.12094],
						"1.5": [-56.58082, 46.62315, 8.2875],
						"1.6": [-32.42662, 44.98511, 12.13611]
					}
				},
				"rightArm": {
					"rotation": {
						"0.0": [-106.57533, 53.84897, -128.22433],
						"0.4": [-36.14748, -0.54546, -38.97099],
						"0.6": [-68.15782, -12.8139, -25.95487],
						"0.8": [-110.3338, -35.96812, 12.21269],
						"0.9": [-140.6987, -24.40127, 28.04495],
						"1.0": [-179.93228, -3.26342, 49.09909],
						"1.1": [-162.22393, -10.78613, 43.76863],
						"1.3": [-129.5382, -33.92131, 31.28017],
						"1.5": [-87.19795, -33.06583, -1.66937],
						"1.6": [-68.0645, -34.39441, -6.95687]
					}
				},
				"lowerrarm": {
					"rotation": {
						"0.0": [-12.5, 0, 0],
						"1.3": [-37.5, 0, 0],
						"1.5": [-37.5, 0, 0],
						"1.6": [0, 0, 0]
					}
				},
				"rightitem": {
					"rotation": {
						"0.0": [10, 0, 0],
						"1.0": [8.72149, -28.68488, 36.22118],
						"1.3": [14.41877, -20.31298, 39.89853],
						"1.5": [52.72168, -24.08507, 29.45384],
						"1.6": [32.72547, 10.1965, 37.34532]
					}
				},
				"trail_greatsword3": {
					"rotation": [0, 20, 90],
					"position": [-2, 7, -6],
					"scale": {
						"1.5": [0, 0, 0],
						"1.6": [1.7, 1, 1]
					}
				},
				"lowerlarm": {
					"rotation": {
						"0.0": [-10, 0, 0],
						"1.0": [-10, 0, 0],
						"1.3": [-32.5, 0, 0]
					}
				},
				"trail_greatsword": {
					"scale": {
						"0.0": [0, 0, 0],
						"1.0": [0, 0, 0],
						"1.2": [1, 1, 1],
						"1.5": [1, 1, 1],
						"1.6": [0, 0, 0]
					}
				},
				"greatsword_back": {
					"scale": 0
				}
			}
		},
		"animation.fast_paced_greatsword.ability_slash": {
			"loop": "hold_on_last_frame",
			"animation_length": 1,
			"override_previous_animation": true,
			"bones": {
				"root": {
					"rotation": {
						"0.0": ["variable.is_first_person ? (math.cos(query.life_time * 100.0) * 0.200) + 0.200 : 0", "variable.is_first_person ? 180 : 0", 0],
						"0.2": ["variable.is_first_person ? (math.cos(query.life_time * 100.0) * 0.200) + 0.200 : 0", "variable.is_first_person ? 180 : 0", 0],
						"0.3": ["variable.is_first_person ? (math.cos(query.life_time * 100.0) * 0.200) + 0.200 : 0", "variable.is_first_person ? 140 : -40", 0]
					},
					"position": {
						"0.0": ["variable.is_first_person ? 2 : 0", "variable.is_first_person ? -5 : -2", "variable.is_first_person ? 12 : 0"],
						"0.1": ["variable.is_first_person ? 2 : 0", "variable.is_first_person ? -3 : 0", "variable.is_first_person ? 12 : 0"],
						"0.2": ["variable.is_first_person ? 2 : 0", "variable.is_first_person ? -4 : -1", "variable.is_first_person ? 12 : 0"],
						"0.3": ["variable.is_first_person ? 2 : 0", "variable.is_first_person ? -4 : -1", "variable.is_first_person ? 12 : 0"]
					}
				},
				"leftleg": {
					"rotation": {
						"0.0": [-38.77599, 4.5045, -8.72784],
						"0.1": [4.35056, 4.93328, -6.10508],
						"0.2": [41.58405, 6.08224, -13.49624],
						"0.3": [10.51407, 6.87111, -15.88044]
					}
				},
				"lowerlleg": {
					"rotation": {
						"0.0": [37.5, 0, 0],
						"0.1": [14.17, 0, 0],
						"0.3": [5, 0, 0]
					}
				},
				"rightleg": {
					"rotation": {
						"0.0": [20.15204, 15.70543, 8.11351],
						"0.1": [-78.70945, 9.60549, 3.01683],
						"0.2": [-32.57093, 3.50556, -2.07985],
						"0.3": [-27.34796, 15.70543, 8.11351]
					}
				},
				"lowerrleg": {
					"rotation": {
						"0.0": [2.5, 0, 0],
						"0.1": [69.59, 0, 0],
						"0.2": [36.67, 0, 0],
						"0.3": [27.5, 0, 0]
					}
				},
				"waist": {
					"rotation": {
						"0.0": [34.93533, 79.55535, 24.96106],
						"0.1": [-9.79602, -16.39585, -3.35082],
						"0.2": [1.0196, -83.91843, -3.3359]
					}
				},
				"leftArm": {
					"rotation": [-75.14501, 39.68878, 13.84143]
				},
				"rightArm": {
					"rotation": {
						"0.0": [-47.54386, 8.42355, -98.50777],
						"0.2": [-70.04386, 8.42355, -98.50777]
					}
				},
				"lowerrarm": {
					"rotation": {
						"0.0": [-80, 0, 0],
						"0.2": [-17.5, 0, 0]
					}
				},
				"rightitem": {
					"rotation": {
						"0.0": [-5, 0, 0],
						"0.1": [-4.65542, -9.96767, 0.80754],
						"0.2": [-4.1934, -7.84329, -4.43995],
						"0.3": [37.5, 0, 0]
					}
				},
				"trail_greatsword": {
					"scale": {
						"0.0": [0, 0, 0],
						"0.1": [1, 1, 1],
						"0.2": [1, 1, 1],
						"0.3": [0, 0, 0]
					}
				},
				"greatsword_back": {
					"scale": 0
				}
			}
		},
		"animation.fast_paced_greatsword.charge_slash": {
			"loop": "hold_on_last_frame",
			"animation_length": 10000,
			"override_previous_animation": true,
			"bones": {
				"root": {
					"rotation": ["variable.is_first_person ? (math.cos(query.life_time * 100.0) * 0.200) + 0.200 : 0", "variable.is_first_person ? 180 : 0", 0],
					"position": {
						"0.0": ["variable.is_first_person ? 2 : 0", "variable.is_first_person ? -4 : -1", "variable.is_first_person ? 12 : 0"],
						"0.2": ["variable.is_first_person ? 2 : 0", "variable.is_first_person ? -6 : -3", "variable.is_first_person ? 12 : 0"],
						"0.52": ["variable.is_first_person ? 2 : 0", "variable.is_first_person ? -4 : -1", "variable.is_first_person ? 12 : 0"]
					}
				},
				"leftleg": {
					"rotation": {
						"0.0": [-29.9299, 1.70818, -0.30014],
						"0.2": [-59.9299, 1.70818, -0.30014],
						"0.52": [-42.6666, 2.92983, -6.33981],
						"0.92": [-38.77599, 4.5045, -8.72784]
					}
				},
				"lowerlleg": {
					"rotation": {
						"0.0": [30, 0, 0],
						"0.2": [60, 0, 0],
						"0.52": [40, 0, 0],
						"0.92": [37.5, 0, 0]
					}
				},
				"rightleg": {
					"rotation": {
						"0.0": [17.35932, -2.24944, 7.15656],
						"0.2": [22.35932, -2.24944, 7.15656],
						"0.52": [7.0865, 9.21787, 16.13847],
						"0.92": [20.15204, 15.70543, 8.11351]
					}
				},
				"lowerrleg": {
					"rotation": {
						"0.0": [7.5, 0, 0],
						"0.2": [40, 0, 0],
						"0.52": [25, 0, 0],
						"0.92": [2.5, 0, 0]
					}
				},
				"waist": {
					"rotation": {
						"0.0": [10.9953, 27.22672, 4.00801],
						"0.2": [41.90014, 54.65009, 19.21765],
						"0.52": [-9.61061, 54.95688, -6.95424],
						"0.92": [-0.81061, 64.64935, 18.97436],
						"1.2": [44.93533, 79.55535, 24.96106]
					}
				},
				"leftArm": {
					"rotation": {
						"0.0": [-27.76439, 30, 35.26439],
						"0.2": [-42.76439, 30, 35.26439],
						"0.52": [-47.76439, 30, 35.26439],
						"0.92": [-55.26439, 30, 35.26439],
						"1.2": [-75.14501, 39.68878, 13.84143]
					}
				},
				"rightArm": {
					"rotation": {
						"0.0": [-106.57533, 53.84897, -128.22433],
						"0.2": [-101.44342, 31.98047, -120.82963],
						"0.52": [-83.94342, 31.98047, -120.82963],
						"0.92": [-67.43917, 18.41402, -98.05838],
						"1.2": [-47.54386, 8.42355, -98.50777]
					}
				},
				"lowerrarm": {
					"rotation": {
						"0.0": [-12.5, 0, 0],
						"0.52": [-45, 0, 0],
						"0.92": [-45, 0, 0],
						"1.2": [-80, 0, 0]
					}
				},
				"rightitem": {
					"rotation": {
						"0.0": [10, 0, 0],
						"0.2": [30, 0, 0],
						"0.52": [17.5, 0, 0],
						"0.92": [-5, 0, 0]
					}
				},
				"trail_greatsword": {
					"scale": 0
				},
				"greatsword_back": {
					"scale": 0
				}
			}
		},
		"animation.fast_paced_greatsword.charge_overhead_slash": {
			"loop": "hold_on_last_frame",
			"animation_length": 10000,
			"override_previous_animation": true,
			"bones": {
				"root": {
					"rotation": ["variable.is_first_person ? (math.cos(query.life_time * 100.0) * 0.200) + 0.200 : 0", "variable.is_first_person ? 180 : 0", 0],
					"position": {
						"0.0": ["variable.is_first_person ? 2 : 0", "variable.is_first_person ? -4 : -1", "variable.is_first_person ? 12 : 0"],
						"0.6": ["variable.is_first_person ? 2 : 0", "variable.is_first_person ? -3.04 : -0.04", "variable.is_first_person ? 12 : 0"],
						"1.0": ["variable.is_first_person ? 2 : 0", "variable.is_first_person ? -8 : -5", "variable.is_first_person ? 12 : 0"],
						"1.5": ["variable.is_first_person ? 2 : 0", "variable.is_first_person ? -4 : -1", "variable.is_first_person ? 12 : 0"]
					}
				},
				"leftleg": {
					"rotation": {
						"0.0": [-29.9299, 1.70818, -0.30014],
						"0.4": [-7.61243, 0.39598, -10.21557],
						"0.6": [-12.61243, 0.39598, -10.21557],
						"1.0": [-82.61243, 0.39598, -10.21557],
						"1.5": [-0.52909, 0.39598, -10.21557]
					}
				},
				"lowerlleg": {
					"rotation": {
						"0.0": [30, 0, 0],
						"0.6": [16, 0, 0],
						"1.0": [102.5, 0, 0],
						"1.5": [20, 0, 0]
					}
				},
				"rightleg": {
					"rotation": {
						"0.0": [17.35932, -2.24944, 7.15656],
						"0.4": [-22.64068, -2.24944, 7.15656],
						"0.6": [-22.64068, -2.24944, 7.15656],
						"1.0": [-77.64068, -2.24944, 7.15656],
						"1.5": [-5.14068, -2.24944, 7.15656]
					}
				},
				"lowerrleg": {
					"rotation": {
						"0.0": [7.5, 0, 0],
						"0.4": [27.5, 0, 0],
						"0.6": [27.5, 0, 0],
						"1.0": [97.5, 0, 0],
						"1.5": [15, 0, 0]
					}
				},
				"waist": {
					"rotation": {
						"0.0": [10.9953, 27.22672, 4.00801],
						"0.4": [9.7986, -4.76883, -1.8944],
						"1.0": [42.2986, -4.76883, -1.8944],
						"1.5": [-25.2014, -4.76883, -1.8944]
					}
				},
				"leftArm": {
					"rotation": {
						"0.0": [-27.76439, 30, 35.26439],
						"0.4": [-23.16783, 34.49016, 35.02621],
						"0.6": [-81.37452, 55.66523, -13.16988],
						"1.0": [-54.72408, 51.33324, -18.5429],
						"1.5": [-149.30334, 21.19205, -34.12094]
					}
				},
				"rightArm": {
					"rotation": {
						"0.0": [-106.57533, 53.84897, -128.22433],
						"0.4": [-36.14748, -0.54546, -38.97099],
						"0.6": [-68.15782, -12.8139, -25.95487],
						"1.0": [-41.30338, -27.4219, -25.79842],
						"1.2": [-140.6987, -24.40127, 28.04495],
						"1.5": [-179.93228, -3.26342, 49.09909]
					}
				},
				"lowerrarm": {
					"rotation": {
						"0.0": [-12.5, 0, 0],
						"0.6": [-37.5, 0, 0],
						"1.0": [-37.5, 0, 0],
						"1.5": [0, 0, 0]
					}
				},
				"rightitem": {
					"rotation": {
						"0.0": [10, 0, 0],
						"0.6": [8.72149, -28.68488, 36.22118],
						"1.0": [33.64808, -25.58336, 27.24851],
						"1.5": [14.43643, -6.12256, 51.14001]
					}
				},
				"trail_greatsword3": {
					"rotation": [0, 20, 90],
					"position": [-2, 7, -6],
					"scale": 0
				},
				"lowerlarm": {
					"rotation": {
						"0.0": [-10, 0, 0],
						"0.6": [-10, 0, 0],
						"1.0": [-32.5, 0, 0]
					}
				},
				"trail_greatsword": {
					"scale": 0
				},
				"greatsword_back": {
					"scale": 0
				}
			}
		},
		"animation.fast_paced_greatsword.ability_overhead_slash": {
			"loop": "hold_on_last_frame",
			"animation_length": 1,
			"override_previous_animation": true,
			"bones": {
				"root": {
					"rotation": ["variable.is_first_person ? (math.cos(query.life_time * 100.0) * 0.200) + 0.200 : 0", "variable.is_first_person ? 180 : 0", 0],
					"position": ["variable.is_first_person ? 2 : 0", "variable.is_first_person ? -4 : -1", "variable.is_first_person ? 12 : 0"]
				},
				"leftleg": {
					"rotation": {
						"0.0": [-0.52909, 0.39598, -10.21557],
						"0.2": [16.97091, 0.39598, -10.21557]
					}
				},
				"lowerlleg": {
					"rotation": {
						"0.0": [20, 0, 0],
						"0.2": [30, 0, 0]
					}
				},
				"rightleg": {
					"rotation": {
						"0.0": [-5.14068, -2.24944, 7.15656],
						"0.2": [9.85932, -2.24944, 7.15656]
					}
				},
				"lowerrleg": {
					"rotation": {
						"0.0": [15, 0, 0],
						"0.2": [0, 0, 0]
					}
				},
				"waist": {
					"rotation": {
						"0.0": [-47.7014, -4.76883, -1.8944],
						"0.1": [-20.2014, -4.76883, -1.8944],
						"0.2": [69.7986, -4.76883, -1.8944]
					}
				},
				"leftArm": {
					"rotation": {
						"0.0": [-149.30334, 21.19205, -34.12094],
						"0.1": [-135.43986, 46.45548, -25.80923],
						"0.2": [-32.42662, 44.98511, 12.13611]
					}
				},
				"rightArm": {
					"rotation": {
						"0.0": [-179.93228, -3.26342, 49.09909],
						"0.1": [-163.5249, -22.86199, 33.73834],
						"0.2": [-68.0645, -34.39441, -6.95687]
					}
				},
				"lowerrarm": {
					"rotation": {
						"0.0": [-37.5, 0, 0],
						"0.2": [0, 0, 0]
					}
				},
				"rightitem": {
					"rotation": {
						"0.0": [33.64808, -25.58336, 27.24851],
						"0.1": [14.39223, -24.56657, 32.87162],
						"0.2": [20.19473, 9.70934, 37.09915]
					},
					"position": [1, -1, 0]
				},
				"lowerlarm": {
					"rotation": {
						"0.0": [-32.5, 0, 0],
						"0.1": [-32.5, 0, 0]
					}
				},
				"trail_greatsword": {
					"scale": {
						"0.0": [0, 0, 0],
						"0.1": [1, 1, 1],
						"0.2": [0, 0, 0]
					}
				},
				"greatsword_back": {
					"scale": 0
				}
			}
		},
		"animation.fast_paced_greatsword.unsheathe": {
			"loop": "hold_on_last_frame",
			"animation_length": 2.28,
			"override_previous_animation": true,
			"bones": {
				"leftleg": {
					"rotation": {
						"0.0": [0, 0, 0],
						"1.96": [-29.9299, 1.70818, -0.30014]
					}
				},
				"lowerlleg": {
					"rotation": {
						"0.0": [0, 0, 0],
						"1.96": [30, 0, 0]
					}
				},
				"rightleg": {
					"rotation": {
						"0.0": [0, 0, 0],
						"1.96": [17.35932, -2.24944, 7.15656]
					}
				},
				"lowerrleg": {
					"rotation": {
						"0.0": [0, 0, 0],
						"1.96": [7.5, 0, 0]
					}
				},
				"waist": {
					"rotation": {
						"0.52": [0, 0, 0],
						"0.68": [20, 0, 0],
						"1.0": [20, 0, 0],
						"1.96": [10.9953, 27.22672, 4.00801]
					}
				},
				"leftArm": {
					"rotation": {
						"0.0": [17.5, 0, 0],
						"0.2": [20.41667, 0, 0],
						"0.68": [20.41667, 0, 0],
						"1.0": [20.41667, 0, 0],
						"1.4": [-39.34178, 4.77087, 5.79365],
						"1.96": [-27.76439, 30, 35.26439]
					}
				},
				"lowerlarm": {
					"rotation": {
						"0.0": [-12.5, 0, 0],
						"0.2": [-2.69231, 0, 0],
						"0.52": [0, 0, 0]
					}
				},
				"rightArm": {
					"rotation": {
						"0.0": [0, 0, 0],
						"0.2": [-154.84478, 14.48977, -15.20742],
						"0.24": [-137.81374, 17.38772, -18.2489],
						"0.52": [4.26482, 17.09854, 5.32286],
						"0.68": [-5.73518, 17.09854, 5.32286],
						"1.0": [-5.73518, 17.09854, 5.32286],
						"1.4": [24.26482, 17.09854, 5.32286],
						"1.96": [-106.57533, 53.84897, -128.22433]
					}
				},
				"lowerrarm": {
					"rotation": {
						"0.0": [0, 0, 0],
						"0.2": [-38.75, 0, 0],
						"0.24": [-97.5, 0, 0],
						"0.52": [-20, 0, 0],
						"0.68": [-2.5, 0, 0],
						"1.0": [-2.5, 0, 0],
						"1.4": [-37.5, 0, 0],
						"1.96": [-12.5, 0, 0]
					}
				},
				"rightitem": {
					"rotation": {
						"0.28": [0, 0, 90],
						"0.52": [0, 0, 0],
						"0.68": [17.5, 0, 0],
						"1.0": [17.5, 0, 0],
						"1.96": [10, 0, 0]
					},
					"position": {
						"0.28": [1, 0, 0],
						"0.52": [0, 0, 0]
					},
					"scale": {
						"0.0": [0, 0, 0],
						"0.24": [0, 0, 0],
						"0.28": [1, 1, 1]
					}
				},
				"root": {
					"rotation": {
						"0.0": [0, 0, 0],
						"1.96": ["variable.is_first_person ? (math.cos(query.life_time * 100.0) * 0.200) + 0.200 : 0", "variable.is_first_person ? 180 : 0", 0]
					},
					"position": {
						"0.0": [0, -1, 0],
						"1.96": ["variable.is_first_person ? 2 : 0", "variable.is_first_person ? -3 : 0", "variable.is_first_person ? 12 : 0"]
					}
				},
				"greatsword_back": {
					"rotation": [-180, -7.5, -180],
					"position": {
						"0.0": [0, 0, 0],
						"0.2": [4, -8, 2]
					},
					"scale": {
						"0.0": [1, 1, 1],
						"0.24": [1, 1, 1],
						"0.28": [0, 0, 0]
					}
				},
				"trail_greatsword": {
					"scale": {
						"0.0": [0, 0, 0],
						"1.96": [0, 0, 0]
					}
				},
				"greatsword_back_sheathe": {
					"rotation": {
						"0.2": [-180, -7.5, -180],
						"2.28": [0, 0, 0]
					},
					"position": {
						"0.0": [0, 0, 0],
						"0.2": [4, -8, 2],
						"2.28": [0, 0, 0]
					}
				}
			}
		}
	}
}