{
	"format_version": "1.8.0",
	"animations": {
		"animation.fast_paced_katar.base_pose": {
			"loop": true,
			"override_previous_animation": true,
			"bones": {
				"root": {
					"rotation": ["variable.is_first_person ? (math.cos(query.life_time * 100.0) * 0.200) + 0.200 : 0", "variable.is_first_person ? 197.5 : 17.5", 0],
					"position": ["variable.is_first_person ? 2 : 0", "variable.is_first_person ? -3 : 0", "variable.is_first_person ? 12 : 0"]
				},
				"leftleg": {
					"rotation": [-8.2748, -13.69282, -7.60272]
				},
				"lowerlleg": {
					"rotation": [7.5, 0, 0]
				},
				"rightleg": {
					"rotation": [5.04363, -10.61395, 6.59701]
				},
				"lowerrleg": {
					"rotation": [2.5, 0, 0]
				},
				"waist": {
					"rotation": [5.05766, 9.98078, 0.44192]
				},
				"leftArm": {
					"rotation": [-45.60311, 7.36123, -27.42511]
				},
				"lowerlarm": {
					"rotation": [-55, 0, 0]
				},
				"rightArm": {
					"rotation": [-58.37505, -12.06312, 51.39547]
				},
				"lowerrarm": {
					"rotation": [-90, 0, 0]
				},
				"trail_katar": {
					"scale": [1, 1, 0]
				},
				"trail_pierce_katar": {
					"scale": [1, 0, 1]
				},
				"trail_katar_offhand": {
					"scale": [1, 1, 0]
				},
				"trail_pierce_katar_offhand": {
					"scale": [1, 0, 1]
				},
				"katar_back": {
					"scale": 0
				},
				"katar_back_offhand": {
					"scale": 0
				}
			}
		},
		"animation.fast_paced_katar.attack_thrust_right": {
			"animation_length": 1.2,
			"override_previous_animation": true,
			"bones": {
				"root": {
					"rotation": {
						"0.0": ["variable.is_first_person ? (math.cos(query.life_time * 100.0) * 0.200) + 0.200 : 0", "variable.is_first_person ? 197.5 : 17.5", 0],
						"0.2": ["variable.is_first_person ? (math.cos(query.life_time * 100.0) * 0.200) + 0.200 : 0", "variable.is_first_person ? 197.5 : 17.5", 0],
						"0.3": ["variable.is_first_person ? (math.cos(query.life_time * 100.0) * 0.200) + 0.200 : 0", "variable.is_first_person ? 170 : -10", 0],
						"1.0": ["variable.is_first_person ? (math.cos(query.life_time * 100.0) * 0.200) + 0.200 : 0", "variable.is_first_person ? 197.5 : 17.5", 0]
					},
					"position": {
						"0.0": ["variable.is_first_person ? 2 : 0", "variable.is_first_person ? -3 : 0", "variable.is_first_person ? 12 : 0"],
						"0.2": ["variable.is_first_person ? 2 : 0", "variable.is_first_person ? -3 : 0", "variable.is_first_person ? 12 : 0"],
						"0.3": ["variable.is_first_person ? 2 : 0", "variable.is_first_person ? -3 : 0", "variable.is_first_person ? 12 : 0"],
						"1.0": ["variable.is_first_person ? 2 : 0", "variable.is_first_person ? -3 : 0", "variable.is_first_person ? 12 : 0"]
					}
				},
				"leftleg": {
					"rotation": {
						"0.0": [-8.2748, -13.69282, -7.60272],
						"0.2": [-8.2748, -13.69282, -7.60272],
						"0.3": [14.44567, 3.63254, -10.08813],
						"1.0": [-8.2748, -13.69282, -7.60272]
					}
				},
				"lowerlleg": {
					"rotation": {
						"0.0": [7.5, 0, 0],
						"0.2": [7.5, 0, 0],
						"0.3": [10, 0, 0],
						"1.0": [7.5, 0, 0]
					}
				},
				"rightleg": {
					"rotation": {
						"0.0": [5.04363, -10.61395, 6.59701],
						"0.2": [5.04363, -10.61395, 6.59701],
						"0.3": [-26.27517, 8.33817, 5.34394],
						"1.0": [5.04363, -10.61395, 6.59701]
					}
				},
				"lowerrleg": {
					"rotation": {
						"0.0": [2.5, 0, 0],
						"0.2": [2.5, 0, 0],
						"0.3": [25, 0, 0],
						"1.0": [2.5, 0, 0]
					}
				},
				"waist": {
					"rotation": {
						"0.0": [5.05766, 9.98078, 0.44192],
						"0.2": [5.74776, 29.89406, 2.43503],
						"0.3": [6.73959, -42.28318, -4.98271],
						"1.0": [5.05766, 9.98078, 0.44192]
					}
				},
				"leftArm": {
					"rotation": {
						"0.0": [-45.60311, 7.36123, -27.42511],
						"0.2": [26.89689, 7.36123, -27.42511],
						"1.0": [-45.60311, 7.36123, -27.42511]
					}
				},
				"lowerlarm": {
					"rotation": {
						"0.0": [-55, 0, 0],
						"0.2": [-32.5, 0, 0],
						"1.0": [-55, 0, 0]
					}
				},
				"rightArm": {
					"rotation": {
						"0.0": [-58.37505, -12.06312, 51.39547],
						"0.2": [-38.21896, -19.16412, 96.24955],
						"0.3": [-36.1641, -5.84987, 89.7772],
						"1.0": [-58.37505, -12.06312, 51.39547]
					}
				},
				"lowerrarm": {
					"rotation": {
						"0.0": [-90, 0, 0],
						"0.2": [-90, 0, 0],
						"0.3": [-5, 0, 0],
						"1.0": [-90, 0, 0]
					}
				},
				"trail_katar": {
					"scale": {
						"0.0": [1, 1, 0],
						"0.2": [1, 1, 0],
						"1.0": [1, 1, 0]
					}
				},
				"trail_pierce_katar": {
					"scale": {
						"0.0": [1, 0, 1],
						"0.2": [1, 0, 1],
						"0.3": [1, 1, 1],
						"0.4": [1, 0, 1],
						"1.0": [1, 0, 1]
					}
				},
				"trail_katar_offhand": {
					"scale": {
						"0.0": [1, 1, 0],
						"0.2": [1, 1, 0],
						"1.0": [1, 1, 0]
					}
				},
				"trail_pierce_katar_offhand": {
					"scale": {
						"0.0": [1, 0, 1],
						"0.2": [1, 0, 1],
						"1.0": [1, 0, 1]
					}
				},
				"katar_back": {
					"scale": 0
				},
				"katar_back_offhand": {
					"scale": 0
				}
			}
		},
		"animation.fast_paced_katar.attack_thrust_left": {
			"animation_length": 0.9,
			"override_previous_animation": true,
			"bones": {
				"root": {
					"rotation": {
						"0.0": ["variable.is_first_person ? (math.cos(query.life_time * 100.0) * 0.200) + 0.200 : 0", "variable.is_first_person ? 197.5 : 17.5", 0],
						"0.2": ["variable.is_first_person ? (math.cos(query.life_time * 100.0) * 0.200) + 0.200 : 0", "variable.is_first_person ? 180 - 17.5 : -17.5", 0],
						"0.3": ["variable.is_first_person ? (math.cos(query.life_time * 100.0) * 0.200) + 0.200 : 0", "variable.is_first_person ? 217.5 : 37.5", 0],
						"0.9": ["variable.is_first_person ? (math.cos(query.life_time * 100.0) * 0.200) + 0.200 : 0", "variable.is_first_person ? 197.5 : 17.5", 0]
					},
					"position": {
						"0.0": ["variable.is_first_person ? 2 : 0", "variable.is_first_person ? -3 : 0", "variable.is_first_person ? 12 : 0"],
						"0.9": ["variable.is_first_person ? 2 : 0", "variable.is_first_person ? -3 : 0", "variable.is_first_person ? 12 : 0"]
					}
				},
				"leftleg": {
					"rotation": {
						"0.0": [-8.2748, -13.69282, -7.60272],
						"0.2": [-8.05433, 3.63254, -10.08813],
						"0.3": [-9.15729, -28.52197, -5.17295],
						"0.9": [-8.2748, -13.69282, -7.60272]
					}
				},
				"lowerlleg": {
					"rotation": {
						"0.0": [7.5, 0, 0],
						"0.9": [7.5, 0, 0]
					}
				},
				"rightleg": {
					"rotation": {
						"0.0": [5.04363, -10.61395, 6.59701],
						"0.2": [5.17819, 16.78086, 9.02707],
						"0.3": [6.1858, 36.68532, 11.23309],
						"0.9": [5.04363, -10.61395, 6.59701]
					}
				},
				"lowerrleg": {
					"rotation": {
						"0.0": [5, 0, 0],
						"0.2": [20, 0, 0],
						"0.3": [0, 0, 0],
						"0.9": [2.5, 0, 0]
					}
				},
				"waist": {
					"rotation": {
						"0.0": [5.05766, 9.98078, 0.44192],
						"0.2": [5.02347, -7.45259, -1.0901],
						"0.3": [5.05766, 9.98078, 0.44192],
						"0.9": [5.05766, 9.98078, 0.44192]
					}
				},
				"leftArm": {
					"rotation": {
						"0.0": [-45.60311, 7.36123, -27.42511],
						"0.2": [16.37814, -0.89122, -84.14706],
						"0.3": [-41.12186, -0.89122, -84.14706],
						"0.9": [-45.60311, 7.36123, -27.42511]
					}
				},
				"lowerlarm": {
					"rotation": {
						"0.0": [-55, 0, 0],
						"0.2": [-117.5, 0, 0],
						"0.3": [-2.5, 0, 0],
						"0.9": [-55, 0, 0]
					}
				},
				"rightArm": {
					"rotation": {
						"0.0": [-58.37505, -12.06312, 51.39547],
						"0.2": [-5.38228, -15.28892, 28.4659],
						"0.3": [21.1681, -8.66624, 9.15801],
						"0.9": [-58.37505, -12.06312, 51.39547]
					}
				},
				"lowerrarm": {
					"rotation": {
						"0.0": [-90, 0, 0],
						"0.2": [-17.5, 0, 0],
						"0.9": [-90, 0, 0]
					}
				},
				"trail_katar": {
					"scale": {
						"0.0": [1, 1, 0],
						"0.9": [1, 1, 0]
					}
				},
				"trail_pierce_katar": {
					"scale": {
						"0.0": [1, 0, 1],
						"0.9": [1, 0, 1]
					}
				},
				"trail_katar_offhand": {
					"scale": {
						"0.0": [1, 1, 0],
						"0.9": [1, 1, 0]
					}
				},
				"trail_pierce_katar_offhand": {
					"scale": {
						"0.0": [1, 0, 1],
						"0.2": [1, 0, 1],
						"0.3": [1, 1, 1],
						"0.4": [1, 0, 1],
						"0.9": [1, 0, 1]
					}
				},
				"katar_back": {
					"scale": 0
				},
				"katar_back_offhand": {
					"scale": 0
				}
			}
		},
		"animation.fast_paced_katar.attack_slash_left": {
			"animation_length": 0.9,
			"override_previous_animation": true,
			"bones": {
				"root": {
					"rotation": {
						"0.0": ["variable.is_first_person ? (math.cos(query.life_time * 100.0) * 0.200) + 0.200 : 0", "variable.is_first_person ? 197.5 : 17.5", 0],
						"0.2": ["variable.is_first_person ? (math.cos(query.life_time * 100.0) * 0.200) + 0.200 : 0", "variable.is_first_person ? 170 : -10", 0],
						"0.3": ["variable.is_first_person ? (math.cos(query.life_time * 100.0) * 0.200) + 0.200 : 0", "variable.is_first_person ? 182.5 : 2.5", 0],
						"0.9": ["variable.is_first_person ? (math.cos(query.life_time * 100.0) * 0.200) + 0.200 : 0", "variable.is_first_person ? 197.5 : 17.5", 0]
					},
					"position": {
						"0.0": ["variable.is_first_person ? 2 : 0", "variable.is_first_person ? -3 : 0", "variable.is_first_person ? 12 : 0"],
						"0.2": ["variable.is_first_person ? 2 : 0", "variable.is_first_person ? -3 : 0", "variable.is_first_person ? 12 : 0"],
						"0.3": ["variable.is_first_person ? 2 : 0", "variable.is_first_person ? -4 : -1", "variable.is_first_person ? 8 : -4"],
						"0.9": ["variable.is_first_person ? 2 : 0", "variable.is_first_person ? -3 : 0", "variable.is_first_person ? 12 : 0"]
					}
				},
				"leftleg": {
					"rotation": {
						"0.0": [-8.2748, -13.69282, -7.60272],
						"0.2": [14.44567, 3.63254, -10.08813],
						"0.3": [-32.68279, 5.97094, -5.65275],
						"0.9": [-8.2748, -13.69282, -7.60272]
					}
				},
				"lowerlleg": {
					"rotation": {
						"0.0": [7.5, 0, 0],
						"0.2": [10, 0, 0],
						"0.3": [30, 0, 0],
						"0.9": [7.5, 0, 0]
					}
				},
				"rightleg": {
					"rotation": {
						"0.0": [5.04363, -10.61395, 6.59701],
						"0.2": [-26.27517, 8.33817, 5.34394],
						"0.3": [19.12296, -3.98554, 8.59708],
						"0.9": [5.04363, -10.61395, 6.59701]
					}
				},
				"lowerrleg": {
					"rotation": {
						"0.0": [2.5, 0, 0],
						"0.2": [25, 0, 0],
						"0.9": [2.5, 0, 0]
					}
				},
				"waist": {
					"rotation": {
						"0.0": [5.05766, 9.98078, 0.44192],
						"0.2": [6.73959, -42.28318, -4.98271],
						"0.3": [5.22188, 17.45072, 1.13304],
						"0.9": [5.05766, 9.98078, 0.44192]
					}
				},
				"leftArm": {
					"rotation": {
						"0.0": [-45.60311, 7.36123, -27.42511],
						"0.2": [26.89689, 7.36123, -27.42511],
						"0.3": [40.30463, -0.72879, -11.86806],
						"0.9": [-45.60311, 7.36123, -27.42511]
					}
				},
				"lowerlarm": {
					"rotation": {
						"0.0": [-55, 0, 0],
						"0.2": [-32.5, 0, 0],
						"0.9": [-55, 0, 0]
					}
				},
				"rightArm": {
					"rotation": {
						"0.0": [-58.37505, -12.06312, 51.39547],
						"0.2": [-106.1641, -5.84987, 89.7772],
						"0.3": [23.8359, -5.84987, 89.7772],
						"0.9": [-58.37505, -12.06312, 51.39547]
					}
				},
				"lowerrarm": {
					"rotation": {
						"0.0": [-90, 0, 0],
						"0.2": [-70, 0, 0],
						"0.3": [-12.5, 0, 0],
						"0.9": [-90, 0, 0]
					}
				},
				"trail_katar": {
					"scale": {
						"0.0": [1, 0, 1],
						"0.2": [1, 0, 1],
						"0.3": [1, 1, 1],
						"0.4": [1, 0, 1],
						"0.9": [1, 1, 0]
					}
				},
				"trail_pierce_katar": {
					"scale": {
						"0.0": [1, 0, 1],
						"0.2": [1, 0, 1],
						"0.9": [1, 0, 1]
					}
				},
				"trail_katar_offhand": {
					"scale": {
						"0.0": [1, 1, 0],
						"0.2": [1, 1, 0],
						"0.9": [1, 1, 0]
					}
				},
				"trail_pierce_katar_offhand": {
					"scale": {
						"0.0": [1, 0, 1],
						"0.2": [1, 0, 1],
						"0.9": [1, 0, 1]
					}
				},
				"katar_back": {
					"scale": 0
				},
				"katar_back_offhand": {
					"scale": 0
				}
			}
		},
		"animation.fast_paced_katar.attack_slash_left_left": {
			"animation_length": 0.9,
			"override_previous_animation": true,
			"bones": {
				"root": {
					"rotation": {
						"0.0": ["variable.is_first_person ? (math.cos(query.life_time * 100.0) * 0.200) + 0.200 : 0", "variable.is_first_person ? 197.5 : 17.5", 0],
						"0.3": ["variable.is_first_person ? (math.cos(query.life_time * 100.0) * 0.200) + 0.200 : 0", "variable.is_first_person ? 215 : 35", 0],
						"0.4": ["variable.is_first_person ? (math.cos(query.life_time * 100.0) * 0.200) + 0.200 : 0", "variable.is_first_person ? 195 : 15", 0],
						"0.9": ["variable.is_first_person ? (math.cos(query.life_time * 100.0) * 0.200) + 0.200 : 0", "variable.is_first_person ? 197.5 : 17.5", 0]
					},
					"position": {
						"0.0": ["variable.is_first_person ? 2 : 0", "variable.is_first_person ? -3 : 0", "variable.is_first_person ? 12 : 0"],
						"0.4": ["variable.is_first_person ? 2 : 0", "variable.is_first_person ? -4 : -1", "variable.is_first_person ? 9 : -3"],
						"0.9": ["variable.is_first_person ? 2 : 0", "variable.is_first_person ? -3 : 0", "variable.is_first_person ? 12 : 0"]
					}
				},
				"leftleg": {
					"rotation": {
						"0.0": [-8.2748, -13.69282, -7.60272],
						"0.2": [4.2252, -13.69282, -7.60272],
						"0.3": [11.7252, -13.69282, -7.60272],
						"0.4": [29.2252, -13.69282, -7.60272],
						"0.9": [-8.2748, -13.69282, -7.60272]
					}
				},
				"lowerlleg": {
					"rotation": {
						"0.0": [7.5, 0, 0],
						"0.9": [7.5, 0, 0]
					}
				},
				"rightleg": {
					"rotation": {
						"0.0": [5.04363, -10.61395, 6.59701],
						"0.2": [-7.45637, -10.61395, 6.59701],
						"0.3": [-79.95637, -10.61395, 6.59701],
						"0.4": [-39.05984, -15.38492, 0.68118],
						"0.9": [5.04363, -10.61395, 6.59701]
					}
				},
				"lowerrleg": {
					"rotation": {
						"0.0": [2.5, 0, 0],
						"0.2": [2.5, 0, 0],
						"0.3": [67.5, 0, 0],
						"0.4": [37.5, 0, 0],
						"0.9": [2.5, 0, 0]
					}
				},
				"waist": {
					"rotation": {
						"0.0": [5.05766, 9.98078, 0.44192],
						"0.2": [16.63942, 46.87995, 7.76607],
						"0.3": [11.56547, -30.27282, -2.91719],
						"0.9": [5.05766, 9.98078, 0.44192]
					}
				},
				"leftArm": {
					"rotation": {
						"0.0": [-45.60311, 7.36123, -27.42511],
						"0.2": [-104.39874, -0.40128, -86.39968],
						"0.3": [25.60126, -0.40128, -86.39968],
						"0.9": [-45.60311, 7.36123, -27.42511]
					}
				},
				"lowerlarm": {
					"rotation": {
						"0.0": [-55, 0, 0],
						"0.2": [-65, 0, 0],
						"0.3": [-15, 0, 0],
						"0.9": [-55, 0, 0]
					}
				},
				"rightArm": {
					"rotation": {
						"0.0": [-58.37505, -12.06312, 51.39547],
						"0.2": [14.98943, -9.62068, 20.93602],
						"0.9": [-58.37505, -12.06312, 51.39547]
					}
				},
				"lowerrarm": {
					"rotation": {
						"0.0": [-90, 0, 0],
						"0.2": [-27.5, 0, 0],
						"0.9": [-90, 0, 0]
					}
				},
				"trail_katar": {
					"scale": {
						"0.0": [1, 0, 1],
						"0.9": [1, 1, 0]
					}
				},
				"trail_pierce_katar": {
					"scale": {
						"0.0": [1, 0, 1],
						"0.9": [1, 0, 1]
					}
				},
				"trail_katar_offhand": {
					"scale": {
						"0.0": [1, 1, 0],
						"0.2": [1, 1, 0],
						"0.3": [1, 1, 1],
						"0.4": [1, 1, 0],
						"0.9": [1, 1, 0]
					}
				},
				"trail_pierce_katar_offhand": {
					"scale": {
						"0.0": [1, 0, 1],
						"0.9": [1, 0, 1]
					}
				},
				"katar_back": {
					"scale": 0
				},
				"katar_back_offhand": {
					"scale": 0
				}
			}
		},
		"animation.fast_paced_katar.attack_slash_right": {
			"animation_length": 0.9,
			"override_previous_animation": true,
			"bones": {
				"root": {
					"rotation": {
						"0.0": ["variable.is_first_person ? (math.cos(query.life_time * 100.0) * 0.200) + 0.200 : 0", "variable.is_first_person ? 197.5 : 17.5", 0],
						"0.2": ["variable.is_first_person ? (math.cos(query.life_time * 100.0) * 0.200) + 0.200 : 0", "variable.is_first_person ? 182.5 : 2.5", 0],
						"0.3": ["variable.is_first_person ? (math.cos(query.life_time * 100.0) * 0.200) + 0.200 : 0", "variable.is_first_person ? 157.5 : -22.5", 0],
						"0.9": ["variable.is_first_person ? (math.cos(query.life_time * 100.0) * 0.200) + 0.200 : 0", "variable.is_first_person ? 197.5 : 17.5", 0]
					},
					"position": {
						"0.0": ["variable.is_first_person ? 2 : 0", "variable.is_first_person ? -3 : 0", "variable.is_first_person ? 12 : 0"],
						"0.2": ["variable.is_first_person ? 2 : 0", "variable.is_first_person ? -4 : -1", "variable.is_first_person ? 12 : 0"],
						"0.9": ["variable.is_first_person ? 2 : 0", "variable.is_first_person ? -3 : 0", "variable.is_first_person ? 12 : 0"]
					}
				},
				"leftleg": {
					"rotation": {
						"0.0": [-8.2748, -13.69282, -7.60272],
						"0.2": [-32.68279, 5.97094, -5.65275],
						"0.3": [11.31097, 31.4328, -5.3397],
						"0.9": [-8.2748, -13.69282, -7.60272]
					}
				},
				"lowerlleg": {
					"rotation": {
						"0.0": [7.5, 0, 0],
						"0.2": [30, 0, 0],
						"0.9": [7.5, 0, 0]
					}
				},
				"rightleg": {
					"rotation": {
						"0.0": [5.04363, -10.61395, 6.59701],
						"0.2": [19.12296, -3.98554, 8.59708],
						"0.3": [-31.23963, 27.81839, 2.89908],
						"0.9": [5.04363, -10.61395, 6.59701]
					}
				},
				"lowerrleg": {
					"rotation": {
						"0.0": [2.5, 0, 0],
						"0.2": [25, 0, 0],
						"0.9": [2.5, 0, 0]
					}
				},
				"waist": {
					"rotation": {
						"0.0": [5.05766, 9.98078, 0.44192],
						"0.2": [5.22188, 17.45072, 1.13304],
						"0.3": [13.57171, -34.82974, -3.91344],
						"0.9": [5.05766, 9.98078, 0.44192]
					}
				},
				"leftArm": {
					"rotation": {
						"0.0": [-45.60311, 7.36123, -27.42511],
						"0.2": [40.30463, -0.72879, -11.86806],
						"0.9": [-45.60311, 7.36123, -27.42511]
					}
				},
				"lowerlarm": {
					"rotation": {
						"0.0": [-55, 0, 0],
						"0.2": [-32.5, 0, 0],
						"0.9": [-55, 0, 0]
					}
				},
				"rightArm": {
					"rotation": {
						"0.0": [-58.37505, -12.06312, 51.39547],
						"0.2": [23.8359, -5.84987, 89.7772],
						"0.3": [-116.1641, -5.84987, 89.7772],
						"0.9": [-58.37505, -12.06312, 51.39547]
					}
				},
				"lowerrarm": {
					"rotation": {
						"0.0": [-90, 0, 0],
						"0.2": [-12.5, 0, 0],
						"0.3": [-27.5, 0, 0],
						"0.9": [-90, 0, 0]
					}
				},
				"trail_katar": {
					"scale": {
						"0.0": [1, 1, 0],
						"0.2": [1, 1, 0],
						"0.3": [1, 1, -1],
						"0.4": [1, 1, 0],
						"0.9": [1, 1, 0]
					}
				},
				"trail_pierce_katar": {
					"scale": {
						"0.0": [1, 0, 1],
						"0.2": [1, 0, 1],
						"0.9": [1, 0, 1]
					}
				},
				"trail_katar_offhand": {
					"scale": {
						"0.0": [1, 1, 0],
						"0.2": [1, 1, 0],
						"0.9": [1, 1, 0]
					}
				},
				"trail_pierce_katar_offhand": {
					"scale": {
						"0.0": [1, 0, 1],
						"0.2": [1, 0, 1],
						"0.9": [1, 0, 1]
					}
				},
				"katar_back": {
					"scale": 0
				},
				"katar_back_offhand": {
					"scale": 0
				}
			}
		},
		"animation.fast_paced_katar.attack_slash_right_left": {
			"animation_length": 0.9,
			"override_previous_animation": true,
			"bones": {
				"root": {
					"rotation": {
						"0.0": ["variable.is_first_person ? (math.cos(query.life_time * 100.0) * 0.200) + 0.200 : 0", "variable.is_first_person ? 197.5 : 17.5", 0],
						"0.2": ["variable.is_first_person ? (math.cos(query.life_time * 100.0) * 0.200) + 0.200 : 0", "variable.is_first_person ? 170 : -10", 0],
						"0.3": ["variable.is_first_person ? (math.cos(query.life_time * 100.0) * 0.200) + 0.200 : 0", "variable.is_first_person ? 207.5 : 27.5", 0],
						"0.9": ["variable.is_first_person ? (math.cos(query.life_time * 100.0) * 0.200) + 0.200 : 0", "variable.is_first_person ? 197.5 : 17.5", 0]
					},
					"position": {
						"0.0": ["variable.is_first_person ? 2 : 0", "variable.is_first_person ? -3 : 0", "variable.is_first_person ? 12 : 0"],
						"0.9": ["variable.is_first_person ? 2 : 0", "variable.is_first_person ? -3 : 0", "variable.is_first_person ? 12 : 0"]
					}
				},
				"leftleg": {
					"rotation": {
						"0.0": [-8.2748, -13.69282, -7.60272],
						"0.2": [-7.81169, 6.45353, -7.94937],
						"0.3": [-8.45329, -23.25862, -3.70731],
						"0.9": [-8.2748, -13.69282, -7.60272]
					}
				},
				"lowerlleg": {
					"rotation": {
						"0.0": [7.5, 0, 0],
						"0.9": [7.5, 0, 0]
					}
				},
				"rightleg": {
					"rotation": {
						"0.0": [5.04363, -10.61395, 6.59701],
						"0.2": [5.55236, 26.73732, 10.03259],
						"0.3": [5.29574, -20.5735, 5.6627],
						"0.9": [5.04363, -10.61395, 6.59701]
					}
				},
				"lowerrleg": {
					"rotation": {
						"0.0": [2.5, 0, 0],
						"0.9": [2.5, 0, 0]
					}
				},
				"waist": {
					"rotation": {
						"0.0": [5.05766, 9.98078, 0.44192],
						"0.2": [-0.74013, -13.98552, -1.00144],
						"0.3": [17.40686, 36.99719, 5.50768],
						"0.9": [5.05766, 9.98078, 0.44192]
					}
				},
				"leftArm": {
					"rotation": {
						"0.0": [-45.60311, 7.36123, -27.42511],
						"0.2": [31.1932, -4.97408, -92.37416],
						"0.3": [-86.3068, -4.97408, -92.37416],
						"0.9": [-45.60311, 7.36123, -27.42511]
					}
				},
				"lowerlarm": {
					"rotation": {
						"0.0": [-55, 0, 0],
						"0.2": [-17.5, 0, 0],
						"0.3": [-67.5, 0, 0],
						"0.9": [-55, 0, 0]
					}
				},
				"rightArm": {
					"rotation": {
						"0.0": [-58.37505, -12.06312, 51.39547],
						"0.2": [28.97216, 2.18558, 24.82456],
						"0.9": [-58.37505, -12.06312, 51.39547]
					}
				},
				"lowerrarm": {
					"rotation": {
						"0.0": [-90, 0, 0],
						"0.2": [-37.5, 0, 0],
						"0.9": [-90, 0, 0]
					}
				},
				"trail_katar": {
					"scale": {
						"0.0": [1, 1, 0],
						"0.9": [1, 1, 0]
					}
				},
				"trail_pierce_katar": {
					"scale": {
						"0.0": [1, 0, 1],
						"0.9": [1, 0, 1]
					}
				},
				"trail_katar_offhand": {
					"scale": {
						"0.0": [1, 1, 0],
						"0.2": [1, 1, 0],
						"0.3": [1, 1, -1],
						"0.4": [1, 1, 0],
						"0.9": [1, 1, 0]
					}
				},
				"trail_pierce_katar_offhand": {
					"scale": {
						"0.0": [1, 0, 1],
						"0.9": [1, 0, 1]
					}
				},
				"katar_back": {
					"scale": 0
				},
				"katar_back_offhand": {
					"scale": 0
				}
			}
		},
		"animation.fast_paced_katar.attack_x_slash": {
			"loop": "hold_on_last_frame",
			"animation_length": 0.9,
			"override_previous_animation": true,
			"bones": {
				"root": {
					"rotation": {
						"0.0": ["variable.is_first_person ? (math.cos(query.life_time * 100.0) * 0.200) + 0.200 : 0", "variable.is_first_person ? 197.5 : 17.5", 0],
						"0.2": ["variable.is_first_person ? (math.cos(query.life_time * 100.0) * 0.200) + 0.200 : 0", "variable.is_first_person ? 180 : 0", 0],
						"0.4": ["variable.is_first_person ? (math.cos(query.life_time * 100.0) * 0.200) + 0.200 : 0", "variable.is_first_person ? 180 : 0", 0],
						"0.7": ["variable.is_first_person ? (math.cos(query.life_time * 100.0) * 0.200) + 0.200 : 0", "variable.is_first_person ? 180 : 0", 0],
						"0.9": ["variable.is_first_person ? (math.cos(query.life_time * 100.0) * 0.200) + 0.200 : 0", "variable.is_first_person ? 197.5 : 17.5", 0]
					},
					"position": {
						"0.0": ["variable.is_first_person ? 2 : 0", "variable.is_first_person ? -3 : 0", "variable.is_first_person ? 12 : 0"],
						"0.2": ["variable.is_first_person ? 2 : 0", "variable.is_first_person ? -3 : 0", "variable.is_first_person ? 12 : 0"],
						"0.9": ["variable.is_first_person ? 2 : 0", "variable.is_first_person ? -3 : 0", "variable.is_first_person ? 12 : 0"]
					}
				},
				"leftleg": {
					"rotation": {
						"0.0": [-8.2748, -13.69282, -7.60272],
						"0.2": [-7.7099, 4.31865, -5.12344],
						"0.4": [-7.7099, 4.31865, -5.12344],
						"0.7": [-7.7099, 4.31865, -5.12344],
						"0.9": [-8.2748, -13.69282, -7.60272]
					}
				},
				"lowerlleg": {
					"rotation": {
						"0.0": [7.5, 0, 0],
						"0.9": [7.5, 0, 0]
					}
				},
				"rightleg": {
					"rotation": {
						"0.0": [5.04363, -10.61395, 6.59701],
						"0.2": [-0.21784, 4.32407, 5.39742],
						"0.4": [-0.21784, 4.32407, 5.39742],
						"0.7": [-0.21784, 4.32407, 5.39742],
						"0.9": [5.04363, -10.61395, 6.59701]
					}
				},
				"lowerrleg": {
					"rotation": {
						"0.0": [2.5, 0, 0],
						"0.9": [2.5, 0, 0]
					}
				},
				"waist": {
					"rotation": {
						"0.0": [5.05766, 9.98078, 0.44192],
						"0.2": [-12.51908, 0.01893, -0.43523],
						"0.4": [-12.51908, 0.01893, -0.43523],
						"0.5": [42.48092, 0.01893, -0.43523],
						"0.7": [42.48092, 0.01893, -0.43523],
						"0.9": [5.05766, 9.98078, 0.44192]
					}
				},
				"leftArm": {
					"rotation": {
						"0.0": [-45.60311, 7.36123, -27.42511],
						"0.2": [-91.08091, 7.52359, -50.11822],
						"0.4": [-91.08091, 7.52359, -50.11822],
						"0.5": [51.41909, 7.52359, -50.11822],
						"0.7": [51.41909, 7.52359, -50.11822],
						"0.9": [-45.60311, 7.36123, -27.42511]
					}
				},
				"lowerlarm": {
					"rotation": {
						"0.0": [-55, 0, 0],
						"0.2": [-55, 0, 0],
						"0.4": [-55, 0, 0],
						"0.5": [-10, 0, 0],
						"0.7": [-10, 0, 0],
						"0.9": [-55, 0, 0]
					}
				},
				"rightArm": {
					"rotation": {
						"0.0": [-58.37505, -12.06312, 51.39547],
						"0.2": [-88.37505, -12.06312, 51.39547],
						"0.4": [-88.37505, -12.06312, 51.39547],
						"0.5": [56.62495, -12.06312, 51.39547],
						"0.7": [56.62495, -12.06312, 51.39547],
						"0.9": [-58.37505, -12.06312, 51.39547]
					}
				},
				"lowerrarm": {
					"rotation": {
						"0.0": [-90, 0, 0],
						"0.2": [-90, 0, 0],
						"0.4": [-90, 0, 0],
						"0.5": [-15, 0, 0],
						"0.7": [-15, 0, 0],
						"0.9": [-90, 0, 0]
					}
				},
				"trail_katar": {
					"scale": {
						"0.0": [1, 1, 0],
						"0.4": [1, 1, 0],
						"0.5": [1, 1, 1],
						"0.6": [1, 1, 0],
						"0.7": [1, 1, 0],
						"0.9": [1, 1, 0]
					}
				},
				"trail_pierce_katar": {
					"scale": {
						"0.0": [1, 0, 1],
						"0.9": [1, 0, 1]
					}
				},
				"trail_katar_offhand": {
					"scale": {
						"0.0": [1, 1, 0],
						"0.4": [1, 1, 0],
						"0.5": [1, 1, 1],
						"0.6": [1, 1, 0],
						"0.7": [1, 1, 0],
						"0.9": [1, 1, 0]
					}
				},
				"trail_pierce_katar_offhand": {
					"scale": {
						"0.0": [1, 0, 1],
						"0.9": [1, 0, 1]
					}
				},
				"katar_back": {
					"scale": 0
				},
				"katar_back_offhand": {
					"scale": 0
				}
			}
		},
		"animation.fast_paced_katar.move": {
			"loop": true,
			"animation_length": 1.04,
			"override_previous_animation": true,
			"bones": {
				"root": {
					"rotation": ["variable.is_first_person ? (math.cos(query.life_time * 100.0) * 0.200) + 0.200 : 0", "variable.is_first_person ? 180 : 0", 0],
					"position": {
						"0.0": ["variable.is_first_person ? 2 : 0", "variable.is_first_person ? -5 : -2", "variable.is_first_person ? 12 : 0"],
						"0.16": ["variable.is_first_person ? 2 : 0", "variable.is_first_person ? -3 : 0", "variable.is_first_person ? 12 : 0"],
						"0.52": ["variable.is_first_person ? 2 : 0", "variable.is_first_person ? -5 : -2", "variable.is_first_person ? 12 : 0"],
						"0.72": ["variable.is_first_person ? 2 : 0", "variable.is_first_person ? -3 : 0", "variable.is_first_person ? 12 : 0"],
						"1.04": ["variable.is_first_person ? 2 : 0", "variable.is_first_person ? -5 : -2", "variable.is_first_person ? 12 : 0"]
					}
				},
				"leftleg": {
					"rotation": {
						"0.0": [22.5, 0, -2.5],
						"0.16": [0.76923, 0, -2.5],
						"0.36": [-67.4359, 0, -2.5],
						"0.52": [-50, 0, -2.5],
						"0.72": [-9.61538, 0, -2.5],
						"0.88": [13.94231, 0, -2.5],
						"1.04": [22.5, 0, -2.5]
					}
				},
				"lowerlleg": {
					"rotation": {
						"0.0": [52.5, 0, 0],
						"0.16": [76.92, 0, 0],
						"0.36": [104.46, 0, 0],
						"0.52": [50, 0, 0],
						"0.72": [9.23, 0, 0],
						"0.88": [13.37, 0, 0],
						"1.04": [52.5, 0, 0]
					}
				},
				"rightleg": {
					"rotation": {
						"0.0": [-49.99294, 0.32621, 2.47864],
						"0.16": [-14.41602, 0.32621, 2.47864],
						"0.36": [25.81903, 0.32621, 2.47864],
						"0.52": [17.50706, 0.32621, 2.47864],
						"0.72": [-4.22371, 0.32621, 2.47864],
						"0.88": [-84.60832, 0.32621, 2.47864],
						"1.04": [-49.99294, 0.32621, 2.47864]
					}
				},
				"lowerrleg": {
					"rotation": {
						"0.0": [50, 0, 0],
						"0.16": [13.46, 0, 0],
						"0.36": [12.09, 0, 0],
						"0.52": [65, 0, 0],
						"0.72": [82.12, 0, 0],
						"0.88": [118.56, 0, 0],
						"1.04": [50, 0, 0]
					}
				},
				"waist": {
					"rotation": {
						"0.0": [5.05766, 9.98078, 0.44192],
						"0.52": [5.10086, -12.43311, -1.53787],
						"1.04": [5.05766, 9.98078, 0.44192]
					}
				},
				"leftArm": {
					"rotation": {
						"0.0": [-50.60311, 7.36123, -27.42511],
						"0.52": [44.83881, 2.08957, -22.07023],
						"1.04": [-50.60311, 7.36123, -27.42511]
					}
				},
				"lowerlarm": {
					"rotation": [-55, 0, 0]
				},
				"rightArm": {
					"rotation": {
						"0.0": [33.67952, -8.56439, 13.41603],
						"0.52": [-68.37505, -12.06312, 51.39547],
						"1.04": [33.67952, -8.56439, 13.41603]
					}
				},
				"lowerrarm": {
					"rotation": {
						"0.0": [-35, 0, 0],
						"1.04": [-35, 0, 0]
					}
				},
				"trail_katar": {
					"scale": [1, 1, 0]
				},
				"trail_pierce_katar": {
					"scale": [1, 0, 1]
				},
				"trail_katar_offhand": {
					"scale": [1, 1, 0]
				},
				"trail_pierce_katar_offhand": {
					"scale": [1, 0, 1]
				},
				"katar_back": {
					"scale": 0
				},
				"katar_back_offhand": {
					"scale": 0
				}
			}
		},
		"animation.fast_paced_katar.sprint": {
			"loop": true,
			"animation_length": 0.56,
			"override_previous_animation": true,
			"bones": {
				"root": {
					"rotation": ["variable.is_first_person ? (math.cos(query.life_time * 100.0) * 0.200) + 0.200 : 0", "variable.is_first_person ? 180 : 0", 0],
					"position": {
						"0.0": ["variable.is_first_person ? 2 : 0", "variable.is_first_person ? -5 : -2", "variable.is_first_person ? 12 : 0"],
						"0.12": ["variable.is_first_person ? 2 : 0", "variable.is_first_person ? -3 : 0", "variable.is_first_person ? 12 : 0"],
						"0.28": ["variable.is_first_person ? 2 : 0", "variable.is_first_person ? -5 : -2", "variable.is_first_person ? 12 : 0"],
						"0.4": ["variable.is_first_person ? 2 : 0", "variable.is_first_person ? -3 : 0", "variable.is_first_person ? 12 : 0"],
						"0.56": ["variable.is_first_person ? 2 : 0", "variable.is_first_person ? -5 : -2", "variable.is_first_person ? 12 : 0"]
					}
				},
				"leftleg": {
					"rotation": {
						"0.0": [45, 0, -2.5],
						"0.12": [-84.64286, 0, -2.5],
						"0.28": [-47.5, 0, -2.5],
						"0.4": [57.14286, 0, -2.5],
						"0.56": [45, 0, -2.5]
					}
				},
				"lowerlleg": {
					"rotation": {
						"0.0": [62.5, 0, 0],
						"0.12": [98.57, 0, 0],
						"0.28": [47.5, 0, 0],
						"0.4": [26.43, 0, 0],
						"0.56": [62.5, 0, 0]
					}
				},
				"rightleg": {
					"rotation": {
						"0.0": [-44.99294, 0.32621, 2.47864],
						"0.12": [58.57849, 0.32621, 2.47864],
						"0.28": [27.50706, 0.32621, 2.47864],
						"0.4": [-93.56437, 0.32621, 2.47864],
						"0.56": [-44.99294, 0.32621, 2.47864]
					}
				},
				"lowerrleg": {
					"rotation": {
						"0.0": [45, 0, 0],
						"0.12": [21.79, 0, 0],
						"0.28": [72.5, 0, 0],
						"0.4": [103.21, 0, 0],
						"0.56": [45, 0, 0]
					}
				},
				"waist": {
					"rotation": {
						"0.0": [15.4435, -4.86634, -2.73417],
						"0.28": [17.92356, 4.64922, 7.72777],
						"0.56": [15.4435, -4.86634, -2.73417]
					}
				},
				"leftArm": {
					"rotation": {
						"0.0": [-63.10311, 7.36123, -27.42511],
						"0.28": [69.56122, -2.00714, -23.91969],
						"0.56": [-63.10311, 7.36123, -27.42511]
					}
				},
				"lowerlarm": {
					"rotation": {
						"0.0": [-67.5, 0, 0],
						"0.28": [-30, 0, 0],
						"0.56": [-67.5, 0, 0]
					}
				},
				"rightArm": {
					"rotation": {
						"0.0": [75.26082, -3.61093, 14.65402],
						"0.28": [-42.06959, 7.73925, 13.97366],
						"0.56": [75.26082, -3.61093, 14.65402]
					}
				},
				"lowerrarm": {
					"rotation": {
						"0.0": [-22.5, 0, 0],
						"0.28": [-70, 0, 0],
						"0.56": [-22.5, 0, 0]
					}
				},
				"trail_katar": {
					"scale": {
						"0.0": [1, 1, 0],
						"0.56": [1, 1, 0]
					}
				},
				"trail_pierce_katar": {
					"scale": {
						"0.0": [1, 0, 1],
						"0.56": [1, 0, 1]
					}
				},
				"trail_katar_offhand": {
					"scale": {
						"0.0": [1, 1, 0],
						"0.56": [1, 1, 0]
					}
				},
				"trail_pierce_katar_offhand": {
					"scale": {
						"0.0": [1, 0, 1],
						"0.56": [1, 0, 1]
					}
				},
				"katar_back": {
					"scale": 0
				},
				"katar_back_offhand": {
					"scale": 0
				}
			}
		},
		"animation.fast_paced_katar.sneak_move": {
			"loop": true,
			"animation_length": 1.04,
			"override_previous_animation": true,
			"bones": {
				"root": {
					"rotation": ["variable.is_first_person ? (math.cos(query.life_time * 100.0) * 0.200) + 0.200 : 0", "variable.is_first_person ? 177.5 : -2.5", -2.5],
					"position": {
						"0.0": ["variable.is_first_person ? 2 : 0", "variable.is_first_person ? -7 : -4", "variable.is_first_person ? 12 : 0"],
						"0.24": ["variable.is_first_person ? 2 : 0", "variable.is_first_person ? -9 : -6", "variable.is_first_person ? 12 : 0"],
						"0.52": ["variable.is_first_person ? 2 : 0", "variable.is_first_person ? -7 : -4", "variable.is_first_person ? 12 : 0"],
						"0.8": ["variable.is_first_person ? 2 : 0", "variable.is_first_person ? -9 : -6", "variable.is_first_person ? 12 : 0"],
						"1.04": ["variable.is_first_person ? 2 : 0", "variable.is_first_person ? -7 : -4", "variable.is_first_person ? 12 : 0"]
					}
				},
				"leftleg": {
					"rotation": {
						"0.0": [-74.9299, 1.70818, -0.30014],
						"0.52": [-2.4299, 1.70818, -0.30014],
						"0.8": [-111.26229, 1.23927, 0.51927],
						"1.04": [-74.9299, 1.70818, -0.30014]
					}
				},
				"lowerlleg": {
					"rotation": {
						"0.0": [72.5, 0, 0],
						"0.24": [118.46, 0, 0],
						"0.52": [80, 0, 0],
						"0.8": [100.96, 0, 0],
						"1.04": [72.5, 0, 0]
					}
				},
				"rightleg": {
					"rotation": {
						"0.0": [-0.14068, -2.24944, 7.15656],
						"0.24": [-98.33018, 0.42156, 5.28399],
						"0.52": [-77.46793, 3.53773, 3.09932],
						"0.8": [-25.83018, 0.42156, 5.28399],
						"1.04": [-0.14068, -2.24944, 7.15656]
					}
				},
				"lowerrleg": {
					"rotation": {
						"0.0": [77.5, 0, 0],
						"0.24": [100, 0, 0],
						"0.52": [72.5, 0, 0],
						"0.8": [112.69, 0, 0],
						"1.04": [77.5, 0, 0]
					}
				},
				"waist": {
					"rotation": {
						"0.0": [33.88762, -18.37521, -5.64208],
						"0.52": [38.21428, 18.54765, 6.35431],
						"1.04": [33.88762, -18.37521, -5.64208]
					}
				},
				"leftArm": {
					"rotation": {
						"0.0": [-29.57545, 14.02739, -59.11424],
						"0.52": [-79.57545, 14.02739, -59.11424],
						"1.04": [-29.57545, 14.02739, -59.11424]
					}
				},
				"lowerlarm": {
					"rotation": {
						"0.0": [-22.5, 0, 0],
						"0.52": [-69.42, 0, 0],
						"1.04": [-22.5, 0, 0]
					}
				},
				"rightArm": {
					"rotation": {
						"0.0": [-75.5889, 6.03046, 57.77225],
						"0.52": [14.69322, -3.47471, 16.09595],
						"1.04": [-75.5889, 6.03046, 57.77225]
					}
				},
				"lowerrarm": {
					"rotation": {
						"0.0": [-62.5, 0, 0],
						"1.04": [-62.5, 0, 0]
					}
				},
				"trail_lance": {
					"scale": 0
				},
				"trail_sabre": {
					"scale": [1, 0, 1]
				},
				"trail_dagger": {
					"scale": 0
				},
				"trail_katar": {
					"scale": [1, 1, 0]
				},
				"trail_pierce_katar": {
					"scale": {
						"0.0": [1, 0, 1],
						"1.04": [1, 0, 1]
					}
				},
				"trail_katar_offhand": {
					"scale": {
						"0.0": [1, 1, 0],
						"1.04": [1, 1, 0]
					}
				},
				"trail_pierce_katar_offhand": {
					"scale": {
						"0.0": [1, 0, 1],
						"1.04": [1, 0, 1]
					}
				},
				"katar_back": {
					"scale": 0
				},
				"katar_back_offhand": {
					"scale": 0
				}
			}
		},
		"animation.fast_paced_katar.sneak": {
			"loop": true,
			"override_previous_animation": true,
			"bones": {
				"root": {
					"rotation": ["variable.is_first_person ? (math.cos(query.life_time * 100.0) * 0.200) + 0.200 : 0", "variable.is_first_person ? 177.5 : -2.5", -2.5],
					"position": ["variable.is_first_person ? 2 : 0", "variable.is_first_person ? -7 : -4", "variable.is_first_person ? 12 : 0"]
				},
				"leftleg": {
					"rotation": [-74.9299, 1.70818, -0.30014]
				},
				"lowerlleg": {
					"rotation": [72.5, 0, 0]
				},
				"rightleg": {
					"rotation": [-0.14068, -2.24944, 7.15656]
				},
				"lowerrleg": {
					"rotation": [77.5, 0, 0]
				},
				"waist": {
					"rotation": [17.79946, 19.94019, 1.37501]
				},
				"leftArm": {
					"rotation": [-71.25147, 10.75293, -69.05082]
				},
				"lowerlarm": {
					"rotation": [-75, 0, 0]
				},
				"rightArm": {
					"rotation": [30.00782, -1.53855, 4.65897]
				},
				"lowerrarm": {
					"rotation": [-90, 0, 0]
				},
				"trail_katar": {
					"scale": [1, 1, 0]
				},
				"trail_pierce_katar": {
					"scale": [1, 0, 1]
				},
				"trail_katar_offhand": {
					"scale": [1, 1, 0]
				},
				"trail_pierce_katar_offhand": {
					"scale": [1, 0, 1]
				},
				"katar_back": {
					"scale": 0
				},
				"katar_back_offhand": {
					"scale": 0
				}
			}
		},
		"animation.fast_paced_katar.jump": {
			"loop": "hold_on_last_frame",
			"animation_length": 0.48,
			"override_previous_animation": true,
			"bones": {
				"leftleg": {
					"rotation": {
						"0.0": [-8.2748, -13.69282, -7.60272],
						"0.16": [-84.78974, -4.77628, -5.71489],
						"0.48": [-10, 0, -2.5]
					}
				},
				"lowerlleg": {
					"rotation": {
						"0.0": [7.5, 0, 0],
						"0.16": [92.5, 0, 0],
						"0.48": [12.5, 0, 0]
					}
				},
				"rightleg": {
					"rotation": {
						"0.0": [5.04363, -10.61395, 6.59701],
						"0.16": [-84.18208, 35.70811, 1.42648],
						"0.48": [-25.00238, -0.10901, 2.49762]
					}
				},
				"lowerrleg": {
					"rotation": {
						"0.0": [2.5, 0, 0],
						"0.16": [97.5, 0, 0],
						"0.48": [12.5, 0, 0]
					}
				},
				"waist": {
					"rotation": {
						"0.0": [5.05766, 9.98078, 0.44192],
						"0.16": [7.97532, 19.82169, 2.71994],
						"0.48": [12.5, 0, 0]
					}
				},
				"leftArm": {
					"rotation": {
						"0.0": [-45.60311, 7.36123, -27.42511],
						"0.48": [5.11091, -0.75258, -14.97955]
					}
				},
				"lowerlarm": {
					"rotation": {
						"0.0": [-55, 0, 0],
						"0.48": [-2.5, 0, 0]
					}
				},
				"rightArm": {
					"rotation": {
						"0.0": [-58.37505, -12.06312, 51.39547],
						"0.24": [-71.34952, 13.99842, 65.6981],
						"0.48": [14.59849, -0.00978, 14.07792]
					}
				},
				"lowerrarm": {
					"rotation": {
						"0.0": [-90, 0, 0],
						"0.24": [-37.5, 0, 0]
					}
				},
				"trail_lance": {
					"scale": 0
				},
				"root": {
					"rotation": {
						"0.0": ["variable.is_first_person ? (math.cos(query.life_time * 100.0) * 0.200) + 0.200 : 0", "variable.is_first_person ? 197.5 : 17.5", 0],
						"0.48": ["variable.is_first_person ? (math.cos(query.life_time * 100.0) * 0.200) + 0.200 : 0", "variable.is_first_person ? 180 : 0", 0]
					},
					"position": {
						"0.0": ["variable.is_first_person ? 2 : 0", "variable.is_first_person ? -3 : 0", "variable.is_first_person ? 12 : 0"],
						"0.16": ["variable.is_first_person ? 2 : 0", "variable.is_first_person ? -8 : -5", "variable.is_first_person ? 12 : 0"],
						"0.48": ["variable.is_first_person ? 2 : 0", "variable.is_first_person ? -1 : 2", "variable.is_first_person ? 12 : 0"]
					}
				},
				"trail_sabre": {
					"scale": [1, 0, 1]
				},
				"trail_dagger": {
					"scale": [1, 0, 1]
				},
				"trail_katar": {
					"scale": [1, 1, 0]
				},
				"trail_pierce_katar": {
					"scale": [1, 0, 1]
				},
				"trail_katar_offhand": {
					"scale": [1, 1, 0]
				},
				"trail_pierce_katar_offhand": {
					"scale": [1, 0, 1]
				},
				"katar_back": {
					"scale": 0
				},
				"katar_back_offhand": {
					"scale": 0
				}
			}
		},
		"animation.fast_paced_katar.land": {
			"loop": "hold_on_last_frame",
			"animation_length": 0.56,
			"override_previous_animation": true,
			"bones": {
				"leftleg": {
					"rotation": {
						"0.0": [-84.78974, -4.77628, -5.71489],
						"0.36": [0, 0, -2.5],
						"0.48": [-8.2748, -13.69282, -7.60272]
					}
				},
				"lowerlleg": {
					"rotation": {
						"0.0": [92.5, 0, 0],
						"0.36": [2.5, 0, 0],
						"0.48": [7.5, 0, 0]
					}
				},
				"rightleg": {
					"rotation": {
						"0.0": [-84.18208, 35.70811, 1.42648],
						"0.36": [-7.49294, 0.32621, 2.47864],
						"0.48": [5.04363, -10.61395, 6.59701]
					}
				},
				"lowerrleg": {
					"rotation": {
						"0.0": [97.5, 0, 0],
						"0.36": [7.5, 0, 0],
						"0.48": [2.5, 0, 0]
					}
				},
				"waist": {
					"rotation": {
						"0.0": [7.97532, 19.82169, 2.71994],
						"0.36": [2.5, 0, 0],
						"0.48": [5.05766, 9.98078, 0.44192]
					}
				},
				"leftArm": {
					"rotation": {
						"0.0": [-2.49527, -0.21782, -2.4905],
						"0.48": [-45.60311, 7.36123, -27.42511]
					}
				},
				"lowerlarm": {
					"rotation": {
						"0.0": [-7.5, 0, 0],
						"0.48": [-55, 0, 0]
					}
				},
				"rightArm": {
					"rotation": {
						"0.0": [27.69935, -4.11083, 11.48716],
						"0.48": [-58.37505, -12.06312, 51.39547]
					}
				},
				"lowerrarm": {
					"rotation": {
						"0.0": [-37.5, 0, 0],
						"0.36": [-60, 0, 0],
						"0.48": [-90, 0, 0]
					}
				},
				"root": {
					"rotation": {
						"0.0": ["variable.is_first_person ? (math.cos(query.life_time * 100.0) * 0.200) + 0.200 : 0", "variable.is_first_person ? 180 - 17.5 : -17.5", 0],
						"0.16": ["variable.is_first_person ? (math.cos(query.life_time * 100.0) * 0.200) + 0.200 : 0", "variable.is_first_person ? 180 : 0", 0],
						"0.48": ["variable.is_first_person ? (math.cos(query.life_time * 100.0) * 0.200) + 0.200 : 0", "variable.is_first_person ? 197.5 : 17.5", 0]
					},
					"position": {
						"0.0": ["variable.is_first_person ? 2 : 0", "variable.is_first_person ? -8 : -5", "variable.is_first_person ? 12 : 0"],
						"0.36": ["variable.is_first_person ? 2 : 0", "variable.is_first_person ? -3 : 0", "variable.is_first_person ? 12 : 0"],
						"0.48": ["variable.is_first_person ? 2 : 0", "variable.is_first_person ? -3 : 0", "variable.is_first_person ? 12 : 0"]
					}
				},
				"saber_sheathed": {
					"scale": 0
				},
				"trail_sabre": {
					"scale": {
						"0.0": [1, 0, 1],
						"0.48": [1, 0, 1]
					}
				},
				"trail_dagger": {
					"scale": {
						"0.0": [0, 0, 0],
						"0.48": [1, 0, 1]
					}
				},
				"trail_katar": {
					"scale": [1, 1, 0]
				},
				"trail_pierce_katar": {
					"scale": [1, 0, 1]
				},
				"trail_katar_offhand": {
					"scale": [1, 1, 0]
				},
				"trail_pierce_katar_offhand": {
					"scale": [1, 0, 1]
				},
				"katar_back": {
					"scale": 0
				},
				"katar_back_offhand": {
					"scale": 0
				}
			}
		},
		"animation.fast_paced_katar.charge_pierce": {
			"animation_length": 10000,
			"override_previous_animation": true,
			"bones": {
				"root": {
					"rotation": {
						"0.0": ["variable.is_first_person ? (math.cos(query.life_time * 100.0) * 0.200) + 0.200 : 0", "variable.is_first_person ? 197.5 : 17.5", 0],
						"0.3": ["variable.is_first_person ? (math.cos(query.life_time * 100.0) * 0.200) + 0.200 : 0", "variable.is_first_person ? 232.5 : 52.5", 0],
						"0.6": ["variable.is_first_person ? (math.cos(query.life_time * 100.0) * 0.200) + 0.200 : 0", "variable.is_first_person ? 247.5 : 67.5", 0]
					},
					"position": ["variable.is_first_person ? 2 : 0", "variable.is_first_person ? -3 : 0", "variable.is_first_person ? 12 : 0"]
				},
				"leftleg": {
					"rotation": {
						"0.0": [-8.2748, -13.69282, -7.60272],
						"0.3": [-19.29507, -53.9494, -7.02729],
						"0.6": [-10.02643, -63.12373, -17.27615]
					}
				},
				"lowerlleg": {
					"rotation": {
						"0.0": [7.5, 0, 0],
						"0.3": [25, 0, 0]
					}
				},
				"rightleg": {
					"rotation": {
						"0.0": [5.04363, -10.61395, 6.59701],
						"0.3": [14.57346, -45.43543, 2.47614],
						"0.6": [9.51235, -46.48031, 9.51235]
					}
				},
				"lowerrleg": {
					"rotation": [2.5, 0, 0]
				},
				"waist": {
					"rotation": [5.05766, 9.98078, 0.44192]
				},
				"leftArm": {
					"rotation": {
						"0.0": [-45.60311, 7.36123, -27.42511],
						"0.3": [18.85314, 13.49819, -44.09983]
					}
				},
				"lowerlarm": {
					"rotation": [-55, 0, 0]
				},
				"rightArm": {
					"rotation": {
						"0.0": [-58.37505, -12.06312, 51.39547],
						"0.3": [-22.10623, -17.11367, 97.64333],
						"0.6": [-33.50869, 2.93353, 96.52229]
					}
				},
				"lowerrarm": {
					"rotation": {
						"0.0": [-90, 0, 0],
						"0.3": [-122.5, 0, 0]
					}
				},
				"trail_katar": {
					"scale": [1, 1, 0]
				},
				"trail_pierce_katar": {
					"scale": [1, 0, 1]
				},
				"trail_katar_offhand": {
					"scale": [1, 1, 0]
				},
				"trail_pierce_katar_offhand": {
					"scale": [1, 0, 1]
				},
				"katar_back": {
					"scale": 0
				},
				"katar_back_offhand": {
					"scale": 0
				}
			}
		},
		"animation.fast_paced_katar.ability_pierce": {
			"animation_length": 0.6,
			"override_previous_animation": true,
			"bones": {
				"root": {
					"rotation": {
						"0.0": ["variable.is_first_person ? (math.cos(query.life_time * 100.0) * 0.200) + 0.200 : 0", "variable.is_first_person ? 247.5 : 67.5", 0],
						"0.1": ["variable.is_first_person ? (math.cos(query.life_time * 100.0) * 0.200) + 0.200 : 0", "variable.is_first_person ? 132.5 : -47.5", 0],
						"0.5": ["variable.is_first_person ? (math.cos(query.life_time * 100.0) * 0.200) + 0.200 : 0", "variable.is_first_person ? 197.5 : 17.5", 0]
					},
					"position": {
						"0.0": ["variable.is_first_person ? 2 : 0", "variable.is_first_person ? -3 : 0", "variable.is_first_person ? 12 : 0"],
						"0.1": ["variable.is_first_person ? 2 : 0", "variable.is_first_person ? -4 : -1", "variable.is_first_person ? 4 : -8"],
						"0.5": ["variable.is_first_person ? 2 : 0", "variable.is_first_person ? -3 : 0", "variable.is_first_person ? 12 : 0"]
					}
				},
				"leftleg": {
					"rotation": {
						"0.0": [-10.02643, -63.12373, -17.27615],
						"0.1": [15, 52.5, 0],
						"0.5": [-8.2748, -13.69282, -7.60272]
					}
				},
				"lowerlleg": {
					"rotation": {
						"0.0": [25, 0, 0],
						"0.5": [7.5, 0, 0]
					}
				},
				"rightleg": {
					"rotation": {
						"0.0": [9.51235, -46.48031, 9.51235],
						"0.1": [-39.46933, 46.85448, -7.2105],
						"0.5": [5.04363, -10.61395, 6.59701]
					}
				},
				"lowerrleg": {
					"rotation": {
						"0.0": [2.5, 0, 0],
						"0.1": [27.5, 0, 0],
						"0.5": [2.5, 0, 0]
					}
				},
				"waist": {
					"rotation": {
						"0.0": [5.05766, 9.98078, 0.44192],
						"0.1": [5.15525, -14.92311, -1.76783],
						"0.5": [5.05766, 9.98078, 0.44192]
					}
				},
				"leftArm": {
					"rotation": {
						"0.0": [18.85314, 13.49819, -44.09983],
						"0.1": [36.35314, 13.49819, -44.09983],
						"0.5": [-45.60311, 7.36123, -27.42511]
					}
				},
				"lowerlarm": {
					"rotation": {
						"0.0": [-55, 0, 0],
						"0.1": [-17.5, 0, 0],
						"0.5": [-55, 0, 0]
					}
				},
				"rightArm": {
					"rotation": {
						"0.0": [-33.50869, 2.93353, 96.52229],
						"0.1": [-33.50869, 2.93353, 96.52229],
						"0.5": [-58.37505, -12.06312, 51.39547]
					}
				},
				"lowerrarm": {
					"rotation": {
						"0.0": [-122.5, 0, 0],
						"0.1": [0, 0, 0],
						"0.5": [-90, 0, 0]
					}
				},
				"trail_katar": {
					"scale": {
						"0.0": [1, 1, 0],
						"0.5": [1, 1, 0]
					}
				},
				"trail_pierce_katar": {
					"scale": {
						"0.0": [1, 0, 1],
						"0.1": [1, 1, 1],
						"0.2": [1, 0, 1],
						"0.5": [1, 0, 1]
					}
				},
				"trail_katar_offhand": {
					"scale": {
						"0.0": [1, 1, 0],
						"0.5": [1, 1, 0]
					}
				},
				"trail_pierce_katar_offhand": {
					"scale": {
						"0.0": [1, 0, 1],
						"0.5": [1, 0, 1]
					}
				},
				"katar_back": {
					"scale": 0
				},
				"katar_back_offhand": {
					"scale": 0
				}
			}
		},
		"animation.fast_paced_katar.charge_thrust": {
			"loop": true,
			"animation_length": 10000,
			"override_previous_animation": true,
			"bones": {
				"root": {
					"rotation": ["variable.is_first_person ? (math.cos(query.life_time * 100.0) * 0.200) + 0.200 : 0", "variable.is_first_person ? 177.5 : -2.5", -2.5],
					"position": ["variable.is_first_person ? 2 : 0", "variable.is_first_person ? -7 : -4", "variable.is_first_person ? 12 : 0"]
				},
				"leftleg": {
					"rotation": [-74.9299, 1.70818, -0.30014]
				},
				"lowerlleg": {
					"rotation": [72.5, 0, 0]
				},
				"rightleg": {
					"rotation": [-0.14068, -2.24944, 7.15656]
				},
				"lowerrleg": {
					"rotation": [77.5, 0, 0]
				},
				"waist": {
					"rotation": {
						"0.0": [17.79946, 19.94019, 1.37501],
						"0.3": [26.68848, 50.22296, 16.2501],
						"0.6": [28.96541, 72.80256, 20.72426]
					}
				},
				"leftArm": {
					"rotation": {
						"0.0": [-71.25147, 10.75293, -69.05082],
						"0.3": [-39.09496, -4.34751, -85.93603],
						"0.6": [-14.09496, -4.34751, -85.93603]
					}
				},
				"lowerlarm": {
					"rotation": {
						"0.0": [-75, 0, 0],
						"0.6": [-42.5, 0, 0]
					}
				},
				"rightArm": {
					"rotation": {
						"0.0": [30.00782, -1.53855, 4.65897],
						"0.3": [-8.19161, 8.69575, 83.6834],
						"0.6": [-23.19161, 8.69575, 83.6834]
					}
				},
				"lowerrarm": {
					"rotation": {
						"0.0": [-90, 0, 0],
						"0.3": [-125, 0, 0]
					}
				},
				"trail_katar": {
					"scale": [1, 1, 0]
				},
				"trail_pierce_katar": {
					"scale": [1, 0, 1]
				},
				"trail_katar_offhand": {
					"scale": [1, 1, 0]
				},
				"trail_pierce_katar_offhand": {
					"scale": [1, 0, 1]
				},
				"katar_back": {
					"scale": 0
				},
				"katar_back_offhand": {
					"scale": 0
				}
			}
		},
		"animation.fast_paced_katar.ability_thrust": {
			"animation_length": 0.6,
			"override_previous_animation": true,
			"bones": {
				"root": {
					"rotation": {
						"0.0": ["variable.is_first_person ? (math.cos(query.life_time * 100.0) * 0.200) + 0.200 : 0", "variable.is_first_person ? 177.5 : -2.5", -2.5],
						"0.5": ["variable.is_first_person ? (math.cos(query.life_time * 100.0) * 0.200) + 0.200 : 0", "variable.is_first_person ? 197.5 : 17.5", 0]
					},
					"position": {
						"0.0": ["variable.is_first_person ? 2 : 0", "variable.is_first_person ? -7 : -4", "variable.is_first_person ? 12 : 0"],
						"0.5": ["variable.is_first_person ? 2 : 0", "variable.is_first_person ? -3 : 0", "variable.is_first_person ? 12 : 0"]
					}
				},
				"leftleg": {
					"rotation": {
						"0.0": [-74.9299, 1.70818, -0.30014],
						"0.5": [-8.2748, -13.69282, -7.60272]
					}
				},
				"lowerlleg": {
					"rotation": {
						"0.0": [72.5, 0, 0],
						"0.5": [7.5, 0, 0]
					}
				},
				"rightleg": {
					"rotation": {
						"0.0": [-0.14068, -2.24944, 7.15656],
						"0.5": [5.04363, -10.61395, 6.59701]
					}
				},
				"lowerrleg": {
					"rotation": {
						"0.0": [77.5, 0, 0],
						"0.5": [2.5, 0, 0]
					}
				},
				"waist": {
					"rotation": {
						"0.0": [28.96541, 72.80256, 20.72426],
						"0.1": [-8.389, -57.63713, 7.9408],
						"0.5": [5.05766, 9.98078, 0.44192]
					}
				},
				"leftArm": {
					"rotation": {
						"0.0": [-14.09496, -4.34751, -85.93603],
						"0.1": [42.35631, -20.12582, -69.46041],
						"0.5": [-45.60311, 7.36123, -27.42511]
					}
				},
				"lowerlarm": {
					"rotation": {
						"0.0": [-42.5, 0, 0],
						"0.5": [-55, 0, 0]
					}
				},
				"rightArm": {
					"rotation": {
						"0.0": [-23.19161, 8.69575, 83.6834],
						"0.1": [-35.50654, -5.11379, 89.55688],
						"0.5": [-58.37505, -12.06312, 51.39547]
					}
				},
				"lowerrarm": {
					"rotation": {
						"0.0": [-125, 0, 0],
						"0.1": [-5, 0, 0],
						"0.5": [-90, 0, 0]
					}
				},
				"trail_katar": {
					"scale": {
						"0.0": [1, 1, 0],
						"0.5": [1, 1, 0]
					}
				},
				"trail_pierce_katar": {
					"scale": {
						"0.0": [1, 0, 1],
						"0.1": [1, 1, 1],
						"0.2": [1, 0, 1],
						"0.5": [1, 0, 1]
					}
				},
				"trail_katar_offhand": {
					"scale": {
						"0.0": [1, 1, 0],
						"0.5": [1, 1, 0]
					}
				},
				"trail_pierce_katar_offhand": {
					"scale": {
						"0.0": [1, 0, 1],
						"0.5": [1, 0, 1]
					}
				},
				"katar_back": {
					"scale": 0
				},
				"katar_back_offhand": {
					"scale": 0
				}
			}
		},
		"animation.katar.unsheathe_one": {
			"animation_length": 0.92,
			"override_previous_animation": true,
			"bones": {
				"waist": {
					"rotation": {
						"0.28": [-0.45465, -0.15754, 2.55869],
						"0.48": [7.04535, -0.15754, 2.55869],
						"0.76": [5.05766, 9.98078, 0.44192]
					}
				},
				"rightArm": {
					"rotation": {
						"0.0": [0, 0, 0],
						"0.28": [0, 0, 10],
						"0.48": [0, 0, 52.5],
						"0.76": [-58.37505, -12.06312, 51.39547]
					}
				},
				"lowerrarm": {
					"rotation": {
						"0.0": [0, 0, 0],
						"0.28": [0, 0, -35],
						"0.48": [0, 0, -70],
						"0.76": [-90, 0, 0]
					}
				},
				"katar_back": {
					"rotation": {
						"0.0": [0, 0, 0],
						"0.28": [0, 0, -7.5]
					},
					"scale": {
						"0.28": [1, 1, 1],
						"0.32": [0, 0, 0]
					}
				},
				"katar_sheathe": {
					"rotation": {
						"0.0": [0, 0, 0],
						"0.28": [0, 0, -7.5]
					}
				},
				"rightItem": {
					"scale": {
						"0.32": [0, 0, 0],
						"0.36": [1, 1, 1]
					}
				},
				"root": {
					"rotation": ["variable.is_first_person ? (math.cos(query.life_time * 100.0) * 0.200) + 0.200 : 0", "variable.is_first_person ? 197.5 : 17.5", 0],
					"position": ["variable.is_first_person ? 2 : 0", "variable.is_first_person ? -3 : 0", "variable.is_first_person ? 12 : 0"]
				},
				"leftleg": {
					"rotation": [-8.2748, -13.69282, -7.60272]
				},
				"lowerlleg": {
					"rotation": [7.5, 0, 0]
				},
				"rightleg": {
					"rotation": [5.04363, -10.61395, 6.59701]
				},
				"lowerrleg": {
					"rotation": [2.5, 0, 0]
				},
				"leftArm": {
					"rotation": {
						"0.48": [11.77624, -10.29995, -2.64358],
						"0.76": [-45.60311, 7.36123, -27.42511]
					}
				},
				"lowerlarm": {
					"rotation": {
						"0.48": [-17.5, 0, 0],
						"0.76": [-55, 0, 0]
					}
				},
				"trail_katar_offhand": {
					"scale": [1, 1, 0]
				},
				"trail_pierce_katar_offhand": {
					"scale": [1, 0, 1]
				},
				"trail_katar": {
					"scale": [1, 1, 0]
				},
				"trail_pierce_katar": {
					"scale": [1, 0, 1]
				}
			}
		},
		"animation.katar.unsheathe_two": {
			"animation_length": 0.92,
			"override_previous_animation": true,
			"bones": {
				"waist": {
					"rotation": {
						"0.28": [-0.44734, -0.17722, 0.05876],
						"0.48": [7.04553, 0.14915, 0.07757],
						"0.76": [5.05766, 9.98078, 0.44192]
					}
				},
				"leftArm": {
					"rotation": {
						"0.0": [0, 0, 0],
						"0.28": [0, 0, -7.5],
						"0.48": [0, 0, -57.5],
						"0.76": [-45.60311, 7.36123, -27.42511]
					}
				},
				"lowerlarm": {
					"rotation": {
						"0.0": [0, 0, 0],
						"0.28": [0, 0, 27.5],
						"0.48": [0, 0, 67.5],
						"0.76": [-55, 0, 0]
					}
				},
				"rightArm": {
					"rotation": {
						"0.0": [0, 0, 0],
						"0.28": [0, 0, 10],
						"0.48": [0, 0, 52.5],
						"0.76": [-58.37505, -12.06312, 51.39547]
					}
				},
				"lowerrarm": {
					"rotation": {
						"0.0": [0, 0, 0],
						"0.28": [0, 0, -35],
						"0.48": [0, 0, -70],
						"0.76": [-90, 0, 0]
					}
				},
				"katar_offsheathe": {
					"rotation": {
						"0.0": [0, 0, 0],
						"0.28": [0, 0, 10]
					}
				},
				"katar_back_offhand": {
					"rotation": {
						"0.0": [0, 0, 0],
						"0.28": [0, 0, 10]
					},
					"scale": {
						"0.28": [1, 1, 1],
						"0.32": [0, 0, 0]
					}
				},
				"katar_back": {
					"rotation": {
						"0.0": [0, 0, 0],
						"0.28": [0, 0, -7.5]
					},
					"scale": {
						"0.28": [1, 1, 1],
						"0.32": [0, 0, 0]
					}
				},
				"katar_sheathe": {
					"rotation": {
						"0.0": [0, 0, 0],
						"0.28": [0, 0, -7.5]
					}
				},
				"rightItem": {
					"scale": {
						"0.32": [0, 0, 0],
						"0.36": [1, 1, 1]
					}
				},
				"leftItem": {
					"scale": {
						"0.32": [0, 0, 0],
						"0.36": [1, 1, 1]
					}
				},
				"root": {
					"rotation": ["variable.is_first_person ? (math.cos(query.life_time * 100.0) * 0.200) + 0.200 : 0", "variable.is_first_person ? 197.5 : 17.5", 0],
					"position": ["variable.is_first_person ? 2 : 0", "variable.is_first_person ? -3 : 0", "variable.is_first_person ? 12 : 0"]
				},
				"leftleg": {
					"rotation": [-8.2748, -13.69282, -7.60272]
				},
				"lowerlleg": {
					"rotation": [7.5, 0, 0]
				},
				"rightleg": {
					"rotation": [5.04363, -10.61395, 6.59701]
				},
				"lowerrleg": {
					"rotation": [2.5, 0, 0]
				},
				"trail_katar_offhand": {
					"scale": [1, 1, 0]
				},
				"trail_pierce_katar_offhand": {
					"scale": [1, 0, 1]
				},
				"trail_katar": {
					"scale": [1, 1, 0]
				},
				"trail_pierce_katar": {
					"scale": [1, 0, 1]
				}
			}
		}
	}
}