{
	"format_version": "1.8.0",
	"animations": {
		"animation.fpd_glaive.base_pose": {
			"loop": "hold_on_last_frame",
			"override_previous_animation": true,
			"bones": {
				"leftleg": {
					"rotation": [-5.65468, -16.18153, -10.71827]
				},
				"lowerlleg": {
					"rotation": [10, 0, 0]
				},
				"rightleg": {
					"rotation": [0, 0, 10]
				},
				"lowerrleg": {
					"rotation": [5, 0, 0]
				},
				"waist": {
					"rotation": [0.00933, 2.462, 0.43439]
				},
				"leftArm": {
					"rotation": [-2.50238, 0.10901, -12.49762]
				},
				"lowerlarm": {
					"rotation": [-10, 0, 0]
				},
				"rightArm": {
					"rotation": [31.42551, 0.27162, 18.70163]
				},
				"lowerrarm": {
					"rotation": [-27.5, 0, 0]
				},
				"rope": {
					"rotation": [0, 0, -25]
				},
				"rope2": {
					"rotation": [0, 0, -25]
				},
				"root": {
					"rotation": ["variable.is_first_person ? (math.cos(query.life_time * 100.0) * 0.200) + 0.200 : 0", "variable.is_first_person ? 195 : 15", 0],
					"position": ["variable.is_first_person ? 2 : 0", "variable.is_first_person ? -3 : 0", "variable.is_first_person ? 12 : 0"]
				},
				"trail_glaive": {
					"scale": 0
				},
				"glaive_back": {
					"scale": 0
				}
			}
		},
		"animation.fpd_glaive.move": {
			"loop": true,
			"animation_length": 1.04,
			"override_previous_animation": true,
			"bones": {
				"leftleg": {
					"rotation": {
						"0.0": [-50, 0, 0],
						"0.16": [0, 0, 0],
						"0.36": [24.17, 0, 0],
						"0.52": [37.5, 0, 0],
						"0.68": [-15.96, 0, 0],
						"0.88": [-74.87, 0, 0],
						"1.04": [-50, 0, 0]
					}
				},
				"lowerlleg": {
					"rotation": {
						"0.0": [50, 0, 0],
						"0.16": [0.96, 0, 0],
						"0.52": [7.5, 0, 0],
						"0.68": [58.08, 0, 0],
						"0.88": [71.09, 0, 0],
						"1.04": [50, 0, 0]
					}
				},
				"rightleg": {
					"rotation": {
						"0.0": [32.5, 0, 0],
						"0.36": [-76.73, 0, 0],
						"0.52": [-45, 0, 0],
						"0.68": [-0.38, 0, 0],
						"0.88": [21.78, 0, 0],
						"1.04": [32.5, 0, 0]
					}
				},
				"lowerrleg": {
					"rotation": {
						"0.0": [20, 0, 0],
						"0.16": [80.58, 0, 0],
						"0.36": [77.48, 0, 0],
						"0.52": [45, 0, 0],
						"0.68": [0.96, 0, 0],
						"0.88": [21.54, 0, 0],
						"1.04": [20, 0, 0]
					}
				},
				"waist": {
					"rotation": {
						"0.0": [10.10579, 2.02534, 2.89785],
						"0.16": [10.00933, 2.462, 0.43439],
						"0.52": [9.89413, 2.89411, -2.03068],
						"0.68": [10.00933, 2.462, 0.43439],
						"1.04": [10.10579, 2.02534, 2.89785]
					}
				},
				"leftArm": {
					"rotation": {
						"0.0": [10, 0, -10],
						"0.52": [-17.5, 0, -10],
						"1.04": [10, 0, -10]
					}
				},
				"lowerlarm": {
					"rotation": [-10, 0, 0]
				},
				"rightArm": {
					"rotation": {
						"0.0": [-1.63185, -6.21271, 29.40842],
						"0.52": [11.12501, -5.73576, 26.94093],
						"1.04": [-1.63185, -6.21271, 29.40842]
					}
				},
				"lowerrarm": {
					"rotation": {
						"0.0": [-32.5, 0, 0],
						"0.52": [-27.29887, -3.45533, -6.66067],
						"1.04": [-32.5, 0, 0]
					}
				},
				"rope": {
					"rotation": [0, 0, -25]
				},
				"rope2": {
					"rotation": [0, 0, -25]
				},
				"root": {
					"rotation": ["variable.is_first_person ? (math.cos(query.life_time * 100.0) * 0.200) + 0.200 : 0", "variable.is_first_person ? 180 : 0", 0],
					"position": {
						"0.0": ["variable.is_first_person ? 2 : 0", "variable.is_first_person ? -5 : -2", "variable.is_first_person ? 12 : 0"],
						"0.16": ["variable.is_first_person ? 2 : 0", "variable.is_first_person ? -3 : 0", "variable.is_first_person ? 12 : 0"],
						"0.36": ["variable.is_first_person ? 2 : 0", "variable.is_first_person ? -3 - 0.56: -0.56", "variable.is_first_person ? 12 : 0"],
						"0.52": ["variable.is_first_person ? 2 : 0", "variable.is_first_person ? -5 : -2", "variable.is_first_person ? 12 : 0"],
						"0.68": ["variable.is_first_person ? 2 : 0", "variable.is_first_person ? -3 : 0", "variable.is_first_person ? 12 : 0"],
						"0.88": ["variable.is_first_person ? 2 : 0", "variable.is_first_person ? -3 - 0.11 : -0.11", "variable.is_first_person ? 12 : 0"],
						"1.04": ["variable.is_first_person ? 2 : 0", "variable.is_first_person ? -5 : -2", "variable.is_first_person ? 12 : 0"]
					}
				},
				"trail_glaive": {
					"scale": 0
				},
				"glaive_back": {
					"scale": 0
				}
			}
		},
		"animation.fpd_glaive.sprint": {
			"loop": true,
			"animation_length": 0.56,
			"override_previous_animation": true,
			"bones": {
				"leftleg": {
					"rotation": {
						"0.0": [45, 0, -2.5],
						"0.12": [-84.64286, 0, -2.5],
						"0.28": [-47.5, 0, -2.5],
						"0.4": [57.14286, 0, -2.5],
						"0.56": [45, 0, -2.5]
					}
				},
				"lowerlleg": {
					"rotation": {
						"0.0": [62.5, 0, 0],
						"0.12": [98.57, 0, 0],
						"0.28": [47.5, 0, 0],
						"0.4": [26.43, 0, 0],
						"0.56": [62.5, 0, 0]
					}
				},
				"rightleg": {
					"rotation": {
						"0.0": [-44.99294, 0.32621, 2.47864],
						"0.12": [58.57849, 0.32621, 2.47864],
						"0.28": [27.50706, 0.32621, 2.47864],
						"0.4": [-93.56437, 0.32621, 2.47864],
						"0.56": [-44.99294, 0.32621, 2.47864]
					}
				},
				"lowerrleg": {
					"rotation": {
						"0.0": [45, 0, 0],
						"0.12": [21.79, 0, 0],
						"0.28": [72.5, 0, 0],
						"0.4": [103.21, 0, 0],
						"0.56": [45, 0, 0]
					}
				},
				"waist": {
					"rotation": {
						"0.0": [15.4435, -4.86634, -2.73417],
						"0.28": [17.92356, 4.64922, 7.72777],
						"0.56": [15.4435, -4.86634, -2.73417]
					}
				},
				"leftArm": {
					"rotation": {
						"0.0": [55.37637, -25.08764, -15.77787],
						"0.28": [-81.55973, -3.0326, -29.36837],
						"0.56": [55.37637, -25.08764, -15.77787]
					}
				},
				"lowerlarm": {
					"rotation": {
						"0.0": [-12.5, 0, 0],
						"0.28": [-65, 0, 0],
						"0.56": [-12.5, 0, 0]
					}
				},
				"rightArm": {
					"rotation": {
						"0.0": [55.50091, 19.16841, 39.65585],
						"0.28": [69.28364, 14.76683, 22.27007],
						"0.56": [55.50091, 19.16841, 39.65585]
					}
				},
				"lowerrarm": {
					"rotation": {
						"0.0": [-47.5, 0, 0],
						"0.28": [-57.5, 0, 0],
						"0.56": [-47.5, 0, 0]
					}
				},
				"root": {
					"rotation": {
						"0.0": ["variable.is_first_person ? (math.cos(query.life_time * 100.0) * 0.200) + 0.200 : 0", "variable.is_first_person ? 180 : 0", 0],
						"0.28": ["variable.is_first_person ? (math.cos(query.life_time * 100.0) * 0.200) + 0.200 : 0", "variable.is_first_person ? 180 : 0", 0],
						"0.56": ["variable.is_first_person ? (math.cos(query.life_time * 100.0) * 0.200) + 0.200 : 0", "variable.is_first_person ? 180 : 0", 0]
					},
					"position": {
						"0.0": ["variable.is_first_person ? 2 : 0", "variable.is_first_person ? -5 : -2", "variable.is_first_person ? 12 : 0"],
						"0.12": ["variable.is_first_person ? 2 : 0", "variable.is_first_person ? -3 : 0", "variable.is_first_person ? 12 : 0"],
						"0.28": ["variable.is_first_person ? 2 : 0", "variable.is_first_person ? -5 : -2", "variable.is_first_person ? 12 : 0"],
						"0.4": ["variable.is_first_person ? 2 : 0", "variable.is_first_person ? -3 : 0", "variable.is_first_person ? 12 : 0"],
						"0.56": ["variable.is_first_person ? 2 : 0", "variable.is_first_person ? -5 : -2", "variable.is_first_person ? 12 : 0"]
					}
				},
				"rightItem": {
					"position": [0, 0, 8]
				},
				"trail_glaive": {
					"scale": 0
				},
				"rope": {
					"rotation": {
						"0.0": [55, 0, 0],
						"0.28": [77.5, 0, 0],
						"0.56": [55, 0, 0]
					}
				},
				"ropepart0": {
					"rotation": {
						"0.0": [22.5, 0, 0],
						"0.28": [12.5, 0, 0],
						"0.56": [22.5, 0, 0]
					}
				},
				"ropepart1": {
					"rotation": {
						"0.0": [17.5, 0, 0],
						"0.28": [7.5, 0, 0],
						"0.56": [17.5, 0, 0]
					}
				},
				"rope2": {
					"rotation": {
						"0.0": [47.5, 0, 0],
						"0.28": [65, 0, 0],
						"0.56": [47.5, 0, 0]
					}
				},
				"ropepart2": {
					"rotation": {
						"0.0": [22.5, 0, 0],
						"0.28": [10, 0, 0],
						"0.56": [22.5, 0, 0]
					}
				},
				"ropepart3": {
					"rotation": {
						"0.0": [12.5, 0, 0],
						"0.28": [5, 0, 0],
						"0.56": [12.5, 0, 0]
					}
				},
				"glaive_back": {
					"scale": 0
				}
			}
		},
		"animation.fpd_glaive.sneak": {
			"loop": "hold_on_last_frame",
			"override_previous_animation": true,
			"bones": {
				"leftleg": {
					"rotation": [17.51893, -0.43523, -4.98107]
				},
				"lowerlleg": {
					"rotation": [67.5, 0, 0]
				},
				"rightleg": {
					"rotation": [-60, 0, 0]
				},
				"lowerrleg": {
					"rotation": [57.5, 0, 0]
				},
				"waist": {
					"rotation": [66.40628, 27.81964, 32.84106]
				},
				"leftArm": {
					"rotation": [-42.18279, -37.32457, -4.26994]
				},
				"lowerlarm": {
					"rotation": [-10, 0, 0]
				},
				"rightArm": {
					"rotation": [22.59278, 26.22174, 51.13867]
				},
				"lowerrarm": {
					"rotation": [-27.5, 0, 0]
				},
				"rope": {
					"rotation": [0, 0, -25]
				},
				"rope2": {
					"rotation": [0, 0, -25]
				},
				"root": {
					"rotation": ["variable.is_first_person ? (math.cos(query.life_time * 100.0) * 0.200) + 0.200 : 0", "variable.is_first_person ? 180 : 0", 0],
					"position": ["variable.is_first_person ? 2 : 0", "variable.is_first_person ? -8 : -5", "variable.is_first_person ? 12 : 0"]
				},
				"trail_glaive": {
					"scale": 0
				},
				"glaive_back": {
					"scale": 0
				}
			}
		},
		"animation.fpd_glaive.sneak_attack": {
			"loop": "hold_on_last_frame",
			"animation_length": 0.8,
			"override_previous_animation": true,
			"bones": {
				"leftleg": {
					"rotation": {
						"0.1": [17.51893, -0.43523, -4.98107],
						"0.8": [17.51893, -0.43523, -4.98107]
					}
				},
				"lowerlleg": {
					"rotation": {
						"0.1": [67.5, 0, 0],
						"0.8": [67.5, 0, 0]
					}
				},
				"rightleg": {
					"rotation": {
						"0.1": [-60, 0, 0],
						"0.8": [-60, 0, 0]
					}
				},
				"lowerrleg": {
					"rotation": {
						"0.1": [57.5, 0, 0],
						"0.8": [57.5, 0, 0]
					}
				},
				"waist": {
					"rotation": {
						"0.1": [82.15593, 63.30821, 71.63447],
						"0.2": [22.17398, -44.96652, -9.79633],
						"0.5": [22.17398, -44.96652, -9.79633],
						"0.8": [66.40628, 27.81964, 32.84106]
					}
				},
				"leftArm": {
					"rotation": {
						"0.1": [-57.00496, -71.84716, 6.55884],
						"0.2": [59.11968, -8.37511, -25.99774],
						"0.5": [59.11968, -8.37511, -25.99774],
						"0.8": [-42.18279, -37.32457, -4.26994]
					}
				},
				"lowerlarm": {
					"rotation": {
						"0.1": [-10, 0, 0],
						"0.8": [-10, 0, 0]
					}
				},
				"rightArm": {
					"rotation": {
						"0.1": [21.43136, 21.4897, 66.7173],
						"0.2": [-12.73883, 7.34467, 97.59336],
						"0.5": [-12.73883, 7.34467, 97.59336],
						"0.8": [22.59278, 26.22174, 51.13867]
					}
				},
				"lowerrarm": {
					"rotation": {
						"0.1": [-105, 0, 0],
						"0.2": [-27.5, 0, 0],
						"0.5": [-27.5, 0, 0],
						"0.6": [-85, 0, 0],
						"0.8": [-27.5, 0, 0]
					}
				},
				"rope": {
					"rotation": {
						"0.1": [-64.61668, 5.63577, 2.6993],
						"0.2": [72.86297, -10.19418, 8.97246],
						"0.5": [61.24127, 25.60339, -2.50064],
						"0.8": [163.89356, 12.0174, 10.79355]
					}
				},
				"rope2": {
					"rotation": {
						"0.1": [-66.35697, -7.39929, 4.16065],
						"0.2": [60.74337, 0.14653, 0.91348],
						"0.5": [57.68662, 23.89832, -13.37643],
						"0.8": [174.2411, 4.81281, 14.75778]
					}
				},
				"root": {
					"rotation": ["variable.is_first_person ? (math.cos(query.life_time * 100.0) * 0.200) + 0.200 : 0", "variable.is_first_person ? 180 : 0", 0],
					"position": {
						"0.1": ["variable.is_first_person ? 2 : 0", "variable.is_first_person ? -8 : -5", "variable.is_first_person ? 12 : 0"],
						"0.8": ["variable.is_first_person ? 2 : 0", "variable.is_first_person ? -8 : -5", "variable.is_first_person ? 12 : 0"]
					}
				},
				"rightItem": {
					"rotation": {
						"0.1": [0, 0, 0],
						"0.2": [80, 0, 0],
						"0.5": [80, 0, 0],
						"0.8": [0, 0, 0]
					}
				},
				"ropepart0": {
					"rotation": {
						"0.1": [-20, 0, 0],
						"0.2": [30.35714, 0, -3.92857],
						"0.5": [14.50637, 4.51576, -32.63926],
						"0.8": [0, 0, -27.5]
					}
				},
				"ropepart1": {
					"rotation": {
						"0.1": [-27.5, 0, 0],
						"0.2": [4.64802, 5.94073, 10.58402],
						"0.5": [1.32269, 3.53157, -23.47748],
						"0.8": [0, 0, -22.5]
					}
				},
				"ropepart2": {
					"rotation": {
						"0.1": [-35, 0, -5],
						"0.2": [42.5, 0, -8.57143],
						"0.5": [19.7622, 7.97257, -40.39481],
						"0.8": [0, 0, -30]
					}
				},
				"ropepart3": {
					"rotation": {
						"0.1": [-37.5, 0, -7.5],
						"0.2": [27.85714, 0, -10.71429],
						"0.8": [0, 0, -30]
					}
				},
				"trail_glaive": {
					"scale": 0
				},
				"glaive_back": {
					"scale": 0
				}
			}
		},
		"animation.fpd_glaive.sneak_bob": {
			"loop": "hold_on_last_frame",
			"override_previous_animation": true,
			"bones": {
				"leftleg": {
					"rotation": [17.51893, -0.43523, -4.98107]
				},
				"lowerlleg": {
					"rotation": [67.5, 0, 0]
				},
				"rightleg": {
					"rotation": [-60, 0, 0]
				},
				"lowerrleg": {
					"rotation": [57.5, 0, 0]
				},
				"waist": {
					"rotation": [66.40628, 27.81964, 32.84106]
				},
				"leftArm": {
					"rotation": [-42.18279, -37.32457, -4.26994]
				},
				"lowerlarm": {
					"rotation": [-10, 0, 0]
				},
				"rightArm": {
					"rotation": [22.59278, 26.22174, 51.13867]
				},
				"lowerrarm": {
					"rotation": [-27.5, 0, 0]
				},
				"rope": {
					"rotation": [0, 0, -25]
				},
				"rope2": {
					"rotation": [0, 0, -25]
				},
				"root": {
					"rotation": ["variable.is_first_person ? (math.cos(query.life_time * 100.0) * 0.200) + 0.200 : 0", "variable.is_first_person ? 180 : 0", 0],
					"position": ["variable.is_first_person ? 2 : 0", "variable.is_first_person ? -8 : -5", "variable.is_first_person ? 12 : 0"]
				},
				"trail_glaive": {
					"scale": 0
				},
				"glaive_back": {
					"scale": 0
				}
			}
		},
		"animation.fpd_glaive.sneak_move": {
			"loop": true,
			"animation_length": 1.04,
			"override_previous_animation": true,
			"bones": {
				"leftleg": {
					"rotation": {
						"0.0": [20.21026, -4.77628, -5.71489],
						"0.24": [-117.86666, -4.77628, -5.71489],
						"0.52": [-94.78974, -4.77628, -5.71489],
						"1.04": [20.21026, -4.77628, -5.71489]
					}
				},
				"lowerlleg": {
					"rotation": {
						"0.0": [57.5, 0, 0],
						"0.24": [108.27, 0, 0],
						"0.52": [102.5, 0, 0],
						"1.04": [57.5, 0, 0]
					}
				},
				"rightleg": {
					"rotation": {
						"0.0": [-95.77875, 1.4842, 1.78994],
						"0.52": [6.72125, 1.4842, 1.78994],
						"0.8": [-113.47106, 1.4842, 1.78994],
						"1.04": [-95.77875, 1.4842, 1.78994]
					}
				},
				"lowerrleg": {
					"rotation": {
						"0.0": [85, 0, 0],
						"0.52": [75, 0, 0],
						"0.8": [102.88, 0, 0],
						"1.04": [85, 0, 0]
					}
				},
				"waist": {
					"rotation": {
						"0.0": [5.06694, -18.0529, 3.1512],
						"0.52": [8.72398, 10.66453, -5.65524],
						"1.04": [5.06694, -18.0529, 3.1512]
					}
				},
				"leftArm": {
					"rotation": {
						"0.0": [-62.27769, -0.69164, -32.61988],
						"0.52": [57.72231, -0.69164, -32.61988],
						"1.04": [-62.27769, -0.69164, -32.61988]
					}
				},
				"lowerlarm": {
					"rotation": [-42.5, 0, 0]
				},
				"rightArm": {
					"rotation": {
						"0.0": [38.62436, 33.09996, 23.37849],
						"0.52": [-29.63688, -14.30484, 16.28557],
						"1.04": [38.62436, 33.09996, 23.37849]
					}
				},
				"lowerrarm": {
					"rotation": {
						"0.0": [-40, 0, 0],
						"0.52": [-2.5, 0, 0],
						"1.04": [-40, 0, 0]
					}
				},
				"rope": {
					"rotation": [0, 0, -25]
				},
				"rope2": {
					"rotation": [0, 0, -25]
				},
				"root": {
					"rotation": {
						"0.0": [
							"variable.is_first_person ? (math.cos(query.life_time * 100.0) * 0.200) + 0.200 + 11.7308 : 11.7308",
							"variable.is_first_person ? 184.8876 : 4.8876",
							3.05248
						],
						"0.52": [
							"variable.is_first_person ? (math.cos(query.life_time * 100.0) * 0.200) + 0.200 + 11.7308 : 11.7308",
							"variable.is_first_person ? 184.8876 : 4.8876",
							3.05248
						],
						"1.04": [
							"variable.is_first_person ? (math.cos(query.life_time * 100.0) * 0.200) + 0.200 + 11.7308 : 11.7308",
							"variable.is_first_person ? 184.8876 : 4.8876",
							3.05248
						]
					},
					"position": {
						"0.0": ["variable.is_first_person ? 2 : 0", "variable.is_first_person ? -9 : -6", "variable.is_first_person ? 12 : 0"],
						"0.2": ["variable.is_first_person ? 2 : 0", "variable.is_first_person ? -7 : -4", "variable.is_first_person ? 12 : 0"],
						"0.52": ["variable.is_first_person ? 2 : 0", "variable.is_first_person ? -9 : -6", "variable.is_first_person ? 12 : 0"],
						"0.76": ["variable.is_first_person ? 2 : 0", "variable.is_first_person ? -7 : -4", "variable.is_first_person ? 12 : 0"],
						"1.04": ["variable.is_first_person ? 2 : 0", "variable.is_first_person ? -9 : -6", "variable.is_first_person ? 12 : 0"]
					}
				},
				"trail_glaive": {
					"scale": 0
				},
				"glaive_back": {
					"scale": 0
				}
			}
		},
		"animation.fpd_glaive.jump": {
			"loop": "hold_on_last_frame",
			"animation_length": 0.48,
			"override_previous_animation": true,
			"bones": {
				"leftleg": {
					"rotation": {
						"0.0": [-5.65468, -16.18153, -10.71827],
						"0.16": [-84.78974, -4.77628, -5.71489],
						"0.48": [-10, 0, -2.5]
					}
				},
				"lowerlleg": {
					"rotation": {
						"0.0": [10, 0, 0],
						"0.16": [92.5, 0, 0],
						"0.48": [12.5, 0, 0]
					}
				},
				"rightleg": {
					"rotation": {
						"0.0": [0, 0, 10],
						"0.16": [-84.18208, 35.70811, 1.42648],
						"0.48": [-25.00238, -0.10901, 2.49762]
					}
				},
				"lowerrleg": {
					"rotation": {
						"0.0": [5, 0, 0],
						"0.16": [97.5, 0, 0],
						"0.48": [12.5, 0, 0]
					}
				},
				"waist": {
					"rotation": {
						"0.0": [0.00933, 2.462, 0.43439],
						"0.16": [7.97532, 19.82169, 2.71994],
						"0.48": [12.5, 0, 0]
					}
				},
				"leftArm": {
					"rotation": {
						"0.0": [-2.50238, 0.10901, -12.49762],
						"0.48": [5.11091, -0.75258, -14.97955]
					}
				},
				"lowerlarm": {
					"rotation": {
						"0.0": [-10, 0, 0],
						"0.48": [-2.5, 0, 0]
					}
				},
				"rightArm": {
					"rotation": {
						"0.0": [31.42551, 0.27162, 18.70163],
						"0.24": [41.15048, 13.99842, 65.6981],
						"0.48": [23.95393, 50.74931, 6.01887]
					}
				},
				"lowerrarm": {
					"rotation": {
						"0.0": [-27.5, 0, 0],
						"0.24": [-37.5, 0, 0],
						"0.48": [-70.01753, -0.85481, 2.3494]
					}
				},
				"rightItem": {
					"position": {
						"0.0": [0, 0, -1],
						"0.12": [0, 0, 0],
						"0.48": [0, 0, 17]
					}
				},
				"trail_lance": {
					"scale": 0
				},
				"root": {
					"rotation": ["variable.is_first_person ? (math.cos(query.life_time * 100.0) * 0.200) + 0.200 : 0", "variable.is_first_person ? 195 : 15", 0],
					"position": {
						"0.0": ["variable.is_first_person ? 2 : 0", "variable.is_first_person ? -3 : 0", "variable.is_first_person ? 12 : 0"],
						"0.16": [0, -5, 0],
						"0.48": [0, 2, 0]
					}
				},
				"rope": {
					"rotation": [0, 0, -25]
				},
				"rope2": {
					"rotation": [0, 0, -25]
				},
				"trail_glaive": {
					"scale": 0
				},
				"glaive_back": {
					"scale": 0
				}
			}
		},
		"animation.fpd_glaive.bob": {
			"loop": true,
			"animation_length": 2,
			"override_previous_animation": true,
			"bones": {
				"leftleg": {
					"rotation": {
						"0.0": [-7.48107, -0.43523, -4.98107],
						"1.0": [-9.98107, -0.43523, -4.98107],
						"2.0": [-7.48107, -0.43523, -4.98107]
					}
				},
				"lowerlleg": {
					"rotation": {
						"0.0": [10, 0, 0],
						"1.0": [12.5, 0, 0],
						"2.0": [10, 0, 0]
					}
				},
				"rightleg": {
					"rotation": {
						"0.0": [7.5, 0, 0],
						"1.0": [10, 0, 0],
						"2.0": [7.5, 0, 0]
					}
				},
				"lowerrleg": {
					"rotation": {
						"0.0": [5, 0, 0],
						"1.0": [2.5, 0, 0],
						"2.0": [5, 0, 0]
					}
				},
				"waist": {
					"rotation": {
						"0.0": [10.00933, 2.462, 0.43439],
						"1.0": [5.08453, 7.38542, 1.30962],
						"2.0": [10.00933, 2.462, 0.43439]
					}
				},
				"leftArm": {
					"rotation": {
						"0.0": [2.5, 0, -10],
						"1.0": [9.9905, 0.21782, -14.99527],
						"2.0": [2.5, 0, -10]
					}
				},
				"lowerlarm": {
					"rotation": [-10, 0, 0]
				},
				"rightArm": {
					"rotation": {
						"0.0": [10.86815, -6.21271, 29.40842],
						"1.0": [18.36815, -6.21271, 29.40842],
						"2.0": [10.86815, -6.21271, 29.40842]
					}
				},
				"lowerrarm": {
					"rotation": {
						"0.0": [-27.5, 0, 0],
						"1.0": [-40, 0, 0],
						"2.0": [-27.5, 0, 0]
					}
				},
				"rope": {
					"rotation": {
						"0.0": [0, 0, -25],
						"1.0": [7.5, 0, -27.5],
						"2.0": [0, 0, -25]
					}
				},
				"rope2": {
					"rotation": {
						"0.0": [0, 0, -25],
						"1.0": [7.5, 0, -27.5],
						"2.0": [0, 0, -25]
					}
				},
				"ropepart0": {
					"rotation": {
						"0.0": [0, 0, 0],
						"1.0": [5, 0, 0],
						"2.0": [0, 0, 0]
					}
				},
				"ropepart1": {
					"rotation": {
						"0.0": [2.5, 0, 0],
						"1.0": [5, 0, 0],
						"2.0": [2.5, 0, 0]
					}
				},
				"ropepart2": {
					"rotation": {
						"0.0": [0, 0, 0],
						"1.0": [5, 0, 0],
						"2.0": [0, 0, 0]
					}
				},
				"ropepart3": {
					"rotation": {
						"0.0": [0, 0, 0],
						"1.0": [5, 0, 0],
						"2.0": [0, 0, 0]
					}
				},
				"trail_glaive": {
					"scale": 0
				},
				"root": {
					"rotation": ["variable.is_first_person ? (math.cos(query.life_time * 100.0) * 0.200) + 0.200 : 0", "variable.is_first_person ? 195 : 15", 0],
					"position": ["variable.is_first_person ? 2 : 0", "variable.is_first_person ? -3 : 0", "variable.is_first_person ? 12 : 0"]
				},
				"glaive_back": {
					"scale": 0
				}
			}
		},
		"animation.fpd_glaive.attack_stab": {
			"loop": "hold_on_last_frame",
			"animation_length": 1.2,
			"override_previous_animation": true,
			"bones": {
				"leftleg": {
					"rotation": {
						"0.0": [-5.65468, -16.18153, -10.71827],
						"0.2": [-7.48107, -0.43523, -4.98107],
						"0.4": [-7.48107, -0.43523, -4.98107],
						"0.6": [27.51893, -0.43523, -4.98107],
						"0.8": [27.51893, -0.43523, -4.98107],
						"1.2": [-5.65468, -16.18153, -10.71827]
					}
				},
				"lowerlleg": {
					"rotation": {
						"0.0": [10, 0, 0],
						"0.2": [10, 0, 0],
						"0.4": [10, 0, 0],
						"0.6": [15, 0, 0],
						"0.8": [15, 0, 0],
						"1.2": [10, 0, 0]
					}
				},
				"rightleg": {
					"rotation": {
						"0.0": [0, 0, 10],
						"0.2": [7.5, 0, 0],
						"0.4": [7.5, 0, 0],
						"0.5": [-68.75, 0, 0],
						"0.6": [-35, 0, 0],
						"0.8": [-35, 0, 0],
						"1.2": [0, 0, 10]
					}
				},
				"lowerrleg": {
					"rotation": {
						"0.0": [5, 0, 0],
						"0.2": [5, 0, 0],
						"0.4": [5, 0, 0],
						"0.5": [70, 0, 0],
						"0.6": [35, 0, 0],
						"0.8": [35, 0, 0],
						"1.2": [5, 0, 0]
					}
				},
				"waist": {
					"rotation": {
						"0.0": [0.00933, 2.462, 0.43439],
						"0.2": [15.73539, 74.32944, 10.68224],
						"0.4": [15.73539, 74.32944, 10.68224],
						"0.6": [11.80388, 56.36258, 8.12028],
						"0.8": [11.80388, 56.36258, 8.12028],
						"1.2": [0.00933, 2.462, 0.43439]
					}
				},
				"leftArm": {
					"rotation": {
						"0.0": [-2.50238, 0.10901, -12.49762],
						"0.2": [-31.65152, -11.98143, -5.00849],
						"0.4": [-31.65152, -11.98143, -5.00849],
						"0.5": [-62.48718, 3.32012, 0.03771],
						"0.6": [-78.94042, -0.99391, 1.1139],
						"0.8": [-78.94042, -0.99391, 1.1139],
						"1.2": [-2.50238, 0.10901, -12.49762]
					}
				},
				"lowerlarm": {
					"rotation": {
						"0.0": [-10, 0, 0],
						"0.2": [-10, 0, 0],
						"0.4": [-10, 0, 0],
						"1.2": [-10, 0, 0]
					}
				},
				"rightArm": {
					"rotation": {
						"0.0": [31.42551, 0.27162, 18.70163],
						"0.2": [-5.71582, -48.73306, 94.07575],
						"0.4": [-5.71582, -48.73306, 94.07575],
						"0.6": [-84.14059, -52.30336, 17.82223],
						"0.8": [-84.14059, -52.30336, 17.82223],
						"1.2": [31.42551, 0.27162, 18.70163]
					}
				},
				"lowerrarm": {
					"rotation": {
						"0.0": [-27.5, 0, 0],
						"0.2": [-77.5, 0, 0],
						"0.4": [-77.5, 0, 0],
						"0.5": [-66.25, 0, 0],
						"0.6": [-15, 0, 0],
						"0.8": [-15, 0, 0],
						"1.2": [-27.5, 0, 0]
					}
				},
				"rope": {
					"rotation": {
						"0.0": [0, 0, -25],
						"0.2": [-50, 0, -25],
						"0.4": [-50, 0, -25],
						"0.6": [67.5, 0, 0],
						"0.8": [67.5, 0, 0],
						"1.2": [0, 0, -25]
					}
				},
				"rope2": {
					"rotation": {
						"0.0": [0, 0, -25],
						"0.2": [-52.5, 0, -25],
						"0.4": [-52.5, 0, -25],
						"0.6": [72.5, 0, 0],
						"0.8": [72.5, 0, 0],
						"1.2": [0, 0, -25]
					}
				},
				"rightItem": {
					"rotation": {
						"0.2": [0, 0, 0],
						"0.4": [0, 0, 0],
						"0.5": [57.5, 0, 0],
						"0.6": [75, 0, 0],
						"0.8": [75, 0, 0],
						"1.2": [0, 0, 0]
					}
				},
				"ropepart0": {
					"rotation": {
						"0.2": [-30, 0, 0],
						"0.4": [-30, 0, 0],
						"0.6": [15, 0, 0],
						"0.8": [15, 0, 0],
						"1.2": [-10, 0, 0]
					}
				},
				"ropepart1": {
					"rotation": {
						"0.2": [25, 0, 0],
						"0.4": [25, 0, 0],
						"0.6": [2.5, 0, 0],
						"0.8": [2.5, 0, 0],
						"1.2": [-7.5, 0, 0]
					}
				},
				"ropepart2": {
					"rotation": {
						"0.2": [-27.5, 0, 0],
						"0.4": [-27.5, 0, 0],
						"0.6": [15, 0, 0],
						"0.8": [15, 0, 0],
						"1.2": [-7.5, 0, 0]
					}
				},
				"ropepart3": {
					"rotation": {
						"0.2": [35, 0, 0],
						"0.4": [35, 0, 0],
						"0.6": [10, 0, 0],
						"0.8": [10, 0, 0],
						"1.2": [-12.5, 0, 0]
					}
				},
				"root": {
					"rotation": {
						"0.0": ["variable.is_first_person ? (math.cos(query.life_time * 100.0) * 0.200) + 0.200 : 0", "variable.is_first_person ? 195 : 15", 0],
						"0.2": ["variable.is_first_person ? (math.cos(query.life_time * 100.0) * 0.200) + 0.200 : 0", "variable.is_first_person ? 195 : 15", 0],
						"0.4": ["variable.is_first_person ? (math.cos(query.life_time * 100.0) * 0.200) + 0.200 : 0", "variable.is_first_person ? 195 : 15", 0],
						"0.6": ["variable.is_first_person ? (math.cos(query.life_time * 100.0) * 0.200) + 0.200 : 0", "variable.is_first_person ? 180 : 0", 0],
						"0.8": ["variable.is_first_person ? (math.cos(query.life_time * 100.0) * 0.200) + 0.200 : 0", "variable.is_first_person ? 180 : 0", 0],
						"1.2": ["variable.is_first_person ? (math.cos(query.life_time * 100.0) * 0.200) + 0.200 : 0", "variable.is_first_person ? 195 : 15", 0]
					},
					"position": {
						"0.0": ["variable.is_first_person ? 2 : 0", "variable.is_first_person ? -3 : 0", "variable.is_first_person ? 12 : 0"],
						"0.2": ["variable.is_first_person ? 2 : 0", "variable.is_first_person ? -3 : 0", "variable.is_first_person ? 12 : 0"],
						"0.4": ["variable.is_first_person ? 2 : 0", "variable.is_first_person ? -3 : 0", "variable.is_first_person ? 12 : 0"],
						"0.6": ["variable.is_first_person ? 2 : 0", "variable.is_first_person ? -4 : -1", "variable.is_first_person ? 3 : -9"],
						"0.8": ["variable.is_first_person ? 2 : 0", "variable.is_first_person ? -4 : -1", "variable.is_first_person ? 1 : -11"],
						"1.2": ["variable.is_first_person ? 2 : 0", "variable.is_first_person ? -3 : 0", "variable.is_first_person ? 12 : 0"]
					}
				},
				"trail_glaive": {
					"scale": {
						"0.0": [0, 0, 0],
						"0.2": [0, 0, 0],
						"0.4": [0, 0, 0],
						"1.2": [0, 0, 0]
					}
				},
				"glaive_back": {
					"scale": 0
				}
			}
		},
		"animation.fpd_glaive.attack_slash": {
			"loop": "hold_on_last_frame",
			"animation_length": 0.9,
			"override_previous_animation": true,
			"bones": {
				"leftleg": {
					"rotation": {
						"0.0": [-5.65468, -16.18153, -10.71827],
						"0.2": [20.01893, -0.43523, -4.98107],
						"0.3": [-93.73107, -0.43523, -4.98107],
						"0.4": [-57.48107, -0.43523, -4.98107],
						"0.9": [-5.65468, -16.18153, -10.71827]
					}
				},
				"lowerlleg": {
					"rotation": {
						"0.0": [10, 0, 0],
						"0.2": [10, 0, 0],
						"0.3": [95, 0, 0],
						"0.4": [60.63, 0, 0],
						"0.9": [10, 0, 0]
					}
				},
				"rightleg": {
					"rotation": {
						"0.0": [0, 0, 10],
						"0.2": [-17.5, 0, 0],
						"0.4": [42.5, 0, 0],
						"0.9": [0, 0, 10]
					}
				},
				"lowerrleg": {
					"rotation": {
						"0.0": [5, 0, 0],
						"0.2": [5, 0, 0],
						"0.9": [5, 0, 0]
					}
				},
				"waist": {
					"rotation": {
						"0.0": [0.00933, 2.462, 0.43439],
						"0.2": [4.98634, -46.91362, 16.81211],
						"0.4": [4.82482, 72.57112, 6.15267],
						"0.9": [0.00933, 2.462, 0.43439]
					}
				},
				"leftArm": {
					"rotation": {
						"0.0": [-2.50238, 0.10901, -12.49762],
						"0.2": [19.3353, -30.05384, -12.79477],
						"0.4": [15.31427, -12.77964, -19.38908],
						"0.9": [-2.50238, 0.10901, -12.49762]
					}
				},
				"lowerlarm": {
					"rotation": {
						"0.0": [-10, 0, 0],
						"0.2": [-20, 0, 0],
						"0.4": [-15, 0, 0],
						"0.9": [-10, 0, 0]
					}
				},
				"rightArm": {
					"rotation": {
						"0.0": [31.42551, 0.27162, 18.70163],
						"0.2": [-97.5, 0, 92.5],
						"0.4": [0, 0, 92.5],
						"0.9": [31.42551, 0.27162, 18.70163]
					}
				},
				"lowerrarm": {
					"rotation": {
						"0.0": [-27.5, 0, 0],
						"0.2": [-15, 0, 0],
						"0.9": [-27.5, 0, 0]
					}
				},
				"rope": {
					"rotation": {
						"0.0": [0, 0, -25],
						"0.2": [10, 0, 0],
						"0.4": [190.27778, 0, -5.55556],
						"0.9": [0, 0, -25]
					}
				},
				"rope2": {
					"rotation": {
						"0.0": [0, 0, -25],
						"0.2": [-10, 0, 0],
						"0.4": [172.22222, 0, -5.55556],
						"0.9": [0, 0, -25]
					}
				},
				"ropepart0": {
					"rotation": {
						"0.2": [-17.5, 0, 0],
						"0.4": [7.5, 0, 0]
					}
				},
				"ropepart1": {
					"rotation": {
						"0.2": [-15, 0, 0],
						"0.4": [22.5, 0, 0]
					}
				},
				"ropepart2": {
					"rotation": {
						"0.2": [-12.5, 0, 0],
						"0.4": [15, 0, 0]
					}
				},
				"ropepart3": {
					"rotation": {
						"0.2": [-20, 0, 0],
						"0.4": [20, 0, 0]
					}
				},
				"root": {
					"rotation": {
						"0.0": ["variable.is_first_person ? (math.cos(query.life_time * 100.0) * 0.200) + 0.200 : 0", "variable.is_first_person ? 195 : 15", 0],
						"0.2": ["variable.is_first_person ? (math.cos(query.life_time * 100.0) * 0.200) + 0.200 : 0", "variable.is_first_person ? 180 : 0", 0],
						"0.9": ["variable.is_first_person ? (math.cos(query.life_time * 100.0) * 0.200) + 0.200 : 0", "variable.is_first_person ? 195 : 15", 0]
					},
					"position": {
						"0.0": ["variable.is_first_person ? 2 : 0", "variable.is_first_person ? -3 : 0", "variable.is_first_person ? 12 : 0"],
						"0.2": ["variable.is_first_person ? 2 : 0", "variable.is_first_person ? -3 : 0", "variable.is_first_person ? 12 : 0"],
						"0.4": ["variable.is_first_person ? 2 : 0", "variable.is_first_person ? -6 : -3", "variable.is_first_person ? 8 : -4"],
						"0.9": ["variable.is_first_person ? 2 : 0", "variable.is_first_person ? -3 : 0", "variable.is_first_person ? 12 : 0"]
					}
				},
				"trail_glaive": {
					"scale": {
						"0.0": [0, 0, 0],
						"0.2": [0, 0, 0],
						"0.3": [1, 1, 1],
						"0.4": [0, 0, 0],
						"0.9": [0, 0, 0]
					}
				},
				"glaive_back": {
					"scale": 0
				}
			}
		},
		"animation.fpd_glaive.attack_slash_upwards": {
			"loop": "hold_on_last_frame",
			"animation_length": 1,
			"override_previous_animation": true,
			"bones": {
				"leftleg": {
					"rotation": {
						"0.0": [-5.65468, -16.18153, -10.71827],
						"0.2": [20.01893, -0.43523, -4.98107],
						"0.4": [6.40782, -0.43523, -4.98107],
						"0.9": [-5.65468, -16.18153, -10.71827]
					}
				},
				"lowerlleg": {
					"rotation": {
						"0.0": [10, 0, 0],
						"0.2": [10, 0, 0],
						"0.9": [10, 0, 0]
					}
				},
				"rightleg": {
					"rotation": {
						"0.0": [0, 0, 10],
						"0.2": [-17.5, 0, 0],
						"0.4": [20.56, 0, 0],
						"0.9": [0, 0, 10]
					}
				},
				"lowerrleg": {
					"rotation": {
						"0.0": [5, 0, 0],
						"0.2": [5, 0, 0],
						"0.9": [5, 0, 0]
					}
				},
				"waist": {
					"rotation": {
						"0.0": [0.00933, 2.462, 0.43439],
						"0.2": [-12.49067, 2.462, 0.43439],
						"0.4": [75.00933, 2.462, 0.43439],
						"0.9": [0.00933, 2.462, 0.43439]
					}
				},
				"leftArm": {
					"rotation": {
						"0.0": [-2.50238, 0.10901, -12.49762],
						"0.2": [-160.38229, 13.34855, -34.26701],
						"0.4": [-112.94613, 29.63361, -41.18739],
						"0.9": [-2.50238, 0.10901, -12.49762]
					}
				},
				"lowerlarm": {
					"rotation": {
						"0.0": [-10, 0, 0],
						"0.2": [-7.5, 0, 0],
						"0.9": [-10, 0, 0]
					}
				},
				"rightArm": {
					"rotation": {
						"0.0": [31.42551, 0.27162, 18.70163],
						"0.2": [-135.34685, -13.32521, 36.54637],
						"0.4": [-56.61297, -37.06103, -16.48454],
						"0.9": [31.42551, 0.27162, 18.70163]
					}
				},
				"lowerrarm": {
					"rotation": {
						"0.0": [-27.5, 0, 0],
						"0.2": [-15, 0, 0],
						"0.9": [-27.5, 0, 0]
					}
				},
				"rope": {
					"rotation": {
						"0.0": [0, 0, -25],
						"0.2": [180, 0, 0],
						"0.9": [0, 0, -25]
					}
				},
				"rope2": {
					"rotation": {
						"0.0": [0, 0, -25],
						"0.2": [170, 0, 0],
						"0.9": [0, 0, -25]
					}
				},
				"ropepart0": {
					"rotation": [22.5, 0, 0]
				},
				"ropepart1": {
					"rotation": [20, 0, 0]
				},
				"ropepart2": {
					"rotation": [15, 0, 0]
				},
				"ropepart3": {
					"rotation": [22.5, 0, 0]
				},
				"rightItem": {
					"rotation": {
						"0.2": [0, 0, 37.5],
						"0.4": [17.5, 0, 37.5],
						"0.9": [0, 0, 0]
					},
					"position": {
						"0.2": [0, 0, 7],
						"0.4": [0, 0, 2],
						"0.9": [0, 0, 0]
					}
				},
				"root": {
					"rotation": {
						"0.0": ["variable.is_first_person ? (math.cos(query.life_time * 100.0) * 0.200) + 0.200 : 0", "variable.is_first_person ? 195 : 15", 0],
						"0.1": ["variable.is_first_person ? (math.cos(query.life_time * 100.0) * 0.200) + 0.200 : 0", "variable.is_first_person ? 180 : 0", 0],
						"0.9": ["variable.is_first_person ? (math.cos(query.life_time * 100.0) * 0.200) + 0.200 : 0", "variable.is_first_person ? 195 : 15", 0]
					},
					"position": {
						"0.0": ["variable.is_first_person ? 2 : 0", "variable.is_first_person ? -3 : 0", "variable.is_first_person ? 12 : 0"],
						"0.1": ["variable.is_first_person ? 2 : 0", "variable.is_first_person ? -3 : 0", "variable.is_first_person ? 12 : 0"],
						"0.9": ["variable.is_first_person ? 2 : 0", "variable.is_first_person ? -3 : 0", "variable.is_first_person ? 12 : 0"]
					}
				},
				"trail_glaive": {
					"scale": {
						"0.0": [0, 0, 0],
						"0.2": [0, 0, 0],
						"0.3": [1, 1, 1],
						"0.4": [0, 0, 0],
						"0.9": [0, 0, 0]
					}
				},
				"glaive_back": {
					"scale": 0
				}
			}
		},
		"animation.fpd_glaive.attack_slash_right": {
			"loop": "hold_on_last_frame",
			"animation_length": 1,
			"override_previous_animation": true,
			"bones": {
				"leftleg": {
					"rotation": {
						"0.0": [-5.65468, -16.18153, -10.71827],
						"0.2": [-17.48107, -0.43523, -4.98107],
						"0.3": [13.76893, -0.43523, -4.98107],
						"0.4": [33.23322, -0.43523, -4.98107],
						"0.8": [-5.65468, -16.18153, -10.71827]
					}
				},
				"lowerlleg": {
					"rotation": {
						"0.0": [10, 0, 0],
						"0.2": [22.5, 0, 0],
						"0.8": [10, 0, 0]
					}
				},
				"rightleg": {
					"rotation": {
						"0.0": [0, 0, 10],
						"0.2": [12.5, 0, 0],
						"0.3": [-95.62, 0, 0],
						"0.4": [-51.6, 0, 0],
						"0.8": [0, 0, 10]
					}
				},
				"lowerrleg": {
					"rotation": {
						"0.0": [5, 0, 0],
						"0.2": [5, 0, 0],
						"0.3": [90, 0, 0],
						"0.4": [53.93, 0, 0],
						"0.8": [5, 0, 0]
					}
				},
				"waist": {
					"rotation": {
						"0.0": [0.00933, 2.462, 0.43439],
						"0.2": [35.32634, 152.6566, 15.94651],
						"0.4": [-0.43031, -70.53167, -3.34183],
						"0.8": [0.00933, 2.462, 0.43439]
					}
				},
				"leftArm": {
					"rotation": {
						"0.0": [-2.50238, 0.10901, -12.49762],
						"0.2": [12.5, 0, -17.5],
						"0.8": [-2.50238, 0.10901, -12.49762]
					}
				},
				"lowerlarm": {
					"rotation": {
						"0.0": [-10, 0, 0],
						"0.2": [-22.5, 0, 0],
						"0.8": [-10, 0, 0]
					}
				},
				"rightArm": {
					"rotation": {
						"0.0": [31.42551, 0.27162, 18.70163],
						"0.2": [-195.07713, -1.91134, -85.37889],
						"0.4": [-67.57713, -1.91134, -85.37889],
						"0.8": [31.42551, 0.27162, 18.70163]
					}
				},
				"lowerrarm": {
					"rotation": {
						"0.0": [-27.5, 0, 0],
						"0.2": [-57.5, 0, 0],
						"0.4": [-17.5, 0, 0],
						"0.8": [-27.5, 0, 0]
					}
				},
				"rope": {
					"rotation": {
						"0.0": [0, 0, -25],
						"0.2": [167.5, 0, -2.5],
						"0.3": [181.5625, 0, -5.3125],
						"0.4": [170.625, 0, -8.125],
						"0.8": [0, 0, -25]
					}
				},
				"rope2": {
					"rotation": {
						"0.0": [0, 0, -25],
						"0.2": [170, 0, 0],
						"0.3": [178.75, 0, -3.125],
						"0.4": [180.71429, 0, -6.25],
						"0.8": [0, 0, -25]
					}
				},
				"ropepart0": {
					"rotation": {
						"0.2": [-45, 0, 0],
						"0.3": [37.5, 0, 0],
						"0.4": [-5, 0, 0]
					}
				},
				"ropepart1": {
					"rotation": {
						"0.2": [-37.5, 0, 0],
						"0.3": [22.5, 0, 0],
						"0.4": [-12.5, 0, 0]
					}
				},
				"ropepart2": {
					"rotation": {
						"0.2": [-47.5, 0, 0],
						"0.3": [22.5, 0, 0],
						"0.4": [-27.5, 0, 0]
					}
				},
				"ropepart3": {
					"rotation": {
						"0.2": [-45, 0, 0],
						"0.3": [25, 0, 0],
						"0.4": [-17.5, 0, 0]
					}
				},
				"root": {
					"rotation": {
						"0.0": ["variable.is_first_person ? (math.cos(query.life_time * 100.0) * 0.200) + 0.200 : 0", "variable.is_first_person ? 195 : 15", 0],
						"0.2": ["variable.is_first_person ? (math.cos(query.life_time * 100.0) * 0.200) + 0.200 : 0", "variable.is_first_person ? 180 : 0", 0],
						"0.4": ["variable.is_first_person ? (math.cos(query.life_time * 100.0) * 0.200) + 0.200 : 0", "variable.is_first_person ? 130 : -50", 0],
						"0.8": ["variable.is_first_person ? (math.cos(query.life_time * 100.0) * 0.200) + 0.200 : 0", "variable.is_first_person ? 195 : 15", 0]
					},
					"position": {
						"0.0": ["variable.is_first_person ? 2 : 0", "variable.is_first_person ? -3 : 0", "variable.is_first_person ? 12 : 0"],
						"0.2": ["variable.is_first_person ? 2 : 0", "variable.is_first_person ? -3 : 0", "variable.is_first_person ? 12 : 0"],
						"0.4": ["variable.is_first_person ? 2 : 0", "variable.is_first_person ? -5 : -2", "variable.is_first_person ? 6 : -6"],
						"0.8": ["variable.is_first_person ? 2 : 0", "variable.is_first_person ? -3 : 0", "variable.is_first_person ? 12 : 0"]
					}
				},
				"trail_glaive": {
					"scale": {
						"0.0": [0, 0, 0],
						"0.2": [0, 0, 0],
						"0.3": [1, 1, 1],
						"0.4": [0, 0, 0],
						"0.8": [0, 0, 0]
					}
				},
				"glaive_back": {
					"scale": 0
				}
			}
		},
		"animation.fpd_glaive.attack_slash_upwards_right": {
			"loop": "hold_on_last_frame",
			"animation_length": 1,
			"override_previous_animation": true,
			"bones": {
				"leftleg": {
					"rotation": {
						"0.0": [-5.65468, -16.18153, -10.71827],
						"0.2": [20.01893, -0.43523, -4.98107],
						"0.4": [6.40782, -0.43523, -4.98107],
						"1.0": [-5.65468, -16.18153, -10.71827]
					}
				},
				"lowerlleg": {
					"rotation": {
						"0.0": [10, 0, 0],
						"0.2": [10, 0, 0],
						"1.0": [10, 0, 0]
					}
				},
				"rightleg": {
					"rotation": {
						"0.0": [0, 0, 10],
						"0.2": [-17.5, 0, 0],
						"0.4": [20.56, 0, 0],
						"1.0": [0, 0, 10]
					}
				},
				"lowerrleg": {
					"rotation": {
						"0.0": [5, 0, 0],
						"0.2": [5, 0, 0],
						"1.0": [5, 0, 0]
					}
				},
				"waist": {
					"rotation": {
						"0.0": [0.00933, 2.462, 0.43439],
						"0.2": [-16.10911, -38.85267, 11.24875],
						"0.4": [127.92249, 19.06757, 68.10567],
						"1.0": [0.00933, 2.462, 0.43439]
					}
				},
				"leftArm": {
					"rotation": {
						"0.0": [-2.50238, 0.10901, -12.49762],
						"0.2": [-157.42805, 7.00503, -17.68537],
						"0.4": [-112.94613, 29.63361, -41.18739],
						"1.0": [-2.50238, 0.10901, -12.49762]
					}
				},
				"lowerlarm": {
					"rotation": {
						"0.0": [-10, 0, 0],
						"0.2": [-7.5, 0, 0],
						"1.0": [-10, 0, 0]
					}
				},
				"rightArm": {
					"rotation": {
						"0.0": [31.42551, 0.27162, 18.70163],
						"0.2": [-100.34685, -13.32521, 36.54637],
						"0.4": [5.10384, -29.80678, 5.10283],
						"1.0": [31.42551, 0.27162, 18.70163]
					}
				},
				"lowerrarm": {
					"rotation": {
						"0.0": [-27.5, 0, 0],
						"0.2": [-15, 0, 0],
						"0.4": [-80.28, 0, 0],
						"1.0": [-27.5, 0, 0]
					}
				},
				"rope": {
					"rotation": {
						"0.0": [0, 0, -25],
						"0.2": [180, 0, 0],
						"1.0": [0, 0, -25]
					}
				},
				"rope2": {
					"rotation": {
						"0.0": [0, 0, -25],
						"0.2": [170, 0, 0],
						"1.0": [0, 0, -25]
					}
				},
				"ropepart0": {
					"rotation": [22.5, 0, 0]
				},
				"ropepart1": {
					"rotation": [20, 0, 0]
				},
				"ropepart2": {
					"rotation": [15, 0, 0]
				},
				"ropepart3": {
					"rotation": [22.5, 0, 0]
				},
				"rightItem": {
					"rotation": {
						"0.2": [0, 0, 37.5],
						"0.4": [14.28101, -10.54123, 39.69055]
					},
					"position": {
						"0.2": [0, 0, 7],
						"0.4": [0, 0, 2]
					}
				},
				"root": {
					"rotation": {
						"0.0": ["variable.is_first_person ? (math.cos(query.life_time * 100.0) * 0.200) + 0.200 : 0", "variable.is_first_person ? 195 : 15", 0],
						"0.2": ["variable.is_first_person ? (math.cos(query.life_time * 100.0) * 0.200) + 0.200 : 0", "variable.is_first_person ? 180 : 0", 0],
						"1.0": ["variable.is_first_person ? (math.cos(query.life_time * 100.0) * 0.200) + 0.200 : 0", "variable.is_first_person ? 195 : 15", 0]
					},
					"position": {
						"0.0": ["variable.is_first_person ? 2 : 0", "variable.is_first_person ? -3 : 0", "variable.is_first_person ? 12 : 0"],
						"1.0": ["variable.is_first_person ? 2 : 0", "variable.is_first_person ? -3 : 0", "variable.is_first_person ? 12 : 0"]
					}
				},
				"trail_glaive": {
					"scale": {
						"0.0": [0, 0, 0],
						"0.2": [0, 0, 0],
						"0.4": [1, 1, 1],
						"0.5": [0, 0, 0],
						"1.0": [0, 0, 0]
					}
				},
				"glaive_back": {
					"scale": 0
				}
			}
		},
		"animation.fpd_glaive.fall": {
			"loop": "hold_on_last_frame",
			"animation_length": 10.1,
			"override_previous_animation": true,
			"bones": {
				"root": {
					"rotation": {
						"0.0": ["variable.is_first_person ? (math.cos(query.life_time * 100.0) * 0.200) + 0.200 : 0", "variable.is_first_person ? 180 : 0", 0],
						"1.0": ["variable.is_first_person ? (math.cos(query.life_time * 100.0) * 0.200) + 0.200 : 0", "variable.is_first_person ? 195 : 15", 0],
						"2.5": ["variable.is_first_person ? (math.cos(query.life_time * 100.0) * 0.200) + 0.200 + 25 : 25", "variable.is_first_person ? 180 : 0", 0],
						"3.5": ["variable.is_first_person ? (math.cos(query.life_time * 100.0) * 0.200) + 0.200 + 25 : 25", "variable.is_first_person ? 180 : 0", 0]
					},
					"position": {
						"0.0": ["variable.is_first_person ? 2 : 0", "variable.is_first_person ? -3 : 0", "variable.is_first_person ? 12 : 0"],
						"1.0": ["variable.is_first_person ? 2 : 0", "variable.is_first_person ? -3 : 0", "variable.is_first_person ? 12 : 0"],
						"2.5": ["variable.is_first_person ? 2 : 0", "variable.is_first_person ? -3 : 0", "variable.is_first_person ? 12 : 0"],
						"3.5": ["variable.is_first_person ? 2 : 0", "variable.is_first_person ? -3 : 0", "variable.is_first_person ? 12 : 0"]
					}
				},
				"leftleg": {
					"rotation": {
						"0.0": [-34.78974, -4.77628, -5.71489],
						"1.0": [27.71026, -4.77628, -5.71489],
						"2.5": [-32.3709, -2.61484, -4.45594],
						"3.5": [-32.3709, -2.61484, -4.45594],
						"4.0": [-24.9572, -1.66147, -2.14323],
						"4.3": [-27.3705, -2.81265, -4.36414],
						"4.5": [-24.9572, -1.66147, -2.14323],
						"4.7": [-27.3705, -2.81265, -4.36414],
						"4.9": [-24.9572, -1.66147, -2.14323],
						"5.1": [-27.3705, -2.81265, -4.36414],
						"5.3": [-27.3705, -2.81265, -4.36414],
						"5.5": [-24.9572, -1.66147, -2.14323],
						"5.7": [-27.3705, -2.81265, -4.36414],
						"5.9": [-24.9572, -1.66147, -2.14323],
						"6.1": [-27.3705, -2.81265, -4.36414],
						"6.3": [-27.3705, -2.81265, -4.36414],
						"6.5": [-24.9572, -1.66147, -2.14323],
						"6.7": [-27.3705, -2.81265, -4.36414],
						"6.9": [-24.9572, -1.66147, -2.14323],
						"7.1": [-27.3705, -2.81265, -4.36414],
						"7.3": [-27.3705, -2.81265, -4.36414],
						"7.5": [-24.9572, -1.66147, -2.14323],
						"7.7": [-27.3705, -2.81265, -4.36414],
						"7.9": [-24.9572, -1.66147, -2.14323],
						"8.1": [-27.3705, -2.81265, -4.36414],
						"8.3": [-27.3705, -2.81265, -4.36414],
						"8.5": [-24.9572, -1.66147, -2.14323],
						"8.7": [-27.3705, -2.81265, -4.36414],
						"8.9": [-24.9572, -1.66147, -2.14323],
						"9.1": [-27.3705, -2.81265, -4.36414],
						"9.3": [-27.3705, -2.81265, -4.36414],
						"9.5": [-24.9572, -1.66147, -2.14323],
						"9.7": [-27.3705, -2.81265, -4.36414],
						"9.9": [-24.9572, -1.66147, -2.14323],
						"10.1": [-27.3705, -2.81265, -4.36414]
					}
				},
				"lowerlleg": {
					"rotation": {
						"0.0": [32.5, 0, 0],
						"1.0": [32.5, 0, 0],
						"2.5": [2.5, 0, 0],
						"3.5": [2.5, 0, 0]
					}
				},
				"rightleg": {
					"rotation": {
						"0.0": [29.82648, -2.86313, 6.93488],
						"1.0": [-72.67352, -2.86313, 6.93488],
						"2.5": [-35.17352, -2.86313, 6.93488],
						"3.5": [-35.17352, -2.86313, 6.93488],
						"4.0": [-27.67352, -2.86313, 6.93488],
						"4.3": [-32.76171, -1.7002, 9.14972],
						"4.5": [-27.67352, -2.86313, 6.93488],
						"4.7": [-32.76171, -1.7002, 9.14972],
						"4.9": [-27.67352, -2.86313, 6.93488],
						"5.1": [-32.76171, -1.7002, 9.14972],
						"5.3": [-32.76171, -1.7002, 9.14972],
						"5.5": [-27.67352, -2.86313, 6.93488],
						"5.7": [-32.76171, -1.7002, 9.14972],
						"5.9": [-27.67352, -2.86313, 6.93488],
						"6.1": [-32.76171, -1.7002, 9.14972],
						"6.3": [-32.76171, -1.7002, 9.14972],
						"6.5": [-27.67352, -2.86313, 6.93488],
						"6.7": [-32.76171, -1.7002, 9.14972],
						"6.9": [-27.67352, -2.86313, 6.93488],
						"7.1": [-32.76171, -1.7002, 9.14972],
						"7.3": [-32.76171, -1.7002, 9.14972],
						"7.5": [-27.67352, -2.86313, 6.93488],
						"7.7": [-32.76171, -1.7002, 9.14972],
						"7.9": [-27.67352, -2.86313, 6.93488],
						"8.1": [-32.76171, -1.7002, 9.14972],
						"8.3": [-32.76171, -1.7002, 9.14972],
						"8.5": [-27.67352, -2.86313, 6.93488],
						"8.7": [-32.76171, -1.7002, 9.14972],
						"8.9": [-27.67352, -2.86313, 6.93488],
						"9.1": [-32.76171, -1.7002, 9.14972],
						"9.3": [-32.76171, -1.7002, 9.14972],
						"9.5": [-27.67352, -2.86313, 6.93488],
						"9.7": [-32.76171, -1.7002, 9.14972],
						"9.9": [-27.67352, -2.86313, 6.93488],
						"10.1": [-32.76171, -1.7002, 9.14972]
					}
				},
				"lowerrleg": {
					"rotation": {
						"0.0": [0, 0, 0],
						"1.0": [10, 0, 0],
						"2.5": [2.5, 0, 0],
						"3.5": [2.5, 0, 0]
					}
				},
				"waist": {
					"rotation": {
						"0.0": [25.00707, 2.47859, 0.32652],
						"1.0": [-17.49293, 2.47859, 0.32652],
						"2.5": [-12.99293, 2.47859, 0.32652],
						"3.5": [-12.99293, 2.47859, 0.32652],
						"4.0": [-12.99293, 2.47859, 0.32652],
						"4.3": [-7.49293, 2.47859, 0.32652],
						"4.5": [-20.49293, 2.47859, 0.32652],
						"4.7": [-22.99293, 2.47859, 0.32652],
						"4.9": [-22.71498, 4.42156, 4.94216],
						"5.1": [-23.11341, 0.51961, -4.27554],
						"5.3": [-7.49293, 2.47859, 0.32652],
						"5.5": [-20.49293, 2.47859, 0.32652],
						"5.7": [-22.99293, 2.47859, 0.32652],
						"5.9": [-22.71498, 4.42156, 4.94216],
						"6.1": [-23.11341, 0.51961, -4.27554],
						"6.3": [-7.49293, 2.47859, 0.32652],
						"6.5": [-20.49293, 2.47859, 0.32652],
						"6.7": [-22.99293, 2.47859, 0.32652],
						"6.9": [-22.71498, 4.42156, 4.94216],
						"7.1": [-23.11341, 0.51961, -4.27554],
						"7.3": [-7.49293, 2.47859, 0.32652],
						"7.5": [-20.49293, 2.47859, 0.32652],
						"7.7": [-22.99293, 2.47859, 0.32652],
						"7.9": [-22.71498, 4.42156, 4.94216],
						"8.1": [-23.11341, 0.51961, -4.27554],
						"8.3": [-7.49293, 2.47859, 0.32652],
						"8.5": [-20.49293, 2.47859, 0.32652],
						"8.7": [-22.99293, 2.47859, 0.32652],
						"8.9": [-22.71498, 4.42156, 4.94216],
						"9.1": [-23.11341, 0.51961, -4.27554],
						"9.3": [-7.49293, 2.47859, 0.32652],
						"9.5": [-20.49293, 2.47859, 0.32652],
						"9.7": [-22.99293, 2.47859, 0.32652],
						"9.9": [-22.71498, 4.42156, 4.94216],
						"10.1": [-23.11341, 0.51961, -4.27554]
					}
				},
				"leftArm": {
					"rotation": {
						"0.0": [15.33339, -14.73159, -5.84614],
						"1.0": [15.33339, -14.73159, -5.84614],
						"2.5": [15.33339, -14.73159, -5.84614],
						"3.5": [15.33339, -14.73159, -5.84614],
						"4.0": [15.33339, -14.73159, -5.84614],
						"4.3": [15.33339, -14.73159, -5.84614],
						"4.5": [15.0031, 0.2641, -22.80706],
						"4.7": [39.44748, 4.09741, -37.32227],
						"4.9": [38.5081, -10.1666, -19.85116],
						"5.1": [16.0081, -10.1666, -19.85116],
						"5.3": [15.33339, -14.73159, -5.84614],
						"5.5": [15.0031, 0.2641, -22.80706],
						"5.7": [39.44748, 4.09741, -37.32227],
						"5.9": [38.5081, -10.1666, -19.85116],
						"6.1": [16.0081, -10.1666, -19.85116],
						"6.3": [15.33339, -14.73159, -5.84614],
						"6.5": [15.0031, 0.2641, -22.80706],
						"6.7": [39.44748, 4.09741, -37.32227],
						"6.9": [38.5081, -10.1666, -19.85116],
						"7.1": [16.0081, -10.1666, -19.85116],
						"7.3": [15.33339, -14.73159, -5.84614],
						"7.5": [15.0031, 0.2641, -22.80706],
						"7.7": [39.44748, 4.09741, -37.32227],
						"7.9": [38.5081, -10.1666, -19.85116],
						"8.1": [16.0081, -10.1666, -19.85116],
						"8.3": [15.33339, -14.73159, -5.84614],
						"8.5": [15.0031, 0.2641, -22.80706],
						"8.7": [39.44748, 4.09741, -37.32227],
						"8.9": [38.5081, -10.1666, -19.85116],
						"9.1": [16.0081, -10.1666, -19.85116],
						"9.3": [15.33339, -14.73159, -5.84614],
						"9.5": [15.0031, 0.2641, -22.80706],
						"9.7": [39.44748, 4.09741, -37.32227],
						"9.9": [38.5081, -10.1666, -19.85116],
						"10.1": [16.0081, -10.1666, -19.85116]
					}
				},
				"lowerlarm": {
					"rotation": {
						"0.0": [-30, 0, 0],
						"1.0": [-30, 0, 0],
						"2.5": [-67.5, 0, 0],
						"3.5": [-67.5, 0, 0],
						"4.0": [-67.5, 0, 0],
						"4.3": [-77.5, 0, 0],
						"4.5": [-32.5, 0, 0],
						"4.7": [-77.5, 0, 0],
						"4.9": [-32.5, 0, 0],
						"5.1": [-77.5, 0, 0],
						"5.3": [-77.5, 0, 0],
						"5.5": [-32.5, 0, 0],
						"5.7": [-77.5, 0, 0],
						"5.9": [-32.5, 0, 0],
						"6.1": [-77.5, 0, 0],
						"6.3": [-77.5, 0, 0],
						"6.5": [-32.5, 0, 0],
						"6.7": [-77.5, 0, 0],
						"6.9": [-32.5, 0, 0],
						"7.1": [-77.5, 0, 0],
						"7.3": [-77.5, 0, 0],
						"7.5": [-32.5, 0, 0],
						"7.7": [-77.5, 0, 0],
						"7.9": [-32.5, 0, 0],
						"8.1": [-77.5, 0, 0],
						"8.3": [-77.5, 0, 0],
						"8.5": [-32.5, 0, 0],
						"8.7": [-77.5, 0, 0],
						"8.9": [-32.5, 0, 0],
						"9.1": [-77.5, 0, 0],
						"9.3": [-77.5, 0, 0],
						"9.5": [-32.5, 0, 0],
						"9.7": [-77.5, 0, 0],
						"9.9": [-32.5, 0, 0],
						"10.1": [-77.5, 0, 0]
					}
				},
				"rightArm": {
					"rotation": {
						"0.0": [24.59214, 9.28288, 37.10334],
						"1.0": [24.59214, 9.28288, 37.10334],
						"2.5": [24.59214, 9.28288, 37.10334],
						"3.5": [24.59214, 9.28288, 37.10334],
						"4.0": [24.59214, 9.28288, 37.10334],
						"4.3": [24.59214, 9.28288, 37.10334],
						"4.5": [-0.40369, 9.50522, 21.8999],
						"4.7": [16.05241, 13.337, 36.92075],
						"4.9": [25.52588, 3.72755, 24.02116],
						"5.1": [5.52588, 3.72755, 24.02116],
						"5.3": [24.59214, 9.28288, 37.10334],
						"5.5": [-0.40369, 9.50522, 21.8999],
						"5.7": [16.05241, 13.337, 36.92075],
						"5.9": [25.52588, 3.72755, 24.02116],
						"6.1": [5.52588, 3.72755, 24.02116],
						"6.3": [24.59214, 9.28288, 37.10334],
						"6.5": [-0.40369, 9.50522, 21.8999],
						"6.7": [16.05241, 13.337, 36.92075],
						"6.9": [25.52588, 3.72755, 24.02116],
						"7.1": [5.52588, 3.72755, 24.02116],
						"7.3": [24.59214, 9.28288, 37.10334],
						"7.5": [-0.40369, 9.50522, 21.8999],
						"7.7": [16.05241, 13.337, 36.92075],
						"7.9": [25.52588, 3.72755, 24.02116],
						"8.1": [5.52588, 3.72755, 24.02116],
						"8.3": [24.59214, 9.28288, 37.10334],
						"8.5": [-0.40369, 9.50522, 21.8999],
						"8.7": [16.05241, 13.337, 36.92075],
						"8.9": [25.52588, 3.72755, 24.02116],
						"9.1": [5.52588, 3.72755, 24.02116],
						"9.3": [24.59214, 9.28288, 37.10334],
						"9.5": [-0.40369, 9.50522, 21.8999],
						"9.7": [16.05241, 13.337, 36.92075],
						"9.9": [25.52588, 3.72755, 24.02116],
						"10.1": [5.52588, 3.72755, 24.02116]
					}
				},
				"lowerrarm": {
					"rotation": {
						"0.0": [-22.5, 0, 0],
						"1.0": [-22.5, 0, 0],
						"2.5": [-52.5, 0, 0],
						"3.5": [-52.5, 0, 0],
						"4.0": [-52.5, 0, 0],
						"4.3": [-67.5, 0, 0],
						"4.5": [-32.5, 0, 0],
						"4.7": [-67.5, 0, 0],
						"4.9": [-32.5, 0, 0],
						"5.1": [-67.5, 0, 0],
						"5.3": [-67.5, 0, 0],
						"5.5": [-32.5, 0, 0],
						"5.7": [-67.5, 0, 0],
						"5.9": [-32.5, 0, 0],
						"6.1": [-67.5, 0, 0],
						"6.3": [-67.5, 0, 0],
						"6.5": [-32.5, 0, 0],
						"6.7": [-67.5, 0, 0],
						"6.9": [-32.5, 0, 0],
						"7.1": [-67.5, 0, 0],
						"7.3": [-67.5, 0, 0],
						"7.5": [-32.5, 0, 0],
						"7.7": [-67.5, 0, 0],
						"7.9": [-32.5, 0, 0],
						"8.1": [-67.5, 0, 0],
						"8.3": [-67.5, 0, 0],
						"8.5": [-32.5, 0, 0],
						"8.7": [-67.5, 0, 0],
						"8.9": [-32.5, 0, 0],
						"9.1": [-67.5, 0, 0],
						"9.3": [-67.5, 0, 0],
						"9.5": [-32.5, 0, 0],
						"9.7": [-67.5, 0, 0],
						"9.9": [-32.5, 0, 0],
						"10.1": [-67.5, 0, 0]
					}
				},
				"trail_glaive": {
					"scale": 0
				},
				"glaive_back": {
					"scale": 0
				}
			}
		},
		"animation.fpd_glaive.land": {
			"loop": "hold_on_last_frame",
			"animation_length": 0.44,
			"override_previous_animation": true,
			"bones": {
				"root": {
					"rotation": {
						"0.0": ["variable.is_first_person ? (math.cos(query.life_time * 100.0) * 0.200) + 0.200 : 0", "variable.is_first_person ? 180 : 0", 0],
						"0.2": ["variable.is_first_person ? (math.cos(query.life_time * 100.0) * 0.200) + 0.200 : 0", "variable.is_first_person ? 180 : 0", 0],
						"0.44": ["variable.is_first_person ? (math.cos(query.life_time * 100.0) * 0.200) + 0.200 : 0", "variable.is_first_person ? 180 : 0", 0]
					},
					"position": {
						"0.0": ["variable.is_first_person ? 2 : 0", "variable.is_first_person ? -3 : 0", "variable.is_first_person ? 12 : 0"],
						"0.2": ["variable.is_first_person ? 2 : 0", "variable.is_first_person ? -8 : -5", "variable.is_first_person ? 12 : 0"],
						"0.44": ["variable.is_first_person ? 2 : 0", "variable.is_first_person ? -3 : 0", "variable.is_first_person ? 12 : 0"]
					}
				},
				"leftleg": {
					"rotation": {
						"0.0": [-17.28974, -4.77628, -5.71489],
						"0.2": [-84.78974, -4.77628, -5.71489],
						"0.44": [-7.48107, -0.43523, -4.98107]
					}
				},
				"lowerlleg": {
					"rotation": {
						"0.0": [10, 0, 0],
						"0.2": [92.5, 0, 0],
						"0.44": [10, 0, 0]
					}
				},
				"rightleg": {
					"rotation": {
						"0.0": [-11.68208, 35.70811, 1.42648],
						"0.2": [-84.18208, 35.70811, 1.42648],
						"0.44": [7.5, 0, 0]
					}
				},
				"lowerrleg": {
					"rotation": {
						"0.0": [15, 0, 0],
						"0.2": [97.5, 0, 0],
						"0.44": [5, 0, 0]
					}
				},
				"waist": {
					"rotation": {
						"0.0": [-2.02468, 19.82169, 2.71994],
						"0.2": [7.97532, 19.82169, 2.71994],
						"0.44": [10.00933, 2.462, 0.43439]
					}
				},
				"leftArm": {
					"rotation": {
						"0.0": [7.15656, -2.24944, -12.64068],
						"0.2": [0, 0, -30],
						"0.44": [2.5, 0, -10]
					}
				},
				"lowerlarm": {
					"rotation": {
						"0.0": [-2.5, 0, 0],
						"0.2": [-32.5, 0, 0],
						"0.44": [-10, 0, 0]
					}
				},
				"rightArm": {
					"rotation": {
						"0.0": [10.71441, -1.16945, 9.82199],
						"0.2": [23.36058, -2.53807, 25.56446],
						"0.44": [10.86815, -6.21271, 29.40842]
					}
				},
				"lowerrarm": {
					"rotation": {
						"0.0": [-22.5, 0, 0],
						"0.2": [-37.5, 0, 0],
						"0.44": [-27.5, 0, 0]
					}
				},
				"rope": {
					"rotation": [0, 0, -25]
				},
				"rope2": {
					"rotation": [0, 0, -25]
				},
				"trail_glaive": {
					"scale": 0
				},
				"glaive_back": {
					"scale": 0
				}
			}
		},
		"animation.fpd_glaive.attacking_move": {
			"loop": true,
			"animation_length": 1.04,
			"override_previous_animation": true,
			"bones": {
				"leftleg": {
					"rotation": {
						"0.0": [-27.5, 0, 0],
						"0.24": [-10.96, 0, 0],
						"0.52": [30, 0, 0],
						"0.8": [-15.96, 0, 0],
						"1.04": [-27.5, 0, 0]
					}
				},
				"lowerlleg": {
					"rotation": {
						"0.0": [27.5, 0, 0],
						"0.24": [0.96, 0, 0],
						"0.52": [2.5, 0, 0],
						"0.8": [58.08, 0, 0],
						"1.04": [27.5, 0, 0]
					}
				},
				"rightleg": {
					"rotation": {
						"0.0": [35, 0, 0],
						"0.52": [-32.5, 0, 0],
						"1.04": [35, 0, 0]
					}
				},
				"lowerrleg": {
					"rotation": {
						"0.0": [15, 0, 0],
						"0.28": [58.08, 0, 0],
						"0.52": [30, 0, 0],
						"0.8": [0.96, 0, 0],
						"1.04": [15, 0, 0]
					}
				},
				"rope": {
					"rotation": [0, 0, -25]
				},
				"rope2": {
					"rotation": [0, 0, -25]
				},
				"root": {
					"position": {
						"0.0": [0, -1, 0],
						"0.28": [0, 0, 0],
						"0.52": [0, -1, 0],
						"0.8": [0, 0, 0],
						"1.04": [0, -1, 0]
					}
				},
				"trail_glaive": {
					"scale": 0
				},
				"glaive_back": {
					"scale": 0
				}
			}
		},
		"animation.fpd_glaive.attacking_sprint": {
			"loop": true,
			"animation_length": 0.64,
			"override_previous_animation": true,
			"bones": {
				"leftleg": {
					"rotation": {
						"0.0": [-27.5, 0, 0],
						"0.16": [-10.96, 0, 0],
						"0.32": [30, 0, 0],
						"0.48": [-15.96, 0, 0],
						"0.64": [-27.5, 0, 0]
					}
				},
				"lowerlleg": {
					"rotation": {
						"0.0": [27.5, 0, 0],
						"0.16": [0.96, 0, 0],
						"0.32": [2.5, 0, 0],
						"0.48": [58.08, 0, 0],
						"0.64": [27.5, 0, 0]
					}
				},
				"rightleg": {
					"rotation": {
						"0.0": [35, 0, 0],
						"0.32": [-32.5, 0, 0],
						"0.64": [35, 0, 0]
					}
				},
				"lowerrleg": {
					"rotation": {
						"0.0": [15, 0, 0],
						"0.16": [58.08, 0, 0],
						"0.32": [30, 0, 0],
						"0.48": [0.96, 0, 0],
						"0.64": [15, 0, 0]
					}
				},
				"root": {
					"position": {
						"0.0": [0, 0, 0],
						"0.16": [0, -1, 0],
						"0.32": [0, 0, 0],
						"0.48": [0, -1, 0],
						"0.64": [0, 0, 0]
					}
				},
				"trail_glaive": {
					"scale": 0
				},
				"glaive_back": {
					"scale": 0
				}
			}
		},
		"animation.fpd_glaive.moving_attack_stab": {
			"loop": "hold_on_last_frame",
			"animation_length": 0.9,
			"override_previous_animation": true,
			"bones": {
				"waist": {
					"rotation": {
						"0.0": [112.01826, 83.23194, 99.81441],
						"0.2": [7.88272, -37.19018, -17.12741],
						"0.8": [10.00933, 2.462, 0.43439]
					}
				},
				"leftArm": {
					"rotation": {
						"0.0": [-31.65152, -11.98143, -5.00849],
						"0.2": [56.26046, -5.04705, -34.61144],
						"0.8": [2.5, 0, -10]
					}
				},
				"lowerlarm": {
					"rotation": {
						"0.0": [-10, 0, 0],
						"0.8": [-10, 0, 0]
					}
				},
				"rightArm": {
					"rotation": {
						"0.0": [-5.71582, -48.73306, 94.07575],
						"0.2": [-64.37229, 32.09715, 15.28426],
						"0.8": [10.86815, -6.21271, 29.40842]
					}
				},
				"lowerrarm": {
					"rotation": {
						"0.0": [-77.5, 0, 0],
						"0.2": [-10, 0, 0],
						"0.8": [-27.5, 0, 0]
					}
				},
				"rope": {
					"rotation": {
						"0.0": [-50, 0, -25],
						"0.2": [67.5, 0, 0],
						"0.8": [0, 0, -25]
					}
				},
				"rope2": {
					"rotation": {
						"0.0": [-52.5, 0, -25],
						"0.2": [72.5, 0, 0],
						"0.8": [0, 0, -25]
					}
				},
				"rightItem": {
					"rotation": {
						"0.0": [0, 0, 0],
						"0.2": [75, 0, 0],
						"0.8": [0, 0, 0]
					}
				},
				"ropepart0": {
					"rotation": {
						"0.0": [-30, 0, 0],
						"0.2": [15, 0, 0],
						"0.8": [-10, 0, 0]
					}
				},
				"ropepart1": {
					"rotation": {
						"0.0": [25, 0, 0],
						"0.2": [2.5, 0, 0],
						"0.8": [-7.5, 0, 0]
					}
				},
				"ropepart2": {
					"rotation": {
						"0.0": [-27.5, 0, 0],
						"0.2": [15, 0, 0],
						"0.8": [-7.5, 0, 0]
					}
				},
				"ropepart3": {
					"rotation": {
						"0.0": [35, 0, 0],
						"0.2": [10, 0, 0],
						"0.8": [-12.5, 0, 0]
					}
				},
				"trail_glaive": {
					"scale": 0
				},
				"glaive_back": {
					"scale": 0
				}
			}
		},
		"animation.fpd_glaive.moving_attack_slash": {
			"loop": "hold_on_last_frame",
			"animation_length": 0.9,
			"override_previous_animation": true,
			"bones": {
				"waist": {
					"rotation": {
						"0.0": [4.98634, -46.91362, 16.81211],
						"0.2": [4.82482, 72.57112, 6.15267],
						"0.9": [10.00933, 2.462, 0.43439]
					}
				},
				"leftArm": {
					"rotation": {
						"0.0": [19.3353, -30.05384, -12.79477],
						"0.2": [15.31427, -12.77964, -19.38908],
						"0.9": [2.5, 0, -10]
					}
				},
				"lowerlarm": {
					"rotation": {
						"0.0": [-20, 0, 0],
						"0.2": [-15, 0, 0],
						"0.9": [-10, 0, 0]
					}
				},
				"rightArm": {
					"rotation": {
						"0.0": [-97.5, 0, 92.5],
						"0.2": [0, 0, 92.5],
						"0.9": [10.86815, -6.21271, 29.40842]
					}
				},
				"lowerrarm": {
					"rotation": {
						"0.0": [-15, 0, 0],
						"0.9": [-27.5, 0, 0]
					}
				},
				"rope": {
					"rotation": {
						"0.0": [10, 0, 0],
						"0.2": [190.27778, 0, -5.55556],
						"0.9": [0, 0, -25]
					}
				},
				"rope2": {
					"rotation": {
						"0.0": [-10, 0, 0],
						"0.2": [172.22222, 0, -5.55556],
						"0.9": [0, 0, -25]
					}
				},
				"ropepart0": {
					"rotation": {
						"0.0": [-17.5, 0, 0],
						"0.2": [7.5, 0, 0]
					}
				},
				"ropepart1": {
					"rotation": {
						"0.0": [-15, 0, 0],
						"0.2": [22.5, 0, 0]
					}
				},
				"ropepart2": {
					"rotation": {
						"0.0": [-12.5, 0, 0],
						"0.2": [15, 0, 0]
					}
				},
				"ropepart3": {
					"rotation": {
						"0.0": [-20, 0, 0],
						"0.2": [20, 0, 0]
					}
				},
				"trail_glaive": {
					"scale": 0
				},
				"glaive_back": {
					"scale": 0
				}
			}
		},
		"animation.fpd_glaive.moving_attack_slash_upwards": {
			"loop": "hold_on_last_frame",
			"animation_length": 1,
			"override_previous_animation": true,
			"bones": {
				"waist": {
					"rotation": {
						"0.0": [-12.49067, 2.462, 0.43439],
						"0.2": [75.00933, 2.462, 0.43439],
						"0.9": [10.00933, 2.462, 0.43439]
					}
				},
				"leftArm": {
					"rotation": {
						"0.0": [-160.38229, 13.34855, -34.26701],
						"0.2": [-112.94613, 29.63361, -41.18739],
						"0.9": [2.5, 0, -10]
					}
				},
				"lowerlarm": {
					"rotation": {
						"0.0": [-7.5, 0, 0],
						"0.9": [-10, 0, 0]
					}
				},
				"rightArm": {
					"rotation": {
						"0.0": [-135.34685, -13.32521, 36.54637],
						"0.2": [-56.61297, -37.06103, -16.48454],
						"0.9": [10.86815, -6.21271, 29.40842]
					}
				},
				"lowerrarm": {
					"rotation": {
						"0.0": [-15, 0, 0],
						"0.9": [-27.5, 0, 0]
					}
				},
				"rope": {
					"rotation": {
						"0.0": [180, 0, 0],
						"0.9": [0, 0, -25]
					}
				},
				"rope2": {
					"rotation": {
						"0.0": [170, 0, 0],
						"0.9": [0, 0, -25]
					}
				},
				"ropepart0": {
					"rotation": [22.5, 0, 0]
				},
				"ropepart1": {
					"rotation": [20, 0, 0]
				},
				"ropepart2": {
					"rotation": [15, 0, 0]
				},
				"ropepart3": {
					"rotation": [22.5, 0, 0]
				},
				"rightItem": {
					"rotation": {
						"0.0": [0, 0, 37.5],
						"0.2": [17.5, 0, 37.5],
						"0.9": [0, 0, 0]
					},
					"position": {
						"0.0": [0, 0, 7],
						"0.2": [0, 0, 2],
						"0.9": [0, 0, 0]
					}
				},
				"trail_glaive": {
					"scale": 0
				},
				"glaive_back": {
					"scale": 0
				}
			}
		},
		"animation.fpd_glaive.moving_attack_slash_right": {
			"loop": "hold_on_last_frame",
			"animation_length": 1,
			"override_previous_animation": true,
			"bones": {
				"waist": {
					"rotation": {
						"0.0": [35.32634, 152.6566, 15.94651],
						"0.2": [-0.43031, -70.53167, -3.34183],
						"0.8": [10.00933, 2.462, 0.43439]
					}
				},
				"leftArm": {
					"rotation": {
						"0.0": [12.5, 0, -17.5],
						"0.8": [2.5, 0, -10]
					}
				},
				"lowerlarm": {
					"rotation": {
						"0.0": [-22.5, 0, 0],
						"0.8": [-10, 0, 0]
					}
				},
				"rightArm": {
					"rotation": {
						"0.0": [-195.07713, -1.91134, -85.37889],
						"0.2": [-67.57713, -1.91134, -85.37889],
						"0.8": [10.86815, -6.21271, 29.40842]
					}
				},
				"lowerrarm": {
					"rotation": {
						"0.0": [-57.5, 0, 0],
						"0.2": [-17.5, 0, 0],
						"0.8": [-27.5, 0, 0]
					}
				},
				"rope": {
					"rotation": {
						"0.0": [167.5, 0, -2.5],
						"0.1": [181.5625, 0, -5.3125],
						"0.2": [170.625, 0, -8.125],
						"0.8": [0, 0, -25]
					}
				},
				"rope2": {
					"rotation": {
						"0.0": [170, 0, 0],
						"0.1": [178.75, 0, -3.125],
						"0.2": [180.71429, 0, -6.25],
						"0.8": [0, 0, -25]
					}
				},
				"ropepart0": {
					"rotation": {
						"0.0": [-45, 0, 0],
						"0.1": [37.5, 0, 0],
						"0.2": [-5, 0, 0]
					}
				},
				"ropepart1": {
					"rotation": {
						"0.0": [-37.5, 0, 0],
						"0.1": [22.5, 0, 0],
						"0.2": [-12.5, 0, 0]
					}
				},
				"ropepart2": {
					"rotation": {
						"0.0": [-47.5, 0, 0],
						"0.1": [22.5, 0, 0],
						"0.2": [-27.5, 0, 0]
					}
				},
				"ropepart3": {
					"rotation": {
						"0.0": [-45, 0, 0],
						"0.1": [25, 0, 0],
						"0.2": [-17.5, 0, 0]
					}
				},
				"trail_glaive": {
					"scale": 0
				},
				"glaive_back": {
					"scale": 0
				}
			}
		},
		"animation.fpd_glaive.charge_thrust": {
			"loop": "hold_on_last_frame",
			"animation_length": 10000,
			"override_previous_animation": true,
			"bones": {
				"leftleg": {
					"rotation": [-5.65468, -16.18153, -10.71827]
				},
				"lowerlleg": {
					"rotation": [10, 0, 0]
				},
				"rightleg": {
					"rotation": [0, 0, 10]
				},
				"lowerrleg": {
					"rotation": [5, 0, 0]
				},
				"waist": {
					"rotation": {
						"0.0": [0.00933, 2.462, 0.43439],
						"0.3": [0.00992, 19.962, 0.43737],
						"0.7": [0.01105, 32.462, 0.43992]
					}
				},
				"leftArm": {
					"rotation": [-2.50238, 0.10901, -12.49762]
				},
				"lowerlarm": {
					"rotation": [-10, 0, 0]
				},
				"rightArm": {
					"rotation": {
						"0.0": [31.42551, 0.27162, 18.70163],
						"0.3": [56.66664, -5.6161, 81.67114],
						"0.7": [41.66664, -5.6161, 81.67114]
					}
				},
				"lowerrarm": {
					"rotation": {
						"0.0": [-27.5, 0, 0],
						"0.3": [-95, 0, 0]
					}
				},
				"rope": {
					"rotation": {
						"0.0": [0, 0, -25],
						"0.3": [85, 0, -25]
					}
				},
				"rope2": {
					"rotation": {
						"0.0": [0, 0, -25],
						"0.3": [65, 0, -25],
						"0.7": [50.88949, 47.93659, -56.11356]
					}
				},
				"root": {
					"rotation": {
						"0.0": ["variable.is_first_person ? (math.cos(query.life_time * 100.0) * 0.200) + 0.200 : 0", "variable.is_first_person ? 140 : -40", 0],
						"0.3": ["variable.is_first_person ? (math.cos(query.life_time * 100.0) * 0.200) + 0.200 : 0", "variable.is_first_person ? 205 : 25", 0]
					},
					"position": {
						"0.0": ["variable.is_first_person ? 2 : 0", "variable.is_first_person ? -3 : 0", "variable.is_first_person ? 12 : 0"],
						"0.3": ["variable.is_first_person ? 2 : 0", "variable.is_first_person ? -3 : 0", "variable.is_first_person ? 12 : 0"]
					}
				},
				"trail_glaive": {
					"scale": 0
				},
				"ropepart0": {
					"rotation": {
						"0.0": [5, 0, 0],
						"0.3": [22.5, 0, 0],
						"0.7": [-22.5, 0, 0]
					}
				},
				"ropepart1": {
					"rotation": {
						"0.0": [7.5, 0, 0],
						"0.3": [25, 0, 0],
						"0.7": [2.16541, 1.2497, -29.97638]
					}
				},
				"ropepart2": {
					"rotation": {
						"0.0": [12.5, 0, 0],
						"0.3": [25, 0, 0],
						"0.7": [-10, 0, 0]
					}
				},
				"ropepart3": {
					"rotation": {
						"0.0": [5, 0, 0],
						"0.3": [22.5, 0, 0],
						"0.7": [7.5, 0, 0]
					}
				},
				"glaive_back": {
					"scale": 0
				}
			}
		},
		"animation.fpd_glaive.ability_thrust": {
			"loop": "hold_on_last_frame",
			"animation_length": 1,
			"override_previous_animation": true,
			"bones": {
				"leftleg": {
					"rotation": [-5.65468, -16.18153, -10.71827]
				},
				"lowerlleg": {
					"rotation": [10, 0, 0]
				},
				"rightleg": {
					"rotation": [0, 0, 10]
				},
				"lowerrleg": {
					"rotation": [5, 0, 0]
				},
				"waist": {
					"rotation": [0.00992, 19.962, 0.43737]
				},
				"leftArm": {
					"rotation": [-2.50238, 0.10901, -12.49762]
				},
				"lowerlarm": {
					"rotation": [-10, 0, 0]
				},
				"rightArm": {
					"rotation": {
						"0.0": [56.66664, -5.6161, 81.67114],
						"0.1": [51.66664, -5.6161, 81.67114],
						"0.2": [1.66664, -5.6161, 81.67114]
					}
				},
				"lowerrarm": {
					"rotation": {
						"0.0": [-95, 0, 0],
						"0.1": [-63.75, 0, 0],
						"0.2": [-12.5, 0, 0]
					}
				},
				"rope": {
					"rotation": {
						"0.0": [85, 0, -25],
						"0.2": [107.5, 0, -25]
					}
				},
				"rope2": {
					"rotation": {
						"0.0": [65, 0, -25],
						"0.2": [87.5, 0, -25]
					}
				},
				"root": {
					"rotation": {
						"0.0": ["variable.is_first_person ? (math.cos(query.life_time * 100.0) * 0.200) + 0.200 : 0", "variable.is_first_person ? 205 : 25", 0],
						"0.1": ["variable.is_first_person ? (math.cos(query.life_time * 100.0) * 0.200) + 0.200 : 0", "variable.is_first_person ? 228.75 : 48.75", 0],
						"0.2": ["variable.is_first_person ? (math.cos(query.life_time * 100.0) * 0.200) + 0.200 : 0", "variable.is_first_person ? 87.5 : -92.5", 0]
					},
					"position": {
						"0.0": ["variable.is_first_person ? 2 : 0", "variable.is_first_person ? -3 : 0", "variable.is_first_person ? 12 : 0"],
						"0.1": ["variable.is_first_person ? 2 : 0", "variable.is_first_person ? -3 : 0", "variable.is_first_person ? 12 : 0"],
						"0.2": ["variable.is_first_person ? 2 : 0", "variable.is_first_person ? -3 : 0", "variable.is_first_person ? 12 : 0"]
					}
				},
				"trail_glaive": {
					"scale": 0
				},
				"ropepart0": {
					"rotation": {
						"0.0": [22.5, 0, 0],
						"0.2": [5, 0, 0]
					}
				},
				"ropepart1": {
					"rotation": {
						"0.0": [25, 0, 0],
						"0.2": [-2.5, 0, 0]
					}
				},
				"ropepart2": {
					"rotation": {
						"0.0": [25, 0, 0],
						"0.2": [10, 0, 0]
					}
				},
				"ropepart3": {
					"rotation": {
						"0.0": [22.5, 0, 0],
						"0.2": [0, 0, 0]
					}
				},
				"rightItem": {
					"rotation": {
						"0.0": [0, 0, 0],
						"0.1": [-41.25, 0, 0],
						"0.2": [82.5, 0, 0]
					}
				},
				"glaive_back": {
					"scale": 0
				}
			}
		},
		"animation.fpd_glaive.charge_slash": {
			"loop": "hold_on_last_frame",
			"animation_length": 10000,
			"override_previous_animation": true,
			"bones": {
				"leftleg": {
					"rotation": [-5.65468, -16.18153, -10.71827]
				},
				"lowerlleg": {
					"rotation": [10, 0, 0]
				},
				"rightleg": {
					"rotation": [0, 0, 10]
				},
				"lowerrleg": {
					"rotation": [5, 0, 0]
				},
				"waist": {
					"rotation": {
						"0.0": [0.00933, 2.462, 0.43439],
						"0.3": [12.51002, -16.288, 0.43112],
						"0.6": [0.01029, -25.038, 0.42964]
					}
				},
				"leftArm": {
					"rotation": [-2.50238, 0.10901, -12.49762]
				},
				"lowerlarm": {
					"rotation": [-10, 0, 0]
				},
				"rightArm": {
					"rotation": {
						"0.0": [31.42551, 0.27162, 18.70163],
						"0.3": [-78.60101, -8.22567, 84.0838]
					}
				},
				"lowerrarm": {
					"rotation": [-27.5, 0, 0]
				},
				"rope": {
					"rotation": {
						"0.0": [0, 0, -25],
						"0.3": [0, 2.5, -25]
					}
				},
				"rope2": {
					"rotation": [0, 0, -25]
				},
				"root": {
					"rotation": {
						"0.0": ["variable.is_first_person ? (math.cos(query.life_time * 100.0) * 0.200) + 0.200 : 0", "variable.is_first_person ? 200 : 20", 0],
						"0.3": ["variable.is_first_person ? (math.cos(query.life_time * 100.0) * 0.200) + 0.200 : 0", "variable.is_first_person ? 110 : -70", 0],
						"0.6": ["variable.is_first_person ? (math.cos(query.life_time * 100.0) * 0.200) + 0.200 : 0", "variable.is_first_person ? 95 : -85", 0]
					},
					"position": {
						"0.0": ["variable.is_first_person ? 2 : 0", "variable.is_first_person ? -3 : 0", "variable.is_first_person ? 12 : 0"],
						"0.3": ["variable.is_first_person ? 2 : 0", "variable.is_first_person ? -3 : 0", "variable.is_first_person ? 12 : 0"],
						"0.6": ["variable.is_first_person ? 2 : 0", "variable.is_first_person ? -3 : 0", "variable.is_first_person ? 12 : 0"]
					}
				},
				"trail_glaive": {
					"scale": 0
				},
				"ropepart0": {
					"rotation": {
						"0.0": [5, 0, 0],
						"0.3": [37.5, 0, 0]
					}
				},
				"ropepart1": {
					"rotation": {
						"0.0": [7.5, 0, 0],
						"0.3": [22.5, 0, 0]
					}
				},
				"ropepart2": {
					"rotation": {
						"0.0": [12.5, 0, 0],
						"0.3": [35, 0, 0]
					}
				},
				"ropepart3": {
					"rotation": {
						"0.0": [5, 0, 0],
						"0.3": [27.5, 0, 0]
					}
				},
				"glaive_back": {
					"scale": 0
				}
			}
		},
		"animation.fpd_glaive.ability_slash": {
			"loop": "hold_on_last_frame",
			"animation_length": 1,
			"override_previous_animation": true,
			"bones": {
				"leftleg": {
					"rotation": [-5.65468, -16.18153, -10.71827]
				},
				"lowerlleg": {
					"rotation": [10, 0, 0]
				},
				"rightleg": {
					"rotation": [0, 0, 10]
				},
				"lowerrleg": {
					"rotation": [5, 0, 0]
				},
				"waist": {
					"rotation": [0.01029, -25.038, 0.42964]
				},
				"leftArm": {
					"rotation": [-2.50238, 0.10901, -12.49762]
				},
				"lowerlarm": {
					"rotation": [-10, 0, 0]
				},
				"rightArm": {
					"rotation": {
						"0.0": [-78.60101, -8.22567, 84.0838],
						"0.2": [61.39899, -8.22567, 84.0838]
					}
				},
				"lowerrarm": {
					"rotation": {
						"0.0": [-27.5, 0, 0],
						"0.2": [-15, 0, 0]
					}
				},
				"rope": {
					"rotation": {
						"0.0": [0, 2.5, -25],
						"0.2": [175, 2.5, -25]
					}
				},
				"rope2": {
					"rotation": {
						"0.0": [0, 0, -25],
						"0.2": [187.5, 0, -25]
					}
				},
				"root": {
					"rotation": {
						"0.0": ["variable.is_first_person ? (math.cos(query.life_time * 100.0) * 0.200) + 0.200 : 0", "variable.is_first_person ? 110 : -70", 0],
						"0.2": ["variable.is_first_person ? (math.cos(query.life_time * 100.0) * 0.200) + 0.200 : 0", "variable.is_first_person ? 132.5 : 47.5", 0]
					},
					"position": {
						"0.0": ["variable.is_first_person ? 2 : 0", "variable.is_first_person ? -3 : 0", "variable.is_first_person ? 12 : 0"],
						"0.2": ["variable.is_first_person ? 2 : 0", "variable.is_first_person ? -3 : 0", "variable.is_first_person ? 12 : 0"]
					}
				},
				"trail_glaive": {
					"scale": {
						"0.0": [0, 0, 0],
						"0.1": [1, 1, 1],
						"0.2": [0, 0, 0]
					}
				},
				"ropepart0": {
					"rotation": {
						"0.0": [37.5, 0, 0],
						"0.2": [-7.5, 0, 0]
					}
				},
				"ropepart1": {
					"rotation": {
						"0.0": [22.5, 0, 0],
						"0.2": [-32.5, 0, 0]
					}
				},
				"ropepart2": {
					"rotation": {
						"0.0": [35, 0, 0],
						"0.2": [-12.5, 0, 0]
					}
				},
				"ropepart3": {
					"rotation": {
						"0.0": [27.5, 0, 0],
						"0.2": [-52.5, 0, 0]
					}
				},
				"glaive_back": {
					"scale": 0
				}
			}
		},
		"animation.fpd_glaive.riding_pose": {
			"loop": true,
			"override_previous_animation": true,
			"bones": {
				"trail_lance": {
					"scale": 0
				},
				"trail_katana": {
					"scale": [1, 0, 1]
				},
				"trail_wakizashi_offhand": {
					"scale": [1, 0, 1]
				},
				"root": {
					"rotation": ["variable.is_first_person ? (math.cos(query.life_time * 100.0) * 0.200) + 0.200 : 0", "variable.is_first_person ? 180 : 0", 0],
					"position": ["variable.is_first_person ? 2 : 0", "variable.is_first_person ? -3 : 0", "variable.is_first_person ? 12 : 0"]
				},
				"leftleg": {
					"rotation": [-65.43798, -22.9824, -12.61783]
				},
				"lowerlleg": {
					"rotation": [62.5, 0, 0]
				},
				"rightleg": {
					"rotation": [-78.71587, 27.37204, 7.66261]
				},
				"lowerrleg": {
					"rotation": [70, 0, 0]
				},
				"waist": {
					"rotation": [2.5, 0, 0]
				},
				"leftArm": {
					"rotation": [-51.55241, 33.39974, -50.86873]
				},
				"lowerlarm": {
					"rotation": [-27.58957, -4.43385, 2.31336]
				},
				"rightArm": {
					"rotation": [44.36339, -14.21774, 100.90215]
				},
				"lowerrarm": {
					"rotation": [-57.5, 0, 0]
				},
				"trail_glaive": {
					"scale": [1, 0, 1]
				},
				"glaive_back": {
					"scale": 0
				},
				"rope": {
					"rotation": [0, 0, -75]
				},
				"ropepart0": {
					"rotation": [0, 0, -15]
				},
				"rope2": {
					"rotation": [0, 0, -92.5]
				}
			}
		},
		"animation.fpd_glaive.back_unsheathe": {
			"loop": "hold_on_last_frame",
			"animation_length": 1.12,
			"override_previous_animation": true,
			"bones": {
				"glaive_back": {
					"scale": {
						"0.0": [1, 1, 1],
						"0.24": [1, 1, 1],
						"0.28": [0, 0, 0]
					}
				},
				"leftleg": {
					"rotation": {
						"0.52": [0, 0, 0],
						"0.68": [-5.65468, -16.18153, -10.71827]
					}
				},
				"lowerlleg": {
					"rotation": {
						"0.52": [0, 0, 0],
						"0.68": [10, 0, 0]
					}
				},
				"rightleg": {
					"rotation": {
						"0.52": [0, 0, 0],
						"0.68": [0, 0, 10]
					}
				},
				"lowerrleg": {
					"rotation": {
						"0.52": [0, 0, 0],
						"0.68": [5, 0, 0]
					}
				},
				"waist": {
					"rotation": {
						"0.52": [0, 0, 0],
						"0.68": [0.00933, 2.462, 0.43439]
					}
				},
				"leftArm": {
					"rotation": {
						"0.52": [0, 0, 0],
						"0.68": [-2.50238, 0.10901, -12.49762]
					}
				},
				"lowerlarm": {
					"rotation": {
						"0.52": [0, 0, 0],
						"0.68": [-10, 0, 0]
					}
				},
				"rightArm": {
					"rotation": {
						"0.0": [0, 0, 0],
						"0.24": [-137.81374, 17.38772, -18.2489],
						"0.52": [-2.81374, 17.38772, -18.2489],
						"0.68": [31.42551, 0.27162, 18.70163]
					}
				},
				"lowerrarm": {
					"rotation": {
						"0.0": [0, 0, 0],
						"0.24": [-97.5, 0, 0],
						"0.52": [-20, 0, 0],
						"0.68": [-27.5, 0, 0]
					}
				},
				"rightItem": {
					"rotation": {
						"0.28": [0, 0, 90],
						"0.52": [0, 0, 0]
					},
					"position": {
						"0.28": [1, 0, 0],
						"0.52": [0, 0, 0]
					},
					"scale": {
						"0.0": [0, 0, 0],
						"0.24": [0, 0, 0],
						"0.28": [1, 1, 1]
					}
				},
				"root": {
					"rotation": ["variable.is_first_person ? (math.cos(query.life_time * 100.0) * 0.200) + 0.200 : 0", "variable.is_first_person ? 195 : 15", 0],
					"position": ["variable.is_first_person ? 2 : 0", "variable.is_first_person ? -3 : 0", "variable.is_first_person ? 12 : 0"]
				},
				"rope": {
					"rotation": [0, 0, -25]
				},
				"rope2": {
					"rotation": [0, 0, -25]
				},
				"trail_glaive": {
					"scale": 0
				}
			}
		},
		"animation.fpd_glaive.attack_riding_pose": {
			"loop": "hold_on_last_frame",
			"animation_length": 0.3,
			"override_previous_animation": true,
			"bones": {
				"trail_lance": {
					"scale": 0
				},
				"trail_katana": {
					"scale": [1, 0, 1]
				},
				"trail_wakizashi_offhand": {
					"scale": [1, 0, 1]
				},
				"root": {
					"rotation": ["variable.is_first_person ? (math.cos(query.life_time * 100.0) * 0.200) + 0.200 : 0", "variable.is_first_person ? 180 : 0", 0],
					"position": ["variable.is_first_person ? 2 : 0", "variable.is_first_person ? -3 : 0", "variable.is_first_person ? 12 : 0"]
				},
				"leftleg": {
					"rotation": [-65.43798, -22.9824, -12.61783]
				},
				"lowerlleg": {
					"rotation": [62.5, 0, 0]
				},
				"rightleg": {
					"rotation": [-78.71587, 27.37204, 7.66261]
				},
				"lowerrleg": {
					"rotation": [70, 0, 0]
				},
				"waist": {
					"rotation": [2.5, 0, 0]
				},
				"leftArm": {
					"rotation": [-51.55241, 33.39974, -50.86873]
				},
				"lowerlarm": {
					"rotation": [-27.58957, -4.43385, 2.31336]
				},
				"rightArm": {
					"rotation": {
						"0.0": [44.36339, -14.21774, 100.90215],
						"0.1": [66.6816, -15.65477, 85.26889],
						"0.2": [-53.3184, -15.65477, 85.26889]
					}
				},
				"lowerrarm": {
					"rotation": {
						"0.0": [-57.5, 0, 0],
						"0.1": [-70, 0, 0],
						"0.2": [-20, 0, 0]
					}
				},
				"rightItem": {
					"rotation": {
						"0.0": [0, 0, 0],
						"0.1": [0, 0, 0],
						"0.2": [72.5, 0, 0]
					}
				},
				"rope": {
					"rotation": {
						"0.0": [12.5, 0, 0],
						"0.2": [49.32185, -9.54385, 8.11019]
					}
				},
				"ropepart0": {
					"rotation": {
						"0.0": [2.5, 0, 0],
						"0.2": [22.5, 0, 0]
					}
				},
				"ropepart1": {
					"rotation": [12.5, 0, 0]
				},
				"rope2": {
					"rotation": {
						"0.0": [10, 0, 0],
						"0.2": [40, 0, 0]
					}
				},
				"ropepart2": {
					"rotation": {
						"0.0": [7.5, 0, 0],
						"0.2": [32.5, 0, 0]
					}
				},
				"ropepart3": {
					"rotation": [15, 0, 0]
				},
				"trail_glaive": {
					"scale": [1, 0, 1]
				},
				"glaive_back": {
					"scale": 0
				}
			}
		}
	}
}