{
	"format_version": "1.8.0",
	"animations": {
		"animation.fast_paced_polehammer.basepose": {
			"loop": true,
			"override_previous_animation": true,
			"bones": {
				"root": {
					"rotation": ["variable.is_first_person ? (math.cos(query.life_time * 100.0) * 0.200) + 0.200 : 0", "variable.is_first_person ? 187.5 : 7.5", 0],
					"position": ["variable.is_first_person ? 2 : 0", "variable.is_first_person ? -3 : 0", "variable.is_first_person ? 12 : 0"]
				},
				"leftleg": {
					"rotation": [5, 0, -5]
				},
				"rightleg": {
					"rotation": [-12.5, 0, 0]
				},
				"lowerrleg": {
					"rotation": [12.5, 0, 0]
				},
				"waist": {
					"rotation": [0, 2.5, 0]
				},
				"leftArm": {
					"rotation": [7.5, 0, -5]
				},
				"lowerlarm": {
					"rotation": [-12.5, 0, 0]
				},
				"rightArm": {
					"rotation": [-46.16841, 10.48767, 16.85507]
				},
				"lowerrarm": {
					"rotation": [-125, 0, 0]
				},
				"trail_pole_hammer": {
					"scale": [1, 0, 1]
				},
				"polehammer_back": {
					"scale": 0
				}
			}
		},
		"animation.fast_paced_polehammer.move": {
			"loop": true,
			"animation_length": 1.04,
			"override_previous_animation": true,
			"bones": {
				"root": {
					"rotation": {
						"0.0": ["variable.is_first_person ? (math.cos(query.life_time * 100.0) * 0.200) + 0.200 : 0", "variable.is_first_person ? 180 : 0", 0],
						"0.16": ["variable.is_first_person ? (math.cos(query.life_time * 100.0) * 0.200) + 0.200 : 0", "variable.is_first_person ? 180 : 0", 0],
						"1.04": ["variable.is_first_person ? (math.cos(query.life_time * 100.0) * 0.200) + 0.200 : 0", "variable.is_first_person ? 180 : 0", 0]
					},
					"position": {
						"0.0": ["variable.is_first_person ? 2 : 0", "variable.is_first_person ? -5 : -2", "variable.is_first_person ? 12 : 0"],
						"0.16": ["variable.is_first_person ? 2 : 0", "variable.is_first_person ? -3 : 0", "variable.is_first_person ? 12 : 0"],
						"0.52": ["variable.is_first_person ? 2 : 0", "variable.is_first_person ? -5 : -2", "variable.is_first_person ? 12 : 0"],
						"0.68": ["variable.is_first_person ? 2 : 0", "variable.is_first_person ? -3 : 0", "variable.is_first_person ? 12 : 0"],
						"1.04": ["variable.is_first_person ? 2 : 0", "variable.is_first_person ? -5 : -2", "variable.is_first_person ? 12 : 0"]
					}
				},
				"leftleg": {
					"rotation": {
						"0.0": [27.5, 0, 0],
						"0.16": [-14.62, 0, 0],
						"0.36": [-73.16, 0, 0],
						"0.52": [-52.5, 0, 0],
						"0.68": [-0.38, 0, 0],
						"0.88": [17.61, 0, 0],
						"1.04": [27.5, 0, 0]
					}
				},
				"rightleg": {
					"rotation": {
						"0.0": [-52.5, 0, 0],
						"0.16": [-0.38, 0, 0],
						"0.36": [17.61, 0, 0],
						"0.52": [27.5, 0, 0],
						"0.68": [-22.12, 0, 0],
						"0.88": [-76.5, 0, 0],
						"1.04": [-52.5, 0, 0]
					}
				},
				"lowerrleg": {
					"rotation": {
						"0.0": [52.5, 0, 0],
						"0.16": [0, 0, 0],
						"0.36": [13.61, 0, 0],
						"0.52": [20, 0, 0],
						"0.68": [80, 0, 0],
						"0.88": [82.22, 0, 0],
						"1.04": [52.5, 0, 0]
					}
				},
				"waist": {
					"rotation": {
						"0.0": [0, 7.5, 0],
						"0.52": [0, -5, 0],
						"1.04": [0, 7.5, 0]
					}
				},
				"leftArm": {
					"rotation": {
						"0.0": [-2.5, 0, -5],
						"0.52": [17.5, 0, -5],
						"1.04": [-2.5, 0, -5]
					}
				},
				"lowerlarm": {
					"rotation": {
						"0.0": [-20, 0, 0],
						"0.52": [-10, 0, 0],
						"1.04": [-20, 0, 0]
					}
				},
				"rightArm": {
					"rotation": {
						"0.0": [-46.16841, 10.48767, 16.85507],
						"0.52": [-61.16841, 10.48767, 16.85507],
						"1.04": [-46.16841, 10.48767, 16.85507]
					}
				},
				"lowerrarm": {
					"rotation": {
						"0.0": [-125, 0, 0],
						"1.04": [-125, 0, 0]
					}
				},
				"trail_pole_hammer": {
					"scale": [1, 0, 1]
				},
				"lowerlleg": {
					"rotation": {
						"0.0": [17.5, 0, 0],
						"0.16": [85.77, 0, 0],
						"0.36": [84.79, 0, 0],
						"0.52": [52.5, 0, 0],
						"0.68": [-0.77, 0, 0],
						"0.88": [21.88, 0, 0],
						"1.04": [17.5, 0, 0]
					}
				},
				"polehammer_back": {
					"scale": 0
				}
			}
		},
		"animation.fast_paced_polehammer.sneak_move": {
			"loop": true,
			"animation_length": 1.04,
			"override_previous_animation": true,
			"bones": {
				"root": {
					"rotation": ["variable.is_first_person ? (math.cos(query.life_time * 100.0) * 0.200) + 0.200 : 0", "variable.is_first_person ? 177.5 : -2.5", -2.5],
					"position": {
						"0.0": ["variable.is_first_person ? 2 : 0", "variable.is_first_person ? -7 : -4", "variable.is_first_person ? 12 : 0"],
						"0.24": ["variable.is_first_person ? 2 : 0", "variable.is_first_person ? -8 : -5", "variable.is_first_person ? 12 : 0"],
						"0.52": ["variable.is_first_person ? 2 : 0", "variable.is_first_person ? -7 : -4", "variable.is_first_person ? 12 : 0"],
						"0.8": ["variable.is_first_person ? 2 : 0", "variable.is_first_person ? -9 : -6", "variable.is_first_person ? 12 : 0"],
						"1.04": ["variable.is_first_person ? 2 : 0", "variable.is_first_person ? -7 : -4", "variable.is_first_person ? 12 : 0"]
					}
				},
				"leftleg": {
					"rotation": {
						"0.0": [-74.9299, 1.70818, -0.30014],
						"0.52": [-2.4299, 1.70818, -0.30014],
						"0.8": [-111.26229, 1.23927, 0.51927],
						"1.04": [-74.9299, 1.70818, -0.30014]
					}
				},
				"lowerlleg": {
					"rotation": {
						"0.0": [72.5, 0, 0],
						"0.24": [118.46, 0, 0],
						"0.52": [80, 0, 0],
						"0.8": [100.96, 0, 0],
						"1.04": [72.5, 0, 0]
					}
				},
				"rightleg": {
					"rotation": {
						"0.0": [-0.14068, -2.24944, 7.15656],
						"0.24": [-98.33018, 0.42156, 5.28399],
						"0.52": [-77.46793, 3.53773, 3.09932],
						"0.8": [-25.83018, 0.42156, 5.28399],
						"1.04": [-0.14068, -2.24944, 7.15656]
					}
				},
				"lowerrleg": {
					"rotation": {
						"0.0": [77.5, 0, 0],
						"0.24": [100, 0, 0],
						"0.52": [72.5, 0, 0],
						"0.8": [112.69, 0, 0],
						"1.04": [77.5, 0, 0]
					}
				},
				"waist": {
					"rotation": {
						"0.0": [33.88762, -18.37521, -5.64208],
						"0.52": [34.26024, 22.70661, 9.32084],
						"1.04": [33.88762, -18.37521, -5.64208]
					}
				},
				"leftArm": {
					"rotation": {
						"0.0": [-29.57545, 14.02739, -59.11424],
						"0.52": [-62.07545, 14.02739, -59.11424],
						"1.04": [-29.57545, 14.02739, -59.11424]
					}
				},
				"lowerlarm": {
					"rotation": {
						"0.0": [-22.5, 0, 0],
						"0.52": [-62.5, 0, 0],
						"1.04": [-22.5, 0, 0]
					}
				},
				"rightArm": {
					"rotation": {
						"0.0": [-46.16841, 10.48767, 16.85507],
						"0.52": [-46.16841, 10.48767, 16.85507],
						"1.04": [-46.16841, 10.48767, 16.85507]
					}
				},
				"lowerrarm": {
					"rotation": {
						"0.0": [-125, 0, 0],
						"0.52": [-125, 0, 0],
						"1.04": [-125, 0, 0]
					}
				},
				"rightitem": {
					"position": [0, 0, -1]
				},
				"trail_pole_hammer": {
					"scale": [1, 0, 1]
				},
				"polehammer_back": {
					"scale": 0
				}
			}
		},
		"animation.fast_paced_polehammer.sneak": {
			"loop": true,
			"override_previous_animation": true,
			"bones": {
				"root": {
					"rotation": ["variable.is_first_person ? (math.cos(query.life_time * 100.0) * 0.200) + 0.200 : 0", "variable.is_first_person ? 180 : 0", 0],
					"position": ["variable.is_first_person ? 2 : 0", "variable.is_first_person ? -8 : -5", "variable.is_first_person ? 12 : 0"]
				},
				"leftleg": {
					"rotation": [10, 0, -2.5]
				},
				"lowerlleg": {
					"rotation": [75, 0, 0]
				},
				"rightleg": {
					"rotation": [-79.99294, 0.32621, 2.47864]
				},
				"lowerrleg": {
					"rotation": [80, 0, 0]
				},
				"waist": {
					"rotation": [12.67995, 12.39135, 1.6575]
				},
				"leftArm": {
					"rotation": [15.78589, 3.0575, -9.66673]
				},
				"lowerlarm": {
					"rotation": [-42.5, 0, 0]
				},
				"rightArm": {
					"rotation": [-46.16841, 10.48767, 16.85507]
				},
				"lowerrarm": {
					"rotation": [-125, 0, 0]
				},
				"rightitem": {
					"position": [0, 0, -1]
				},
				"trail_pole_hammer": {
					"scale": [1, 0, 1]
				},
				"polehammer_back": {
					"scale": 0
				}
			}
		},
		"animation.fast_paced_polehammer.sprint": {
			"loop": true,
			"animation_length": 0.56,
			"override_previous_animation": true,
			"bones": {
				"leftleg": {
					"rotation": {
						"0.0": [45, 0, -2.5],
						"0.12": [-84.64286, 0, -2.5],
						"0.28": [-47.5, 0, -2.5],
						"0.4": [57.14286, 0, -2.5],
						"0.56": [45, 0, -2.5]
					}
				},
				"lowerlleg": {
					"rotation": {
						"0.0": [62.5, 0, 0],
						"0.12": [98.57, 0, 0],
						"0.28": [47.5, 0, 0],
						"0.4": [26.43, 0, 0],
						"0.56": [62.5, 0, 0]
					}
				},
				"rightleg": {
					"rotation": {
						"0.0": [-44.99294, 0.32621, 2.47864],
						"0.12": [58.57849, 0.32621, 2.47864],
						"0.28": [27.50706, 0.32621, 2.47864],
						"0.4": [-93.56437, 0.32621, 2.47864],
						"0.56": [-44.99294, 0.32621, 2.47864]
					}
				},
				"lowerrleg": {
					"rotation": {
						"0.0": [45, 0, 0],
						"0.12": [21.79, 0, 0],
						"0.28": [72.5, 0, 0],
						"0.4": [103.21, 0, 0],
						"0.56": [45, 0, 0]
					}
				},
				"waist": {
					"rotation": {
						"0.0": [23.39885, 14.40456, 2.66143],
						"0.28": [30.94151, 14.15233, 10.88709],
						"0.56": [23.39885, 14.40456, 2.66143]
					}
				},
				"leftArm": {
					"rotation": {
						"0.0": [-45, 0, 0],
						"0.12": [-20, 0, 0],
						"0.28": [60, 0, 0],
						"0.4": [-2.5, 0, 0],
						"0.56": [-45, 0, 0]
					}
				},
				"lowerlarm": {
					"rotation": {
						"0.0": [-72.5, 0, 0],
						"0.12": [-46.79, 0, 0],
						"0.28": [-17.5, 0, 0],
						"0.44": [-1.07, 0, 0],
						"0.56": [-72.5, 0, 0]
					}
				},
				"rightArm": {
					"rotation": {
						"0.0": [61.45968, 5.59833, 33.1865],
						"0.28": [61.45968, 5.59833, 33.1865],
						"0.56": [61.45968, 5.59833, 33.1865]
					}
				},
				"lowerrarm": {
					"rotation": {
						"0.0": [-35, 0, 0],
						"0.28": [-37.5, 0, 0],
						"0.56": [-35, 0, 0]
					}
				},
				"root": {
					"rotation": ["variable.is_first_person ? (math.cos(query.life_time * 100.0) * 0.200) + 0.200 : 0", "variable.is_first_person ? 180 : 0", 0],
					"position": {
						"0.0": ["variable.is_first_person ? 2 : 0", "variable.is_first_person ? -5 : -2", "variable.is_first_person ? 12 : 0"],
						"0.12": ["variable.is_first_person ? 2 : 0", "variable.is_first_person ? -3 : 0", "variable.is_first_person ? 12 : 0"],
						"0.28": ["variable.is_first_person ? 2 : 0", "variable.is_first_person ? -5 : -2", "variable.is_first_person ? 12 : 0"],
						"0.4": ["variable.is_first_person ? 2 : 0", "variable.is_first_person ? -3 : 0", "variable.is_first_person ? 12 : 0"],
						"0.56": ["variable.is_first_person ? 2 : 0", "variable.is_first_person ? -5 : -2", "variable.is_first_person ? 12 : 0"]
					}
				},
				"trail_pole_hammer": {
					"scale": [1, 0, 1]
				},
				"polehammer_back": {
					"scale": 0
				}
			}
		},
		"animation.fast_paced_polehammer.jump": {
			"loop": "hold_on_last_frame",
			"animation_length": 0.3,
			"override_previous_animation": true,
			"bones": {
				"root": {
					"rotation": {
						"0.0": ["variable.is_first_person ? (math.cos(query.life_time * 100.0) * 0.200) + 0.200 : 0", "variable.is_first_person ? 187.5 : 7.5", 0],
						"0.1": [
							"variable.is_first_person ? (math.cos(query.life_time * 100.0) * 0.200) + 0.200 + 7.8485 : 7.8485",
							"variable.is_first_person ? 180 - 17.3222 : -17.3222",
							-2.56996
						]
					},
					"position": {
						"0.0": ["variable.is_first_person ? 2 : 0", "variable.is_first_person ? -3 : 0", "variable.is_first_person ? 12 : 0"],
						"0.1": ["variable.is_first_person ? 2 : 0", "variable.is_first_person ? -7 : -4", "variable.is_first_person ? 12 : 0"],
						"0.3": ["variable.is_first_person ? 2 : 0", "variable.is_first_person ? -3 : 0", "variable.is_first_person ? 12 : 0"]
					}
				},
				"leftleg": {
					"rotation": {
						"0.0": [5, 0, -5],
						"0.1": [-84.78974, -4.77628, -5.71489],
						"0.3": [-17.28974, -4.77628, -5.71489]
					}
				},
				"lowerlleg": {
					"rotation": {
						"0.0": [0, 0, 0],
						"0.1": [92.5, 0, 0],
						"0.3": [10, 0, 0]
					}
				},
				"rightleg": {
					"rotation": {
						"0.0": [-12.5, 0, 0],
						"0.1": [-84.18208, 35.70811, 1.42648],
						"0.3": [-11.68208, 35.70811, 1.42648]
					}
				},
				"lowerrleg": {
					"rotation": {
						"0.0": [12.5, 0, 0],
						"0.1": [97.5, 0, 0],
						"0.3": [15, 0, 0]
					}
				},
				"waist": {
					"rotation": {
						"0.0": [0, 2.5, 0],
						"0.1": [7.97532, 19.82169, 2.71994],
						"0.3": [-2.02468, 19.82169, 2.71994]
					}
				},
				"leftArm": {
					"rotation": {
						"0.0": [7.5, 0, -5],
						"0.1": [0, 0, -30],
						"0.3": [7.15656, -2.24944, -12.64068]
					}
				},
				"lowerlarm": {
					"rotation": {
						"0.0": [-12.5, 0, 0],
						"0.1": [-32.5, 0, 0],
						"0.3": [-2.5, 0, 0]
					}
				},
				"rightArm": {
					"rotation": {
						"0.0": [-46.16841, 10.48767, 16.85507],
						"0.1": [23.36058, -2.53807, 25.56446],
						"0.3": [10.71441, -1.16945, 9.82199]
					}
				},
				"lowerrarm": {
					"rotation": {
						"0.0": [-125, 0, 0],
						"0.1": [-37.5, 0, 0],
						"0.3": [-22.5, 0, 0]
					}
				},
				"trail_pole_hammer": {
					"scale": {
						"0.0": [1, 0, 1],
						"0.1": [1, 0, 1]
					}
				},
				"polehammer_back": {
					"scale": 0
				}
			}
		},
		"animation.fast_paced_polehammer.land": {
			"loop": "hold_on_last_frame",
			"animation_length": 0.48,
			"override_previous_animation": true,
			"bones": {
				"root": {
					"rotation": {
						"0.0": ["variable.is_first_person ? (math.cos(query.life_time * 100.0) * 0.200) + 0.200 : 0", "variable.is_first_person ? 180 : 0", 0],
						"0.2": [
							"variable.is_first_person ? (math.cos(query.life_time * 100.0) * 0.200) + 0.200 + 7.8485 : 7.8485",
							"variable.is_first_person ? 180 - 17.3222 : -17.3222",
							-2.56996
						],
						"0.48": ["variable.is_first_person ? (math.cos(query.life_time * 100.0) * 0.200) + 0.200 : 0", "variable.is_first_person ? 187.5 : 7.5", 0]
					},
					"position": {
						"0.0": ["variable.is_first_person ? 2 : 0", "variable.is_first_person ? -3 : 0", "variable.is_first_person ? 12 : 0"],
						"0.2": ["variable.is_first_person ? 2 : 0", "variable.is_first_person ? -7 : -4", "variable.is_first_person ? 12 : 0"],
						"0.48": ["variable.is_first_person ? 2 : 0", "variable.is_first_person ? -3 : 0", "variable.is_first_person ? 12 : 0"]
					}
				},
				"leftleg": {
					"rotation": {
						"0.0": [-17.28974, -4.77628, -5.71489],
						"0.2": [-84.78974, -4.77628, -5.71489],
						"0.48": [5, 0, -5]
					}
				},
				"lowerlleg": {
					"rotation": {
						"0.0": [10, 0, 0],
						"0.2": [92.5, 0, 0],
						"0.48": [0, 0, 0]
					}
				},
				"rightleg": {
					"rotation": {
						"0.0": [-11.68208, 35.70811, 1.42648],
						"0.2": [-84.18208, 35.70811, 1.42648],
						"0.48": [-12.5, 0, 0]
					}
				},
				"lowerrleg": {
					"rotation": {
						"0.0": [15, 0, 0],
						"0.2": [97.5, 0, 0],
						"0.48": [12.5, 0, 0]
					}
				},
				"waist": {
					"rotation": {
						"0.0": [-2.02468, 19.82169, 2.71994],
						"0.2": [7.97532, 19.82169, 2.71994],
						"0.48": [0, 2.5, 0]
					}
				},
				"leftArm": {
					"rotation": {
						"0.0": [7.15656, -2.24944, -12.64068],
						"0.2": [0, 0, -30],
						"0.48": [7.5, 0, -5]
					}
				},
				"lowerlarm": {
					"rotation": {
						"0.0": [-2.5, 0, 0],
						"0.2": [-32.5, 0, 0],
						"0.48": [-12.5, 0, 0]
					}
				},
				"rightArm": {
					"rotation": {
						"0.0": [10.71441, -1.16945, 9.82199],
						"0.2": [-46.63942, -2.53807, 25.56446],
						"0.48": [-46.16841, 10.48767, 16.85507]
					}
				},
				"lowerrarm": {
					"rotation": {
						"0.0": [-97.5, 0, 0],
						"0.2": [-112.5, 0, 0],
						"0.48": [-125, 0, 0]
					}
				},
				"trail_pole_hammer": {
					"scale": [1, 0, 1]
				},
				"polehammer_back": {
					"scale": 0
				}
			}
		},
		"animation.fast_paced_polehammer.attack_swing_up": {
			"animation_length": 1.5,
			"override_previous_animation": true,
			"bones": {
				"root": {
					"rotation": {
						"0.0": ["variable.is_first_person ? (math.cos(query.life_time * 100.0) * 0.200) + 0.200 : 0", "variable.is_first_person ? 187.5 : 7.5", 0],
						"0.4": ["variable.is_first_person ? (math.cos(query.life_time * 100.0) * 0.200) + 0.200 : 0", "variable.is_first_person ? 187.5 : 7.5", 0],
						"0.6": ["variable.is_first_person ? (math.cos(query.life_time * 100.0) * 0.200) + 0.200 : 0", "variable.is_first_person ? 175 : -5", 0],
						"0.9": ["variable.is_first_person ? (math.cos(query.life_time * 100.0) * 0.200) + 0.200 : 0", "variable.is_first_person ? 175 : -5", 0],
						"1.3": ["variable.is_first_person ? (math.cos(query.life_time * 100.0) * 0.200) + 0.200 : 0", "variable.is_first_person ? 187.5 : 7.5", 0]
					},
					"position": {
						"0.0": ["variable.is_first_person ? 2 : 0", "variable.is_first_person ? -3 : 0", "variable.is_first_person ? 12 : 0"],
						"1.3": ["variable.is_first_person ? 2 : 0", "variable.is_first_person ? -3 : 0", "variable.is_first_person ? 12 : 0"]
					}
				},
				"leftleg": {
					"rotation": {
						"0.0": [5, 0, -5],
						"0.2": [-17.5, 0, -5],
						"0.3": [-17.5, 0, -5],
						"0.4": [-17.5, 0, -5],
						"0.9": [-17.5, 0, -5],
						"1.3": [5, 0, -5]
					}
				},
				"rightleg": {
					"rotation": {
						"0.0": [-12.5, 0, 0],
						"0.2": [7.5, 0, 0],
						"0.3": [7.5, 0, 0],
						"0.4": [7.5, 0, 0],
						"0.9": [7.5, 0, 0],
						"1.3": [-12.5, 0, 0]
					}
				},
				"lowerrleg": {
					"rotation": {
						"0.0": [12.5, 0, 0],
						"1.3": [12.5, 0, 0]
					}
				},
				"waist": {
					"rotation": {
						"0.0": [0, 2.5, 0],
						"0.2": [-9.81335, 12.58411, 0.6628],
						"0.3": [-10.19431, 19.97044, -0.69352],
						"0.4": [-10.19431, 19.97044, -0.69352],
						"0.6": [53.97441, -10.63659, -4.48989],
						"0.9": [53.97441, -10.63659, -4.48989],
						"1.3": [0, 2.5, 0]
					}
				},
				"leftArm": {
					"rotation": {
						"0.0": [7.5, 0, -5],
						"0.2": [-56.87402, -10.51794, -11.79286],
						"0.3": [-55.41141, -18.82943, -17.54707],
						"0.4": [-55.41141, -18.82943, -17.54707],
						"0.6": [34.58859, -18.82943, -17.54707],
						"0.9": [34.58859, -18.82943, -17.54707],
						"1.3": [7.5, 0, -5]
					}
				},
				"lowerlarm": {
					"rotation": {
						"0.0": [-12.5, 0, 0],
						"0.9": [-12.5, 0, 0],
						"1.3": [-12.5, 0, 0]
					}
				},
				"rightArm": {
					"rotation": {
						"0.0": [-46.16841, 10.48767, 16.85507],
						"0.2": [-90.0069, -15.47484, -1.11245],
						"0.3": [-107.50736, -25.47484, -1.11112],
						"0.4": [-107.50736, -25.47484, -1.11112],
						"0.6": [-70.57638, 7.95133, -5.1061],
						"0.9": [-70.57638, 7.95133, -5.1061],
						"1.3": [-46.16841, 10.48767, 16.85507]
					}
				},
				"lowerrarm": {
					"rotation": {
						"0.0": [-125, 0, 0],
						"0.4": [-125, 0, 0],
						"0.6": [-17.5, 0, 0],
						"0.9": [-17.5, 0, 0],
						"1.3": [-125, 0, 0]
					}
				},
				"trail_pole_hammer": {
					"scale": {
						"0.0": [1, 0, 1],
						"0.4": [1, 0, 1],
						"0.5": [1, 1, 1],
						"0.6": [1, 1, 1],
						"0.7": [1, 0, 1],
						"0.9": [1, 0, 1],
						"1.3": [1, 0, 1]
					}
				},
				"lowerlleg": {
					"rotation": {
						"0.0": [0, 0, 0],
						"0.2": [17.5, 0, 0],
						"0.3": [17.5, 0, 0],
						"0.4": [17.5, 0, 0],
						"0.9": [17.5, 0, 0],
						"1.3": [0, 0, 0]
					}
				},
				"rightitem": {
					"rotation": {
						"0.4": [0, 0, 0],
						"0.6": [45, 0, 0],
						"0.9": [45, 0, 0],
						"1.3": [0, 0, 0]
					}
				},
				"polehammer_back": {
					"scale": {
						"0.0": [0, 0, 0],
						"1.3": [0, 0, 0]
					}
				}
			}
		},
		"animation.fast_paced_polehammer.attack_swing_right": {
			"animation_length": 1.3,
			"override_previous_animation": true,
			"bones": {
				"root": {
					"rotation": {
						"0.0": ["variable.is_first_person ? (math.cos(query.life_time * 100.0) * 0.200) + 0.200 : 0", "variable.is_first_person ? 187.5 : 7.5", 0],
						"0.4": ["variable.is_first_person ? (math.cos(query.life_time * 100.0) * 0.200) + 0.200 : 0", "variable.is_first_person ? 187.5 : 7.5", 0],
						"0.6": ["variable.is_first_person ? (math.cos(query.life_time * 100.0) * 0.200) + 0.200 : 0", "variable.is_first_person ? 137.5 : -42.5", 0],
						"0.9": ["variable.is_first_person ? (math.cos(query.life_time * 100.0) * 0.200) + 0.200 : 0", "variable.is_first_person ? 137.5 : -42.5", 0],
						"1.3": ["variable.is_first_person ? (math.cos(query.life_time * 100.0) * 0.200) + 0.200 : 0", "variable.is_first_person ? 187.5 : 7.5", 0]
					},
					"position": {
						"0.0": ["variable.is_first_person ? 2 : 0", "variable.is_first_person ? -3 : 0", "variable.is_first_person ? 12 : 0"],
						"0.4": [0, 0, 0],
						"0.6": ["variable.is_first_person ? 2 : 0", "variable.is_first_person ? -4 : -1", "variable.is_first_person ? 9 : -3"],
						"0.9": ["variable.is_first_person ? 2 : 0", "variable.is_first_person ? -4 : -1", "variable.is_first_person ? 9 : -3"],
						"1.3": ["variable.is_first_person ? 2 : 0", "variable.is_first_person ? -3 : 0", "variable.is_first_person ? 12 : 0"]
					}
				},
				"leftleg": {
					"rotation": {
						"0.0": [5, 0, -5],
						"0.2": [-17.5, 0, -5],
						"0.3": [-17.5, 0, -5],
						"0.4": [-17.5, 0, -5],
						"0.6": [9.44231, 40.95909, -11.18603],
						"0.9": [9.44231, 40.95909, -11.18603],
						"1.3": [5, 0, -5]
					}
				},
				"rightleg": {
					"rotation": {
						"0.0": [-12.5, 0, 0],
						"0.2": [7.5, 0, 0],
						"0.3": [7.5, 0, 0],
						"0.4": [7.5, 0, 0],
						"0.5": [-64.94565, 22.68347, -0.14234],
						"0.6": [-32.3913, 45.36694, -0.28468],
						"0.9": [-32.3913, 45.36694, -0.28468],
						"1.3": [-12.5, 0, 0]
					}
				},
				"lowerrleg": {
					"rotation": {
						"0.0": [12.5, 0, 0],
						"0.4": [12.5, 0, 0],
						"0.5": [79.58, 0, 0],
						"0.6": [30, 0, 0],
						"0.9": [30, 0, 0],
						"1.3": [12.5, 0, 0]
					}
				},
				"waist": {
					"rotation": {
						"0.0": [0, 2.5, 0],
						"0.2": [-10.3674, 22.43031, -1.17206],
						"0.3": [-10.3674, 22.43031, -1.17206],
						"0.4": [-10.19431, 19.97044, -0.69352],
						"0.6": [17.71355, -45.5092, -6.61707],
						"0.9": [17.71355, -45.5092, -6.61707],
						"1.3": [0, 2.5, 0]
					}
				},
				"leftArm": {
					"rotation": {
						"0.0": [7.5, 0, -5],
						"0.2": [-56.87402, -10.51794, -11.79286],
						"0.3": [-55.41141, -18.82943, -17.54707],
						"0.4": [-55.41141, -18.82943, -17.54707],
						"0.6": [34.58859, -18.82943, -17.54707],
						"0.9": [34.58859, -18.82943, -17.54707],
						"1.3": [7.5, 0, -5]
					}
				},
				"lowerlarm": {
					"rotation": {
						"0.0": [-12.5, 0, 0],
						"1.3": [-12.5, 0, 0]
					}
				},
				"rightArm": {
					"rotation": {
						"0.0": [-46.16841, 10.48767, 16.85507],
						"0.2": [-110.87121, -2.12727, -74.13935],
						"0.3": [-110.87121, -2.12727, -74.13935],
						"0.4": [-110.87121, -2.12727, -74.13935],
						"0.6": [-65.87121, -2.12727, -74.13935],
						"0.9": [-65.87121, -2.12727, -74.13935],
						"1.3": [-46.16841, 10.48767, 16.85507]
					}
				},
				"lowerrarm": {
					"rotation": {
						"0.0": [-125, 0, 0],
						"0.4": [-125, 0, 0],
						"0.6": [-17.5, 0, 0],
						"0.9": [-17.5, 0, 0],
						"1.3": [-125, 0, 0]
					}
				},
				"trail_pole_hammer": {
					"scale": {
						"0.0": [1, 0, 1],
						"0.4": [1, 0, 1],
						"0.5": [1, 1, 1],
						"0.6": [1, 1, 1],
						"0.7": [1, 0, 1],
						"0.9": [1, 0, 1],
						"1.3": [1, 0, 1]
					}
				},
				"lowerlleg": {
					"rotation": {
						"0.0": [0, 0, 0],
						"0.2": [17.5, 0, 0],
						"0.3": [17.5, 0, 0],
						"0.4": [17.5, 0, 0],
						"0.9": [17.5, 0, 0],
						"1.3": [0, 0, 0]
					}
				},
				"rightitem": {
					"rotation": {
						"0.4": [0, 0, 0],
						"0.6": [45, 0, 0],
						"0.9": [45, 0, 0],
						"1.3": [0, 0, 0]
					}
				},
				"polehammer_back": {
					"scale": {
						"0.0": [0, 0, 0],
						"1.3": [0, 0, 0]
					}
				}
			}
		},
		"animation.fast_paced_polehammer.attack_swing_left": {
			"animation_length": 1.1,
			"override_previous_animation": true,
			"bones": {
				"root": {
					"rotation": {
						"0.0": ["variable.is_first_person ? (math.cos(query.life_time * 100.0) * 0.200) + 0.200 : 0", "variable.is_first_person ? 187.5 : 7.5", 0],
						"0.2": ["variable.is_first_person ? (math.cos(query.life_time * 100.0) * 0.200) + 0.200 : 0", "variable.is_first_person ? 172.5 : -7.5", 0],
						"0.4": ["variable.is_first_person ? (math.cos(query.life_time * 100.0) * 0.200) + 0.200 : 0", "variable.is_first_person ? 157.5 : -22.5", 0],
						"0.6": ["variable.is_first_person ? (math.cos(query.life_time * 100.0) * 0.200) + 0.200 : 0", "variable.is_first_person ? 185 : 5", 0],
						"1.1": ["variable.is_first_person ? (math.cos(query.life_time * 100.0) * 0.200) + 0.200 : 0", "variable.is_first_person ? 187.5 : 7.5", 0]
					},
					"position": {
						"0.4": [0, 0, 0],
						"0.6": ["variable.is_first_person ? 2 : 0", "variable.is_first_person ? -4 : -1", "variable.is_first_person ? 9 : -3"],
						"1.1": ["variable.is_first_person ? 2 : 0", "variable.is_first_person ? -3 : 0", "variable.is_first_person ? 12 : 0"]
					}
				},
				"leftleg": {
					"rotation": {
						"0.0": [5, 0, -5],
						"0.2": [-4.64048, 17.34551, -2.64334],
						"0.3": [7.85952, 17.34551, -2.64334],
						"0.4": [7.85952, 17.34551, -2.64334],
						"0.5": [-78.89201, 1.16889, -6.58736],
						"0.6": [-20.28402, 2.33778, -8.17471],
						"1.1": [5, 0, -5]
					}
				},
				"rightleg": {
					"rotation": {
						"0.0": [-12.5, 0, 0],
						"0.2": [-3.66383, 9.38575, 8.25813],
						"0.3": [-11.16383, 9.38575, 8.25813],
						"0.4": [-11.16383, 9.38575, 8.25813],
						"0.5": [22.55435, 22.68347, -0.14234],
						"0.6": [25.17506, -2.17622, 2.21936],
						"1.1": [-12.5, 0, 0]
					}
				},
				"lowerrleg": {
					"rotation": {
						"0.0": [12.5, 0, 0],
						"0.4": [12.5, 0, 0],
						"0.5": [12.08, 0, 0],
						"0.6": [7.5, 0, 0],
						"1.1": [12.5, 0, 0]
					}
				},
				"waist": {
					"rotation": {
						"0.0": [0, 2.5, 0],
						"0.2": [-2.18167, 0.3945, 4.07157],
						"0.4": [7.70636, -12.06207, 4.88685],
						"0.6": [21.45503, 68.99076, 26.65359],
						"1.1": [0, 2.5, 0]
					}
				},
				"leftArm": {
					"rotation": {
						"0.0": [7.5, 0, -5],
						"0.2": [38.12598, -10.51794, -11.79286],
						"0.4": [32.08859, -18.82943, -17.54707],
						"0.6": [34.58859, -18.82943, -17.54707],
						"1.1": [7.5, 0, -5]
					}
				},
				"lowerlarm": {
					"rotation": {
						"0.0": [-12.5, 0, 0],
						"1.1": [-12.5, 0, 0]
					}
				},
				"rightArm": {
					"rotation": {
						"0.0": [-46.16841, 10.48767, 16.85507],
						"0.2": [-87.5, 0, 82.5],
						"0.3": [-87.5, 0, 82.5],
						"0.4": [-87.5, 0, 82.5],
						"0.6": [17.40743, -8.95754, 80.60816],
						"1.1": [-46.16841, 10.48767, 16.85507]
					}
				},
				"lowerrarm": {
					"rotation": {
						"0.0": [-125, 0, 0],
						"0.2": [-32.5, 0, 0],
						"0.4": [-32.5, 0, 0],
						"0.6": [-17.5, 0, 0],
						"1.1": [-125, 0, 0]
					}
				},
				"trail_pole_hammer": {
					"scale": {
						"0.0": [1, 0, 1],
						"0.4": [1, 0, 1],
						"0.5": [1, 1, 1],
						"0.6": [1, 1, 1],
						"0.7": [1, 0, 1],
						"1.1": [1, 0, 1]
					}
				},
				"lowerlleg": {
					"rotation": {
						"0.0": [0, 0, 0],
						"0.2": [17.5, 0, 0],
						"0.3": [17.5, 0, 0],
						"0.4": [17.5, 0, 0],
						"0.5": [75, 0, 0],
						"0.6": [17.5, 0, 0],
						"1.1": [0, 0, 0]
					}
				},
				"rightitem": {
					"rotation": {
						"0.4": [0, 0, 0],
						"0.6": [45, 0, 0],
						"1.1": [0, 0, 0]
					}
				},
				"polehammer_back": {
					"scale": {
						"0.0": [0, 0, 0],
						"1.1": [0, 0, 0]
					}
				}
			}
		},
		"animation.fast_paced_polehammer.charge_swing": {
			"animation_length": 10000,
			"override_previous_animation": true,
			"bones": {
				"root": {
					"rotation": {
						"0.0": ["variable.is_first_person ? (math.cos(query.life_time * 100.0) * 0.200) + 0.200 : 0", "variable.is_first_person ? 187.5 : 7.5", 0],
						"0.6": ["variable.is_first_person ? (math.cos(query.life_time * 100.0) * 0.200) + 0.200 : 0", "variable.is_first_person ? 187.5 : 7.5", 0]
					},
					"position": {
						"0.0": ["variable.is_first_person ? 2 : 0", "variable.is_first_person ? -3 : 0", "variable.is_first_person ? 12 : 0"],
						"0.6": ["variable.is_first_person ? 2 : 0", "variable.is_first_person ? -3 : 0", "variable.is_first_person ? 12 : 0"]
					}
				},
				"leftleg": {
					"rotation": {
						"0.0": [5, 0, -5],
						"0.2": [-17.5, 0, -5],
						"0.6": [-17.5, 0, -5]
					}
				},
				"rightleg": {
					"rotation": {
						"0.0": [-12.5, 0, 0],
						"0.2": [7.5, 0, 0],
						"0.6": [7.5, 0, 0]
					}
				},
				"lowerrleg": {
					"rotation": {
						"0.0": [12.5, 0, 0],
						"0.6": [12.5, 0, 0]
					}
				},
				"waist": {
					"rotation": {
						"0.0": [0, 2.5, 0],
						"0.2": [-10.3674, 22.43031, -1.17206],
						"0.6": [-12.46618, 39.59208, -5.19892]
					}
				},
				"leftArm": {
					"rotation": {
						"0.0": [7.5, 0, -5],
						"0.2": [-56.87402, -10.51794, -11.79286],
						"0.6": [-50.25186, -32.82818, -29.26813]
					}
				},
				"lowerlarm": {
					"rotation": [-12.5, 0, 0]
				},
				"rightArm": {
					"rotation": {
						"0.0": [-46.16841, 10.48767, 16.85507],
						"0.2": [-110.87121, -2.12727, -74.13935],
						"0.6": [-141.54618, 14.20427, -80.48411]
					}
				},
				"lowerrarm": {
					"rotation": {
						"0.0": [-125, 0, 0],
						"0.3": [-120, 0, 0],
						"0.6": [-80, 0, 0]
					}
				},
				"trail_pole_hammer": {
					"scale": {
						"0.0": [1, 0, 1],
						"0.6": [1, 0, 1]
					}
				},
				"lowerlleg": {
					"rotation": {
						"0.0": [0, 0, 0],
						"0.2": [17.5, 0, 0],
						"0.6": [17.5, 0, 0]
					}
				},
				"rightitem": {
					"rotation": [0, 0, 0]
				},
				"polehammer_back": {
					"scale": 0
				}
			}
		},
		"animation.fast_paced_polehammer.ability_swing": {
			"animation_length": 1,
			"override_previous_animation": true,
			"bones": {
				"root": {
					"rotation": {
						"0.0": ["variable.is_first_person ? (math.cos(query.life_time * 100.0) * 0.200) + 0.200 : 0", "variable.is_first_person ? 187.5 : 7.5", 0],
						"0.2": ["variable.is_first_person ? (math.cos(query.life_time * 100.0) * 0.200) + 0.200 : 0", "variable.is_first_person ? 137.5 : -42.5", 0],
						"0.5": ["variable.is_first_person ? (math.cos(query.life_time * 100.0) * 0.200) + 0.200 : 0", "variable.is_first_person ? 137.5 : -42.5", 0],
						"0.9": ["variable.is_first_person ? (math.cos(query.life_time * 100.0) * 0.200) + 0.200 : 0", "variable.is_first_person ? 187.5 : 7.5", 0]
					},
					"position": {
						"0.0": ["variable.is_first_person ? 2 : 0", "variable.is_first_person ? -3 : 0", "variable.is_first_person ? 12 : 0"],
						"0.2": ["variable.is_first_person ? 2 : 0", "variable.is_first_person ? -4 : -1", "variable.is_first_person ? 9 : -3"],
						"0.5": ["variable.is_first_person ? 2 : 0", "variable.is_first_person ? -4 : -1", "variable.is_first_person ? 9 : -3"],
						"0.9": ["variable.is_first_person ? 2 : 0", "variable.is_first_person ? -3 : 0", "variable.is_first_person ? 12 : 0"]
					}
				},
				"leftleg": {
					"rotation": {
						"0.0": [-17.5, 0, -5],
						"0.2": [9.44231, 40.95909, -11.18603],
						"0.5": [9.44231, 40.95909, -11.18603],
						"0.9": [5, 0, -5]
					}
				},
				"rightleg": {
					"rotation": {
						"0.0": [7.5, 0, 0],
						"0.2": [-32.3913, 45.36694, -0.28468],
						"0.5": [-32.3913, 45.36694, -0.28468],
						"0.9": [-12.5, 0, 0]
					}
				},
				"lowerrleg": {
					"rotation": {
						"0.0": [12.5, 0, 0],
						"0.2": [30, 0, 0],
						"0.5": [30, 0, 0],
						"0.9": [12.5, 0, 0]
					}
				},
				"waist": {
					"rotation": {
						"0.0": [-12.46618, 39.59208, -5.19892],
						"0.2": [17.71355, -45.5092, -6.61707],
						"0.5": [17.71355, -45.5092, -6.61707],
						"0.9": [0, 2.5, 0]
					}
				},
				"leftArm": {
					"rotation": {
						"0.0": [-50.25186, -32.82818, -29.26813],
						"0.2": [34.58859, -18.82943, -17.54707],
						"0.5": [34.58859, -18.82943, -17.54707],
						"0.9": [7.5, 0, -5]
					}
				},
				"lowerlarm": {
					"rotation": {
						"0.0": [-12.5, 0, 0],
						"0.9": [-12.5, 0, 0]
					}
				},
				"rightArm": {
					"rotation": {
						"0.0": [-141.54618, 14.20427, -80.48411],
						"0.2": [-65.87121, -2.12727, -74.13935],
						"0.5": [-65.87121, -2.12727, -74.13935],
						"0.9": [-46.16841, 10.48767, 16.85507]
					}
				},
				"lowerrarm": {
					"rotation": {
						"0.0": [-80, 0, 0],
						"0.2": [-17.5, 0, 0],
						"0.5": [-17.5, 0, 0],
						"0.9": [-125, 0, 0]
					}
				},
				"trail_pole_hammer": {
					"scale": {
						"0.0": [1, 0, 1],
						"0.2": [1, 1, 1],
						"0.3": [1, 0, 1],
						"0.5": [1, 0, 1],
						"0.9": [1, 0, 1]
					}
				},
				"lowerlleg": {
					"rotation": {
						"0.0": [17.5, 0, 0],
						"0.9": [17.5, 0, 0]
					}
				},
				"rightitem": {
					"rotation": {
						"0.0": [0, 0, 0],
						"0.2": [45, 0, 0],
						"0.5": [45, 0, 0],
						"0.9": [0, 0, 0]
					}
				},
				"polehammer_back": {
					"scale": {
						"0.0": [0, 0, 0],
						"0.9": [0, 0, 0]
					}
				}
			}
		},
		"animation.fast_paced_polehammer.charge_smash": {
			"loop": "hold_on_last_frame",
			"animation_length": 10000,
			"override_previous_animation": true,
			"bones": {
				"root": {
					"rotation": {
						"0.0": ["variable.is_first_person ? (math.cos(query.life_time * 100.0) * 0.200) + 0.200 : 0", "variable.is_first_person ? 187.5 : 7.5", 0],
						"0.6": ["variable.is_first_person ? (math.cos(query.life_time * 100.0) * 0.200) + 0.200 : 0", "variable.is_first_person ? 187.5 : 7.5", 0],
						"1.2": ["variable.is_first_person ? (math.cos(query.life_time * 100.0) * 0.200) + 0.200 : 0", "variable.is_first_person ? 187.5 : 7.5", 0]
					},
					"position": {
						"0.0": ["variable.is_first_person ? 2 : 0", "variable.is_first_person ? -3 : 0", "variable.is_first_person ? 12 : 0"],
						"0.6": ["variable.is_first_person ? 2 : 0", "variable.is_first_person ? -3.04 : -0.04", "variable.is_first_person ? 12 : 0"],
						"1.2": ["variable.is_first_person ? 2 : 0", "variable.is_first_person ? -4 : -1", "variable.is_first_person ? 12 : 0"]
					}
				},
				"leftleg": {
					"rotation": {
						"0.0": [5, 0, -5],
						"0.4": [-7.61243, 0.39598, -10.21557],
						"0.6": [-12.61243, 0.39598, -10.21557],
						"1.2": [-18.02909, 0.39598, -10.21557]
					}
				},
				"lowerlleg": {
					"rotation": {
						"0.0": [2.5, 0, 0],
						"0.6": [16, 0, 0],
						"1.2": [20, 0, 0]
					}
				},
				"rightleg": {
					"rotation": {
						"0.0": [-12.5, 0, 0],
						"0.4": [-22.64068, -2.24944, 7.15656],
						"0.6": [-22.64068, -2.24944, 7.15656],
						"1.2": [-22.64068, -2.24944, 7.15656]
					}
				},
				"lowerrleg": {
					"rotation": {
						"0.0": [12.5, 0, 0],
						"0.4": [27.5, 0, 0],
						"0.6": [27.5, 0, 0],
						"1.2": [20, 0, 0]
					}
				},
				"waist": {
					"rotation": {
						"0.0": [0, 2.5, 0],
						"0.4": [9.7986, -4.76883, -1.8944],
						"1.2": [-25.2014, -4.76883, -1.8944]
					}
				},
				"leftArm": {
					"rotation": {
						"0.0": [7.5, 0, -5],
						"0.4": [-23.16783, 34.49016, 35.02621],
						"0.6": [-81.37452, 55.66523, -13.16988],
						"1.2": [-147.75969, 18.58046, -29.58613]
					}
				},
				"rightArm": {
					"rotation": {
						"0.0": [-46.16841, 10.48767, 16.85507],
						"0.4": [-36.14748, -0.54546, -38.97099],
						"0.6": [-68.15782, -12.8139, -25.95487],
						"0.9": [-140.6987, -24.40127, 28.04495],
						"1.2": [-179.93228, -3.26342, 49.09909]
					}
				},
				"lowerrarm": {
					"rotation": {
						"0.0": [-125, 0, 0],
						"0.6": [-37.5, 0, 0],
						"1.2": [-22.5, 0, 0]
					}
				},
				"rightitem": {
					"rotation": {
						"0.0": [10, 0, 0],
						"0.6": [8.72149, -28.68488, 36.22118],
						"1.2": [5.29602, -15.00844, 46.46861]
					}
				},
				"lowerlarm": {
					"rotation": {
						"0.0": [-12.5, 0, 0],
						"0.6": [-10, 0, 0]
					}
				},
				"trail_pole_hammer": {
					"scale": [1, 0, 1]
				},
				"polehammer_back": {
					"scale": 0
				}
			}
		},
		"animation.fast_paced_polehammer.ability_smash": {
			"loop": "hold_on_last_frame",
			"animation_length": 1,
			"override_previous_animation": true,
			"bones": {
				"root": {
					"rotation": {
						"0.0": ["variable.is_first_person ? (math.cos(query.life_time * 100.0) * 0.200) + 0.200 : 0", "variable.is_first_person ? 187.5 : 7.5", 0],
						"0.9": ["variable.is_first_person ? (math.cos(query.life_time * 100.0) * 0.200) + 0.200 : 0", "variable.is_first_person ? 187.5 : 7.5", 0]
					},
					"position": {
						"0.0": ["variable.is_first_person ? 2 : 0", "variable.is_first_person ? -4 : -1", "variable.is_first_person ? 12 : 0"],
						"0.2": ["variable.is_first_person ? 2 : 0", "variable.is_first_person ? -4 : -1", "variable.is_first_person ? 12 : 0"],
						"0.3": ["variable.is_first_person ? 2 : 0", "variable.is_first_person ? -5 : -2", "variable.is_first_person ? 12 : 0"],
						"0.5": ["variable.is_first_person ? 2 : 0", "variable.is_first_person ? -5 : -2", "variable.is_first_person ? 12 : 0"],
						"0.9": ["variable.is_first_person ? 2 : 0", "variable.is_first_person ? -3 : 0", "variable.is_first_person ? 12 : 0"]
					}
				},
				"leftleg": {
					"rotation": {
						"0.0": [-18.02909, 0.39598, -10.21557],
						"0.2": [-18.02909, 0.39598, -10.21557],
						"0.3": [-45.52909, 0.39598, -10.21557],
						"0.5": [-45.52909, 0.39598, -10.21557],
						"0.9": [5, 0, -5]
					}
				},
				"lowerlleg": {
					"rotation": {
						"0.0": [20, 0, 0],
						"0.3": [52.5, 0, 0],
						"0.5": [52.5, 0, 0],
						"0.9": [20, 0, 0]
					}
				},
				"rightleg": {
					"rotation": {
						"0.0": [-22.64068, -2.24944, 7.15656],
						"0.2": [-22.64068, -2.24944, 7.15656],
						"0.3": [42.35932, -2.24944, 7.15656],
						"0.5": [42.35932, -2.24944, 7.15656],
						"0.9": [-12.5, 0, 0]
					}
				},
				"lowerrleg": {
					"rotation": {
						"0.0": [20, 0, 0],
						"0.9": [12.5, 0, 0]
					}
				},
				"waist": {
					"rotation": {
						"0.0": [-25.2014, -4.76883, -1.8944],
						"0.2": [29.7986, -4.76883, -1.8944],
						"0.3": [79.7986, -4.76883, -1.8944],
						"0.5": [79.7986, -4.76883, -1.8944],
						"0.9": [0, 2.5, 0]
					}
				},
				"leftArm": {
					"rotation": {
						"0.0": [-147.75969, 18.58046, -29.58613],
						"0.2": [-147.75969, 18.58046, -29.58613],
						"0.3": [-106.55455, 37.00458, -25.29633],
						"0.5": [-106.55455, 37.00458, -25.29633],
						"0.9": [7.5, 0, -5]
					}
				},
				"rightArm": {
					"rotation": {
						"0.0": [-179.93228, -3.26342, 49.09909],
						"0.2": [-179.93228, -3.26342, 49.09909],
						"0.3": [-39.52465, -25.60611, -37.04314],
						"0.5": [-39.52465, -25.60611, -37.04314],
						"0.9": [-46.16841, 10.48767, 16.85507]
					}
				},
				"lowerrarm": {
					"rotation": {
						"0.0": [-37.5, 0, 0],
						"0.5": [-37.5, 0, 0],
						"0.9": [-125, 0, 0]
					}
				},
				"rightitem": {
					"rotation": {
						"0.0": [8.72149, -28.68488, 36.22118],
						"0.5": [8.72149, -28.68488, 36.22118],
						"0.9": [0, 0, 0]
					}
				},
				"lowerlarm": {
					"rotation": {
						"0.0": [-10, 0, 0],
						"0.5": [-10, 0, 0],
						"0.9": [-12.5, 0, 0]
					}
				},
				"trail_pole_hammer": {
					"scale": {
						"0.0": [1, 0, 1],
						"0.1": [1, 0, 1],
						"0.2": [1, 1, 1],
						"0.3": [1, 1, 1],
						"0.4": [1, 0, 1],
						"0.5": [1, 0, 1],
						"0.9": [1, 0, 1]
					}
				},
				"polehammer_back": {
					"scale": 0
				}
			}
		},
		"animation.fast_paced_polehammer.unsheathe": {
			"loop": "hold_on_last_frame",
			"animation_length": 1.12,
			"override_previous_animation": true,
			"bones": {
				"waist": {
					"rotation": {
						"0.52": [0, 0, 0],
						"0.72": [0, 2.5, 0]
					}
				},
				"leftArm": {
					"rotation": {
						"0.52": [0, 0, 0],
						"0.72": [7.5, 0, -5]
					},
					"position": [0, 0, 0]
				},
				"lowerlarm": {
					"rotation": {
						"0.52": [0, 0, 0],
						"0.72": [-12.5, 0, 0]
					}
				},
				"rightArm": {
					"rotation": {
						"0.0": [0, 0, 0],
						"0.24": [-137.81374, 17.38772, -18.2489],
						"0.52": [4.26482, 17.09854, 5.32286],
						"0.72": [-46.16841, 10.48767, 16.85507]
					}
				},
				"lowerrarm": {
					"rotation": {
						"0.0": [0, 0, 0],
						"0.24": [-97.5, 0, 0],
						"0.52": [-20, 0, 0],
						"0.72": [-125, 0, 0]
					}
				},
				"rightitem": {
					"rotation": {
						"0.28": [0, 0, 90],
						"0.52": [0, 0, 0]
					},
					"position": {
						"0.28": [1, 0, 0],
						"0.52": [0, 0, 0]
					},
					"scale": {
						"0.0": [0, 0, 0],
						"0.24": [0, 0, 0],
						"0.28": [1, 1, 1]
					}
				},
				"root": {
					"rotation": {
						"0.52": [0, 0, 0],
						"0.72": ["variable.is_first_person ? (math.cos(query.life_time * 100.0) * 0.200) + 0.200 : 0", "variable.is_first_person ? 187.5 : 7.5", 0]
					},
					"position": {
						"0.0": [0, -1, 0],
						"0.72": ["variable.is_first_person ? 2 : 0", "variable.is_first_person ? -3 : 0", "variable.is_first_person ? 12 : 0"]
					}
				},
				"leftleg": {
					"rotation": [5, 0, -5]
				},
				"rightleg": {
					"rotation": [-12.5, 0, 0]
				},
				"lowerrleg": {
					"rotation": [12.5, 0, 0]
				},
				"trail_pole_hammer": {
					"scale": [1, 0, 1]
				},
				"polehammer_back": {
					"scale": {
						"0.0": [1, 1, 1],
						"0.24": [1, 1, 1],
						"0.28": [0, 0, 0]
					}
				}
			}
		}
	}
}