{
	"format_version": "1.8.0",
	"animations": {
		"animation.fast_paced_mace.base_pose": {
			"loop": true,
			"override_previous_animation": true,
			"bones": {
				"root": {
					"rotation": ["variable.is_first_person ? (math.cos(query.life_time * 100.0) * 0.200) + 0.200 : 0", "variable.is_first_person ? 195 : 15", 0],
					"position": ["variable.is_first_person ? 2 : 0", "variable.is_first_person ? -3 : 0", "variable.is_first_person ? 12 : 0"]
				},
				"leftleg": {
					"rotation": [-14.77118, -18.05149, -4.31738]
				},
				"rightleg": {
					"rotation": [4.61306, 57.14429, 14.71886]
				},
				"waist": {
					"rotation": [2.64174, 22.48999, 0.46971]
				},
				"leftArm": {
					"rotation": [4.99762, 0.10901, -7.49762]
				},
				"lowerlarm": {
					"rotation": [-10, 0, 0]
				},
				"rightArm": {
					"rotation": [21.83032, 34.30974, 13.84785]
				},
				"lowerrarm": {
					"rotation": [-20, 0, 0]
				},
				"trail_mace": {
					"scale": [1, 0, 1]
				},
				"lowerlleg": {
					"rotation": [12.5, 0, 0]
				},
				"lowerrleg": {
					"rotation": [5, 0, 0]
				},
				"mace_back": {
					"scale": 0
				}
			}
		},
		"animation.fast_paced_mace.attack_swing_right": {
			"animation_length": 1.4,
			"override_previous_animation": true,
			"bones": {
				"waist": {
					"rotation": {
						"0.0": [2.64174, 22.48999, 0.46971],
						"0.2": [2.69292, 24.98729, 0.5968],
						"0.4": [2.4618, 7.50468, -0.2197],
						"0.52": [15.71169, -19.05183, -7.46516],
						"0.56": [16.2531, -23.85885, -8.94395],
						"0.84": [16.2531, -23.85885, -8.94395],
						"1.32": [2.64174, 22.48999, 0.46971]
					}
				},
				"leftArm": {
					"rotation": {
						"0.0": [4.99762, 0.10901, -7.49762],
						"0.32": [9.98266, 27.03313, -73.24803],
						"0.52": [42.8609, 12.78203, -26.24832],
						"0.84": [42.8609, 12.78203, -26.24832],
						"1.32": [4.99762, 0.10901, -7.49762]
					}
				},
				"lowerlarm": {
					"rotation": {
						"0.0": [-10, 0, 0],
						"0.12": [-13, 0, 0],
						"0.32": [-14, 0, 0],
						"0.52": [-50, 0, 0],
						"0.84": [-50, 0, 0],
						"1.32": [-10, 0, 0]
					}
				},
				"rightArm": {
					"rotation": {
						"0.0": [21.83032, 34.30974, 13.84785],
						"0.2": [-163.6108, 39.92271, -16.24114],
						"0.4": [-67.09247, 14.87269, -61.20058],
						"0.52": [-40.9744, -1.71805, -68.97543],
						"0.56": [-98.79882, 1.19883, 71.28929],
						"0.84": [-98.79882, 1.19883, 71.28929],
						"1.32": [21.83032, 34.30974, 13.84785]
					}
				},
				"lowerrarm": {
					"rotation": {
						"0.0": [-20, 0, 0],
						"0.2": [-82.5, 0, 0],
						"0.4": [-7.5, 0, 0],
						"0.52": [-7.5, 0, 0],
						"0.56": [-31.14836, 3.40241, -4.26583],
						"0.84": [-31.14836, 3.40241, -4.26583],
						"1.32": [-20, 0, 0]
					}
				},
				"trail_mace": {
					"scale": {
						"0.0": [1, 0, 1],
						"0.2": [1, 0, 1],
						"0.28": [1, 1, 1],
						"0.4": [1, 1, 1],
						"0.52": [1, 0, 1],
						"0.84": [1, 0, 1],
						"1.32": [1, 0, 1]
					}
				},
				"root": {
					"rotation": {
						"0.0": ["variable.is_first_person ? (math.cos(query.life_time * 100.0) * 0.200) + 0.200 : 0", "variable.is_first_person ? 195 : 15", 0],
						"0.2": ["variable.is_first_person ? (math.cos(query.life_time * 100.0) * 0.200) + 0.200 : 0", "variable.is_first_person ? 197.5 : 17.5", 0],
						"0.32": ["variable.is_first_person ? (math.cos(query.life_time * 100.0) * 0.200) + 0.200 : 0", "variable.is_first_person ? 155 : -25", 0],
						"0.52": ["variable.is_first_person ? (math.cos(query.life_time * 100.0) * 0.200) + 0.200 : 0", "variable.is_first_person ? 115 : -75", 0],
						"0.56": ["variable.is_first_person ? (math.cos(query.life_time * 100.0) * 0.200) + 0.200 : 0", "variable.is_first_person ? 92.5 : -87.5", 0],
						"0.84": ["variable.is_first_person ? (math.cos(query.life_time * 100.0) * 0.200) + 0.200 : 0", "variable.is_first_person ? 92.5 : -87.5", 0],
						"1.32": ["variable.is_first_person ? (math.cos(query.life_time * 100.0) * 0.200) + 0.200 : 0", "variable.is_first_person ? 195 : 15", 0]
					},
					"position": {
						"0.0": ["variable.is_first_person ? 2 : 0", "variable.is_first_person ? -3 : 0", "variable.is_first_person ? 12 : 0"],
						"0.32": ["variable.is_first_person ? 2 : 0", "variable.is_first_person ? -4 : -1", "variable.is_first_person ? 12 : 0"],
						"0.84": ["variable.is_first_person ? 2 : 0", "variable.is_first_person ? -4 : -1", "variable.is_first_person ? 12 : 0"],
						"1.32": ["variable.is_first_person ? 2 : 0", "variable.is_first_person ? -3 : 0", "variable.is_first_person ? 12 : 0"]
					}
				},
				"rightleg": {
					"rotation": {
						"0.0": [4.61306, 57.14429, 14.71886],
						"0.2": [-0.14613, -4.70913, 13.60056],
						"0.4": [-61.40506, 28.66717, 3.18198],
						"0.52": [-21.05701, 70.3206, 11.14759],
						"0.56": [2.19891, 79.11623, 34.65518],
						"0.84": [2.19891, 79.11623, 34.65518],
						"1.32": [4.61306, 57.14429, 14.71886]
					}
				},
				"leftleg": {
					"rotation": {
						"0.0": [-14.77118, -18.05149, -4.31738],
						"0.52": [-22.16056, 1.93387, -5.09443],
						"0.84": [-22.16056, 1.93387, -5.09443],
						"1.32": [-14.77118, -18.05149, -4.31738]
					}
				},
				"lowerlleg": {
					"rotation": {
						"0.0": [12.5, 0, 0],
						"0.4": [12.5, 0, 0],
						"0.52": [27.5, 0, 0],
						"0.84": [27.5, 0, 0],
						"1.32": [12.5, 0, 0]
					}
				},
				"lowerrleg": {
					"rotation": {
						"0.0": [5, 0, 0],
						"0.2": [24.17, 0, 0],
						"0.32": [67.5, 0, 0],
						"0.52": [27.5, 0, 0],
						"0.84": [27.5, 0, 0],
						"1.32": [5, 0, 0]
					}
				},
				"mace_back": {
					"scale": {
						"0.0": [0, 0, 0],
						"1.32": [0, 0, 0]
					}
				}
			}
		},
		"animation.fast_paced_mace.attack_swing_left": {
			"animation_length": 1.4,
			"override_previous_animation": true,
			"bones": {
				"waist": {
					"rotation": {
						"0.0": [16.2531, -23.85885, -8.94395],
						"0.1": [22.02192, -20.95286, -9.86506],
						"0.2": [15.06104, 9.91939, 0.43534],
						"0.3": [28.11655, 43.3697, 12.26648],
						"0.7": [28.11655, 43.3697, 12.26648],
						"1.2": [2.64174, 22.48999, 0.46971]
					}
				},
				"leftArm": {
					"rotation": {
						"0.0": [42.8609, 12.78203, -26.24832],
						"0.2": [10.5665, 19.97801, -74.77152],
						"0.3": [-18.65894, 32.46169, -30.14018],
						"0.7": [-18.65894, 32.46169, -30.14018],
						"1.2": [4.99762, 0.10901, -7.49762]
					}
				},
				"lowerlarm": {
					"rotation": {
						"0.0": [-50, 0, 0],
						"0.2": [-37.5, 0, 0],
						"0.3": [-52.5, 0, 0],
						"0.7": [-52.5, 0, 0],
						"1.2": [-10, 0, 0]
					}
				},
				"rightArm": {
					"rotation": {
						"0.0": [-98.79882, 1.19883, 71.28929],
						"0.1": [-111.22282, 7.31921, 54.82686],
						"0.2": [46.26058, 13.8607, 58.94748],
						"0.3": [49.43468, 20.27573, 45.05103],
						"0.7": [49.43468, 20.27573, 45.05103],
						"1.2": [21.83032, 34.30974, 13.84785]
					}
				},
				"lowerrarm": {
					"rotation": {
						"0.0": [-31.14836, 3.40241, -4.26583],
						"0.1": [-34.4817, 3.40241, -4.26583],
						"0.3": [-11.14836, 3.40241, -4.26583],
						"0.7": [-11.14836, 3.40241, -4.26583],
						"1.2": [-20, 0, 0]
					}
				},
				"trail_mace": {
					"scale": {
						"0.0": [0, 0, 0],
						"0.1": [1, 1, 1],
						"0.2": [1, 1, 1],
						"0.3": [1, 0, 1],
						"0.7": [1, 0, 1],
						"1.2": [1, 0, 1]
					}
				},
				"root": {
					"rotation": {
						"0.0": ["variable.is_first_person ? (math.cos(query.life_time * 100.0) * 0.200) + 0.200 : 0", "variable.is_first_person ? 92.5 : -87.5", 0],
						"0.1": ["variable.is_first_person ? (math.cos(query.life_time * 100.0) * 0.200) + 0.200 : 0", "variable.is_first_person ? 182.5 : -97.5", 0],
						"0.2": ["variable.is_first_person ? (math.cos(query.life_time * 100.0) * 0.200) + 0.200 : 0", "variable.is_first_person ? 177.5 : -2.5", 0],
						"0.3": ["variable.is_first_person ? (math.cos(query.life_time * 100.0) * 0.200) + 0.200 : 0", "variable.is_first_person ? 197.5 : 17.5", 0],
						"0.7": ["variable.is_first_person ? (math.cos(query.life_time * 100.0) * 0.200) + 0.200 : 0", "variable.is_first_person ? 197.5 : 17.5", 0],
						"1.2": ["variable.is_first_person ? (math.cos(query.life_time * 100.0) * 0.200) + 0.200 : 0", "variable.is_first_person ? 195 : 15", 0]
					},
					"position": {
						"0.0": ["variable.is_first_person ? 2 : 0", "variable.is_first_person ? -4 : -1", "variable.is_first_person ? 12 : 0"],
						"0.1": ["variable.is_first_person ? 2 : 0", "variable.is_first_person ? -3 : 0", "variable.is_first_person ? 12 : 0"],
						"0.3": ["variable.is_first_person ? 2 : 0", "variable.is_first_person ? -4 : -1", "variable.is_first_person ? 12 : 0"],
						"0.7": ["variable.is_first_person ? 2 : 0", "variable.is_first_person ? -4 : -1", "variable.is_first_person ? 12 : 0"],
						"1.2": ["variable.is_first_person ? 2 : 0", "variable.is_first_person ? -3 : 0", "variable.is_first_person ? 12 : 0"]
					}
				},
				"rightleg": {
					"rotation": {
						"0.0": [2.19891, 79.11623, 34.65518],
						"0.1": [-181.48628, 85.78275, -151.82396],
						"0.2": [14.76276, 73.80127, 26.73048],
						"0.3": [0.99869, 49.39241, 14.51845],
						"0.7": [0.99869, 49.39241, 14.51845],
						"1.2": [4.61306, 57.14429, 14.71886]
					}
				},
				"leftleg": {
					"rotation": {
						"0.0": [-22.16056, 1.93387, -5.09443],
						"0.1": [-27.16056, 1.93387, -5.09443],
						"0.2": [-54.66056, 1.93387, -5.09443],
						"0.3": [-23.59433, -14.78432, -5.77919],
						"0.7": [-23.59433, -14.78432, -5.77919],
						"1.2": [-14.77118, -18.05149, -4.31738]
					}
				},
				"lowerlleg": {
					"rotation": {
						"0.0": [27.5, 0, 0],
						"0.2": [52.5, 0, 0],
						"0.3": [25, 0, 0],
						"0.7": [25, 0, 0],
						"1.2": [12.5, 0, 0]
					}
				},
				"lowerrleg": {
					"rotation": {
						"0.0": [27.5, 0, 0],
						"0.3": [17.5, 0, 0],
						"0.7": [17.5, 0, 0],
						"1.2": [5, 0, 0]
					}
				},
				"mace_back": {
					"scale": 0
				}
			}
		},
		"animation.fast_paced_mace.attack_swing_right_1": {
			"animation_length": 1.2,
			"override_previous_animation": true,
			"bones": {
				"waist": {
					"rotation": {
						"0.0": [28.11655, 43.3697, 12.26648],
						"0.12": [20.04508, 1.84577, -7.20933],
						"0.2": [26.51363, -39.87782, -25.61989],
						"0.32": [24.24978, -43.37886, -14.24913],
						"0.36": [12.83577, -31.35127, 0.16183],
						"0.76": [12.83577, -31.35127, 0.16183],
						"1.2": [2.64174, 22.48999, 0.46971]
					}
				},
				"leftArm": {
					"rotation": {
						"0.0": [-18.65894, 32.46169, -30.14018],
						"0.12": [-36.4363, 6.46421, -79.29362],
						"0.36": [26.03733, -2.35655, -17.31228],
						"0.76": [26.03733, -2.35655, -17.31228],
						"1.2": [4.99762, 0.10901, -7.49762]
					}
				},
				"lowerlarm": {
					"rotation": {
						"0.0": [-52.5, 0, 0],
						"0.12": [-7.5, 0, 0],
						"0.36": [-60, 0, 0],
						"0.76": [-60, 0, 0],
						"1.2": [-10, 0, 0]
					}
				},
				"rightArm": {
					"rotation": {
						"0.0": [-207.19243, -19.06818, -92.89946],
						"0.2": [-87.33983, -4.08504, -92.17123],
						"0.32": [-58.69668, -12.46516, -82.78963],
						"0.36": [-92.41419, -6.08732, 43.67482],
						"0.44": [-107.26292, -4.497, 68.73356],
						"0.76": [-107.26292, -4.497, 68.73356],
						"1.2": [21.83032, 34.30974, 13.84785]
					}
				},
				"lowerrarm": {
					"rotation": {
						"0.0": [-66.14836, 3.40241, -4.26583],
						"0.2": [-16.14836, 3.40241, -4.26583],
						"0.32": [-1.14838, 1.18752, -2.49925],
						"0.36": [-28.54297, 1.78286, -2.38019],
						"0.44": [-38.54297, 1.78286, -2.38019],
						"0.76": [-38.54297, 1.78286, -2.38019],
						"1.2": [-20, 0, 0]
					}
				},
				"trail_mace": {
					"scale": {
						"0.0": [1, 0, 1],
						"0.08": [1, 1, 1],
						"0.28": [1, 1, 1],
						"0.36": [1, 0, 1],
						"0.76": [1, 0, 1],
						"1.2": [1, 0, 1]
					}
				},
				"root": {
					"rotation": {
						"0.0": ["variable.is_first_person ? (math.cos(query.life_time * 100.0) * 0.200) + 0.200 : 0", "variable.is_first_person ? 197.5 : 17.5", 0],
						"0.12": ["variable.is_first_person ? (math.cos(query.life_time * 100.0) * 0.200) + 0.200 : 0", "variable.is_first_person ? 165: -15", 0],
						"0.32": ["variable.is_first_person ? (math.cos(query.life_time * 100.0) * 0.200) + 0.200 : 0", "variable.is_first_person ? 145 : -35", 0],
						"0.36": ["variable.is_first_person ? (math.cos(query.life_time * 100.0) * 0.200) + 0.200 : 0", "variable.is_first_person ? 117.5 : -62.5", 0],
						"0.76": ["variable.is_first_person ? (math.cos(query.life_time * 100.0) * 0.200) + 0.200 : 0", "variable.is_first_person ? 117.5 : -62.5", 0],
						"1.2": ["variable.is_first_person ? (math.cos(query.life_time * 100.0) * 0.200) + 0.200 : 0", "variable.is_first_person ? 195 : 15", 0]
					},
					"position": {
						"0.0": ["variable.is_first_person ? 2 : 0", "variable.is_first_person ? -4 : -1", "variable.is_first_person ? 12 : 0"],
						"0.12": ["variable.is_first_person ? 2 : 0", "variable.is_first_person ? -3 : 0", "variable.is_first_person ? 12 : 0"],
						"0.32": ["variable.is_first_person ? 2 : 0", "variable.is_first_person ? -4 : -1", "variable.is_first_person ? 12 : 0"],
						"0.76": ["variable.is_first_person ? 2 : 0", "variable.is_first_person ? -4 : -1", "variable.is_first_person ? 12 : 0"],
						"1.2": ["variable.is_first_person ? 2 : 0", "variable.is_first_person ? -3 : 0", "variable.is_first_person ? 12 : 0"]
					}
				},
				"rightleg": {
					"rotation": {
						"0.0": [0.99869, 49.39241, 14.51845],
						"0.12": [-17.92043, 24.40144, 11.30984],
						"0.2": [-68.27273, 14.84776, 1.24393],
						"0.32": [-36.24338, 26.69939, 1.65121],
						"0.36": [-28.15452, 58.31441, 5.7735],
						"0.76": [-28.15452, 58.31441, 5.7735],
						"1.2": [4.61306, 57.14429, 14.71886]
					}
				},
				"leftleg": {
					"rotation": {
						"0.0": [-23.59433, -14.78432, -5.77919],
						"0.12": [-20.77676, -40.9125, -3.20286],
						"0.2": [-5.78372, -65.6332, -16.6845],
						"0.76": [-5.78372, -65.6332, -16.6845],
						"1.2": [-14.77118, -18.05149, -4.31738]
					}
				},
				"lowerlleg": {
					"rotation": {
						"0.0": [25, 0, 0],
						"1.2": [12.5, 0, 0]
					}
				},
				"lowerrleg": {
					"rotation": {
						"0.0": [17.5, 0, 0],
						"0.2": [62.5, 0, 0],
						"0.32": [30, 0, 0],
						"0.76": [30, 0, 0],
						"1.2": [5, 0, 0]
					}
				},
				"mace_back": {
					"scale": {
						"0.0": [0, 0, 0],
						"1.2": [0, 0, 0]
					}
				}
			}
		},
		"animation.fast_paced_mace.attack_swing_left_1": {
			"animation_length": 0.9,
			"override_previous_animation": true,
			"bones": {
				"waist": {
					"rotation": {
						"0.0": [12.83577, -31.35127, 0.16183],
						"0.1": [23.21274, -43.27074, -4.48685],
						"0.2": [12.89932, 15.86151, -2.0636],
						"0.3": [14.81199, 32.86218, 2.52024],
						"0.7": [2.64174, 22.48999, 0.46971]
					}
				},
				"leftArm": {
					"rotation": {
						"0.0": [26.03733, -2.35655, -17.31228],
						"0.2": [-46.41574, 16.92567, -64.34197],
						"0.3": [-28.72212, 32.2872, -46.15711],
						"0.7": [4.99762, 0.10901, -7.49762]
					}
				},
				"lowerlarm": {
					"rotation": {
						"0.0": [-60, 0, 0],
						"0.2": [-20, 0, 0],
						"0.3": [-50, 0, 0],
						"0.7": [-10, 0, 0]
					}
				},
				"rightArm": {
					"rotation": {
						"0.0": [-107.26292, -4.497, 68.73356],
						"0.1": [-95.42261, 6.42218, 78.36073],
						"0.2": [-10.35794, -0.95518, 79.71398],
						"0.3": [47.14206, -0.95518, 79.71398],
						"0.7": [21.83032, 34.30974, 13.84785]
					}
				},
				"lowerrarm": {
					"rotation": {
						"0.0": [-38.54297, 1.78286, -2.38019],
						"0.1": [-38.54297, 1.78286, -2.38019],
						"0.3": [-8.54297, 1.78286, -2.38019],
						"0.7": [-20, 0, 0]
					}
				},
				"trail_mace": {
					"scale": {
						"0.0": [1, 0, 1],
						"0.1": [1, 0, 1],
						"0.2": [1, 1, 1],
						"0.3": [1, 1, 1],
						"0.4": [1, 0, 1],
						"0.7": [1, 0, 1]
					}
				},
				"root": {
					"rotation": {
						"0.0": ["variable.is_first_person ? (math.cos(query.life_time * 100.0) * 0.200) + 0.200 : 0", "variable.is_first_person ? 117.5 : -62.5", 0],
						"0.1": ["variable.is_first_person ? (math.cos(query.life_time * 100.0) * 0.200) + 0.200 : 0", "variable.is_first_person ? 102.5 : -77.5", 0],
						"0.2": ["variable.is_first_person ? (math.cos(query.life_time * 100.0) * 0.200) + 0.200 : 0", "variable.is_first_person ? 182.5 : 2.5", 0],
						"0.3": ["variable.is_first_person ? (math.cos(query.life_time * 100.0) * 0.200) + 0.200 : 0", "variable.is_first_person ? 210 : 30", 0],
						"0.7": ["variable.is_first_person ? (math.cos(query.life_time * 100.0) * 0.200) + 0.200 : 0", "variable.is_first_person ? 195 : 15", 0]
					},
					"position": {
						"0.0": ["variable.is_first_person ? 2 : 0", "variable.is_first_person ? -4 : -1", "variable.is_first_person ? 12 : 0"],
						"0.2": ["variable.is_first_person ? 2 : 0", "variable.is_first_person ? -3.67 : -0.67", "variable.is_first_person ? 12 : 0"],
						"0.3": ["variable.is_first_person ? 2 : 0", "variable.is_first_person ? -5 : -2", "variable.is_first_person ? 12 : 0"],
						"0.7": ["variable.is_first_person ? 2 : 0", "variable.is_first_person ? -3 : 0", "variable.is_first_person ? 12 : 0"]
					}
				},
				"rightleg": {
					"rotation": {
						"0.0": [-28.15452, 58.31441, 5.7735],
						"0.1": [-17.09555, 73.71953, 16.57261],
						"0.2": [-388.99699, 61.14374, -358.24502],
						"0.3": [-367.44445, 68.68411, -334.97774],
						"0.7": [-353.26576, 61.86247, -343.91675]
					}
				},
				"leftleg": {
					"rotation": {
						"0.0": [-5.78372, -65.6332, -16.6845],
						"0.1": [-13.51917, 23.7552, -26.73201],
						"0.2": [-69.21941, -3.16392, -1.03755],
						"0.3": [-43.09867, -22.13192, -0.03176],
						"0.7": [-14.77118, -18.05149, -4.31738]
					}
				},
				"lowerlleg": {
					"rotation": {
						"0.0": [25, 0, 0],
						"0.2": [67.5, 0, 0],
						"0.3": [37.5, 0, 0],
						"0.7": [12.5, 0, 0]
					}
				},
				"lowerrleg": {
					"rotation": {
						"0.0": [30, 0, 0],
						"0.3": [30, 0, 0],
						"0.7": [5, 0, 0]
					}
				},
				"mace_back": {
					"scale": 0
				}
			}
		},
		"animation.fast_paced_mace.attack_swing_up": {
			"animation_length": 1.2,
			"override_previous_animation": true,
			"bones": {
				"waist": {
					"rotation": {
						"0.0": [2.64174, 22.48999, 0.46971],
						"0.3": [-9.81335, 12.58411, 0.6628],
						"0.4": [-10.19431, 19.97044, -0.69352],
						"0.5": [-10.19431, 19.97044, -0.69352],
						"0.7": [53.97441, -10.63659, -4.48989],
						"0.9": [53.97441, -10.63659, -4.48989],
						"1.2": [2.64174, 22.48999, 0.46971]
					}
				},
				"leftArm": {
					"rotation": {
						"0.0": [4.99762, 0.10901, -7.49762],
						"0.3": [-56.87402, -10.51794, -11.79286],
						"0.4": [-55.41141, -18.82943, -17.54707],
						"0.5": [-55.41141, -18.82943, -17.54707],
						"0.7": [34.58859, -18.82943, -17.54707],
						"0.9": [34.58859, -18.82943, -17.54707],
						"1.2": [4.99762, 0.10901, -7.49762]
					}
				},
				"lowerlarm": {
					"rotation": {
						"0.0": [-10, 0, 0],
						"1.2": [-10, 0, 0]
					}
				},
				"rightArm": {
					"rotation": {
						"0.0": [21.83032, 34.30974, 13.84785],
						"0.3": [-90.0069, -15.47484, -1.11245],
						"0.4": [-107.50736, -25.47484, -1.11112],
						"0.5": [-107.50736, -25.47484, -1.11112],
						"0.7": [-70.57638, 7.95133, -5.1061],
						"0.9": [-70.57638, 7.95133, -5.1061],
						"1.2": [21.83032, 34.30974, 13.84785]
					}
				},
				"lowerrarm": {
					"rotation": {
						"0.0": [-20, 0, 0],
						"0.3": [-100, 0, 0],
						"0.5": [-125, 0, 0],
						"0.7": [-17.5, 0, 0],
						"0.9": [-17.5, 0, 0],
						"1.2": [-20, 0, 0]
					}
				},
				"trail_mace": {
					"scale": {
						"0.0": [1, 0, 1],
						"0.5": [1, 0, 1],
						"0.6": [1, 1, 1],
						"0.7": [1, 1, 1],
						"0.8": [0, 0, 0],
						"0.9": [0, 0, 0],
						"1.2": [1, 0, 1]
					}
				},
				"root": {
					"rotation": {
						"0.0": ["variable.is_first_person ? (math.cos(query.life_time * 100.0) * 0.200) + 0.200 : 0", "variable.is_first_person ? 195 : 15", 0],
						"0.5": ["variable.is_first_person ? (math.cos(query.life_time * 100.0) * 0.200) + 0.200 : 0", "variable.is_first_person ? 187.5 : 7.5", 0],
						"0.7": ["variable.is_first_person ? (math.cos(query.life_time * 100.0) * 0.200) + 0.200 : 0", "variable.is_first_person ? 175 : -5", 0],
						"0.9": ["variable.is_first_person ? (math.cos(query.life_time * 100.0) * 0.200) + 0.200 : 0", "variable.is_first_person ? 175 : -5", 0],
						"1.2": ["variable.is_first_person ? (math.cos(query.life_time * 100.0) * 0.200) + 0.200 : 0", "variable.is_first_person ? 195 : 15", 0]
					},
					"position": {
						"0.0": ["variable.is_first_person ? 2 : 0", "variable.is_first_person ? -3 : 0", "variable.is_first_person ? 12 : 0"],
						"0.5": ["variable.is_first_person ? 2 : 0", "variable.is_first_person ? -3 : 0", "variable.is_first_person ? 12 : 0"],
						"0.7": ["variable.is_first_person ? 2 : 0", "variable.is_first_person ? -3 : 0", "variable.is_first_person ? 12 : 0"],
						"0.9": ["variable.is_first_person ? 2 : 0", "variable.is_first_person ? -3 : 0", "variable.is_first_person ? 12 : 0"],
						"1.2": ["variable.is_first_person ? 2 : 0", "variable.is_first_person ? -3 : 0", "variable.is_first_person ? 12 : 0"]
					}
				},
				"rightleg": {
					"rotation": {
						"0.0": [4.61306, 57.14429, 14.71886],
						"0.3": [7.5, 0, 0],
						"0.4": [7.5, 0, 0],
						"0.5": [7.5, 0, 0],
						"1.2": [4.61306, 57.14429, 14.71886]
					}
				},
				"leftleg": {
					"rotation": {
						"0.0": [-14.77118, -18.05149, -4.31738],
						"0.3": [-17.5, 0, -5],
						"0.4": [-17.5, 0, -5],
						"0.5": [-17.5, 0, -5],
						"1.2": [-14.77118, -18.05149, -4.31738]
					}
				},
				"lowerlleg": {
					"rotation": {
						"0.0": [12.5, 0, 0],
						"0.3": [17.5, 0, 0],
						"0.4": [17.5, 0, 0],
						"0.5": [17.5, 0, 0],
						"1.2": [12.5, 0, 0]
					}
				},
				"rightItem": {
					"rotation": {
						"0.5": [0, 0, 0],
						"0.7": [45, 0, 0],
						"0.9": [45, 0, 0],
						"1.2": [0, 0, 0]
					}
				},
				"lowerrleg": {
					"rotation": {
						"0.0": [5, 0, 0],
						"1.2": [5, 0, 0]
					}
				},
				"mace_back": {
					"scale": 0
				}
			}
		},
		"animation.fast_paced_mace.sneak": {
			"loop": true,
			"override_previous_animation": true,
			"bones": {
				"root": {
					"rotation": ["variable.is_first_person ? (math.cos(query.life_time * 100.0) * 0.200) + 0.200 : 0", "variable.is_first_person ? 180 : 0", 0],
					"position": ["variable.is_first_person ? 2 : 0", "variable.is_first_person ? -8 : -5", "variable.is_first_person ? 12 : 0"]
				},
				"leftleg": {
					"rotation": [10, 0, -2.5]
				},
				"lowerlleg": {
					"rotation": [75, 0, 0]
				},
				"rightleg": {
					"rotation": [-79.99294, 0.32621, 2.47864]
				},
				"lowerrleg": {
					"rotation": [80, 0, 0]
				},
				"waist": {
					"rotation": [12.67995, 12.39135, 1.6575]
				},
				"leftArm": {
					"rotation": [-44.57545, 14.02739, -59.11424]
				},
				"lowerlarm": {
					"rotation": [-42.5, 0, 0]
				},
				"rightArm": {
					"rotation": [27.74211, 0.72913, 29.10528]
				},
				"lowerrarm": {
					"rotation": [-57.5, 0, 0]
				},
				"rightItem": {
					"position": [0, 0, -1]
				},
				"trail_lance": {
					"scale": 0
				},
				"trail_mace": {
					"scale": [1, 0, 1]
				},
				"mace_back": {
					"scale": 0
				}
			}
		},
		"animation.fast_paced_mace.sneak_shield": {
			"loop": true,
			"override_previous_animation": true,
			"bones": {
				"root": {
					"rotation": ["variable.is_first_person ? (math.cos(query.life_time * 100.0) * 0.200) + 0.200 : 0", "variable.is_first_person ? 180 : 0", 0],
					"position": ["variable.is_first_person ? 2 : 0", "variable.is_first_person ? -8 : -5", "variable.is_first_person ? 12 : 0"]
				},
				"leftleg": {
					"rotation": [10, 0, -2.5]
				},
				"lowerlleg": {
					"rotation": [75, 0, 0]
				},
				"rightleg": {
					"rotation": [-79.99294, 0.32621, 2.47864]
				},
				"lowerrleg": {
					"rotation": [80, 0, 0]
				},
				"waist": {
					"rotation": [12.67995, 12.39135, 1.6575]
				},
				"leftArm": {
					"rotation": [12.10643, 38.56224, -23.27104]
				},
				"lowerlarm": {
					"rotation": [-42.5, 0, 0]
				},
				"rightArm": {
					"rotation": [27.74211, 0.72913, 29.10528]
				},
				"lowerrarm": {
					"rotation": [-57.5, 0, 0]
				},
				"rightItem": {
					"position": [0, 0, -1]
				},
				"trail_lance": {
					"scale": 0
				},
				"trail_mace": {
					"scale": [1, 0, 1]
				},
				"mace_back": {
					"scale": 0
				}
			}
		},
		"animation.fast_paced_mace.sneak_move": {
			"loop": true,
			"animation_length": 1.04,
			"override_previous_animation": true,
			"bones": {
				"root": {
					"rotation": ["variable.is_first_person ? (math.cos(query.life_time * 100.0) * 0.200) + 0.200 : 0", "variable.is_first_person ? 177.5 : -2.5", -2.5],
					"position": {
						"0.0": ["variable.is_first_person ? 2 : 0", "variable.is_first_person ? -7 : -4", "variable.is_first_person ? 12 : 0"],
						"0.24": ["variable.is_first_person ? 2 : 0", "variable.is_first_person ? -8 : -5", "variable.is_first_person ? 12 : 0"],
						"0.52": ["variable.is_first_person ? 2 : 0", "variable.is_first_person ? -7 : -4", "variable.is_first_person ? 12 : 0"],
						"0.8": ["variable.is_first_person ? 2 : 0", "variable.is_first_person ? -9 : -6", "variable.is_first_person ? 12 : 0"],
						"1.04": ["variable.is_first_person ? 2 : 0", "variable.is_first_person ? -7 : -4", "variable.is_first_person ? 12 : 0"]
					}
				},
				"leftleg": {
					"rotation": {
						"0.0": [-74.9299, 1.70818, -0.30014],
						"0.52": [-2.4299, 1.70818, -0.30014],
						"0.8": [-111.26229, 1.23927, 0.51927],
						"1.04": [-74.9299, 1.70818, -0.30014]
					}
				},
				"lowerlleg": {
					"rotation": {
						"0.0": [72.5, 0, 0],
						"0.24": [118.46, 0, 0],
						"0.52": [80, 0, 0],
						"0.8": [100.96, 0, 0],
						"1.04": [72.5, 0, 0]
					}
				},
				"rightleg": {
					"rotation": {
						"0.0": [-0.14068, -2.24944, 7.15656],
						"0.24": [-98.33018, 0.42156, 5.28399],
						"0.52": [-77.46793, 3.53773, 3.09932],
						"0.8": [-25.83018, 0.42156, 5.28399],
						"1.04": [-0.14068, -2.24944, 7.15656]
					}
				},
				"lowerrleg": {
					"rotation": {
						"0.0": [77.5, 0, 0],
						"0.24": [100, 0, 0],
						"0.52": [72.5, 0, 0],
						"0.8": [112.69, 0, 0],
						"1.04": [77.5, 0, 0]
					}
				},
				"waist": {
					"rotation": {
						"0.0": [33.88762, -18.37521, -5.64208],
						"0.52": [31.46927, 5.85241, -1.83919],
						"1.04": [33.88762, -18.37521, -5.64208]
					}
				},
				"leftArm": {
					"rotation": {
						"0.0": [-29.57545, 14.02739, -59.11424],
						"0.52": [-62.07545, 14.02739, -59.11424],
						"1.04": [-29.57545, 14.02739, -59.11424]
					}
				},
				"lowerlarm": {
					"rotation": {
						"0.0": [-22.5, 0, 0],
						"0.52": [-62.5, 0, 0],
						"1.04": [-22.5, 0, 0]
					}
				},
				"rightArm": {
					"rotation": {
						"0.0": [27.74211, 0.72913, 29.10528],
						"0.52": [14.69322, -3.47471, 16.09595],
						"1.04": [27.74211, 0.72913, 29.10528]
					}
				},
				"lowerrarm": {
					"rotation": {
						"0.0": [-57.5, 0, 0],
						"1.04": [-57.5, 0, 0]
					}
				},
				"rightItem": {
					"position": [0, 0, -1]
				},
				"trail_lance": {
					"scale": 0
				},
				"trail_mace": {
					"scale": [1, 0, 1]
				},
				"mace_back": {
					"scale": 0
				}
			}
		},
		"animation.fast_paced_mace.sneak_move_shield": {
			"loop": true,
			"animation_length": 1.04,
			"override_previous_animation": true,
			"bones": {
				"root": {
					"rotation": ["variable.is_first_person ? (math.cos(query.life_time * 100.0) * 0.200) + 0.200 : 0", "variable.is_first_person ? 177.5 : -2.5", -2.5],
					"position": {
						"0.0": ["variable.is_first_person ? 2 : 0", "variable.is_first_person ? -7 : -4", "variable.is_first_person ? 12 : 0"],
						"0.24": ["variable.is_first_person ? 2 : 0", "variable.is_first_person ? -8 : -5", "variable.is_first_person ? 12 : 0"],
						"0.52": ["variable.is_first_person ? 2 : 0", "variable.is_first_person ? -7 : -4", "variable.is_first_person ? 12 : 0"],
						"0.8": ["variable.is_first_person ? 2 : 0", "variable.is_first_person ? -9 : -6", "variable.is_first_person ? 12 : 0"],
						"1.04": ["variable.is_first_person ? 2 : 0", "variable.is_first_person ? -7 : -4", "variable.is_first_person ? 12 : 0"]
					}
				},
				"leftleg": {
					"rotation": {
						"0.0": [-74.9299, 1.70818, -0.30014],
						"0.52": [-2.4299, 1.70818, -0.30014],
						"0.8": [-111.26229, 1.23927, 0.51927],
						"1.04": [-74.9299, 1.70818, -0.30014]
					}
				},
				"lowerlleg": {
					"rotation": {
						"0.0": [72.5, 0, 0],
						"0.24": [118.46, 0, 0],
						"0.52": [80, 0, 0],
						"0.8": [100.96, 0, 0],
						"1.04": [72.5, 0, 0]
					}
				},
				"rightleg": {
					"rotation": {
						"0.0": [-0.14068, -2.24944, 7.15656],
						"0.24": [-98.33018, 0.42156, 5.28399],
						"0.52": [-77.46793, 3.53773, 3.09932],
						"0.8": [-25.83018, 0.42156, 5.28399],
						"1.04": [-0.14068, -2.24944, 7.15656]
					}
				},
				"lowerrleg": {
					"rotation": {
						"0.0": [77.5, 0, 0],
						"0.24": [100, 0, 0],
						"0.52": [72.5, 0, 0],
						"0.8": [112.69, 0, 0],
						"1.04": [77.5, 0, 0]
					}
				},
				"waist": {
					"rotation": {
						"0.0": [33.88762, -18.37521, -5.64208],
						"0.52": [31.46927, 5.85241, -1.83919],
						"1.04": [33.88762, -18.37521, -5.64208]
					}
				},
				"leftArm": {
					"rotation": {
						"0.0": [-45.94178, 34.65253, -43.23359],
						"0.52": [-45.94178, 34.65253, -43.23359],
						"1.04": [-45.94178, 34.65253, -43.23359]
					}
				},
				"lowerlarm": {
					"rotation": {
						"0.0": [-22.5, 0, 0],
						"0.52": [-55, 0, 0],
						"1.04": [-22.5, 0, 0]
					}
				},
				"rightArm": {
					"rotation": {
						"0.0": [27.74211, 0.72913, 29.10528],
						"0.52": [15.08863, 13.44633, 20.5938],
						"1.04": [27.74211, 0.72913, 29.10528]
					}
				},
				"lowerrarm": {
					"rotation": {
						"0.0": [-57.5, 0, 0],
						"1.04": [-57.5, 0, 0]
					}
				},
				"rightItem": {
					"position": [0, 0, -1]
				},
				"trail_lance": {
					"scale": 0
				},
				"trail_mace": {
					"scale": [1, 0, 1]
				},
				"mace_back": {
					"scale": 0
				}
			}
		},
		"animation.fast_paced_mace.jump": {
			"loop": "hold_on_last_frame",
			"animation_length": 0.48,
			"override_previous_animation": true,
			"bones": {
				"leftleg": {
					"rotation": {
						"0.0": [0, 0, -2.5],
						"0.16": [-84.78974, -4.77628, -5.71489],
						"0.48": [-10, 0, -2.5]
					}
				},
				"lowerlleg": {
					"rotation": {
						"0.0": [2.5, 0, 0],
						"0.16": [92.5, 0, 0],
						"0.48": [12.5, 0, 0]
					}
				},
				"rightleg": {
					"rotation": {
						"0.0": [-7.49294, 0.32621, 2.47864],
						"0.16": [-84.18208, 35.70811, 1.42648],
						"0.48": [-25.00238, -0.10901, 2.49762]
					}
				},
				"lowerrleg": {
					"rotation": {
						"0.0": [7.5, 0, 0],
						"0.16": [97.5, 0, 0],
						"0.48": [12.5, 0, 0]
					}
				},
				"waist": {
					"rotation": {
						"0.0": [2.5, 0, 0],
						"0.16": [7.97532, 19.82169, 2.71994],
						"0.48": [12.5, 0, 0]
					}
				},
				"leftArm": {
					"rotation": {
						"0.0": [-2.49527, -0.21782, -2.4905],
						"0.48": [5.11091, -0.75258, -14.97955]
					}
				},
				"lowerlarm": {
					"rotation": {
						"0.0": [-7.5, 0, 0],
						"0.48": [-2.5, 0, 0]
					}
				},
				"rightArm": {
					"rotation": {
						"0.0": [-55.80817, 25.77945, 3.74282],
						"0.24": [-163.4856, 4.16038, -6.86299],
						"0.48": [-190.9856, 4.16038, -6.86299]
					}
				},
				"lowerrarm": {
					"rotation": {
						"0.0": [-37.5, 0, 0],
						"0.24": [-37.5, 0, 0],
						"0.48": [-25.72021, -8.44265, -1.43654]
					}
				},
				"rightItem": {
					"rotation": [10, 0, 0],
					"position": [0, 0, -1]
				},
				"root": {
					"rotation": ["variable.is_first_person ? (math.cos(query.life_time * 100.0) * 0.200) + 0.200 : 0", "variable.is_first_person ? 195 : 15", 0],
					"position": {
						"0.0": ["variable.is_first_person ? 2 : 0", "variable.is_first_person ? -3 : 0", "variable.is_first_person ? 12 : 0"],
						"0.16": ["variable.is_first_person ? 2 : 0", "variable.is_first_person ? -8 : -5", "variable.is_first_person ? 12 : 0"],
						"0.48": ["variable.is_first_person ? 2 : 0", "variable.is_first_person ? -1 : 2", "variable.is_first_person ? 12 : 0"]
					}
				},
				"trail_mace": {
					"scale": [1, 0, 1]
				},
				"mace_back": {
					"scale": 0
				}
			}
		},
		"animation.fast_paced_mace.move": {
			"loop": true,
			"animation_length": 1.04,
			"override_previous_animation": true,
			"bones": {
				"leftleg": {
					"rotation": {
						"0.0": [22.5, 0, -2.5],
						"0.16": [0.76923, 0, -2.5],
						"0.36": [-67.4359, 0, -2.5],
						"0.52": [-50, 0, -2.5],
						"0.72": [-9.61538, 0, -2.5],
						"0.88": [13.94231, 0, -2.5],
						"1.04": [22.5, 0, -2.5]
					}
				},
				"lowerlleg": {
					"rotation": {
						"0.0": [52.5, 0, 0],
						"0.16": [76.92, 0, 0],
						"0.36": [104.46, 0, 0],
						"0.52": [50, 0, 0],
						"0.72": [9.23, 0, 0],
						"0.88": [13.37, 0, 0],
						"1.04": [52.5, 0, 0]
					}
				},
				"rightleg": {
					"rotation": {
						"0.0": [-49.99294, 0.32621, 2.47864],
						"0.16": [-14.41602, 0.32621, 2.47864],
						"0.36": [25.81903, 0.32621, 2.47864],
						"0.52": [17.50706, 0.32621, 2.47864],
						"0.72": [-4.22371, 0.32621, 2.47864],
						"0.88": [-84.60832, 0.32621, 2.47864],
						"1.04": [-49.99294, 0.32621, 2.47864]
					}
				},
				"lowerrleg": {
					"rotation": {
						"0.0": [50, 0, 0],
						"0.16": [13.46, 0, 0],
						"0.36": [12.09, 0, 0],
						"0.52": [65, 0, 0],
						"0.72": [82.12, 0, 0],
						"0.88": [118.56, 0, 0],
						"1.04": [50, 0, 0]
					}
				},
				"waist": {
					"rotation": {
						"0.0": [1.60489, 22.58264, -2.23516],
						"0.52": [3.55794, 17.36223, 2.83501],
						"1.04": [1.60489, 22.58264, -2.23516]
					}
				},
				"leftArm": {
					"rotation": {
						"0.0": [-15.29942, -23.36915, -6.66656],
						"0.52": [20.47362, -22.19966, -11.98015],
						"1.04": [-15.29942, -23.36915, -6.66656]
					}
				},
				"lowerlarm": {
					"rotation": {
						"0.0": [-20, 0, 0],
						"0.52": [-10, 0, 0],
						"1.04": [-20, 0, 0]
					}
				},
				"rightArm": {
					"rotation": {
						"0.0": [21.83032, 34.30974, 13.84785],
						"0.52": [5.9035, 34.97319, 7.82325],
						"1.04": [21.83032, 34.30974, 13.84785]
					}
				},
				"lowerrarm": {
					"rotation": {
						"0.0": [-20, 0, 0],
						"0.52": [-7.5, 0, 0],
						"1.04": [-20, 0, 0]
					}
				},
				"trail_lance": {
					"scale": 0
				},
				"root": {
					"rotation": ["variable.is_first_person ? (math.cos(query.life_time * 100.0) * 0.200) + 0.200 : 0", "variable.is_first_person ? 180 : 0", 0],
					"position": {
						"0.0": ["variable.is_first_person ? 2 : 0", "variable.is_first_person ? -5 : -2", "variable.is_first_person ? 12 : 0"],
						"0.16": ["variable.is_first_person ? 2 : 0", "variable.is_first_person ? -3 : 0", "variable.is_first_person ? 12 : 0"],
						"0.52": ["variable.is_first_person ? 2 : 0", "variable.is_first_person ? -5 : -2", "variable.is_first_person ? 12 : 0"],
						"0.72": ["variable.is_first_person ? 2 : 0", "variable.is_first_person ? -3 : 0", "variable.is_first_person ? 12 : 0"],
						"1.04": ["variable.is_first_person ? 2 : 0", "variable.is_first_person ? -5 : -2", "variable.is_first_person ? 12 : 0"]
					}
				},
				"trail_mace": {
					"scale": [1, 0, 1]
				},
				"mace_back": {
					"scale": 0
				}
			}
		},
		"animation.fast_paced_mace.sprint": {
			"loop": true,
			"animation_length": 0.56,
			"override_previous_animation": true,
			"bones": {
				"leftleg": {
					"rotation": {
						"0.0": [45, 0, -2.5],
						"0.12": [-84.64286, 0, -2.5],
						"0.28": [-47.5, 0, -2.5],
						"0.4": [57.14286, 0, -2.5],
						"0.56": [45, 0, -2.5]
					}
				},
				"lowerlleg": {
					"rotation": {
						"0.0": [62.5, 0, 0],
						"0.12": [98.57, 0, 0],
						"0.28": [47.5, 0, 0],
						"0.4": [26.43, 0, 0],
						"0.56": [62.5, 0, 0]
					}
				},
				"rightleg": {
					"rotation": {
						"0.0": [-44.99294, 0.32621, 2.47864],
						"0.12": [58.57849, 0.32621, 2.47864],
						"0.28": [27.50706, 0.32621, 2.47864],
						"0.4": [-93.56437, 0.32621, 2.47864],
						"0.56": [-44.99294, 0.32621, 2.47864]
					}
				},
				"lowerrleg": {
					"rotation": {
						"0.0": [45, 0, 0],
						"0.12": [21.79, 0, 0],
						"0.28": [72.5, 0, 0],
						"0.4": [103.21, 0, 0],
						"0.56": [45, 0, 0]
					}
				},
				"waist": {
					"rotation": {
						"0.0": [15.4435, -4.86634, -2.73417],
						"0.28": [17.92356, 4.64922, 7.72777],
						"0.56": [15.4435, -4.86634, -2.73417]
					}
				},
				"leftArm": {
					"rotation": {
						"0.0": [-45, 0, 0],
						"0.12": [-20, 0, 0],
						"0.28": [60, 0, 0],
						"0.44": [-2.5, 0, 0],
						"0.56": [-45, 0, 0]
					}
				},
				"lowerlarm": {
					"rotation": {
						"0.0": [-72.5, 0, 0],
						"0.12": [-46.79, 0, 0],
						"0.28": [-17.5, 0, 0],
						"0.44": [-1.07, 0, 0],
						"0.56": [-72.5, 0, 0]
					}
				},
				"rightArm": {
					"rotation": {
						"0.0": [-163.96788, -13.77019, -20.86076],
						"0.28": [-163.96788, -13.77019, -20.86076],
						"0.56": [-163.96788, -13.77019, -20.86076]
					}
				},
				"lowerrarm": {
					"rotation": {
						"0.0": [-45, 0, 0],
						"0.28": [-37.5, 0, 0],
						"0.56": [-45, 0, 0]
					}
				},
				"trail_lance": {
					"scale": 0
				},
				"root": {
					"rotation": ["variable.is_first_person ? (math.cos(query.life_time * 100.0) * 0.200) + 0.200 : 0", "variable.is_first_person ? 180 : 0", 0],
					"position": {
						"0.0": ["variable.is_first_person ? 2 : 0", "variable.is_first_person ? -5 : -2", "variable.is_first_person ? 12 : 0"],
						"0.12": ["variable.is_first_person ? 2 : 0", "variable.is_first_person ? -3 : 0", "variable.is_first_person ? 12 : 0"],
						"0.28": ["variable.is_first_person ? 2 : 0", "variable.is_first_person ? -5 : -2", "variable.is_first_person ? 12 : 0"],
						"0.4": ["variable.is_first_person ? 2 : 0", "variable.is_first_person ? -3 : 0", "variable.is_first_person ? 12 : 0"],
						"0.56": ["variable.is_first_person ? 2 : 0", "variable.is_first_person ? -5 : -2", "variable.is_first_person ? 12 : 0"]
					}
				},
				"trail_mace": {
					"scale": [1, 0, 1]
				},
				"mace_back": {
					"scale": 0
				}
			}
		},
		"animation.fast_paced_mace.sprint_shield": {
			"loop": true,
			"animation_length": 0.56,
			"override_previous_animation": true,
			"bones": {
				"leftleg": {
					"rotation": {
						"0.0": [45, 0, -2.5],
						"0.12": [-84.64286, 0, -2.5],
						"0.28": [-47.5, 0, -2.5],
						"0.4": [57.14286, 0, -2.5],
						"0.56": [45, 0, -2.5]
					}
				},
				"lowerlleg": {
					"rotation": {
						"0.0": [62.5, 0, 0],
						"0.12": [98.57, 0, 0],
						"0.28": [47.5, 0, 0],
						"0.4": [26.43, 0, 0],
						"0.56": [62.5, 0, 0]
					}
				},
				"rightleg": {
					"rotation": {
						"0.0": [-44.99294, 0.32621, 2.47864],
						"0.12": [58.57849, 0.32621, 2.47864],
						"0.28": [27.50706, 0.32621, 2.47864],
						"0.4": [-93.56437, 0.32621, 2.47864],
						"0.56": [-44.99294, 0.32621, 2.47864]
					}
				},
				"lowerrleg": {
					"rotation": {
						"0.0": [45, 0, 0],
						"0.12": [21.79, 0, 0],
						"0.28": [72.5, 0, 0],
						"0.4": [103.21, 0, 0],
						"0.56": [45, 0, 0]
					}
				},
				"waist": {
					"rotation": {
						"0.0": [15.4435, -4.86634, -2.73417],
						"0.28": [17.92356, 4.64922, 7.72777],
						"0.56": [15.4435, -4.86634, -2.73417]
					}
				},
				"leftArm": {
					"rotation": [-58.99959, 17.17277, -0.56359]
				},
				"lowerlarm": {
					"rotation": [-19.00687, 40.3787, 53.71679]
				},
				"rightArm": {
					"rotation": {
						"0.0": [-181.46788, -13.77019, -20.86076],
						"0.28": [-163.96788, -13.77019, -20.86076],
						"0.56": [-181.46788, -13.77019, -20.86076]
					}
				},
				"lowerrarm": {
					"rotation": {
						"0.0": [-52.5, 0, 0],
						"0.28": [-37.5, 0, 0],
						"0.56": [-52.5, 0, 0]
					}
				},
				"trail_lance": {
					"scale": 0
				},
				"root": {
					"rotation": ["variable.is_first_person ? (math.cos(query.life_time * 100.0) * 0.200) + 0.200 : 0", "variable.is_first_person ? 180 : 0", 0],
					"position": {
						"0.0": ["variable.is_first_person ? 2 : 0", "variable.is_first_person ? -5 : -2", "variable.is_first_person ? 12 : 0"],
						"0.12": ["variable.is_first_person ? 2 : 0", "variable.is_first_person ? -3 : 0", "variable.is_first_person ? 12 : 0"],
						"0.28": ["variable.is_first_person ? 2 : 0", "variable.is_first_person ? -5 : -2", "variable.is_first_person ? 12 : 0"],
						"0.4": ["variable.is_first_person ? 2 : 0", "variable.is_first_person ? -3 : 0", "variable.is_first_person ? 12 : 0"],
						"0.56": ["variable.is_first_person ? 2 : 0", "variable.is_first_person ? -5 : -2", "variable.is_first_person ? 12 : 0"]
					}
				},
				"trail_mace": {
					"scale": [1, 0, 1]
				},
				"mace_back": {
					"scale": 0
				}
			}
		},
		"animation.fast_paced_mace.land": {
			"loop": "hold_on_last_frame",
			"animation_length": 0.32,
			"override_previous_animation": true,
			"bones": {
				"leftleg": {
					"rotation": {
						"0.0": [-84.78974, -4.77628, -5.71489],
						"0.16": [-5.00332, -5.41629, -4.54554],
						"0.32": [-14.77118, -18.05149, -4.31738]
					}
				},
				"lowerlleg": {
					"rotation": {
						"0.0": [92.5, 0, 0],
						"0.16": [2.5, 0, 0],
						"0.32": [12.5, 0, 0]
					}
				},
				"rightleg": {
					"rotation": {
						"0.0": [-84.18208, 35.70811, 1.42648],
						"0.16": [2.52154, 7.49282, 5.32902],
						"0.32": [4.61306, 57.14429, 14.71886]
					}
				},
				"lowerrleg": {
					"rotation": {
						"0.0": [97.5, 0, 0],
						"0.16": [7.5, 0, 0],
						"0.32": [5, 0, 0]
					}
				},
				"waist": {
					"rotation": {
						"0.0": [7.97532, 19.82169, 2.71994],
						"0.16": [2.5, 12.5, 0],
						"0.32": [2.64174, 22.48999, 0.46971]
					}
				},
				"leftArm": {
					"rotation": {
						"0.0": [-2.49527, -0.21782, -2.4905],
						"0.16": [0, 0, -5],
						"0.32": [4.99762, 0.10901, -7.49762]
					}
				},
				"lowerlarm": {
					"rotation": {
						"0.0": [-7.5, 0, 0],
						"0.16": [-5, 0, 0],
						"0.32": [-10, 0, 0]
					}
				},
				"rightArm": {
					"rotation": {
						"0.0": [23.36058, -2.53807, 25.56446],
						"0.16": [17.5, 0, 20],
						"0.32": [21.83032, 34.30974, 13.84785]
					}
				},
				"lowerrarm": {
					"rotation": {
						"0.0": [-37.5, 0, 0],
						"0.16": [-22.5, 0, 0],
						"0.32": [-20, 0, 0]
					}
				},
				"rightItem": {
					"position": [0, 0, -1]
				},
				"trail_lance": {
					"scale": 0
				},
				"root": {
					"rotation": {
						"0.16": ["variable.is_first_person ? (math.cos(query.life_time * 100.0) * 0.200) + 0.200 : 0", "variable.is_first_person ? 182.5", 0],
						"0.32": ["variable.is_first_person ? (math.cos(query.life_time * 100.0) * 0.200) + 0.200 : 0", "variable.is_first_person ? 195 : 15", 0]
					},
					"position": {
						"0.0": ["variable.is_first_person ? 2 : 0", "variable.is_first_person ? -8 : -5", "variable.is_first_person ? 12 : 0"],
						"0.16": ["variable.is_first_person ? 2 : 0", "variable.is_first_person ? -3 : 0", "variable.is_first_person ? 12 : 0"]
					}
				},
				"trail_mace": {
					"scale": {
						"0.0": [1, 0, 1],
						"0.16": [1, 0, 1],
						"0.32": [1, 0, 1]
					}
				},
				"mace_back": {
					"scale": 0
				}
			}
		},
		"animation.fast_paced_mace.charge_swing": {
			"animation_length": 10000,
			"override_previous_animation": true,
			"bones": {
				"root": {
					"rotation": {
						"0.0": ["variable.is_first_person ? (math.cos(query.life_time * 100.0) * 0.200) + 0.200 : 0", "variable.is_first_person ? 195 : 15", 0],
						"0.3": ["variable.is_first_person ? (math.cos(query.life_time * 100.0) * 0.200) + 0.200 : 0", "variable.is_first_person ? 207.5 : 27.5", 0]
					},
					"position": ["variable.is_first_person ? 2 : 0", "variable.is_first_person ? -3 : 0", "variable.is_first_person ? 12 : 0"]
				},
				"leftleg": {
					"rotation": {
						"0.0": [-14.77118, -18.05149, -4.31738],
						"0.3": [-18.38946, -27.69783, -1.45122]
					}
				},
				"rightleg": {
					"rotation": [4.61306, 57.14429, 14.71886]
				},
				"lowerrleg": {
					"rotation": [5, 0, 0]
				},
				"waist": {
					"rotation": {
						"0.0": [2.64174, 22.48999, 0.46971],
						"0.3": [2.81804, 29.98152, 0.86766],
						"0.6": [24.07537, 34.5694, 3.22012]
					}
				},
				"leftArm": {
					"rotation": {
						"0.0": [4.99762, 0.10901, -7.49762],
						"0.3": [-7.50238, 0.10901, -7.49762],
						"0.6": [-93.58652, -62.35542, 11.5883]
					}
				},
				"lowerlarm": {
					"rotation": {
						"0.0": [-10, 0, 0],
						"0.3": [-20, 0, 0]
					}
				},
				"rightArm": {
					"rotation": {
						"0.0": [21.83032, 34.30974, 13.84785],
						"0.3": [177.91962, 37.58531, 202.46149],
						"0.6": [146.54454, 5.42246, 276.87625]
					}
				},
				"lowerrarm": {
					"rotation": {
						"0.0": [-20, 0, 0],
						"0.6": [-57.5, 0, 0]
					}
				},
				"lowerlleg": {
					"rotation": [12.5, 0, 0]
				},
				"rightItem": {
					"rotation": [10, 0, 0]
				},
				"trail_mace": {
					"scale": [1, 0, 1]
				},
				"mace_back": {
					"scale": 0
				}
			}
		},
		"animation.fast_paced_mace.ability_swing": {
			"animation_length": 1.32,
			"override_previous_animation": true,
			"bones": {
				"root": {
					"rotation": {
						"0.0": ["variable.is_first_person ? (math.cos(query.life_time * 100.0) * 0.200) + 0.200 : 0", "variable.is_first_person ? 207.5 : 27.5", 0],
						"0.12": ["variable.is_first_person ? (math.cos(query.life_time * 100.0) * 0.200) + 0.200 : 0", "variable.is_first_person ? 177.5 : -2.5", 0],
						"0.2": ["variable.is_first_person ? (math.cos(query.life_time * 100.0) * 0.200) + 0.200 : 0", "variable.is_first_person ? 127.5 : -52.5", 0],
						"0.76": ["variable.is_first_person ? (math.cos(query.life_time * 100.0) * 0.200) + 0.200 : 0", "variable.is_first_person ? 127.5 : -52.5", 0],
						"1.2": ["variable.is_first_person ? (math.cos(query.life_time * 100.0) * 0.200) + 0.200 : 0", "variable.is_first_person ? 195 : 15", 0]
					},
					"position": {
						"0.0": ["variable.is_first_person ? 2 : 0", "variable.is_first_person ? -4 : -1", "variable.is_first_person ? 12 : 0"],
						"0.76": ["variable.is_first_person ? 2 : 0", "variable.is_first_person ? -4 : -1", "variable.is_first_person ? 12 : 0"],
						"1.2": ["variable.is_first_person ? 2 : 0", "variable.is_first_person ? -3 : 0", "variable.is_first_person ? 12 : 0"]
					}
				},
				"leftleg": {
					"rotation": {
						"0.0": [-18.38946, -27.69783, -1.45122],
						"0.32": [-9.4345, -29.82095, -9.65911],
						"0.76": [-9.4345, -29.82095, -9.65911],
						"1.2": [-14.77118, -18.05149, -4.31738]
					}
				},
				"rightleg": {
					"rotation": {
						"0.0": [4.61306, 57.14429, 14.71886],
						"0.12": [-7.95729, -4.39644, 5.54962],
						"0.2": [-46.25732, 45.00448, -3.07645],
						"0.32": [-18.95848, 47.89703, 6.97848],
						"0.76": [-18.95848, 47.89703, 6.97848],
						"1.2": [4.61306, 57.14429, 14.71886]
					}
				},
				"lowerrleg": {
					"rotation": {
						"0.0": [5, 0, 0],
						"0.12": [5, 0, 0],
						"0.2": [45, 0, 0],
						"0.32": [25, 0, 0],
						"0.76": [25, 0, 0],
						"1.2": [5, 0, 0]
					}
				},
				"waist": {
					"rotation": {
						"0.0": [24.07537, 34.5694, 3.22012],
						"0.12": [20.30544, -14.53881, -16.31261],
						"0.32": [6.75715, -42.25528, 3.2143],
						"0.76": [6.75715, -42.25528, 3.2143],
						"1.2": [2.64174, 22.48999, 0.46971]
					}
				},
				"leftArm": {
					"rotation": {
						"0.0": [-93.58652, -62.35542, 11.5883],
						"0.12": [-28.09783, -10.51011, -76.89655],
						"0.32": [21.41388, 13.4813, -15.01002],
						"0.76": [21.41388, 13.4813, -15.01002],
						"1.2": [4.99762, 0.10901, -7.49762]
					}
				},
				"lowerlarm": {
					"rotation": {
						"0.0": [-20, 0, 0],
						"0.32": [-42.5, 0, 0],
						"0.76": [-42.5, 0, 0],
						"1.2": [-10, 0, 0]
					}
				},
				"rightArm": {
					"rotation": {
						"0.0": [146.54454, 5.42246, 276.87625],
						"0.12": [199.04454, 5.42246, 276.87625],
						"0.2": [256.54454, 5.42246, 276.87625],
						"0.32": [311.02292, -0.11729, 265.65439],
						"0.36": [253.29531, -38.03015, 381.49126],
						"0.44": [230.70137, -12.85971, 430.30676],
						"0.76": [230.70137, -12.85971, 430.30676],
						"1.2": [366.30074, -16.23569, 365.57283]
					}
				},
				"lowerrarm": {
					"rotation": {
						"0.0": [-57.5, 0, 0],
						"0.12": [-27.5, 0, 0],
						"0.32": [-7.5, 0, 0],
						"0.48": [-22.5, 0, 0],
						"0.76": [-22.5, 0, 0],
						"1.2": [-20, 0, 0]
					}
				},
				"lowerlleg": {
					"rotation": {
						"0.0": [12.5, 0, 0],
						"1.2": [12.5, 0, 0]
					}
				},
				"rightItem": {
					"rotation": [10, 0, 0]
				},
				"trail_mace": {
					"scale": {
						"0.0": [1, 0, 1],
						"0.12": [1, 1, 1],
						"0.2": [1, 1, 1],
						"0.32": [1, 0, 1],
						"0.76": [1, 0, 1],
						"1.2": [1, 0, 1]
					}
				},
				"mace_back": {
					"scale": {
						"0.0": [0, 0, 0],
						"1.2": [0, 0, 0]
					}
				}
			}
		},
		"animation.fast_paced_mace.charge_overhead_swing": {
			"loop": "hold_on_last_frame",
			"animation_length": 10000,
			"override_previous_animation": true,
			"bones": {
				"root": {
					"rotation": {
						"0.0": ["variable.is_first_person ? (math.cos(query.life_time * 100.0) * 0.200) + 0.200 : 0", "variable.is_first_person ? 195 : 15", 0],
						"0.3": ["variable.is_first_person ? (math.cos(query.life_time * 100.0) * 0.200) + 0.200 : 0", "variable.is_first_person ? 172.5 : -7.55", 0]
					},
					"position": ["variable.is_first_person ? 2 : 0", "variable.is_first_person ? -4 : -1", "variable.is_first_person ? 12 : 0"]
				},
				"leftleg": {
					"rotation": {
						"0.0": [-14.77118, -18.05149, -4.31738],
						"0.3": [-14.03269, 1.33251, -9.32135]
					}
				},
				"lowerlleg": {
					"rotation": [12.5, 0, 0]
				},
				"rightleg": {
					"rotation": {
						"0.0": [4.61306, 57.14429, 14.71886],
						"0.3": [2.61812, 17.21204, 11.61646],
						"0.6": [8.55029, 18.02358, 6.43974]
					}
				},
				"lowerrleg": {
					"rotation": [5, 0, 0]
				},
				"waist": {
					"rotation": {
						"0.0": [2.64174, 22.48999, 0.46971],
						"0.3": [2.4618, 7.50468, -0.2197],
						"0.6": [-10.0382, 7.50468, -0.2197]
					}
				},
				"leftArm": {
					"rotation": [4.99762, 0.10901, -7.49762]
				},
				"rightArm": {
					"rotation": {
						"0.0": [21.83032, 34.30974, 13.84785],
						"0.3": [-54.50969, 6.01362, 3.07252],
						"0.6": [-184.50969, 6.01362, 3.07252]
					}
				},
				"lowerrarm": {
					"rotation": {
						"0.0": [-20, 0, 0],
						"0.6": [-47.5, 0, 0]
					}
				},
				"rightItem": {
					"rotation": [10, 0, 0]
				},
				"lowerlarm": {
					"rotation": [-10, 0, 0]
				},
				"trail_mace": {
					"scale": [1, 0, 1]
				},
				"mace_back": {
					"scale": 0
				}
			}
		},
		"animation.fast_paced_mace.ability_overhead_swing": {
			"loop": "hold_on_last_frame",
			"animation_length": 1.1,
			"override_previous_animation": true,
			"bones": {
				"root": {
					"rotation": {
						"0.0": ["variable.is_first_person ? (math.cos(query.life_time * 100.0) * 0.200) + 0.200 : 0", "variable.is_first_person ? 172.5 : -7.55", 0],
						"0.6": ["variable.is_first_person ? (math.cos(query.life_time * 100.0) * 0.200) + 0.200 : 0", "variable.is_first_person ? 172.5 : -7.55", 0],
						"1.0": ["variable.is_first_person ? (math.cos(query.life_time * 100.0) * 0.200) + 0.200 : 0", "variable.is_first_person ? 195 : 15", 0]
					},
					"position": {
						"0.0": ["variable.is_first_person ? 2 : 0", "variable.is_first_person ? -4 : -1", "variable.is_first_person ? 12 : 0"],
						"0.2": ["variable.is_first_person ? 2 : 0", "variable.is_first_person ? -4 : -1", "variable.is_first_person ? 12 : 0"],
						"0.3": ["variable.is_first_person ? 2 : 0", "variable.is_first_person ? -6 : -3", "variable.is_first_person ? 12 : 0"],
						"0.6": ["variable.is_first_person ? 2 : 0", "variable.is_first_person ? -6 : -3", "variable.is_first_person ? 12 : 0"],
						"1.0": ["variable.is_first_person ? 2 : 0", "variable.is_first_person ? -3 : 0", "variable.is_first_person ? 12 : 0"]
					}
				},
				"leftleg": {
					"rotation": {
						"0.0": [-14.03269, 1.33251, -9.32135],
						"0.3": [6.26399, 19.49336, -0.496],
						"0.6": [6.26399, 19.49336, -0.496],
						"1.0": [-14.77118, -18.05149, -4.31738]
					}
				},
				"lowerlleg": {
					"rotation": {
						"0.0": [12.5, 0, 0],
						"0.3": [65, 0, 0],
						"0.6": [65, 0, 0],
						"1.0": [12.5, 0, 0]
					}
				},
				"rightleg": {
					"rotation": {
						"0.0": [8.55029, 18.02358, 6.43974],
						"0.3": [-60.68763, 10.6628, -0.55303],
						"0.6": [-60.68763, 10.6628, -0.55303],
						"1.0": [4.61306, 57.14429, 14.71886]
					}
				},
				"lowerrleg": {
					"rotation": {
						"0.0": [5, 0, 0],
						"0.3": [52.5, 0, 0],
						"0.6": [52.5, 0, 0],
						"1.0": [5, 0, 0]
					}
				},
				"waist": {
					"rotation": {
						"0.0": [-10.0382, 7.50468, -0.2197],
						"0.1": [-10.0382, 7.50468, -0.2197],
						"0.2": [32.4618, 7.50468, -0.2197],
						"0.3": [72.34619, 9.88775, -0.9842],
						"0.6": [72.34619, 9.88775, -0.9842],
						"1.0": [2.64174, 22.48999, 0.46971]
					}
				},
				"leftArm": {
					"rotation": {
						"0.0": [4.99762, 0.10901, -7.49762],
						"0.1": [4.99762, 0.10901, -7.49762],
						"0.3": [27.49762, 0.10901, -7.49762],
						"0.6": [27.49762, 0.10901, -7.49762],
						"1.0": [4.99762, 0.10901, -7.49762]
					}
				},
				"rightArm": {
					"rotation": {
						"0.0": [-184.50969, 6.01362, 3.07252],
						"0.2": [-87.01899, -3.97288, 2.55224],
						"0.3": [-57.18204, -2.38849, -2.35768],
						"0.6": [-57.18204, -2.38849, -2.35768],
						"1.0": [21.83032, 34.30974, 13.84785]
					}
				},
				"lowerrarm": {
					"rotation": {
						"0.0": [-47.5, 0, 0],
						"0.1": [-77.5, 0, 0],
						"0.2": [-35, 0, 0],
						"0.3": [-2.5, 0, 0],
						"0.6": [-2.5, 0, 0],
						"1.0": [-20, 0, 0]
					}
				},
				"rightItem": {
					"rotation": [10, 0, 0]
				},
				"lowerlarm": {
					"rotation": {
						"0.0": [-10, 0, 0],
						"0.1": [-10, 0, 0],
						"0.3": [-27.5, 0, 0],
						"0.6": [-27.5, 0, 0],
						"1.0": [-10, 0, 0]
					}
				},
				"trail_mace": {
					"scale": {
						"0.0": [1, 0, 1],
						"0.1": [1, 1, 1],
						"0.3": [1, 1, 1],
						"0.4": [1, 0, 1],
						"0.6": [1, 0, 1],
						"1.0": [1, 0, 1]
					}
				},
				"mace_back": {
					"scale": {
						"0.0": [0, 0, 0],
						"1.0": [0, 0, 0]
					}
				}
			}
		},
		"animation.fast_paced_mace.unsheathe": {
			"loop": "hold_on_last_frame",
			"animation_length": 1.12,
			"override_previous_animation": true,
			"bones": {
				"waist": {
					"rotation": {
						"0.52": [0, 0, 0],
						"0.72": [2.64174, 22.48999, 0.46971]
					}
				},
				"leftArm": {
					"rotation": {
						"0.52": [0, 0, 0],
						"0.72": [4.99762, 0.10901, -7.49762]
					},
					"position": [0, 0, 0]
				},
				"lowerlarm": {
					"rotation": {
						"0.52": [0, 0, 0],
						"0.72": [-10, 0, 0]
					}
				},
				"rightArm": {
					"rotation": {
						"0.0": [0, 0, 0],
						"0.24": [-137.81374, 17.38772, -18.2489],
						"0.52": [4.26482, 17.09854, 5.32286],
						"0.72": [21.83032, 34.30974, 13.84785]
					}
				},
				"lowerrarm": {
					"rotation": {
						"0.0": [0, 0, 0],
						"0.24": [-97.5, 0, 0],
						"0.52": [-20, 0, 0],
						"0.72": [-20, 0, 0]
					}
				},
				"rightItem": {
					"rotation": {
						"0.28": [0, 0, 90],
						"0.52": [0, 0, 0]
					},
					"position": {
						"0.28": [1, 0, 0],
						"0.52": [0, 0, 0]
					},
					"scale": {
						"0.0": [0, 0, 0],
						"0.24": [0, 0, 0],
						"0.28": [1, 1, 1]
					}
				},
				"root": {
					"rotation": {
						"0.52": [0, 0, 0],
						"0.72": ["variable.is_first_person ? (math.cos(query.life_time * 100.0) * 0.200) + 0.200 : 0", "variable.is_first_person ? 195 : 15", 0]
					},
					"position": {
						"0.0": [0, -1, 0],
						"0.72": ["variable.is_first_person ? 2 : 0", "variable.is_first_person ? -3 : 0", "variable.is_first_person ? 12 : 0"]
					}
				},
				"leftleg": {
					"rotation": {
						"0.0": [-12.5, 0, -5],
						"0.72": [-14.77118, -18.05149, -4.31738]
					}
				},
				"lowerlleg": {
					"rotation": {
						"0.0": [12.5, 0, 0],
						"0.72": [12.5, 0, 0]
					}
				},
				"rightleg": {
					"rotation": {
						"0.0": [-5, 0, 0],
						"0.72": [4.61306, 57.14429, 14.71886]
					}
				},
				"lowerrleg": {
					"rotation": {
						"0.0": [12.5, 0, 0],
						"0.72": [5, 0, 0]
					}
				},
				"mace_back": {
					"scale": {
						"0.0": [1, 1, 1],
						"0.24": [1, 1, 1],
						"0.28": [0, 0, 0]
					}
				},
				"trail_mace": {
					"scale": [1, 0, 1]
				}
			}
		},
		"animation.fast_paced_mace.unsheathe_shield": {
			"loop": "hold_on_last_frame",
			"animation_length": 0.52,
			"bones": {
				"leftArm": {
					"rotation": {
						"0.0": [0, 0, 0],
						"0.12": [46.64743, -7.43547, 13.06431],
						"0.24": [-35.94859, -8.09747, -4.58645],
						"0.52": [4.99762, 0.10901, -7.49762]
					},
					"position": [0, 0, 0]
				},
				"lowerlarm": {
					"rotation": {
						"0.0": [0, 0, 0],
						"0.12": [-45, 0, 0],
						"0.24": [0, 0, 0],
						"0.52": [-10, 0, 0]
					}
				},
				"rightArm": {
					"rotation": {
						"0.0": [-148.15593, 15.35793, -23.09454],
						"0.12": [-148.15593, 15.35793, -23.09454],
						"0.24": [-43.15593, 15.35793, -23.09454],
						"0.52": [21.83032, 34.30974, 13.84785]
					}
				},
				"lowerrarm": {
					"rotation": {
						"0.0": [-87.5, 0, 0],
						"0.12": [-42.5, 0, 0],
						"0.24": [-42.5, 0, 0],
						"0.52": [-20, 0, 0]
					}
				},
				"rightItem": {
					"rotation": {
						"0.24": [0, 0, 90],
						"0.52": [0, 0, 0]
					},
					"scale": {
						"0.12": [0, 0, 0],
						"0.16": [1, 1, 1]
					}
				},
				"root": {
					"rotation": {
						"0.0": [0, 0, 0],
						"0.24": [0, 0, 0],
						"0.52": ["variable.is_first_person ? (math.cos(query.life_time * 100.0) * 0.200) + 0.200 : 0", "variable.is_first_person ? 195 : 15", 0]
					},
					"position": {
						"0.0": [0, 0, 0],
						"0.24": [0, 0, 0],
						"0.52": ["variable.is_first_person ? 2 : 0", "variable.is_first_person ? -3 : 0", "variable.is_first_person ? 12 : 0"]
					}
				},
				"waist": {
					"rotation": {
						"0.0": [0, 0, 0],
						"0.24": [0, 0, 0],
						"0.52": [2.64174, 22.48999, 0.46971]
					}
				},
				"leftitem": {
					"scale": {
						"0.12": [0, 0, 0],
						"0.16": [1, 1, 1],
						"0.52": [1, 1, 1]
					}
				},
				"leftleg": {
					"rotation": {
						"0.0": [-7.51153, -2.4407, -4.45857],
						"0.52": [-14.77118, -18.05149, -4.31738]
					}
				},
				"lowerlleg": {
					"rotation": {
						"0.0": [7.5, 0, 0],
						"0.52": [12.5, 0, 0]
					}
				},
				"rightleg": {
					"rotation": {
						"0.0": [-4.85107, 2.73775, 7.26542],
						"0.52": [4.61306, 57.14429, 14.71886]
					}
				},
				"lowerrleg": {
					"rotation": {
						"0.0": [7.5, 0, 0],
						"0.52": [5, 0, 0]
					}
				},
				"trail_mace": {
					"scale": {
						"0.0": [0, 0, 0],
						"0.52": [1, 0, 1]
					}
				},
				"mace_back": {
					"rotation": {
						"0.0": [0, 0, 0],
						"0.08": [0, 20, 0],
						"0.12": [0, 42.5, 0]
					},
					"position": {
						"0.0": [0, 0, 0],
						"0.08": [-3, 3, 3],
						"0.12": [-6, 6, 3]
					},
					"scale": {
						"0.0": [1, 1, 1],
						"0.12": [1, 1, 1],
						"0.16": [0, 0, 0]
					}
				},
				"shield_back": {
					"rotation": {
						"0.0": [0, 0, 0],
						"0.12": [-122.95098, -23.44849, -120.73838],
						"0.24": [-113.91199, -32.27476, -110.55024]
					},
					"position": {
						"0.0": [0, 0, 0],
						"0.12": [2, 0, 0],
						"0.24": [5, 0, 0]
					},
					"scale": {
						"0.12": [1, 1, 1],
						"0.16": [0, 0, 0]
					}
				}
			}
		}
	}
}