{
	"format_version": "1.8.0",
	"animations": {
		"animation.fast_paced_lance.base_pose": {
			"loop": true,
			"override_previous_animation": true,
			"bones": {
				"leftleg": {
					"rotation": [0, 0, -2.5]
				},
				"lowerlleg": {
					"rotation": [2.5, 0, 0]
				},
				"rightleg": {
					"rotation": [-7.49294, 0.32621, 2.47864]
				},
				"lowerrleg": {
					"rotation": [7.5, 0, 0]
				},
				"waist": {
					"rotation": [2.5, 0, 0]
				},
				"leftArm": {
					"rotation": [-2.49527, -0.21782, -2.4905]
				},
				"lowerlarm": {
					"rotation": [-7.5, 0, 0]
				},
				"rightArm": {
					"rotation": [-55.80817, 25.77945, 3.74282]
				},
				"lowerrarm": {
					"rotation": [-37.5, 0, 0]
				},
				"rightItem": {
					"position": [0, 0, -1]
				},
				"trail_lance": {
					"scale": 0
				},
				"root": {
					"rotation": ["variable.is_first_person ? (math.cos(query.life_time * 100.0) * 0.200) + 0.200 : 0", "variable.is_first_person ? 180 : 0", 0],
					"position": ["variable.is_first_person ? 2 : 0", "variable.is_first_person ? -3 : 0", "variable.is_first_person ? 12 : 0"]
				},
				"lance_back_main": {
					"scale": 0
				}
			}
		},
		"animation.fast_paced_lance.sneak": {
			"loop": true,
			"override_previous_animation": true,
			"bones": {
				"root": {
					"rotation": ["variable.is_first_person ? (math.cos(query.life_time * 100.0) * 0.200) + 0.200 : 0", "variable.is_first_person ? 180 : 0", 0],
					"position": ["variable.is_first_person ? 2 : 0", "variable.is_first_person ? -8 : -5", "variable.is_first_person ? 12 : 0"]
				},
				"leftleg": {
					"rotation": [10, 0, -2.5]
				},
				"lowerlleg": {
					"rotation": [75, 0, 0]
				},
				"rightleg": {
					"rotation": [-79.99294, 0.32621, 2.47864]
				},
				"lowerrleg": {
					"rotation": [80, 0, 0]
				},
				"waist": {
					"rotation": [12.67995, 12.39135, 1.6575]
				},
				"leftArm": {
					"rotation": [-44.57545, 14.02739, -59.11424]
				},
				"lowerlarm": {
					"rotation": [-42.5, 0, 0]
				},
				"rightArm": {
					"rotation": [41.69183, 25.77945, 3.74282]
				},
				"lowerrarm": {
					"rotation": [-30, 0, 0]
				},
				"rightItem": {
					"position": [0, 0, -1]
				},
				"trail_lance": {
					"scale": 0
				},
				"lance_back_main": {
					"scale": 0
				}
			}
		},
		"animation.fast_paced_lance.sneak_move": {
			"loop": true,
			"animation_length": 1.04,
			"override_previous_animation": true,
			"bones": {
				"root": {
					"rotation": ["variable.is_first_person ? (math.cos(query.life_time * 100.0) * 0.200) + 0.200 : 0", "variable.is_first_person ? 177.5 : -2.5", -2.5],
					"position": {
						"0.0": ["variable.is_first_person ? 2 : 0", "variable.is_first_person ? -7 : -4", "variable.is_first_person ? 12 : 0"],
						"0.24": ["variable.is_first_person ? 2 : 0", "variable.is_first_person ? -8 : -5", "variable.is_first_person ? 12 : 0"],
						"0.52": ["variable.is_first_person ? 2 : 0", "variable.is_first_person ? -7 : -4", "variable.is_first_person ? 12 : 0"],
						"0.8": ["variable.is_first_person ? 2 : 0", "variable.is_first_person ? -9 : -6", "variable.is_first_person ? 12 : 0"],
						"1.04": ["variable.is_first_person ? 2 : 0", "variable.is_first_person ? -7 : -4", "variable.is_first_person ? 12 : 0"]
					}
				},
				"leftleg": {
					"rotation": {
						"0.0": [-74.9299, 1.70818, -0.30014],
						"0.52": [-2.4299, 1.70818, -0.30014],
						"0.8": [-111.26229, 1.23927, 0.51927],
						"1.04": [-74.9299, 1.70818, -0.30014]
					}
				},
				"lowerlleg": {
					"rotation": {
						"0.0": [72.5, 0, 0],
						"0.24": [118.46, 0, 0],
						"0.52": [80, 0, 0],
						"0.8": [100.96, 0, 0],
						"1.04": [72.5, 0, 0]
					}
				},
				"rightleg": {
					"rotation": {
						"0.0": [-0.14068, -2.24944, 7.15656],
						"0.24": [-98.33018, 0.42156, 5.28399],
						"0.52": [-77.46793, 3.53773, 3.09932],
						"0.8": [-25.83018, 0.42156, 5.28399],
						"1.04": [-0.14068, -2.24944, 7.15656]
					}
				},
				"lowerrleg": {
					"rotation": {
						"0.0": [77.5, 0, 0],
						"0.24": [100, 0, 0],
						"0.52": [72.5, 0, 0],
						"0.8": [112.69, 0, 0],
						"1.04": [77.5, 0, 0]
					}
				},
				"waist": {
					"rotation": {
						"0.0": [33.88762, -18.37521, -5.64208],
						"0.52": [31.46927, 5.85241, -1.83919],
						"1.04": [33.88762, -18.37521, -5.64208]
					}
				},
				"leftArm": {
					"rotation": {
						"0.0": [-29.57545, 14.02739, -59.11424],
						"0.52": [-62.07545, 14.02739, -59.11424],
						"1.04": [-29.57545, 14.02739, -59.11424]
					}
				},
				"lowerlarm": {
					"rotation": {
						"0.0": [-22.5, 0, 0],
						"0.52": [-62.5, 0, 0],
						"1.04": [-22.5, 0, 0]
					}
				},
				"rightArm": {
					"rotation": {
						"0.0": [16.69183, 25.77945, 3.74282],
						"0.52": [14.69322, -3.47471, 16.09595],
						"1.04": [16.69183, 25.77945, 3.74282]
					}
				},
				"lowerrarm": {
					"rotation": [-47.5, 0, 0]
				},
				"rightItem": {
					"position": [0, 0, -1]
				},
				"trail_lance": {
					"scale": 0
				},
				"lance_back_main": {
					"scale": 0
				}
			}
		},
		"animation.fast_paced_lance.land": {
			"loop": "hold_on_last_frame",
			"animation_length": 0.56,
			"override_previous_animation": true,
			"bones": {
				"leftleg": {
					"rotation": {
						"0.0": [-84.78974, -4.77628, -5.71489],
						"0.36": [0, 0, -2.5]
					}
				},
				"lowerlleg": {
					"rotation": {
						"0.0": [92.5, 0, 0],
						"0.36": [2.5, 0, 0]
					}
				},
				"rightleg": {
					"rotation": {
						"0.0": [-84.18208, 35.70811, 1.42648],
						"0.36": [-7.49294, 0.32621, 2.47864]
					}
				},
				"lowerrleg": {
					"rotation": {
						"0.0": [97.5, 0, 0],
						"0.36": [7.5, 0, 0]
					}
				},
				"waist": {
					"rotation": {
						"0.0": [7.97532, 19.82169, 2.71994],
						"0.36": [2.5, 0, 0]
					}
				},
				"leftArm": {
					"rotation": [-2.49527, -0.21782, -2.4905]
				},
				"lowerlarm": {
					"rotation": [-7.5, 0, 0]
				},
				"rightArm": {
					"rotation": {
						"0.0": [23.36058, -2.53807, 25.56446],
						"0.36": [-88.30817, 25.77945, 3.74282],
						"0.44": [-88.30817, 25.77945, 3.74282],
						"0.56": [-53.30817, 25.77945, 3.74282]
					}
				},
				"lowerrarm": {
					"rotation": {
						"0.0": [-37.5, 0, 0],
						"0.36": [-60, 0, 0],
						"0.44": [-60, 0, 0],
						"0.56": [-37.5, 0, 0]
					}
				},
				"rightItem": {
					"position": [0, 0, -1]
				},
				"trail_lance": {
					"scale": 0
				},
				"root": {
					"rotation": ["variable.is_first_person ? (math.cos(query.life_time * 100.0) * 0.200) + 0.200 : 0", "variable.is_first_person ? 180 : 0", 0],
					"position": {
						"0.0": ["variable.is_first_person ? 2 : 0", "variable.is_first_person ? -8 : -5", "variable.is_first_person ? 12 : 0"],
						"0.36": ["variable.is_first_person ? 2 : 0", "variable.is_first_person ? -3 : 0", "variable.is_first_person ? 12 : 0"]
					}
				},
				"lance_back_main": {
					"scale": 0
				}
			}
		},
		"animation.fast_paced_lance.move": {
			"loop": true,
			"animation_length": 1.04,
			"override_previous_animation": true,
			"bones": {
				"leftleg": {
					"rotation": {
						"0.0": [22.5, 0, -2.5],
						"0.16": [0.76923, 0, -2.5],
						"0.36": [-67.4359, 0, -2.5],
						"0.52": [-50, 0, -2.5],
						"0.72": [-9.61538, 0, -2.5],
						"0.88": [13.94231, 0, -2.5],
						"1.04": [22.5, 0, -2.5]
					}
				},
				"lowerlleg": {
					"rotation": {
						"0.0": [52.5, 0, 0],
						"0.16": [76.92, 0, 0],
						"0.36": [104.46, 0, 0],
						"0.52": [50, 0, 0],
						"0.72": [9.23, 0, 0],
						"0.88": [13.37, 0, 0],
						"1.04": [52.5, 0, 0]
					}
				},
				"rightleg": {
					"rotation": {
						"0.0": [-49.99294, 0.32621, 2.47864],
						"0.16": [-14.41602, 0.32621, 2.47864],
						"0.36": [25.81903, 0.32621, 2.47864],
						"0.52": [17.50706, 0.32621, 2.47864],
						"0.72": [-4.22371, 0.32621, 2.47864],
						"0.88": [-84.60832, 0.32621, 2.47864],
						"1.04": [-49.99294, 0.32621, 2.47864]
					}
				},
				"lowerrleg": {
					"rotation": {
						"0.0": [50, 0, 0],
						"0.16": [13.46, 0, 0],
						"0.36": [12.09, 0, 0],
						"0.52": [65, 0, 0],
						"0.72": [82.12, 0, 0],
						"0.88": [118.56, 0, 0],
						"1.04": [50, 0, 0]
					}
				},
				"waist": {
					"rotation": {
						"0.0": [9.40828, -8.23239, 3.66432],
						"0.52": [9.40828, 8.23239, -3.66432],
						"1.04": [9.40828, -8.23239, 3.66432]
					}
				},
				"leftArm": {
					"rotation": {
						"0.0": [-7.3639, -1.83432, -9.81564],
						"0.52": [32.41079, 3.74764, -5.53807],
						"1.04": [-7.3639, -1.83432, -9.81564]
					}
				},
				"lowerlarm": {
					"rotation": {
						"0.0": [-45, 0, 0],
						"0.52": [-25, 0, 0],
						"1.04": [-45, 0, 0]
					}
				},
				"rightArm": {
					"rotation": {
						"0.0": [32.61265, 19.26576, 6.71166],
						"0.52": [13.24834, 14.7179, 8.88498],
						"1.04": [32.61265, 19.26576, 6.71166]
					}
				},
				"lowerrarm": {
					"rotation": {
						"0.0": [-37.5, 0, 0],
						"0.52": [-30, 0, 0],
						"1.04": [-37.5, 0, 0]
					}
				},
				"rightItem": {
					"position": {
						"0.0": [0, 0, -11],
						"1.04": [0, 0, -11]
					}
				},
				"trail_lance": {
					"scale": 0
				},
				"root": {
					"rotation": ["variable.is_first_person ? (math.cos(query.life_time * 100.0) * 0.200) + 0.200 : 0", "variable.is_first_person ? 180 : 0", 0],
					"position": {
						"0.0": ["variable.is_first_person ? 2 : 0", "variable.is_first_person ? -5 : -2", "variable.is_first_person ? 12 : 0"],
						"0.16": ["variable.is_first_person ? 2 : 0", "variable.is_first_person ? -3 : 0", "variable.is_first_person ? 12 : 0"],
						"0.52": ["variable.is_first_person ? 2 : 0", "variable.is_first_person ? -5 : -2", "variable.is_first_person ? 12 : 0"],
						"0.72": ["variable.is_first_person ? 2 : 0", "variable.is_first_person ? -3 : 0", "variable.is_first_person ? 12 : 0"],
						"1.04": ["variable.is_first_person ? 2 : 0", "variable.is_first_person ? -5 : -2", "variable.is_first_person ? 12 : 0"]
					}
				},
				"lance_back_main": {
					"scale": 0
				}
			}
		},
		"animation.fast_paced_lance.jump": {
			"loop": "hold_on_last_frame",
			"animation_length": 0.48,
			"override_previous_animation": true,
			"bones": {
				"leftleg": {
					"rotation": {
						"0.0": [0, 0, -2.5],
						"0.16": [-84.78974, -4.77628, -5.71489],
						"0.48": [-10, 0, -2.5]
					}
				},
				"lowerlleg": {
					"rotation": {
						"0.0": [2.5, 0, 0],
						"0.16": [92.5, 0, 0],
						"0.48": [12.5, 0, 0]
					}
				},
				"rightleg": {
					"rotation": {
						"0.0": [-7.49294, 0.32621, 2.47864],
						"0.16": [-84.18208, 35.70811, 1.42648],
						"0.48": [-25.00238, -0.10901, 2.49762]
					}
				},
				"lowerrleg": {
					"rotation": {
						"0.0": [7.5, 0, 0],
						"0.16": [97.5, 0, 0],
						"0.48": [12.5, 0, 0]
					}
				},
				"waist": {
					"rotation": {
						"0.0": [2.5, 0, 0],
						"0.16": [7.97532, 19.82169, 2.71994],
						"0.48": [12.5, 0, 0]
					}
				},
				"leftArm": {
					"rotation": {
						"0.0": [-2.49527, -0.21782, -2.4905],
						"0.48": [5.11091, -0.75258, -14.97955]
					}
				},
				"lowerlarm": {
					"rotation": {
						"0.0": [-7.5, 0, 0],
						"0.48": [-2.5, 0, 0]
					}
				},
				"rightArm": {
					"rotation": {
						"0.0": [-55.80817, 25.77945, 3.74282],
						"0.24": [41.15048, 13.99842, 65.6981],
						"0.48": [54.67154, -0.69513, 66.6686]
					}
				},
				"lowerrarm": {
					"rotation": {
						"0.0": [-37.5, 0, 0],
						"0.24": [-37.5, 0, 0],
						"0.48": [-71.41403, -7.52076, 21.26765]
					}
				},
				"rightItem": {
					"position": [0, 0, -1]
				},
				"trail_lance": {
					"scale": 0
				},
				"root": {
					"rotation": ["variable.is_first_person ? (math.cos(query.life_time * 100.0) * 0.200) + 0.200 : 0", "variable.is_first_person ? 180 : 0", 0],
					"position": {
						"0.0": ["variable.is_first_person ? 2 : 0", "variable.is_first_person ? -3 : 0", "variable.is_first_person ? 12 : 0"],
						"0.16": ["variable.is_first_person ? 2 : 0", "variable.is_first_person ? -8 : -5", "variable.is_first_person ? 12 : 0"],
						"0.48": ["variable.is_first_person ? 2 : 0", "variable.is_first_person ? -1 : 2", "variable.is_first_person ? 12 : 0"]
					}
				},
				"lance_back_main": {
					"scale": 0
				}
			}
		},
		"animation.fast_paced_lance.sprint": {
			"loop": true,
			"animation_length": 0.56,
			"override_previous_animation": true,
			"bones": {
				"leftleg": {
					"rotation": {
						"0.0": [45, 0, -2.5],
						"0.12": [-84.64286, 0, -2.5],
						"0.28": [-47.5, 0, -2.5],
						"0.4": [57.14286, 0, -2.5],
						"0.56": [45, 0, -2.5]
					}
				},
				"lowerlleg": {
					"rotation": {
						"0.0": [62.5, 0, 0],
						"0.12": [98.57, 0, 0],
						"0.28": [47.5, 0, 0],
						"0.4": [26.43, 0, 0],
						"0.56": [62.5, 0, 0]
					}
				},
				"rightleg": {
					"rotation": {
						"0.0": [-44.99294, 0.32621, 2.47864],
						"0.12": [58.57849, 0.32621, 2.47864],
						"0.28": [27.50706, 0.32621, 2.47864],
						"0.4": [-93.56437, 0.32621, 2.47864],
						"0.56": [-44.99294, 0.32621, 2.47864]
					}
				},
				"lowerrleg": {
					"rotation": {
						"0.0": [45, 0, 0],
						"0.12": [21.79, 0, 0],
						"0.28": [72.5, 0, 0],
						"0.4": [103.21, 0, 0],
						"0.56": [45, 0, 0]
					}
				},
				"waist": {
					"rotation": {
						"0.0": [15.4435, -4.86634, -2.73417],
						"0.28": [17.92356, 4.64922, 7.72777],
						"0.56": [15.4435, -4.86634, -2.73417]
					}
				},
				"leftArm": {
					"rotation": {
						"0.0": [-45, 0, 0],
						"0.12": [-20, 0, 0],
						"0.28": [60, 0, 0],
						"0.44": [-2.5, 0, 0],
						"0.56": [-45, 0, 0]
					}
				},
				"lowerlarm": {
					"rotation": {
						"0.0": [-72.5, 0, 0],
						"0.12": [-46.79, 0, 0],
						"0.28": [-17.5, 0, 0],
						"0.44": [-1.07, 0, 0],
						"0.56": [-72.5, 0, 0]
					}
				},
				"rightArm": {
					"rotation": {
						"0.0": [33.72062, 2.26052, 1.67437],
						"0.28": [13.2845, -9.2792, 1.94615],
						"0.56": [33.72062, 2.26052, 1.67437]
					}
				},
				"lowerrarm": {
					"rotation": {
						"0.0": [-45, 0, 0],
						"0.28": [-37.5, 0, 0],
						"0.56": [-45, 0, 0]
					}
				},
				"rightItem": {
					"position": {
						"0.0": [0, 0, -9],
						"0.56": [0, 0, -9]
					}
				},
				"trail_lance": {
					"scale": 0
				},
				"root": {
					"rotation": ["variable.is_first_person ? (math.cos(query.life_time * 100.0) * 0.200) + 0.200 : 0", "variable.is_first_person ? 180 : 0", 0],
					"position": {
						"0.0": ["variable.is_first_person ? 2 : 0", "variable.is_first_person ? -5 : -2", "variable.is_first_person ? 12 : 0"],
						"0.12": ["variable.is_first_person ? 2 : 0", "variable.is_first_person ? -3 : 0", "variable.is_first_person ? 12 : 0"],
						"0.28": ["variable.is_first_person ? 2 : 0", "variable.is_first_person ? -5 : -2", "variable.is_first_person ? 12 : 0"],
						"0.4": ["variable.is_first_person ? 2 : 0", "variable.is_first_person ? -3 : 0", "variable.is_first_person ? 12 : 0"],
						"0.56": ["variable.is_first_person ? 2 : 0", "variable.is_first_person ? -5 : -2", "variable.is_first_person ? 12 : 0"]
					}
				},
				"lance_back_main": {
					"scale": 0
				}
			}
		},
		"animation.fast_paced_lance.riding_pose": {
			"loop": true,
			"override_previous_animation": true,
			"bones": {
				"leftleg": {
					"rotation": [-65.43798, -22.9824, -12.61783]
				},
				"lowerlleg": {
					"rotation": [62.5, 0, 0]
				},
				"rightleg": {
					"rotation": [-78.71587, 27.37204, 7.66261]
				},
				"lowerrleg": {
					"rotation": [70, 0, 0]
				},
				"waist": {
					"rotation": [2.5, 0, 0]
				},
				"leftArm": {
					"rotation": [-51.55241, 33.39974, -50.86873]
				},
				"lowerlarm": {
					"rotation": [-27.58957, -4.43385, 2.31336]
				},
				"rightArm": {
					"rotation": [2.05525, -9.38963, 6.49931]
				},
				"lowerrarm": {
					"rotation": [-75, 0, 0]
				},
				"rightItem": {
					"rotation": [65.29285, 3.90659, 9.19502],
					"position": [1, -3, -2]
				},
				"root": {
					"rotation": ["variable.is_first_person ? (math.cos(query.life_time * 100.0) * 0.200) + 0.200 : 0", "variable.is_first_person ? 180 : 0", 0],
					"position": ["variable.is_first_person ? 2 : 0", "variable.is_first_person ? -3 : 0", "variable.is_first_person ? 12 : 0"]
				},
				"trail_lance": {
					"scale": 0
				},
				"lance_back_main": {
					"scale": 0
				}
			}
		},
		"animation.fast_paced_lance.attack_riding_pose": {
			"loop": true,
			"animation_length": 0.4,
			"override_previous_animation": true,
			"bones": {
				"leftleg": {
					"rotation": {
						"0.0": [-65.43798, -22.9824, -12.61783],
						"0.2": [-65.43798, -22.9824, -12.61783]
					}
				},
				"lowerlleg": {
					"rotation": {
						"0.0": [62.5, 0, 0],
						"0.2": [62.5, 0, 0]
					}
				},
				"rightleg": {
					"rotation": {
						"0.0": [-78.71587, 27.37204, 7.66261],
						"0.2": [-78.71587, 27.37204, 7.66261]
					}
				},
				"lowerrleg": {
					"rotation": {
						"0.0": [70, 0, 0],
						"0.2": [70, 0, 0]
					}
				},
				"waist": {
					"rotation": {
						"0.0": [2.5, 0, 0],
						"0.2": [2.5, 0, 0]
					}
				},
				"leftArm": {
					"rotation": {
						"0.0": [-51.55241, 33.39974, -50.86873],
						"0.2": [-47.33165, 34.34287, -42.20175]
					}
				},
				"lowerlarm": {
					"rotation": {
						"0.0": [-27.58957, -4.43385, 2.31336],
						"0.2": [-25, 0, 0]
					}
				},
				"rightArm": {
					"rotation": {
						"0.0": [2.05525, -9.38963, 6.49931],
						"0.2": [38.10478, -4.64081, 30.67294],
						"0.3": [-49.51257, 2.67589, 37.49518]
					}
				},
				"lowerrarm": {
					"rotation": {
						"0.0": [-75, 0, 0],
						"0.2": [-95, 0, 0],
						"0.3": [-15, 0, 0]
					}
				},
				"rightItem": {
					"rotation": {
						"0.0": [65.29285, 3.90659, 9.19502],
						"0.2": [57.58227, -0.10653, 2.85423],
						"0.3": [72.58227, -0.10653, 2.85423]
					},
					"position": {
						"0.0": [1, -3, -2],
						"0.2": [0, -3, -2],
						"0.3": [0, -3, 0]
					}
				},
				"root": {
					"rotation": {
						"0.0": ["variable.is_first_person ? (math.cos(query.life_time * 100.0) * 0.200) + 0.200 : 0", "variable.is_first_person ? 180 : 0", 0],
						"0.2": ["variable.is_first_person ? (math.cos(query.life_time * 100.0) * 0.200) + 0.200 : 0", "variable.is_first_person ? 180 : 0", 0]
					},
					"position": {
						"0.0": ["variable.is_first_person ? 2 : 0", "variable.is_first_person ? -3 : 0", "variable.is_first_person ? 12 : 0"],
						"0.2": ["variable.is_first_person ? 2 : 0", "variable.is_first_person ? -3 : 0", "variable.is_first_person ? 12 : 0"]
					}
				},
				"trail_lance": {
					"scale": {
						"0.0": [0, 0, 0],
						"0.2": [0, 0, 0]
					}
				},
				"lance_back_main": {
					"scale": {
						"0.0": [0, 0, 0],
						"0.2": [0, 0, 0]
					}
				}
			}
		},
		"animation.fast_paced_lance.attack": {
			"loop": "hold_on_last_frame",
			"animation_length": 1.5,
			"override_previous_animation": true,
			"bones": {
				"root": {
					"rotation": ["variable.is_first_person ? (math.cos(query.life_time * 100.0) * 0.200) + 0.200 : 0", "variable.is_first_person ? 180 : 0", 0],
					"position": {
						"0.0": ["variable.is_first_person ? 2 : 0", "variable.is_first_person ? -3 : 0", "variable.is_first_person ? 12 : 0"],
						"0.3": ["variable.is_first_person ? 2 : 0", "variable.is_first_person ? -4 : -1", "variable.is_first_person ? 12 : 0"],
						"0.5": ["variable.is_first_person ? 2 : 0", "variable.is_first_person ? -4 : -1", "variable.is_first_person ? 12 : 0"],
						"0.6": ["variable.is_first_person ? 2 : 0", "variable.is_first_person ? -4 : -1", "variable.is_first_person ? 9 : -3"],
						"1.0": ["variable.is_first_person ? 2 : 0", "variable.is_first_person ? -4 : -1", "variable.is_first_person ? 8 : -4"],
						"1.5": ["variable.is_first_person ? 2 : 0", "variable.is_first_person ? -3 : 0", "variable.is_first_person ? 12 : 0"]
					}
				},
				"leftleg": {
					"rotation": {
						"0.0": [0, 0, -2.5],
						"0.3": [-32.5, 0, -2.5],
						"0.5": [-32.5, 0, -2.5],
						"0.6": [12.5, 0, -2.5],
						"1.0": [12.5, 0, -2.5],
						"1.5": [0, 0, -2.5]
					}
				},
				"lowerlleg": {
					"rotation": {
						"0.0": [2.5, 0, 0],
						"0.3": [32.5, 0, 0],
						"0.5": [32.5, 0, 0],
						"0.6": [20, 0, 0],
						"1.0": [20, 0, 0],
						"1.5": [2.5, 0, 0]
					}
				},
				"rightleg": {
					"rotation": {
						"0.0": [-7.49294, 0.32621, 2.47864],
						"0.3": [12.50706, 0.32621, 2.47864],
						"0.5": [12.50706, 0.32621, 2.47864],
						"0.6": [-32.49294, 0.32621, 2.47864],
						"1.0": [-32.49294, 0.32621, 2.47864],
						"1.5": [-7.49294, 0.32621, 2.47864]
					}
				},
				"lowerrleg": {
					"rotation": {
						"0.0": [7.5, 0, 0],
						"0.3": [7.5, 0, 0],
						"0.5": [7.5, 0, 0],
						"0.6": [35, 0, 0],
						"1.0": [35, 0, 0],
						"1.5": [7.5, 0, 0]
					}
				},
				"waist": {
					"rotation": {
						"0.0": [2.5, 0, 0],
						"0.3": [9.57524, 74.79781, 9.24606],
						"0.5": [9.57524, 74.79781, 9.24606],
						"0.6": [4.64565, -57.4145, -3.91686],
						"1.0": [5.89834, -64.88331, -5.34402],
						"1.5": [2.5, 0, 0]
					}
				},
				"leftArm": {
					"rotation": {
						"0.0": [-2.49527, -0.21782, -2.4905],
						"0.3": [-20.41033, 7.94717, -83.17098],
						"0.5": [-20.41033, 7.94717, -83.17098],
						"0.6": [-72.91033, 7.94717, -83.17098],
						"1.0": [-72.91033, 7.94717, -83.17098],
						"1.5": [-2.49527, -0.21782, -2.4905]
					}
				},
				"lowerlarm": {
					"rotation": {
						"0.0": [-7.5, 0, 0],
						"0.3": [-85, 0, 0],
						"0.5": [-85, 0, 0],
						"1.0": [-85, 0, 0],
						"1.5": [-7.5, 0, 0]
					}
				},
				"rightArm": {
					"rotation": {
						"0.0": [-55.80817, 25.77945, 3.74282],
						"0.3": [23.93362, -3.70848, 88.14803],
						"0.5": [23.93362, -3.70848, 88.14803],
						"0.6": [1.43362, -3.70848, 88.14803],
						"1.0": [-18.56638, -3.70848, 88.14803],
						"1.5": [-55.80817, 25.77945, 3.74282]
					}
				},
				"lowerrarm": {
					"rotation": {
						"0.0": [-37.5, 0, 0],
						"0.3": [-87.5, 0, 0],
						"0.5": [-87.5, 0, 0],
						"0.6": [-32.5, 0, 0],
						"1.0": [-7.5, 0, 0],
						"1.5": [-37.5, 0, 0]
					}
				},
				"rightItem": {
					"rotation": {
						"0.3": [-5, 0, 0],
						"0.5": [-5, 0, 0],
						"0.6": [75, 0, 0],
						"1.0": [80, 0, 0],
						"1.5": [0, 0, 0]
					},
					"position": {
						"0.0": [0, 0, -1],
						"0.3": [0, 0, -1],
						"0.5": [0, 0, -1],
						"0.6": [0, -5, -1],
						"1.0": [0, -5, -1],
						"1.5": [0, 0, 0]
					}
				},
				"trail_lance": {
					"position": {
						"0.7": [0, 0, 0],
						"0.9": [0, 0, -6]
					},
					"scale": {
						"0.0": [0, 0, 0],
						"0.5": [0, 0, 0],
						"0.6": [1, 1, 1],
						"0.7": [1, 1, 1],
						"0.9": [1, 1, 1.5],
						"1.0": [0, 0, 0]
					}
				},
				"lance_back_main": {
					"scale": 0
				}
			}
		},
		"animation.fast_paced_lance.attack_second": {
			"loop": "hold_on_last_frame",
			"animation_length": 1.5,
			"override_previous_animation": true,
			"bones": {
				"root": {
					"rotation": ["variable.is_first_person ? (math.cos(query.life_time * 100.0) * 0.200) + 0.200 : 0", "variable.is_first_person ? 180 : 0", 0],
					"position": {
						"0.0": ["variable.is_first_person ? 2 : 0", "variable.is_first_person ? -4 : -1", "variable.is_first_person ? 8 : -4"],
						"0.3": ["variable.is_first_person ? 2 : 0", "variable.is_first_person ? -4 : -1", "variable.is_first_person ? 12 : 0"],
						"0.5": ["variable.is_first_person ? 2 : 0", "variable.is_first_person ? -4 : -1", "variable.is_first_person ? 12 : 0"],
						"0.6": ["variable.is_first_person ? 2 : 0", "variable.is_first_person ? -4 : -1", "variable.is_first_person ? 9 : -3"],
						"1.0": ["variable.is_first_person ? 2 : 0", "variable.is_first_person ? -4 : -1", "variable.is_first_person ? 8 : -4"],
						"1.5": ["variable.is_first_person ? 2 : 0", "variable.is_first_person ? -3 : 0", "variable.is_first_person ? 12 : 0"]
					}
				},
				"leftleg": {
					"rotation": {
						"0.0": [12.5, 0, -2.5],
						"0.3": [-32.5, 0, -2.5],
						"0.5": [-32.5, 0, -2.5],
						"0.6": [12.5, 0, -2.5],
						"1.0": [12.5, 0, -2.5],
						"1.5": [0, 0, -2.5]
					}
				},
				"lowerlleg": {
					"rotation": {
						"0.0": [20, 0, 0],
						"0.3": [32.5, 0, 0],
						"0.5": [32.5, 0, 0],
						"0.6": [20, 0, 0],
						"1.0": [20, 0, 0],
						"1.5": [2.5, 0, 0]
					}
				},
				"rightleg": {
					"rotation": {
						"0.0": [-32.49294, 0.32621, 2.47864],
						"0.3": [12.50706, 0.32621, 2.47864],
						"0.5": [12.50706, 0.32621, 2.47864],
						"0.6": [-32.49294, 0.32621, 2.47864],
						"1.0": [-32.49294, 0.32621, 2.47864],
						"1.5": [-7.49294, 0.32621, 2.47864]
					}
				},
				"lowerrleg": {
					"rotation": {
						"0.0": [35, 0, 0],
						"0.3": [7.5, 0, 0],
						"0.5": [7.5, 0, 0],
						"0.6": [35, 0, 0],
						"1.0": [35, 0, 0],
						"1.5": [7.5, 0, 0]
					}
				},
				"waist": {
					"rotation": {
						"0.0": [5.89834, -64.88331, -5.34402],
						"0.3": [9.57524, 74.79781, 9.24606],
						"0.5": [9.57524, 74.79781, 9.24606],
						"0.6": [12.14565, -57.4145, -3.91686],
						"1.0": [13.59734, -55.26033, 0.17513],
						"1.5": [2.5, 0, 0]
					}
				},
				"leftArm": {
					"rotation": {
						"0.0": [-72.91033, 7.94717, -83.17098],
						"0.3": [-20.41033, 7.94717, -83.17098],
						"0.5": [-20.41033, 7.94717, -83.17098],
						"0.6": [-72.91033, 7.94717, -83.17098],
						"1.0": [-72.91033, 7.94717, -83.17098],
						"1.5": [-2.49527, -0.21782, -2.4905]
					}
				},
				"lowerlarm": {
					"rotation": {
						"0.0": [-85, 0, 0],
						"0.3": [-85, 0, 0],
						"0.5": [-85, 0, 0],
						"1.0": [-85, 0, 0],
						"1.5": [-7.5, 0, 0]
					}
				},
				"rightArm": {
					"rotation": {
						"0.0": [-18.56638, -3.70848, 88.14803],
						"0.3": [23.93362, -3.70848, 88.14803],
						"0.5": [23.93362, -3.70848, 88.14803],
						"0.6": [-8.56638, -3.70848, 88.14803],
						"1.0": [-18.56638, -3.70848, 88.14803],
						"1.5": [-55.80817, 25.77945, 3.74282]
					}
				},
				"lowerrarm": {
					"rotation": {
						"0.0": [-7.5, 0, 0],
						"0.3": [-87.5, 0, 0],
						"0.5": [-87.5, 0, 0],
						"0.6": [-12.5, 0, 0],
						"1.0": [-7.5, 0, 0],
						"1.5": [-37.5, 0, 0]
					}
				},
				"rightItem": {
					"rotation": {
						"0.0": [80, 0, 0],
						"0.3": [-5, 0, 0],
						"0.5": [-5, 0, 0],
						"0.6": [75, 0, 0],
						"1.0": [80, 0, 0],
						"1.5": [0, 0, 0]
					},
					"position": {
						"0.0": [0, -5, -1],
						"0.3": [0, 0, -1],
						"0.5": [0, 0, -1],
						"0.6": [0, -5, -1],
						"1.0": [0, -5, -1],
						"1.5": [0, 0, 0]
					}
				},
				"trail_lance": {
					"position": {
						"0.7": [0, 0, 0],
						"0.9": [0, 0, -6]
					},
					"scale": {
						"0.0": [0, 0, 0],
						"0.5": [0, 0, 0],
						"0.6": [1, 1, 1],
						"0.7": [1, 1, 1],
						"0.9": [1, 1, 1.5],
						"1.0": [0, 0, 0]
					}
				},
				"lance_back_main": {
					"scale": 0
				}
			}
		},
		"animation.fast_paced_lance.attack_third": {
			"loop": "hold_on_last_frame",
			"animation_length": 1.5,
			"override_previous_animation": true,
			"bones": {
				"root": {
					"rotation": ["variable.is_first_person ? (math.cos(query.life_time * 100.0) * 0.200) + 0.200 : 0", "variable.is_first_person ? 180 : 0", 0],
					"position": {
						"0.0": ["variable.is_first_person ? 2 : 0", "variable.is_first_person ? -4 : -1", "variable.is_first_person ? 8 : -4"],
						"0.3": ["variable.is_first_person ? 2 : 0", "variable.is_first_person ? -4 : -1", "variable.is_first_person ? 12 : 0"],
						"0.5": ["variable.is_first_person ? 2 : 0", "variable.is_first_person ? -4 : -1", "variable.is_first_person ? 12 : 0"],
						"0.6": ["variable.is_first_person ? 2 : 0", "variable.is_first_person ? -4 : -1", "variable.is_first_person ? 9 : -3"],
						"1.0": ["variable.is_first_person ? 2 : 0", "variable.is_first_person ? -4 : -1", "variable.is_first_person ? 8 : -4"],
						"1.5": ["variable.is_first_person ? 2 : 0", "variable.is_first_person ? -3 : 0", "variable.is_first_person ? 12 : 0"]
					}
				},
				"leftleg": {
					"rotation": {
						"0.0": [12.5, 0, -2.5],
						"0.3": [-32.5, 0, -2.5],
						"0.5": [-32.5, 0, -2.5],
						"0.6": [12.5, 0, -2.5],
						"1.0": [12.5, 0, -2.5],
						"1.5": [0, 0, -2.5]
					}
				},
				"lowerlleg": {
					"rotation": {
						"0.0": [20, 0, 0],
						"0.3": [32.5, 0, 0],
						"0.5": [32.5, 0, 0],
						"0.6": [20, 0, 0],
						"1.0": [20, 0, 0],
						"1.5": [2.5, 0, 0]
					}
				},
				"rightleg": {
					"rotation": {
						"0.0": [-32.49294, 0.32621, 2.47864],
						"0.3": [12.50706, 0.32621, 2.47864],
						"0.5": [12.50706, 0.32621, 2.47864],
						"0.6": [-32.49294, 0.32621, 2.47864],
						"1.0": [-32.49294, 0.32621, 2.47864],
						"1.5": [-7.49294, 0.32621, 2.47864]
					}
				},
				"lowerrleg": {
					"rotation": {
						"0.0": [35, 0, 0],
						"0.3": [7.5, 0, 0],
						"0.5": [7.5, 0, 0],
						"0.6": [35, 0, 0],
						"1.0": [35, 0, 0],
						"1.5": [7.5, 0, 0]
					}
				},
				"waist": {
					"rotation": {
						"0.0": [13.59734, -55.26033, 0.17513],
						"0.3": [9.57524, 74.79781, 9.24606],
						"0.5": [9.57524, 74.79781, 9.24606],
						"0.6": [28.74659, -76.3727, -21.70071],
						"1.0": [25.47914, -71.85485, -12.94567],
						"1.5": [2.5, 0, 0]
					}
				},
				"leftArm": {
					"rotation": {
						"0.0": [-72.91033, 7.94717, -83.17098],
						"0.3": [-20.41033, 7.94717, -83.17098],
						"0.5": [-20.41033, 7.94717, -83.17098],
						"0.6": [-72.91033, 7.94717, -83.17098],
						"1.0": [-72.91033, 7.94717, -83.17098],
						"1.5": [-2.49527, -0.21782, -2.4905]
					}
				},
				"lowerlarm": {
					"rotation": {
						"0.0": [-85, 0, 0],
						"0.3": [-85, 0, 0],
						"0.5": [-85, 0, 0],
						"1.0": [-85, 0, 0],
						"1.5": [-7.5, 0, 0]
					}
				},
				"rightArm": {
					"rotation": {
						"0.0": [-18.56638, -3.70848, 88.14803],
						"0.3": [23.93362, -3.70848, 88.14803],
						"0.5": [23.93362, -3.70848, 88.14803],
						"0.6": [-8.56638, -3.70848, 88.14803],
						"1.0": [-18.56638, -3.70848, 88.14803],
						"1.5": [-55.80817, 25.77945, 3.74282]
					}
				},
				"lowerrarm": {
					"rotation": {
						"0.0": [-7.5, 0, 0],
						"0.3": [-87.5, 0, 0],
						"0.5": [-87.5, 0, 0],
						"0.6": [-12.5, 0, 0],
						"1.0": [-7.5, 0, 0],
						"1.5": [-37.5, 0, 0]
					}
				},
				"rightItem": {
					"rotation": {
						"0.0": [80, 0, 0],
						"0.3": [-5, 0, 0],
						"0.5": [-5, 0, 0],
						"0.6": [75, 0, 0],
						"1.0": [80, 0, 0],
						"1.5": [0, 0, 0]
					},
					"position": {
						"0.0": [0, -5, -1],
						"0.3": [0, 0, -1],
						"0.5": [0, 0, -1],
						"0.6": [0, -5, -1],
						"1.0": [0, -5, -1],
						"1.5": [0, 0, 0]
					}
				},
				"trail_lance": {
					"position": {
						"0.7": [0, 0, 0],
						"0.9": [0, 0, -6]
					},
					"scale": {
						"0.0": [0, 0, 0],
						"0.5": [0, 0, 0],
						"0.6": [1, 1, 1],
						"0.7": [1, 1, 1],
						"0.9": [1, 1, 1.5],
						"1.0": [0, 0, 0]
					}
				},
				"lance_back_main": {
					"scale": 0
				}
			}
		},
		"animation.fast_paced_lance.attack_blunt": {
			"loop": "hold_on_last_frame",
			"animation_length": 1.1,
			"override_previous_animation": true,
			"bones": {
				"leftleg": {
					"rotation": {
						"0.0": [0, 0, -2.5],
						"0.2": [-37.5, 0, -2.5],
						"0.6": [-40, 0, -2.5],
						"1.1": [0, 0, -2.5]
					}
				},
				"lowerlleg": {
					"rotation": {
						"0.0": [2.5, 0, 0],
						"0.2": [37.5, 0, 0],
						"0.6": [35, 0, 0],
						"1.1": [2.5, 0, 0]
					}
				},
				"rightleg": {
					"rotation": {
						"0.0": [-7.49294, 0.32621, 2.47864],
						"0.2": [27.50706, 0.32621, 2.47864],
						"0.6": [20.00706, 0.32621, 2.47864],
						"1.1": [-7.49294, 0.32621, 2.47864]
					}
				},
				"lowerrleg": {
					"rotation": {
						"0.0": [7.5, 0, 0],
						"1.1": [7.5, 0, 0]
					}
				},
				"waist": {
					"rotation": {
						"0.0": [176.11419, -49.93505, -177.02424],
						"0.2": [196.1142, -210.9351, -177.02424],
						"0.6": [196.1142, -220.9351, -177.02424],
						"1.1": [180, -180, -177.02424]
					}
				},
				"leftArm": {
					"rotation": {
						"0.0": [-1.98788, -1.52416, -34.9688],
						"0.2": [-24.48788, -1.52416, -34.9688],
						"0.6": [-24.12082, -4.61472, -41.81309],
						"1.1": [-2.49527, -0.21782, -2.4905]
					}
				},
				"lowerlarm": {
					"rotation": {
						"0.0": [-20, 0, 0],
						"0.2": [-32.5, 0, 0],
						"0.6": [-32.5, 0, 0],
						"1.1": [-7.5, 0, 0]
					}
				},
				"rightArm": {
					"rotation": {
						"0.0": [-72.92547, 3.19796, 99.17722],
						"0.2": [24.57453, 3.19796, 99.17722],
						"0.6": [32.07453, 3.19796, 99.17722],
						"1.1": [-55.80817, 25.77945, 3.74282]
					}
				},
				"lowerrarm": {
					"rotation": {
						"0.0": [-60, 0, 0],
						"0.2": [-20, 0, 0],
						"0.6": [-5, 0, 0],
						"1.1": [-37.5, 0, 0]
					}
				},
				"rightItem": {
					"position": {
						"0.0": [0, 0, -1],
						"1.1": [0, 0, -1]
					}
				},
				"root": {
					"rotation": {
						"0.0": ["variable.is_first_person ? (math.cos(query.life_time * 100.0) * 0.200) + 0.200 : 0", "variable.is_first_person ? 180 : 0", 0],
						"0.2": [0, 0, 0],
						"0.6": [5, 0, 0],
						"1.1": [0, 0, 0]
					},
					"position": {
						"0.0": [0, 0, 0],
						"0.2": [0, -1, -5],
						"0.6": [0, -1, -6],
						"1.1": [0, 0, 0]
					}
				},
				"trail_lance": {
					"scale": 0
				},
				"lance_back_main": {
					"scale": 0
				}
			}
		},
		"animation.fast_paced_lance.charge_thrust": {
			"loop": "hold_on_last_frame",
			"animation_length": 10000,
			"override_previous_animation": true,
			"bones": {
				"root": {
					"rotation": {
						"0.0": ["variable.is_first_person ? (math.cos(query.life_time * 100.0) * 0.200) + 0.200 : 0", "variable.is_first_person ? 180 : 0", 0],
						"0.3": ["variable.is_first_person ? (math.cos(query.life_time * 100.0) * 0.200) + 0.200 : 0", "variable.is_first_person ? 180 : 0", 0],
						"0.9": ["variable.is_first_person ? (math.cos(query.life_time * 100.0) * 0.200) + 0.200 : 0", "variable.is_first_person ? 202.5 : 22.5", 0]
					},
					"position": ["variable.is_first_person ? 2 : 0", "variable.is_first_person ? -4 : -1", "variable.is_first_person ? 12 : 0"]
				},
				"leftleg": {
					"rotation": {
						"0.0": [0, 0, -2.5],
						"0.3": [-32.5, 0, -2.5]
					}
				},
				"lowerlleg": {
					"rotation": {
						"0.0": [2.5, 0, 0],
						"0.3": [32.5, 0, 0]
					}
				},
				"rightleg": {
					"rotation": {
						"0.0": [-7.49294, 0.32621, 2.47864],
						"0.3": [12.50706, 0.32621, 2.47864]
					}
				},
				"lowerrleg": {
					"rotation": {
						"0.0": [7.5, 0, 0],
						"0.3": [7.5, 0, 0]
					}
				},
				"waist": {
					"rotation": {
						"0.0": [2.5, 0, 0],
						"0.3": [9.57524, 74.79781, 9.24606],
						"0.9": [4.35299, 54.92219, 3.56463]
					}
				},
				"leftArm": {
					"rotation": {
						"0.0": [-2.49527, -0.21782, -2.4905],
						"0.3": [-5.22315, 21.23727, -27.71799],
						"0.9": [-7.91033, 7.94717, -83.17098]
					}
				},
				"lowerlarm": {
					"rotation": {
						"0.0": [-7.5, 0, 0],
						"0.3": [-60, 0, 0],
						"0.9": [-5, 0, 0]
					}
				},
				"rightArm": {
					"rotation": {
						"0.0": [-55.80817, 25.77945, 3.74282],
						"0.3": [23.93362, -3.70848, 88.14803],
						"0.9": [11.43362, -3.70848, 88.14803]
					}
				},
				"lowerrarm": {
					"rotation": {
						"0.0": [-37.5, 0, 0],
						"0.3": [-87.5, 0, 0]
					}
				},
				"rightItem": {
					"rotation": [-5, 0, 0],
					"position": {
						"0.0": [0, 0, -1],
						"0.3": [0, 0, -1]
					}
				},
				"trail_lance": {
					"scale": 0
				},
				"lance_back_main": {
					"scale": 0
				}
			}
		},
		"animation.fast_paced_lance.ability_thrust": {
			"loop": "hold_on_last_frame",
			"animation_length": 1.5,
			"override_previous_animation": true,
			"bones": {
				"root": {
					"rotation": {
						"0.0": ["variable.is_first_person ? (math.cos(query.life_time * 100.0) * 0.200) + 0.200 : 0", "variable.is_first_person ? 202.5 : 22.5", 0],
						"0.2": ["variable.is_first_person ? (math.cos(query.life_time * 100.0) * 0.200) + 0.200 : 0", "variable.is_first_person ? 180 : 0", 0]
					},
					"position": {
						"0.0": ["variable.is_first_person ? 2 : 0", "variable.is_first_person ? -4 : -1", "variable.is_first_person ? 12 : 0"],
						"0.2": ["variable.is_first_person ? 2 : 0", "variable.is_first_person ? -4 : -1", "variable.is_first_person ? 12 : 0"],
						"0.3": ["variable.is_first_person ? 2 : 0", "variable.is_first_person ? -4 : -1", "variable.is_first_person ? 9 : -3"],
						"0.4": ["variable.is_first_person ? 2 : 0", "variable.is_first_person ? -5 : -2", "variable.is_first_person ? 5.75 : -6.25"],
						"0.7": ["variable.is_first_person ? 2 : 0", "variable.is_first_person ? -4 : -1", "variable.is_first_person ? 8 : -4"],
						"1.2": ["variable.is_first_person ? 2 : 0", "variable.is_first_person ? -4 : -1", "variable.is_first_person ? 8 : -4"]
					}
				},
				"leftleg": {
					"rotation": {
						"0.0": [-32.5, 0, -2.5],
						"0.2": [-32.5, 0, -2.5],
						"0.3": [12.5, 0, -2.5],
						"0.4": [35, 0, -2.5],
						"0.7": [12.5, 0, -2.5],
						"1.2": [0, 0, -2.5]
					}
				},
				"lowerlleg": {
					"rotation": {
						"0.0": [32.5, 0, 0],
						"0.2": [32.5, 0, 0],
						"0.3": [20, 0, 0],
						"0.4": [5, 0, 0],
						"0.7": [20, 0, 0],
						"1.2": [2.5, 0, 0]
					}
				},
				"rightleg": {
					"rotation": {
						"0.0": [12.50706, 0.32621, 2.47864],
						"0.2": [12.50706, 0.32621, 2.47864],
						"0.3": [-74.99294, 0.32621, 2.47864],
						"0.4": [-46.86794, 0.32621, 2.47864],
						"0.7": [-32.49294, 0.32621, 2.47864],
						"1.2": [-7.49294, 0.32621, 2.47864]
					}
				},
				"lowerrleg": {
					"rotation": {
						"0.0": [7.5, 0, 0],
						"0.2": [7.5, 0, 0],
						"0.3": [65, 0, 0],
						"0.4": [42.5, 0, 0],
						"0.7": [35, 0, 0],
						"1.2": [7.5, 0, 0]
					}
				},
				"waist": {
					"rotation": {
						"0.0": [4.35299, 54.92219, 3.56463],
						"0.2": [9.57524, 74.79781, 9.24606],
						"0.3": [4.64565, -57.4145, -3.91686],
						"0.7": [5.89834, -64.88331, -5.34402],
						"1.2": [2.5, 0, 0]
					}
				},
				"leftArm": {
					"rotation": {
						"0.0": [-7.91033, 7.94717, -83.17098],
						"0.2": [-20.41033, 7.94717, -83.17098],
						"0.3": [-72.91033, 7.94717, -83.17098],
						"0.7": [-1.48452, 15.05348, -29.96654],
						"1.2": [-2.49527, -0.21782, -2.4905]
					}
				},
				"lowerlarm": {
					"rotation": {
						"0.0": [-5, 0, 0],
						"0.2": [-85, 0, 0],
						"0.7": [-10, 0, 0],
						"1.2": [-7.5, 0, 0]
					}
				},
				"rightArm": {
					"rotation": {
						"0.0": [11.43362, -3.70848, 88.14803],
						"0.2": [23.93362, -3.70848, 88.14803],
						"0.3": [1.43362, -3.70848, 88.14803],
						"0.7": [-18.56638, -3.70848, 88.14803],
						"1.2": [-55.80817, 25.77945, 3.74282]
					}
				},
				"lowerrarm": {
					"rotation": {
						"0.0": [-87.5, 0, 0],
						"0.2": [-87.5, 0, 0],
						"0.3": [-32.5, 0, 0],
						"0.7": [-7.5, 0, 0],
						"1.2": [-37.5, 0, 0]
					}
				},
				"rightItem": {
					"rotation": {
						"0.0": [-5, 0, 0],
						"0.2": [-5, 0, 0],
						"0.3": [75, 0, 0],
						"0.7": [80, 0, 0],
						"1.2": [0, 0, 0]
					},
					"position": {
						"0.0": [0, 0, -1],
						"0.2": [0, 0, -1],
						"0.3": [0, -5, -1],
						"0.7": [0, -5, -1],
						"1.2": [0, 0, 0]
					}
				},
				"trail_lance": {
					"position": {
						"0.4": [0, 0, 0],
						"0.6": [0, 0, -6]
					},
					"scale": {
						"0.0": [0, 0, 0],
						"0.2": [0, 0, 0],
						"0.3": [1, 1, 1],
						"0.4": [1, 1, 1],
						"0.6": [1, 1, 1.5],
						"0.7": [0, 0, 0]
					}
				},
				"lance_back_main": {
					"scale": 0
				}
			}
		},
		"animation.fast_paced_lance.charge_puncture": {
			"loop": "hold_on_last_frame",
			"animation_length": 10000,
			"override_previous_animation": true,
			"bones": {
				"root": {
					"rotation": {
						"0.3": ["variable.is_first_person ? (math.cos(query.life_time * 100.0) * 0.200) + 0.200 : 0", "variable.is_first_person ? 180 : 0", 0],
						"0.9": ["variable.is_first_person ? (math.cos(query.life_time * 100.0) * 0.200) + 0.200 : 0", "variable.is_first_person ? 185 : 5", 0]
					},
					"position": {
						"0.0": ["variable.is_first_person ? 2 : 0", "variable.is_first_person ? -8 : -5", "variable.is_first_person ? 12 : 0"],
						"0.3": ["variable.is_first_person ? 2 : 0", "variable.is_first_person ? -8 : -5", "variable.is_first_person ? 12 : 0"]
					}
				},
				"leftleg": {
					"rotation": {
						"0.0": [10, 0, -2.5],
						"0.3": [10, 0, -2.5]
					}
				},
				"lowerlleg": {
					"rotation": {
						"0.0": [75, 0, 0],
						"0.3": [75, 0, 0]
					}
				},
				"rightleg": {
					"rotation": {
						"0.0": [-79.99294, 0.32621, 2.47864],
						"0.3": [-79.99294, 0.32621, 2.47864]
					}
				},
				"lowerrleg": {
					"rotation": {
						"0.0": [80, 0, 0],
						"0.3": [80, 0, 0]
					}
				},
				"waist": {
					"rotation": {
						"0.0": [12.67995, 12.39135, 1.6575],
						"0.3": [9.57524, 74.79781, 9.24606],
						"0.9": [4.35299, 54.92219, 3.56463]
					}
				},
				"leftArm": {
					"rotation": {
						"0.0": [-44.57545, 14.02739, -59.11424],
						"0.3": [-44.57545, 14.02739, -59.11424],
						"0.9": [14.35128, -1.57129, -44.21172]
					}
				},
				"lowerlarm": {
					"rotation": {
						"0.0": [-42.5, 0, 0],
						"0.3": [-60, 0, 0],
						"0.9": [-62.5, 0, 0]
					}
				},
				"rightArm": {
					"rotation": {
						"0.0": [41.69183, 25.77945, 3.74282],
						"0.3": [23.93362, -3.70848, 88.14803],
						"0.9": [36.43362, -3.70848, 88.14803]
					}
				},
				"lowerrarm": {
					"rotation": {
						"0.0": [-30, 0, 0],
						"0.3": [-87.5, 0, 0]
					}
				},
				"rightItem": {
					"rotation": [-5, 0, 0],
					"position": {
						"0.0": [0, 0, -1],
						"0.3": [0, 0, -1]
					}
				},
				"trail_lance": {
					"scale": 0
				},
				"lance_back_main": {
					"scale": 0
				}
			}
		},
		"animation.fast_paced_lance.ability_puncture": {
			"loop": "hold_on_last_frame",
			"animation_length": 1.5,
			"override_previous_animation": true,
			"bones": {
				"root": {
					"rotation": ["variable.is_first_person ? (math.cos(query.life_time * 100.0) * 0.200) + 0.200 : 0", "variable.is_first_person ? 180 : 0", 0],
					"position": {
						"0.0": ["variable.is_first_person ? 2 : 0", "variable.is_first_person ? -8 : -5", "variable.is_first_person ? 12 : 0"],
						"1.1": ["variable.is_first_person ? 2 : 0", "variable.is_first_person ? -8 : -5", "variable.is_first_person ? 12 : 0"]
					}
				},
				"leftleg": {
					"rotation": {
						"0.0": [10, 0, -2.5],
						"1.1": [10, 0, -2.5]
					}
				},
				"lowerlleg": {
					"rotation": {
						"0.0": [75, 0, 0],
						"1.1": [75, 0, 0]
					}
				},
				"rightleg": {
					"rotation": {
						"0.0": [-79.99294, 0.32621, 2.47864],
						"1.1": [-79.99294, 0.32621, 2.47864]
					}
				},
				"lowerrleg": {
					"rotation": {
						"0.0": [80, 0, 0],
						"1.1": [80, 0, 0]
					}
				},
				"waist": {
					"rotation": {
						"0.0": [4.35299, 54.92219, 3.56463],
						"0.1": [9.57524, 74.79781, 9.24606],
						"0.2": [4.64565, -57.4145, -3.91686],
						"0.6": [8.26133, -72.32786, -7.87648],
						"1.1": [12.67995, 12.39135, 1.6575]
					}
				},
				"leftArm": {
					"rotation": {
						"0.0": [14.35128, -1.57129, -44.21172],
						"0.5": [26.40476, -7.97871, -68.47507],
						"1.1": [-44.57545, 14.02739, -59.11424]
					}
				},
				"lowerlarm": {
					"rotation": {
						"0.0": [-62.5, 0, 0],
						"1.1": [-42.5, 0, 0]
					}
				},
				"rightArm": {
					"rotation": {
						"0.0": [36.43362, -3.70848, 88.14803],
						"0.1": [23.93362, -3.70848, 88.14803],
						"0.2": [1.43362, -3.70848, 88.14803],
						"0.6": [-16.06638, -3.70848, 88.14803],
						"1.1": [41.69183, 25.77945, 3.74282]
					}
				},
				"lowerrarm": {
					"rotation": {
						"0.0": [-87.5, 0, 0],
						"0.1": [-87.5, 0, 0],
						"0.2": [-32.5, 0, 0],
						"0.6": [-2.5, 0, 0],
						"1.1": [-30, 0, 0]
					}
				},
				"rightItem": {
					"rotation": {
						"0.0": [-5, 0, 0],
						"0.1": [-5, 0, 0],
						"0.2": [75, 0, 0],
						"0.6": [80, 0, 0],
						"1.1": [0, 0, 0]
					},
					"position": {
						"0.0": [0, 0, -1],
						"0.1": [0, 0, -1],
						"0.2": [0, -5, -1],
						"0.6": [0, -5, -1],
						"1.1": [0, 0, -1]
					}
				},
				"trail_lance": {
					"position": {
						"0.3": [0, 0, 0],
						"0.5": [0, 0, -6]
					},
					"scale": {
						"0.0": [0, 0, 0],
						"0.1": [0, 0, 0],
						"0.2": [1, 1, 1],
						"0.3": [1, 1, 1],
						"0.5": [1, 1, 1.5],
						"0.6": [0, 0, 0],
						"1.1": [0, 0, 0]
					}
				},
				"lance_back_main": {
					"scale": 0
				}
			}
		},
		"animation.fast_paced_lance.unsheathe": {
			"loop": "hold_on_last_frame",
			"animation_length": 1.12,
			"override_previous_animation": true,
			"bones": {
				"leftleg": {
					"rotation": {
						"0.52": [0, 0, 0],
						"1.04": [0, 0, -2.5]
					}
				},
				"lowerlleg": {
					"rotation": {
						"0.52": [0, 0, 0],
						"1.04": [2.5, 0, 0]
					}
				},
				"rightleg": {
					"rotation": {
						"0.52": [0, 0, 0],
						"1.04": [-7.49294, 0.32621, 2.47864]
					}
				},
				"lowerrleg": {
					"rotation": {
						"0.52": [0, 0, 0],
						"1.04": [7.5, 0, 0]
					}
				},
				"waist": {
					"rotation": {
						"0.52": [0, 0, 0],
						"1.04": [2.5, 0, 0]
					}
				},
				"leftArm": {
					"rotation": {
						"0.52": [0, 0, 0],
						"1.04": [-2.49527, -0.21782, -2.4905]
					}
				},
				"lowerlarm": {
					"rotation": {
						"0.52": [0, 0, 0],
						"1.04": [-7.5, 0, 0]
					}
				},
				"rightArm": {
					"rotation": {
						"0.0": [0, 0, 0],
						"0.24": [-137.81374, 17.38772, -18.2489],
						"0.52": [4.26482, 17.09854, 5.32286],
						"1.04": [-55.80817, 25.77945, 3.74282]
					}
				},
				"lowerrarm": {
					"rotation": {
						"0.0": [0, 0, 0],
						"0.24": [-97.5, 0, 0],
						"0.52": [-20, 0, 0],
						"1.04": [-37.5, 0, 0]
					}
				},
				"rightItem": {
					"rotation": {
						"0.28": [0, 0, 90],
						"0.52": [0, 0, 0]
					},
					"position": {
						"0.28": [1, 0, 0],
						"0.52": [0, 0, 0],
						"1.04": [0, 0, -1]
					},
					"scale": {
						"0.0": [0, 0, 0],
						"0.24": [0, 0, 0],
						"0.28": [1, 1, 1]
					}
				},
				"root": {
					"rotation": {
						"0.52": [0, 0, 0],
						"1.04": ["variable.is_first_person ? (math.cos(query.life_time * 100.0) * 0.200) + 0.200 : 0", "variable.is_first_person ? 180 : 0", 0]
					},
					"position": {
						"0.0": [0, -1, 0],
						"1.04": ["variable.is_first_person ? 2 : 0", "variable.is_first_person ? -3 : 0", "variable.is_first_person ? 12 : 0"]
					}
				},
				"lance_back_main": {
					"scale": {
						"0.0": [1, 1, 1],
						"0.24": [1, 1, 1],
						"0.28": [0, 0, 0]
					}
				},
				"trail_lance": {
					"scale": 0
				}
			}
		},
		"animation.fast_paced_lance.unsheathe_shield": {
			"loop": "hold_on_last_frame",
			"animation_length": 0.52,
			"bones": {
				"leftArm": {
					"rotation": {
						"0.0": [0, 0, 0],
						"0.12": [46.64743, -7.43547, 13.06431],
						"0.24": [-35.94859, -8.09747, -4.58645],
						"0.52": [-11.5946, 3.10075, -5.31717]
					},
					"position": [0, 0, 0]
				},
				"lowerlarm": {
					"rotation": {
						"0.0": [0, 0, 0],
						"0.12": [-45, 0, 0],
						"0.24": [0, 0, 0],
						"0.52": [-20, 0, 0]
					}
				},
				"rightArm": {
					"rotation": {
						"0.0": [-148.15593, 15.35793, -23.09454],
						"0.12": [-148.15593, 15.35793, -23.09454],
						"0.24": [-43.15593, 15.35793, -23.09454],
						"0.52": [20.10891, -21.67795, 10.87228]
					}
				},
				"lowerrarm": {
					"rotation": {
						"0.0": [-87.5, 0, 0],
						"0.12": [-42.5, 0, 0],
						"0.24": [-42.5, 0, 0],
						"0.52": [-30, 0, 0]
					}
				},
				"longsword_back_main": {
					"rotation": {
						"0.0": [0, 0, 0],
						"0.12": [-149.12346, -33.20628, -152.06579],
						"0.24": [0, 0, 0]
					},
					"position": {
						"0.0": [0, 0, -1],
						"0.12": [-3, 4, 1],
						"0.24": [0, 0, 0]
					},
					"scale": {
						"0.12": [1, 1, 1],
						"0.16": [0, 0, 0]
					}
				},
				"rightItem": {
					"rotation": {
						"0.24": [0, 0, 90],
						"0.52": [0, 0, 0]
					},
					"scale": {
						"0.12": [0, 0, 0],
						"0.16": [1, 1, 1]
					}
				},
				"longsword_sheath": {
					"rotation": {
						"0.0": [0, 0, 0],
						"0.12": [-149.12346, -33.20628, -152.06579],
						"0.32": [0, 0, 0]
					},
					"position": {
						"0.0": [0, 0, 0],
						"0.12": [-3, 4, 2],
						"0.32": [0, 0, 0]
					}
				},
				"root": {
					"rotation": {
						"0.0": [0, 0, 0],
						"0.24": [0, 0, 0],
						"0.52": ["variable.is_first_person ? (math.cos(query.life_time * 100.0) * 0.200) + 0.200 : 0", "variable.is_first_person ? 180 : 0", 0]
					},
					"position": {
						"0.0": [0, 0, 0],
						"0.24": [0, 0, 0],
						"0.52": ["variable.is_first_person ? 2 : 0", "variable.is_first_person ? -3 : 0", "variable.is_first_person ? 12 : 0"]
					}
				},
				"waist": {
					"rotation": {
						"0.0": [0, 0, 0],
						"0.24": [0, 0, 0],
						"0.52": [0, 22.5, 0]
					}
				},
				"leftitem": {
					"scale": {
						"0.12": [0, 0, 0],
						"0.16": [1, 1, 1],
						"0.52": [1, 1, 1]
					}
				},
				"leftleg": {
					"rotation": [-7.51153, -2.4407, -4.45857]
				},
				"lowerlleg": {
					"rotation": [7.5, 0, 0]
				},
				"rightleg": {
					"rotation": [-4.85107, 2.73775, 7.26542]
				},
				"lowerrleg": {
					"rotation": [7.5, 0, 0]
				},
				"trail_lance": {
					"scale": 0
				},
				"lance_back_main": {
					"rotation": {
						"0.0": [0, 0, 0],
						"0.12": [-149.12346, -33.20628, -152.06579],
						"0.24": [0, 0, 0]
					},
					"position": {
						"0.0": [0, 0, -1],
						"0.12": [-3, 4, 1],
						"0.24": [0, 0, 0]
					},
					"scale": {
						"0.12": [1, 1, 1],
						"0.16": [0, 0, 0]
					}
				},
				"shield_back": {
					"rotation": {
						"0.0": [0, 0, 0],
						"0.12": [-122.95098, -23.44849, -120.73838],
						"0.24": [-113.91199, -32.27476, -110.55024]
					},
					"position": {
						"0.0": [0, 0, 0],
						"0.12": [2, 0, 0],
						"0.24": [5, 0, 0]
					},
					"scale": {
						"0.12": [1, 1, 1],
						"0.16": [0, 0, 0]
					}
				}
			}
		}
	}
}