{
	"format_version": "1.8.0",
	"animations": {
		"animation.fast_paced_spear.base_pose": {
			"loop": true,
			"override_previous_animation": true,
			"bones": {
				"root": {
					"rotation": ["variable.is_first_person ? (math.cos(query.life_time * 100.0) * 0.200) + 0.200 : 0", "variable.is_first_person ? 180 : 0", 0],
					"position": ["variable.is_first_person ? 2 : 0", "variable.is_first_person ? -4 : -1", "variable.is_first_person ? 12 : 0"]
				},
				"leftleg": {
					"rotation": [-22.48072, 0.95645, -2.69009]
				},
				"lowerlleg": {
					"rotation": [17.5, 0, 0]
				},
				"rightleg": {
					"rotation": [10.02457, 4.7062, 5.86455]
				},
				"lowerrleg": {
					"rotation": [10, 0, 0]
				},
				"waist": {
					"rotation": [0, 10, 0]
				},
				"leftArm": {
					"rotation": [4.98107, -0.43523, -2.51893]
				},
				"lowerlarm": {
					"rotation": [-7.5, 0, 0]
				},
				"rightArm": {
					"rotation": [-15.08741, -10.34422, -0.40423]
				},
				"lowerrarm": {
					"rotation": [-82.5, 0, 0]
				},
				"rightItem": {
					"rotation": [7.5, 0, 0],
					"position": [0, 2, 16]
				},
				"trail_pierce_spear": {
					"scale": [1, 1, 0]
				},
				"trail_spear": {
					"scale": [1, 0, 1]
				},
				"spear_back": {
					"scale": 0
				}
			}
		},
		"animation.fast_paced_spear.combat_base_pose": {
			"loop": true,
			"override_previous_animation": true,
			"bones": {
				"root": {
					"rotation": ["variable.is_first_person ? (math.cos(query.life_time * 100.0) * 0.200) + 0.200 : 0", "variable.is_first_person ? 140 : -40", 0],
					"position": ["variable.is_first_person ? 2 : 0", "variable.is_first_person ? -5 : -1", "variable.is_first_person ? 5 : 0"]
				},
				"leftleg": {
					"rotation": [-2.5, 47.5, 0]
				},
				"lowerlleg": {
					"rotation": [17.5, 0, 0]
				},
				"rightleg": {
					"rotation": [-20, 42.5, 0]
				},
				"lowerrleg": {
					"rotation": [22.5, 0, 0]
				},
				"waist": {
					"rotation": [0, -15, 0]
				},
				"leftArm": {
					"rotation": [-32.43193, 45.75217, -54.32563]
				},
				"lowerlarm": {
					"rotation": [-55, 0, 0]
				},
				"rightArm": {
					"rotation": [-79.48676, -14.07956, 14.45488]
				},
				"lowerrarm": {
					"rotation": [-24.97272, 1.76749, 1.76833]
				},
				"rightItem": {
					"rotation": [77.11595, 22.06203, 71.74766],
					"position": [21.25, 4, 5]
				},
				"trail_pierce_spear": {
					"scale": [1, 1, 0]
				},
				"trail_spear": {
					"scale": [1, 0, 1]
				},
				"spear_back": {
					"scale": 0
				}
			}
		},
		"animation.fast_paced_spear.combat_to_idle": {
			"animation_length": 0.8,
			"override_previous_animation": true,
			"bones": {
				"root": {
					"rotation": {
						"0.0": ["variable.is_first_person ? (math.cos(query.life_time * 100.0) * 0.200) + 0.200 : 0", "variable.is_first_person ? 140 : -40", 0],
						"0.48": ["variable.is_first_person ? (math.cos(query.life_time * 100.0) * 0.200) + 0.200 : 0", "variable.is_first_person ? 180 : 0", 0]
					},
					"position": {
						"0.0": ["variable.is_first_person ? 2 : 0", "variable.is_first_person ? -5 : -1", "variable.is_first_person ? 5 : 0"],
						"0.48": ["variable.is_first_person ? 2 : 0", "variable.is_first_person ? -4 : -1", "variable.is_first_person ? 12 : 0"]
					}
				},
				"leftleg": {
					"rotation": {
						"0.0": [-2.5, 47.5, 0],
						"0.48": [-22.48072, 0.95645, -2.69009]
					}
				},
				"lowerlleg": {
					"rotation": {
						"0.0": [17.5, 0, 0],
						"0.48": [17.5, 0, 0]
					}
				},
				"rightleg": {
					"rotation": {
						"0.0": [-20, 42.5, 0],
						"0.48": [10.02457, 4.7062, 5.86455]
					}
				},
				"lowerrleg": {
					"rotation": {
						"0.0": [22.5, 0, 0],
						"0.48": [10, 0, 0]
					}
				},
				"waist": {
					"rotation": {
						"0.0": [0, -15, 0],
						"0.48": [0, 10, 0]
					}
				},
				"leftArm": {
					"rotation": {
						"0.0": [-32.43193, 45.75217, -54.32563],
						"0.16": [-63.33996, 48.77785, -26.81242],
						"0.48": [4.98107, -0.43523, -2.51893]
					}
				},
				"lowerlarm": {
					"rotation": {
						"0.0": [-55, 0, 0],
						"0.48": [-7.5, 0, 0]
					}
				},
				"rightArm": {
					"rotation": {
						"0.0": [-79.48676, -14.07956, 14.45488],
						"0.48": [-15.08741, -10.34422, -0.40423]
					}
				},
				"lowerrarm": {
					"rotation": {
						"0.0": [-24.97272, 1.76749, 1.76833],
						"0.48": [-82.5, 0, 0]
					}
				},
				"rightItem": {
					"rotation": {
						"0.0": [77.11595, 22.06203, 71.74766],
						"0.12": [73.37622, 24.34335, 64.25111],
						"0.24": [22.30798, 11.03102, 35.87383],
						"0.48": [7.5, 0, 0]
					},
					"position": {
						"0.0": [21.25, 4, 5],
						"0.12": [17.94, 4.5, 4.75],
						"0.2": [7.07, 2.17, 8.58],
						"0.24": [4.63, 1, 10.5],
						"0.36": [2.32, 2.5, 13.25],
						"0.48": [0, 2, 16]
					}
				},
				"trail_pierce_spear": {
					"scale": {
						"0.0": [1, 1, 0],
						"0.48": [1, 1, 0]
					}
				},
				"trail_spear": {
					"scale": {
						"0.0": [1, 0, 1],
						"0.48": [1, 0, 1]
					}
				},
				"spear_back": {
					"scale": {
						"0.0": [0, 0, 0],
						"0.48": [0, 0, 0]
					}
				}
			}
		},
		"animation.fast_paced_spear.sneak": {
			"loop": true,
			"override_previous_animation": true,
			"bones": {
				"waist": {
					"rotation": [8.57295, 0.77766, -7.16461]
				},
				"leftArm": {
					"rotation": [-60, 0, 0]
				},
				"lowerlarm": {
					"rotation": [-62.5, 0, 0]
				},
				"rightArm": {
					"rotation": [38.841, -51.24042, 31.60769]
				},
				"lowerrarm": {
					"rotation": [-90, 0, 0]
				},
				"leftleg": {
					"rotation": [-109.8423, -2.55868, -7.05239]
				},
				"rightleg": {
					"rotation": [-20, 0, 0]
				},
				"rightItem": {
					"rotation": [0, 0, 0],
					"position": [0, 0, 0]
				},
				"root": {
					"rotation": [
						"variable.is_first_person ? (math.cos(query.life_time * 100.0) * 0.200) + 0.200 + 11.7308 : 11.7308",
						"variable.is_first_person ? 184.8876: 4.8876",
						3.05248
					],
					"position": ["variable.is_first_person ? 2 : 0", "variable.is_first_person ? -9 : -6", "variable.is_first_person ? 12 : 0"]
				},
				"lowerlleg": {
					"rotation": [95, 0, 0]
				},
				"lowerrleg": {
					"rotation": [95, 0, 0]
				},
				"trail_pierce_spear": {
					"scale": [1, 1, 0]
				},
				"trail_spear": {
					"scale": [1, 0, 1]
				},
				"spear_back": {
					"scale": 0
				}
			}
		},
		"animation.fast_paced_spear.sprint": {
			"loop": true,
			"animation_length": 0.56,
			"override_previous_animation": true,
			"bones": {
				"leftleg": {
					"rotation": {
						"0.0": [45, 0, -2.5],
						"0.12": [-84.64286, 0, -2.5],
						"0.28": [-47.5, 0, -2.5],
						"0.4": [57.14286, 0, -2.5],
						"0.56": [45, 0, -2.5]
					}
				},
				"lowerlleg": {
					"rotation": {
						"0.0": [62.5, 0, 0],
						"0.12": [98.57, 0, 0],
						"0.28": [47.5, 0, 0],
						"0.4": [26.43, 0, 0],
						"0.56": [62.5, 0, 0]
					}
				},
				"rightleg": {
					"rotation": {
						"0.0": [-44.99294, 0.32621, 2.47864],
						"0.12": [58.57849, 0.32621, 2.47864],
						"0.28": [27.50706, 0.32621, 2.47864],
						"0.4": [-93.56437, 0.32621, 2.47864],
						"0.56": [-44.99294, 0.32621, 2.47864]
					}
				},
				"lowerrleg": {
					"rotation": {
						"0.0": [45, 0, 0],
						"0.12": [21.79, 0, 0],
						"0.28": [72.5, 0, 0],
						"0.4": [103.21, 0, 0],
						"0.56": [45, 0, 0]
					}
				},
				"waist": {
					"rotation": {
						"0.0": [27.55769, 48.5904, 14.09731],
						"0.28": [37.55769, 48.5904, 14.09731],
						"0.56": [27.55769, 48.5904, 14.09731]
					}
				},
				"leftArm": {
					"rotation": {
						"0.0": [-50.80032, 27.77899, -14.79034],
						"0.28": [-63.30032, 27.77899, -14.79034],
						"0.56": [-50.80032, 27.77899, -14.79034]
					}
				},
				"lowerlarm": {
					"rotation": {
						"0.0": [-42.5, 0, 0],
						"0.28": [-32.5, 0, 0],
						"0.56": [-42.5, 0, 0]
					}
				},
				"rightArm": {
					"rotation": {
						"0.0": [28.52733, -48.40006, 10.46982],
						"0.28": [28.47468, -47.44387, 20.9263],
						"0.56": [28.52733, -48.40006, 10.46982]
					}
				},
				"lowerrarm": {
					"rotation": {
						"0.0": [-57.5, 0, 0],
						"0.28": [-67.5, 0, 0],
						"0.56": [-57.5, 0, 0]
					}
				},
				"root": {
					"rotation": ["variable.is_first_person ? (math.cos(query.life_time * 100.0) * 0.200) + 0.200 : 0", "variable.is_first_person ? 180 : 0", 0],
					"position": {
						"0.0": ["variable.is_first_person ? 2 : 0", "variable.is_first_person ? -5 : -2", "variable.is_first_person ? 12 : 0"],
						"0.12": ["variable.is_first_person ? 2 : 0", "variable.is_first_person ? -3 : 0", "variable.is_first_person ? 12 : 0"],
						"0.28": ["variable.is_first_person ? 2 : 0", "variable.is_first_person ? -5 : -2", "variable.is_first_person ? 12 : 0"],
						"0.4": ["variable.is_first_person ? 2 : 0", "variable.is_first_person ? -3 : 0", "variable.is_first_person ? 12 : 0"],
						"0.56": ["variable.is_first_person ? 2 : 0", "variable.is_first_person ? -5 : -2", "variable.is_first_person ? 12 : 0"]
					}
				},
				"trail_pierce_spear": {
					"scale": [1, 1, 0]
				},
				"trail_spear": {
					"scale": [1, 0, 1]
				},
				"spear_back": {
					"scale": 0
				}
			}
		},
		"animation.fast_paced_spear.sneak_move": {
			"loop": true,
			"animation_length": 1.04,
			"override_previous_animation": true,
			"bones": {
				"waist": {
					"rotation": {
						"0.0": [5.06694, -18.0529, 3.1512],
						"0.52": [8.72398, 10.66453, -5.65524],
						"1.04": [5.06694, -18.0529, 3.1512]
					}
				},
				"leftArm": {
					"rotation": [-60, 0, 0]
				},
				"lowerlarm": {
					"rotation": [-62.5, 0, 0]
				},
				"rightArm": {
					"rotation": [38.841, -51.24042, 31.60769]
				},
				"lowerrarm": {
					"rotation": [-90, 0, 0]
				},
				"leftleg": {
					"rotation": {
						"0.0": [20.21026, -4.77628, -5.71489],
						"0.24": [-117.86666, -4.77628, -5.71489],
						"0.52": [-94.78974, -4.77628, -5.71489],
						"1.04": [20.21026, -4.77628, -5.71489]
					}
				},
				"rightleg": {
					"rotation": {
						"0.0": [-95.77875, 1.4842, 1.78994],
						"0.52": [6.72125, 1.4842, 1.78994],
						"0.8": [-113.47106, 1.4842, 1.78994],
						"1.04": [-95.77875, 1.4842, 1.78994]
					}
				},
				"rightItem": {
					"rotation": [0, 0, 0],
					"position": [0, 0, 0]
				},
				"root": {
					"rotation": {
						"0.0": [
							"variable.is_first_person ? (math.cos(query.life_time * 100.0) * 0.200) + 0.200 + 11.7308 : 11.7308",
							"variable.is_first_person ? 184.8876: 4.8876",
							3.05248
						],
						"0.52": [
							"variable.is_first_person ? (math.cos(query.life_time * 100.0) * 0.200) + 0.200 + 11.7308 : 11.7308",
							"variable.is_first_person ? 184.8876: 4.8876",
							3.05248
						],
						"1.04": [
							"variable.is_first_person ? (math.cos(query.life_time * 100.0) * 0.200) + 0.200 + 11.7308 : 11.7308",
							"variable.is_first_person ? 184.8876: 4.8876",
							3.05248
						]
					},
					"position": {
						"0.0": ["variable.is_first_person ? 2 : 0", "variable.is_first_person ? -9 : -6", "variable.is_first_person ? 12 : 0"],
						"0.2": ["variable.is_first_person ? 2 : 0", "variable.is_first_person ? -7 : -4", "variable.is_first_person ? 12 : 0"],
						"0.52": ["variable.is_first_person ? 2 : 0", "variable.is_first_person ? -9 : -6", "variable.is_first_person ? 12 : 0"],
						"0.76": ["variable.is_first_person ? 2 : 0", "variable.is_first_person ? -7 : -4", "variable.is_first_person ? 12 : 0"],
						"1.04": ["variable.is_first_person ? 2 : 0", "variable.is_first_person ? -9 : -6", "variable.is_first_person ? 12 : 0"]
					}
				},
				"lowerlleg": {
					"rotation": {
						"0.0": [57.5, 0, 0],
						"0.24": [108.27, 0, 0],
						"0.52": [102.5, 0, 0],
						"1.04": [57.5, 0, 0]
					}
				},
				"lowerrleg": {
					"rotation": {
						"0.0": [85, 0, 0],
						"0.52": [75, 0, 0],
						"0.8": [102.88, 0, 0],
						"1.04": [85, 0, 0]
					}
				},
				"trail_pierce_spear": {
					"scale": [1, 1, 0]
				},
				"trail_spear": {
					"scale": [1, 0, 1]
				},
				"spear_back": {
					"scale": 0
				}
			}
		},
		"animation.fast_paced_spear.sneak_attack": {
			"loop": "hold_on_last_frame",
			"animation_length": 1,
			"override_previous_animation": true,
			"bones": {
				"waist": {
					"rotation": {
						"0.0": [31.54639, 73.44732, 23.19384],
						"0.2": [12.99384, -48.47715, -17.08375],
						"0.6": [12.99384, -48.47715, -17.08375],
						"0.96": [8.57295, 0.77766, -7.16461]
					}
				},
				"leftArm": {
					"rotation": {
						"0.0": [-116.92445, 11.0311, -19.7339],
						"0.2": [5.57555, 11.0311, -19.7339],
						"0.6": [5.57555, 11.0311, -19.7339],
						"0.96": [-60, 0, 0]
					}
				},
				"lowerlarm": {
					"rotation": {
						"0.0": [-22.5, 0, 0],
						"0.2": [-22.5, 0, 0],
						"0.6": [-22.5, 0, 0],
						"0.96": [-62.5, 0, 0]
					}
				},
				"rightArm": {
					"rotation": {
						"0.0": [16.29775, 13.33084, 69.53763],
						"0.2": [-23.39617, 16.9724, 103.63757],
						"0.6": [-23.39617, 16.9724, 103.63757],
						"0.96": [38.841, -51.24042, 31.60769]
					}
				},
				"lowerrarm": {
					"rotation": {
						"0.0": [-90, 0, 0],
						"0.2": [-15, 0, 0],
						"0.6": [-15, 0, 0],
						"0.96": [-90, 0, 0]
					}
				},
				"leftleg": {
					"rotation": {
						"0.0": [-109.8423, -2.55868, -7.05239],
						"0.96": [-109.8423, -2.55868, -7.05239]
					}
				},
				"rightleg": {
					"rotation": {
						"0.0": [-20, 0, 0],
						"0.96": [-20, 0, 0]
					}
				},
				"rightItem": {
					"rotation": {
						"0.0": [0, 0, 0],
						"0.2": [85, 0, 0],
						"0.6": [85, 0, 0],
						"0.96": [0, 0, 0]
					},
					"position": {
						"0.0": [0, 0, 0],
						"0.96": [0, 0, 0]
					}
				},
				"root": {
					"rotation": {
						"0.0": [
							"variable.is_first_person ? (math.cos(query.life_time * 100.0) * 0.200) + 0.200 + 11.7308 : 11.7308",
							"variable.is_first_person ? 184.8876: 4.8876",
							3.05248
						],
						"0.96": [
							"variable.is_first_person ? (math.cos(query.life_time * 100.0) * 0.200) + 0.200 + 11.7308 : 11.7308",
							"variable.is_first_person ? 184.8876: 4.8876",
							3.05248
						]
					},
					"position": ["variable.is_first_person ? 2 : 0", "variable.is_first_person ? -9 : -6", "variable.is_first_person ? 12 : 0"]
				},
				"lowerlleg": {
					"rotation": {
						"0.0": [95, 0, 0],
						"0.96": [95, 0, 0]
					}
				},
				"lowerrleg": {
					"rotation": {
						"0.0": [95, 0, 0],
						"0.96": [95, 0, 0]
					}
				},
				"trail_pierce_spear": {
					"scale": [1, 1, 0]
				},
				"trail_spear": {
					"scale": [1, 0, 1]
				},
				"spear_back": {
					"scale": 0
				}
			}
		},
		"animation.fast_paced_spear.move": {
			"loop": true,
			"animation_length": 1,
			"override_previous_animation": true,
			"bones": {
				"waist": {
					"rotation": {
						"0.0": [7.69241, 14.80755, 2.96157],
						"0.5": [9.92201, -2.35001, -1.72939],
						"1.0": [7.69241, 14.80755, 2.96157]
					}
				},
				"leftArm": {
					"rotation": {
						"0.0": [-8.45512, -10.2052, -10.83648],
						"0.5": [41.08422, 2.95509, -3.60822],
						"1.0": [-8.45512, -10.2052, -10.83648]
					}
				},
				"lowerlarm": {
					"rotation": {
						"0.0": [-30, 0, 0],
						"0.5": [-30, 0, 0],
						"1.0": [-30, 0, 0]
					}
				},
				"rightArm": {
					"rotation": {
						"0.0": [-6.47119, -11.5285, 1.85184],
						"0.3": [-56.30447, -4.40622, 4.17301],
						"0.5": [-18.69333, 0.34196, 5.72045],
						"1.0": [-6.47119, -11.5285, 1.85184]
					}
				},
				"lowerrarm": {
					"rotation": {
						"0.0": [-87.5, 0, 0],
						"0.3": [-47.5, 0, 0],
						"0.5": [-75, 0, 0],
						"1.0": [-87.5, 0, 0]
					}
				},
				"leftleg": {
					"rotation": {
						"0.0": [22.5, 0, -2.5],
						"0.2": [0.76923, 0, -2.5],
						"0.4": [-67.4359, 0, -2.5],
						"0.5": [-50, 0, -2.5],
						"0.7": [-9.61538, 0, -2.5],
						"0.9": [13.94231, 0, -2.5],
						"1.0": [22.5, 0, -2.5]
					}
				},
				"rightleg": {
					"rotation": {
						"0.0": [-49.99294, 0.32621, 2.47864],
						"0.2": [-14.41602, 0.32621, 2.47864],
						"0.4": [25.81903, 0.32621, 2.47864],
						"0.5": [17.50706, 0.32621, 2.47864],
						"0.7": [-4.22371, 0.32621, 2.47864],
						"0.9": [-84.60832, 0.32621, 2.47864],
						"1.0": [-49.99294, 0.32621, 2.47864]
					}
				},
				"lowerlleg": {
					"rotation": {
						"0.0": [52.5, 0, 0],
						"0.2": [76.92, 0, 0],
						"0.4": [104.46, 0, 0],
						"0.5": [50, 0, 0],
						"0.7": [9.23, 0, 0],
						"0.9": [13.37, 0, 0],
						"1.0": [52.5, 0, 0]
					}
				},
				"lowerrleg": {
					"rotation": {
						"0.0": [50, 0, 0],
						"0.2": [13.46, 0, 0],
						"0.4": [12.09, 0, 0],
						"0.5": [65, 0, 0],
						"0.7": [82.12, 0, 0],
						"0.9": [118.56, 0, 0],
						"1.0": [50, 0, 0]
					}
				},
				"rightItem": {
					"position": {
						"0.0": [0, 0, 14],
						"0.3": [0, 0, 14],
						"0.5": [0, 0, 14],
						"1.0": [0, 0, 14]
					}
				},
				"root": {
					"rotation": ["variable.is_first_person ? (math.cos(query.life_time * 100.0) * 0.200) + 0.200 : 0", "variable.is_first_person ? 180 : 0", 0],
					"position": {
						"0.0": ["variable.is_first_person ? 2 : 0", "variable.is_first_person ? -5 : -2", "variable.is_first_person ? 12 : 0"],
						"0.2": ["variable.is_first_person ? 2 : 0", "variable.is_first_person ? -3 : 0", "variable.is_first_person ? 12 : 0"],
						"0.5": ["variable.is_first_person ? 2 : 0", "variable.is_first_person ? -5 : -2", "variable.is_first_person ? 12 : 0"],
						"0.7": ["variable.is_first_person ? 2 : 0", "variable.is_first_person ? -3 : 0", "variable.is_first_person ? 12 : 0"],
						"1.0": ["variable.is_first_person ? 2 : 0", "variable.is_first_person ? -5 : -2", "variable.is_first_person ? 12 : 0"]
					}
				},
				"trail_pierce_spear": {
					"scale": [1, 1, 0]
				},
				"trail_spear": {
					"scale": [1, 0, 1]
				},
				"spear_back": {
					"scale": 0
				}
			}
		},
		"animation.fast_paced_spear.move_combat": {
			"loop": true,
			"animation_length": 1,
			"override_previous_animation": true,
			"bones": {
				"waist": {
					"rotation": {
						"0.0": [0, -45, 0],
						"0.3": [3.41324, -37.39281, -3.14617],
						"0.5": [2.5, -32.5, 0],
						"0.8": [-1.09812, -39.99786, 3.26365],
						"1.0": [0, -45, 0]
					}
				},
				"leftArm": {
					"rotation": {
						"0.0": [-32.43193, 45.75217, -54.32563],
						"0.2": [-37.43193, 45.75217, -54.32563],
						"0.5": [-32.43193, 45.75217, -54.32563],
						"0.8": [-37.43193, 45.75217, -54.32563],
						"1.0": [-32.43193, 45.75217, -54.32563]
					}
				},
				"lowerlarm": {
					"rotation": {
						"0.0": [-55, 0, 0],
						"0.2": [-50, 0, 0],
						"0.5": [-55, 0, 0],
						"0.8": [-50, 0, 0],
						"1.0": [-55, 0, 0]
					}
				},
				"rightArm": {
					"rotation": {
						"0.0": [-79.48676, -14.07956, 14.45488],
						"0.2": [-64.48676, -14.07956, 14.45488],
						"0.5": [-79.48676, -14.07956, 14.45488],
						"0.8": [-64.48676, -14.07956, 14.45488],
						"1.0": [-79.48676, -14.07956, 14.45488]
					}
				},
				"lowerrarm": {
					"rotation": {
						"0.0": [-24.97272, 1.76749, 1.76833],
						"0.2": [-42.47272, 1.76749, 1.76833],
						"0.5": [-24.97272, 1.76749, 1.76833],
						"0.8": [-42.47272, 1.76749, 1.76833],
						"1.0": [-24.97272, 1.76749, 1.76833]
					}
				},
				"leftleg": {
					"rotation": {
						"0.0": [22.5, 0, -2.5],
						"0.2": [0.76923, 0, -2.5],
						"0.4": [-67.4359, 0, -2.5],
						"0.5": [-50, 0, -2.5],
						"0.7": [-9.61538, 0, -2.5],
						"0.9": [13.94231, 0, -2.5],
						"1.0": [22.5, 0, -2.5]
					}
				},
				"rightleg": {
					"rotation": {
						"0.0": [-49.99294, 0.32621, 2.47864],
						"0.2": [-14.41602, 0.32621, 2.47864],
						"0.4": [25.81903, 0.32621, 2.47864],
						"0.5": [17.50706, 0.32621, 2.47864],
						"0.7": [-4.22371, 0.32621, 2.47864],
						"0.9": [-84.60832, 0.32621, 2.47864],
						"1.0": [-49.99294, 0.32621, 2.47864]
					}
				},
				"lowerlleg": {
					"rotation": {
						"0.0": [52.5, 0, 0],
						"0.2": [76.92, 0, 0],
						"0.4": [104.46, 0, 0],
						"0.5": [50, 0, 0],
						"0.7": [9.23, 0, 0],
						"0.9": [13.37, 0, 0],
						"1.0": [52.5, 0, 0]
					}
				},
				"lowerrleg": {
					"rotation": {
						"0.0": [50, 0, 0],
						"0.2": [13.46, 0, 0],
						"0.4": [12.09, 0, 0],
						"0.5": [65, 0, 0],
						"0.7": [82.12, 0, 0],
						"0.9": [118.56, 0, 0],
						"1.0": [50, 0, 0]
					}
				},
				"rightItem": {
					"rotation": {
						"0.0": [77.11595, 22.06203, 71.74766],
						"0.5": [77.11595, 22.06203, 71.74766],
						"1.0": [77.11595, 22.06203, 71.74766]
					},
					"position": {
						"0.0": [21.25, 4, 5],
						"0.5": [21.25, 4, 5],
						"1.0": [21.25, 4, 5]
					}
				},
				"root": {
					"rotation": ["variable.is_first_person ? (math.cos(query.life_time * 100.0) * 0.200) + 0.200 : 0", "variable.is_first_person ? 180 : 0", 0],
					"position": {
						"0.0": ["variable.is_first_person ? 2 : 0", "variable.is_first_person ? -5 : -2", "variable.is_first_person ? 12 : 0"],
						"0.2": ["variable.is_first_person ? 2 : 0", "variable.is_first_person ? -3 : 0", "variable.is_first_person ? 12 : 0"],
						"0.5": ["variable.is_first_person ? 2 : 0", "variable.is_first_person ? -5 : -2", "variable.is_first_person ? 12 : 0"],
						"0.7": ["variable.is_first_person ? 2 : 0", "variable.is_first_person ? -3 : 0", "variable.is_first_person ? 12 : 0"],
						"1.0": ["variable.is_first_person ? 2 : 0", "variable.is_first_person ? -5 : -2", "variable.is_first_person ? 12 : 0"]
					}
				},
				"trail_pierce_spear": {
					"scale": [1, 1, 0]
				},
				"trail_spear": {
					"scale": [1, 0, 1]
				},
				"spear_back": {
					"scale": 0
				}
			}
		},
		"animation.fast_paced_spear.attack_slash_proper": {
			"animation_length": 1.1,
			"override_previous_animation": true,
			"bones": {
				"root": {
					"rotation": {
						"0.0": ["variable.is_first_person ? (math.cos(query.life_time * 100.0) * 0.200) + 0.200 : 0", "variable.is_first_person ? 180 : 0", 0],
						"0.2": ["variable.is_first_person ? (math.cos(query.life_time * 100.0) * 0.200) + 0.200 : 0", "variable.is_first_person ? 225 : 45", 0],
						"0.4": ["variable.is_first_person ? (math.cos(query.life_time * 100.0) * 0.200) + 0.200 : 0", "variable.is_first_person ? 140 : -40", 0],
						"1.0": ["variable.is_first_person ? (math.cos(query.life_time * 100.0) * 0.200) + 0.200 : 0", "variable.is_first_person ? 140 : -40", 0]
					},
					"position": {
						"0.0": ["variable.is_first_person ? 2 : 0", "variable.is_first_person ? -4 : -1", "variable.is_first_person ? 12 : 0"],
						"0.2": ["variable.is_first_person ? 2 : 0", "variable.is_first_person ? -5 : -2", "variable.is_first_person ? 12 : 0"],
						"0.3": ["variable.is_first_person ? 2 : 0", "variable.is_first_person ? -4 : -1", "variable.is_first_person ? 8.5 : -3.5"],
						"0.4": ["variable.is_first_person ? 2 : 0", "variable.is_first_person ? -5 : -2", "variable.is_first_person ? 5 : -7"],
						"1.0": ["variable.is_first_person ? 2 : 0", "variable.is_first_person ? -5 : -1", "variable.is_first_person ? 5 : 0"]
					}
				},
				"leftleg": {
					"rotation": {
						"0.0": [-22.48072, 0.95645, -2.69009],
						"0.2": [-32.5, -45, 0],
						"0.4": [32.5, 47.5, 0],
						"1.0": [-2.5, 47.5, 0]
					}
				},
				"lowerlleg": {
					"rotation": {
						"0.0": [17.5, 0, 0],
						"0.2": [7.5, 0, 0],
						"1.0": [17.5, 0, 0]
					}
				},
				"rightleg": {
					"rotation": {
						"0.0": [10.02457, 4.7062, 5.86455],
						"0.2": [20, -47.5, 0],
						"0.4": [-45, 42.5, 0],
						"1.0": [-20, 42.5, 0]
					}
				},
				"lowerrleg": {
					"rotation": {
						"0.0": [10, 0, 0],
						"0.2": [10, 0, 0],
						"0.4": [45, 0, 0],
						"1.0": [22.5, 0, 0]
					}
				},
				"waist": {
					"rotation": {
						"0.0": [0, 10, 0],
						"0.2": [0, 10, 0],
						"0.4": [0, -45, 0],
						"1.0": [0, -15, 0]
					}
				},
				"leftArm": {
					"rotation": {
						"0.0": [4.98107, -0.43523, -2.51893],
						"0.2": [-52.93591, 6.76684, 8.14604],
						"0.4": [-98.09424, 59.23786, -89.876],
						"0.8": [-95.28667, 50.20749, -86.34878],
						"1.0": [-32.43193, 45.75217, -54.32563]
					}
				},
				"lowerlarm": {
					"rotation": {
						"0.0": [-7.5, 0, 0],
						"0.2": [-62.5, 0, 0],
						"0.4": [-50.83, 0, 0],
						"0.8": [-5, 0, 0],
						"1.0": [-55, 0, 0]
					}
				},
				"rightArm": {
					"rotation": {
						"0.0": [-15.08741, -10.34422, -0.40423],
						"0.2": [-75.78338, -55.93152, 6.87293],
						"0.4": [-45.45042, 48.2605, -4.09807],
						"1.0": [-79.48676, -14.07956, 14.45488]
					}
				},
				"lowerrarm": {
					"rotation": {
						"0.0": [-82.5, 0, 0],
						"0.2": [-62.5, 0, 0],
						"0.4": [-24.97272, 1.76749, 1.76833],
						"1.0": [-24.97272, 1.76749, 1.76833]
					}
				},
				"rightItem": {
					"rotation": {
						"0.0": [7.5, 0, 0],
						"0.2": [-20, 0, 0],
						"0.4": [73.39478, 15.66799, 37.99749],
						"1.0": [77.11595, 22.06203, 71.74766]
					},
					"position": {
						"0.0": [0, 2, 16],
						"0.2": [0, -6, 16],
						"0.4": [13.25, 13, 6],
						"1.0": [21.25, 4, 5]
					}
				},
				"trail_pierce_spear": {
					"scale": {
						"0.0": [1, 1, 0],
						"0.2": [1, 1, 0],
						"1.0": [1, 1, 0]
					}
				},
				"trail_spear": {
					"scale": {
						"0.0": [1, 0, 1],
						"0.2": [1, 0, 1],
						"0.3": [1, 1, 1],
						"0.4": [1, 1, 1],
						"0.5": [1, 0, 1],
						"1.0": [1, 0, 1]
					}
				},
				"spear_back": {
					"scale": {
						"0.0": [0, 0, 0],
						"0.2": [0, 0, 0],
						"1.0": [0, 0, 0]
					}
				}
			}
		},
		"animation.fast_paced_spear.attack_stab": {
			"loop": "hold_on_last_frame",
			"animation_length": 1.1,
			"override_previous_animation": true,
			"bones": {
				"root": {
					"rotation": {
						"0.0": ["variable.is_first_person ? (math.cos(query.life_time * 100.0) * 0.200) + 0.200 : 0", "variable.is_first_person ? 140 : -40", 0],
						"0.2": ["variable.is_first_person ? (math.cos(query.life_time * 100.0) * 0.200) + 0.200 : 0", "variable.is_first_person ? 140 : -40", 0],
						"0.3": ["variable.is_first_person ? (math.cos(query.life_time * 100.0) * 0.200) + 0.200 : 0", "variable.is_first_person ? 140 : -40", 0],
						"0.4": ["variable.is_first_person ? (math.cos(query.life_time * 100.0) * 0.200) + 0.200 : 0", "variable.is_first_person ? 140 : -40", 0],
						"0.9": ["variable.is_first_person ? (math.cos(query.life_time * 100.0) * 0.200) + 0.200 : 0", "variable.is_first_person ? 140 : -40", 0]
					},
					"position": {
						"0.0": ["variable.is_first_person ? 2 : 0", "variable.is_first_person ? -5 : -1", "variable.is_first_person ? 5 : 0"],
						"0.2": ["variable.is_first_person ? 2 : 0", "variable.is_first_person ? -7 : -4", "variable.is_first_person ? 5 : -7"],
						"0.3": ["variable.is_first_person ? 2 : 0", "variable.is_first_person ? -5 : -2", "variable.is_first_person ? 12 : 0"],
						"0.4": ["variable.is_first_person ? 2 : 0", "variable.is_first_person ? -5 : -2", "variable.is_first_person ? 12 : 0"],
						"0.6": ["variable.is_first_person ? 2 : 0", "variable.is_first_person ? -7 : -4", "variable.is_first_person ? 3 : -9"],
						"0.9": ["variable.is_first_person ? 2 : 0", "variable.is_first_person ? -5 : -1", "variable.is_first_person ? 5 : 0"]
					}
				},
				"leftleg": {
					"rotation": {
						"0.0": [-2.5, 47.5, 0],
						"0.2": [50, 47.5, 0],
						"0.3": [32.5, 47.5, 0],
						"0.4": [32.5, 47.5, 0],
						"0.6": [52.5, 47.5, 0],
						"0.9": [-2.5, 47.5, 0]
					}
				},
				"lowerlleg": {
					"rotation": {
						"0.0": [17.5, 0, 0],
						"0.2": [7.5, 0, 0],
						"0.3": [7.5, 0, 0],
						"0.4": [7.5, 0, 0],
						"0.9": [17.5, 0, 0]
					}
				},
				"rightleg": {
					"rotation": {
						"0.0": [-20, 42.5, 0],
						"0.2": [-72.5, 42.5, 0],
						"0.3": [-45, 42.5, 0],
						"0.4": [-45, 42.5, 0],
						"0.6": [-72.5, 42.5, 0],
						"0.9": [-20, 42.5, 0]
					}
				},
				"lowerrleg": {
					"rotation": {
						"0.0": [22.5, 0, 0],
						"0.2": [72.5, 0, 0],
						"0.3": [45, 0, 0],
						"0.4": [45, 0, 0],
						"0.6": [72.5, 0, 0],
						"0.9": [22.5, 0, 0]
					}
				},
				"waist": {
					"rotation": {
						"0.0": [0, -15, 0],
						"0.2": [0, -45, 0],
						"0.3": [0, -45, 0],
						"0.4": [0, -45, 0],
						"0.9": [0, -15, 0]
					}
				},
				"leftArm": {
					"rotation": {
						"0.0": [-32.43193, 45.75217, -54.32563],
						"0.2": [-62.39851, 48.42363, -89.10433],
						"0.3": [-26.31103, 46.70578, -109.07485],
						"0.4": [-26.31103, 46.70578, -109.07485],
						"0.6": [-88.15333, 51.67358, -108.2067],
						"0.9": [-32.43193, 45.75217, -54.32563]
					}
				},
				"lowerlarm": {
					"rotation": {
						"0.0": [-55, 0, 0],
						"0.2": [-62.5, 0, 0],
						"0.3": [-70, 0, 0],
						"0.4": [-70, 0, 0],
						"0.9": [-55, 0, 0]
					}
				},
				"rightArm": {
					"rotation": {
						"0.0": [-79.48676, -14.07956, 14.45488],
						"0.2": [-45.45042, 48.2605, -4.09807],
						"0.3": [-58.82014, -43.01051, 9.59044],
						"0.4": [-58.82014, -43.01051, 9.59044],
						"0.6": [-39.16189, 54.42254, 6.9702],
						"0.9": [-79.48676, -14.07956, 14.45488]
					},
					"position": [0, 0, 0]
				},
				"lowerrarm": {
					"rotation": {
						"0.0": [-24.97272, 1.76749, 1.76833],
						"0.2": [-24.97272, 1.76749, 1.76833],
						"0.3": [-44.97272, 1.76749, 1.76833],
						"0.4": [-44.97272, 1.76749, 1.76833],
						"0.9": [-24.97272, 1.76749, 1.76833]
					}
				},
				"rightItem": {
					"rotation": {
						"0.0": [77.11595, 22.06203, 71.74766],
						"0.2": [73.39478, 15.66799, 37.99749],
						"0.3": [84.43904, -6.16231, 122.8432],
						"0.4": [84.43904, -6.16231, 122.8432],
						"0.6": [86.21429, 16.2575, 35.47741],
						"0.9": [77.11595, 22.06203, 71.74766]
					},
					"position": {
						"0.0": [21.25, 4, 5],
						"0.2": [13.25, 13, 6],
						"0.3": [13.25, -8, 1],
						"0.4": [13.25, -8, 1],
						"0.6": [11.25, 14, 2],
						"0.9": [21.25, 4, 5]
					}
				},
				"trail_pierce_spear": {
					"scale": {
						"0.0": [1, 1, 0],
						"0.2": [1, 1, 0],
						"0.3": [1, 1, 0],
						"0.4": [1, 1, 0],
						"0.5": [1, 1, 1],
						"0.6": [1, 1, 1],
						"0.7": [1, 1, 0],
						"0.9": [1, 1, 0]
					}
				},
				"trail_spear": {
					"scale": {
						"0.0": [1, 0, 1],
						"0.2": [1, 0, 1],
						"0.3": [1, 0, 1],
						"0.4": [1, 0, 1],
						"0.9": [1, 0, 1]
					}
				},
				"spear_back": {
					"scale": {
						"0.0": [0, 0, 0],
						"0.2": [0, 0, 0],
						"0.9": [0, 0, 0]
					}
				}
			}
		},
		"animation.fast_paced_spear.attack_stab_longer": {
			"loop": "hold_on_last_frame",
			"animation_length": 1.1,
			"override_previous_animation": true,
			"bones": {
				"root": {
					"rotation": {
						"0.0": ["variable.is_first_person ? (math.cos(query.life_time * 100.0) * 0.200) + 0.200 : 0", "variable.is_first_person ? 140 : -40", 0],
						"0.2": ["variable.is_first_person ? (math.cos(query.life_time * 100.0) * 0.200) + 0.200 : 0", "variable.is_first_person ? 140 : -40", 0],
						"0.3": ["variable.is_first_person ? (math.cos(query.life_time * 100.0) * 0.200) + 0.200 : 0", "variable.is_first_person ? 140 : -40", 0],
						"0.4": ["variable.is_first_person ? (math.cos(query.life_time * 100.0) * 0.200) + 0.200 : 0", "variable.is_first_person ? 140 : -40", 0],
						"0.9": ["variable.is_first_person ? (math.cos(query.life_time * 100.0) * 0.200) + 0.200 : 0", "variable.is_first_person ? 140 : -40", 0]
					},
					"position": {
						"0.0": ["variable.is_first_person ? 2 : 0", "variable.is_first_person ? -5 : -1", "variable.is_first_person ? 5 : 0"],
						"0.2": ["variable.is_first_person ? 2 : 0", "variable.is_first_person ? -7 : -4", "variable.is_first_person ? 5 : -7"],
						"0.3": ["variable.is_first_person ? 2 : 0", "variable.is_first_person ? -5 : -2", "variable.is_first_person ? 21 : 9"],
						"0.4": ["variable.is_first_person ? 2 : 0", "variable.is_first_person ? -5 : -2", "variable.is_first_person ? 21 : 9"],
						"0.5": ["variable.is_first_person ? 2 : 0", "variable.is_first_person ? -6 : -3", "variable.is_first_person ? 1 : -11"],
						"0.6": ["variable.is_first_person ? 2 : 0", "variable.is_first_person ? -7 : -4", "variable.is_first_person ? -6 : -18"],
						"0.9": ["variable.is_first_person ? 2 : 0", "variable.is_first_person ? -5 : -1", "variable.is_first_person ? 5 : 0"]
					}
				},
				"leftleg": {
					"rotation": {
						"0.0": [-2.5, 47.5, 0],
						"0.2": [52.5, 47.5, 0],
						"0.3": [32.5, 47.5, 0],
						"0.4": [32.5, 47.5, 0],
						"0.6": [52.5, 47.5, 0],
						"0.9": [-2.5, 47.5, 0]
					}
				},
				"lowerlleg": {
					"rotation": {
						"0.0": [17.5, 0, 0],
						"0.2": [7.5, 0, 0],
						"0.3": [7.5, 0, 0],
						"0.4": [7.5, 0, 0],
						"0.9": [17.5, 0, 0]
					}
				},
				"rightleg": {
					"rotation": {
						"0.0": [-20, 42.5, 0],
						"0.2": [-72.5, 42.5, 0],
						"0.3": [-45, 42.5, 0],
						"0.4": [-45, 42.5, 0],
						"0.6": [-72.5, 42.5, 0],
						"0.9": [-20, 42.5, 0]
					}
				},
				"lowerrleg": {
					"rotation": {
						"0.0": [22.5, 0, 0],
						"0.2": [72.5, 0, 0],
						"0.3": [45, 0, 0],
						"0.4": [45, 0, 0],
						"0.6": [72.5, 0, 0],
						"0.9": [22.5, 0, 0]
					}
				},
				"waist": {
					"rotation": {
						"0.0": [0, -15, 0],
						"0.2": [0, -45, 0],
						"0.3": [0, -55, 0],
						"0.4": [0, -55, 0],
						"0.9": [0, -15, 0]
					}
				},
				"leftArm": {
					"rotation": {
						"0.0": [-32.43193, 45.75217, -54.32563],
						"0.2": [-88.15333, 51.67358, -108.2067],
						"0.3": [-26.31103, 46.70578, -109.07485],
						"0.4": [-26.31103, 46.70578, -109.07485],
						"0.6": [-88.15333, 51.67358, -108.2067],
						"0.9": [-32.43193, 45.75217, -54.32563]
					}
				},
				"lowerlarm": {
					"rotation": {
						"0.0": [-55, 0, 0],
						"0.2": [-62.5, 0, 0],
						"0.3": [-70, 0, 0],
						"0.4": [-70, 0, 0],
						"0.9": [-55, 0, 0]
					}
				},
				"rightArm": {
					"rotation": {
						"0.0": [-79.48676, -14.07956, 14.45488],
						"0.2": [-39.16189, 54.42254, 6.9702],
						"0.3": [-58.82014, -43.01051, 9.59044],
						"0.4": [-58.82014, -43.01051, 9.59044],
						"0.6": [-39.16189, 54.42254, 6.9702],
						"0.9": [-79.48676, -14.07956, 14.45488]
					},
					"position": {
						"0.2": [0, 0, 0],
						"0.6": [0, 0, 0]
					}
				},
				"lowerrarm": {
					"rotation": {
						"0.0": [-24.97272, 1.76749, 1.76833],
						"0.2": [-44.97272, 1.76749, 1.76833],
						"0.3": [-44.97272, 1.76749, 1.76833],
						"0.4": [-44.97272, 1.76749, 1.76833],
						"0.9": [-24.97272, 1.76749, 1.76833]
					}
				},
				"rightItem": {
					"rotation": {
						"0.0": [77.11595, 22.06203, 71.74766],
						"0.2": [86.21429, 16.2575, 35.47741],
						"0.3": [84.43904, -6.16231, 122.8432],
						"0.4": [84.43904, -6.16231, 122.8432],
						"0.6": [86.21429, 16.2575, 35.47741],
						"0.9": [77.11595, 22.06203, 71.74766]
					},
					"position": {
						"0.0": [21.25, 4, 5],
						"0.2": [11.25, 14, 2],
						"0.3": [13.25, -8, 1],
						"0.4": [13.25, -8, 1],
						"0.6": [11.25, 14, 2],
						"0.9": [21.25, 4, 5]
					}
				},
				"trail_pierce_spear": {
					"scale": {
						"0.0": [1, 1, 0],
						"0.2": [1, 1, 0],
						"0.3": [1, 1, 0],
						"0.4": [1, 1, 0],
						"0.5": [1, 1, 1],
						"0.6": [1, 1, 1],
						"0.7": [1, 1, 0],
						"0.9": [1, 1, 0]
					}
				},
				"trail_spear": {
					"scale": {
						"0.0": [1, 0, 1],
						"0.2": [1, 0, 1],
						"0.3": [1, 0, 1],
						"0.4": [1, 0, 1],
						"0.9": [1, 0, 1]
					}
				},
				"spear_back": {
					"scale": {
						"0.0": [0, 0, 0],
						"0.2": [0, 0, 0],
						"0.9": [0, 0, 0]
					}
				}
			}
		},
		"animation.fast_paced_spear.attack_long": {
			"loop": "hold_on_last_frame",
			"animation_length": 1,
			"override_previous_animation": true,
			"bones": {
				"waist": {
					"rotation": {
						"0.0": [8.57295, 0.77766, -7.16461],
						"0.1": [8.57295, 0.77766, -7.16461],
						"0.2": [8.20351, 4.95787, -1.49203],
						"0.5": [8.20351, 4.95787, -1.49203],
						"1.0": [8.57295, 0.77766, -7.16461]
					}
				},
				"leftArm": {
					"rotation": {
						"0.0": [-60, 0, 0],
						"0.2": [-80.9092, -23.85376, -21.90607],
						"0.5": [-80.9092, -23.85376, -21.90607],
						"0.8": [-55.86368, -9.5415, -8.76243],
						"1.0": [-60, 0, 0]
					}
				},
				"lowerlarm": {
					"rotation": {
						"0.0": [-62.5, 0, 0],
						"0.2": [-10, 0, 0],
						"0.5": [-10, 0, 0],
						"1.0": [-62.5, 0, 0]
					}
				},
				"rightArm": {
					"rotation": {
						"0.0": [38.841, -51.24042, 31.60769],
						"0.2": [-51.84062, -61.57887, 5.65528],
						"0.5": [-51.84062, -61.57887, 5.65528],
						"1.0": [38.841, -51.24042, 31.60769]
					}
				},
				"lowerrarm": {
					"rotation": {
						"0.0": [-90, 0, 0],
						"0.2": [-52.5, 0, 0],
						"0.5": [-52.5, 0, 0],
						"1.0": [-90, 0, 0]
					}
				},
				"rightItem": {
					"rotation": {
						"0.0": [0, 0, 0],
						"0.2": [33.5051, -80.99406, 56.16697],
						"0.5": [33.5051, -80.99406, 56.16697],
						"1.0": [0, 0, 0]
					}
				},
				"root": {
					"rotation": {
						"0.0": [7.79011, 57.15935, 9.24832],
						"0.2": [22.11016, 54.55312, 26.50525],
						"0.5": [22.11016, 54.55312, 26.50525],
						"1.0": [7.79011, 57.15935, 9.24832]
					},
					"position": {
						"0.0": [0, 0, 0],
						"0.2": [0, -1, -7],
						"0.5": [0, -1, -7],
						"1.0": [0, 0, 0]
					}
				},
				"leftleg": {
					"rotation": {
						"0.0": [-30, -72.5, 0],
						"0.1": [-83.75, -72.5, 0],
						"0.2": [-47.5, -72.5, 0],
						"0.5": [-47.5, -72.5, 0],
						"1.0": [-30, -72.5, 0]
					}
				},
				"lowerlleg": {
					"rotation": {
						"0.0": [22.5, 0, 0],
						"0.1": [85, 0, 0],
						"0.2": [23.06, 0, 0],
						"0.5": [23.06, 0, 0],
						"1.0": [22.5, 0, 0]
					}
				},
				"rightleg": {
					"rotation": {
						"0.0": [-10, 25, 0],
						"0.2": [-5.22378, 26.32909, 10.9997],
						"0.5": [-5.22378, 26.32909, 10.9997],
						"1.0": [-10, 25, 0]
					}
				},
				"lowerrleg": {
					"rotation": {
						"0.0": [10, 0, 0],
						"1.0": [10, 0, 0]
					}
				},
				"trail_pierce_spear": {
					"scale": [1, 1, 0]
				},
				"trail_spear": {
					"scale": [1, 0, 1]
				},
				"spear_back": {
					"scale": 0
				}
			}
		},
		"animation.fast_paced_spear.attack_short": {
			"loop": "hold_on_last_frame",
			"animation_length": 1,
			"override_previous_animation": true,
			"bones": {
				"waist": {
					"rotation": {
						"0.0": [8.57295, 0.77766, -7.16461],
						"0.1": [8.57295, 0.77766, -7.16461],
						"0.2": [8.20351, 4.95787, -1.49203],
						"0.5": [8.20351, 4.95787, -1.49203],
						"1.0": [8.57295, 0.77766, -7.16461]
					}
				},
				"leftArm": {
					"rotation": {
						"0.0": [-60, 0, 0],
						"0.2": [-72.71982, -10.05134, -15.74681],
						"0.5": [-72.71982, -10.05134, -15.74681],
						"0.8": [-55.86368, -9.5415, -8.76243],
						"1.0": [-60, 0, 0]
					}
				},
				"lowerlarm": {
					"rotation": {
						"0.0": [-62.5, 0, 0],
						"0.2": [-10, 0, 0],
						"0.5": [-10, 0, 0],
						"1.0": [-62.5, 0, 0]
					}
				},
				"rightArm": {
					"rotation": {
						"0.0": [38.841, -51.24042, 31.60769],
						"0.2": [8.15938, -61.57887, 5.65528],
						"0.5": [8.15938, -61.57887, 5.65528],
						"1.0": [38.841, -51.24042, 31.60769]
					}
				},
				"lowerrarm": {
					"rotation": {
						"0.0": [-90, 0, 0],
						"0.2": [-107.5, 0, 0],
						"0.5": [-107.5, 0, 0],
						"1.0": [-90, 0, 0]
					}
				},
				"rightItem": {
					"rotation": {
						"0.0": [0, 0, 0],
						"0.2": [18.33118, -82.09657, 71.50494],
						"0.5": [18.33118, -82.09657, 71.50494],
						"1.0": [0, 0, 0]
					}
				},
				"root": {
					"rotation": {
						"0.0": [7.79011, 57.15935, 9.24832],
						"0.2": [15.24689, 56.1582, 18.16841],
						"0.5": [15.24689, 56.1582, 18.16841],
						"1.0": [7.79011, 57.15935, 9.24832]
					},
					"position": {
						"0.0": [0, 0, 0],
						"0.2": [0, -1, -5],
						"0.5": [0, -1, -5],
						"1.0": [0, 0, 0]
					}
				},
				"leftleg": {
					"rotation": {
						"0.0": [-30, -72.5, 0],
						"0.1": [-81.25, -72.5, 0],
						"0.2": [-42.5, -72.5, 0],
						"0.5": [-42.5, -72.5, 0],
						"1.0": [-30, -72.5, 0]
					}
				},
				"lowerlleg": {
					"rotation": {
						"0.0": [22.5, 0, 0],
						"0.1": [62.5, 0, 0],
						"0.2": [32.5, 0, 0],
						"0.5": [32.5, 0, 0],
						"1.0": [22.5, 0, 0]
					}
				},
				"rightleg": {
					"rotation": {
						"0.0": [-10, 25, 0],
						"0.2": [-5.22378, 26.32909, 10.9997],
						"0.5": [-5.22378, 26.32909, 10.9997],
						"1.0": [-10, 25, 0]
					}
				},
				"lowerrleg": {
					"rotation": {
						"0.0": [10, 0, 0],
						"1.0": [10, 0, 0]
					}
				},
				"trail_pierce_spear": {
					"scale": [1, 1, 0]
				},
				"trail_spear": {
					"scale": [1, 0, 1]
				},
				"spear_back": {
					"scale": 0
				}
			}
		},
		"animation.fast_paced_spear.attack_slash": {
			"loop": "hold_on_last_frame",
			"animation_length": 1,
			"override_previous_animation": true,
			"bones": {
				"waist": {
					"rotation": {
						"0.0": [-159.0872, -21.7527, 127.48207],
						"0.2": [-167.0872, -245.7527, 180.4821],
						"0.5": [-167.0872, -245.7527, 180.4821],
						"1.0": [-167.0872, -180.7527, 180.4821]
					}
				},
				"leftArm": {
					"rotation": {
						"0.0": [-288.98978, -84.99055, 130.25474],
						"0.2": [-60, 0, 0],
						"0.5": [-60, 0, 0],
						"1.0": [-60, 0, 0]
					}
				},
				"lowerlarm": {
					"rotation": {
						"0.0": [-32.5, 0, 0],
						"0.2": [-62.5, 0, 0],
						"0.5": [-62.5, 0, 0],
						"1.0": [-62.5, 0, 0]
					}
				},
				"rightArm": {
					"rotation": {
						"0.0": [-90.97353, -71.16699, 45.41277],
						"0.2": [38.841, -51.24042, 31.60769],
						"0.5": [38.841, -51.24042, 31.60769],
						"1.0": [38.841, -51.24042, 31.60769]
					}
				},
				"lowerrarm": {
					"rotation": {
						"0.0": [-32.89875, -8.42145, 5.41207],
						"0.2": [-90, 0, 0],
						"0.5": [-90, 0, 0],
						"1.0": [-90, 0, 0]
					}
				},
				"rightItem": {
					"rotation": {
						"0.0": [0, 0, 80],
						"0.2": [0, 0, 80],
						"0.5": [0, 0, 80],
						"1.0": [0, 0, 0]
					}
				},
				"root": {
					"rotation": {
						"0.0": [0, 0, 0],
						"0.2": [10, 0, 0],
						"0.5": [10, 0, 0],
						"1.0": [7.79011, 57.15935, 9.24832]
					},
					"position": {
						"0.0": [0, 0, 0],
						"0.2": [0, -1, -1],
						"0.5": [0, -1, -1],
						"1.0": [0, 0, 0]
					}
				},
				"leftleg": {
					"rotation": {
						"0.0": [-15.61936, -18.14729, -7.12704],
						"0.2": [-42.19905, -13.18209, -1.28666],
						"0.5": [-42.19905, -13.18209, -1.28666],
						"1.0": [-30, -72.5, 0]
					}
				},
				"lowerlleg": {
					"rotation": {
						"0.0": [22.5, 0, 0],
						"0.2": [35, 0, 0],
						"0.5": [35, 0, 0],
						"1.0": [22.5, 0, 0]
					}
				},
				"rightleg": {
					"rotation": {
						"0.0": [-10, 25, 0],
						"0.2": [16.32372, 21.56061, 15.90621],
						"0.5": [16.32372, 21.56061, 15.90621],
						"1.0": [-10, 25, 0]
					}
				},
				"lowerrleg": {
					"rotation": [10, 0, 0]
				},
				"trail_pierce_spear": {
					"scale": [1, 1, 0]
				},
				"trail_spear": {
					"scale": [1, 0, 1]
				},
				"spear_back": {
					"scale": 0
				}
			}
		},
		"animation.fast_paced_spear.charge_thrust": {
			"loop": "hold_on_last_frame",
			"animation_length": 10000,
			"override_previous_animation": true,
			"bones": {
				"waist": {
					"rotation": {
						"0.0": [0, 10, 0],
						"0.6": [8.57295, 0.77766, -7.16461]
					}
				},
				"leftArm": {
					"rotation": {
						"0.0": [4.98107, -0.43523, -2.51893],
						"0.6": [-60, 0, 0]
					}
				},
				"lowerlarm": {
					"rotation": {
						"0.0": [-7.5, 0, 0],
						"0.6": [-62.5, 0, 0]
					}
				},
				"rightArm": {
					"rotation": {
						"0.0": [7.41259, -10.34422, -0.40423],
						"0.6": [38.841, -51.24042, 31.60769]
					}
				},
				"lowerrarm": {
					"rotation": {
						"0.0": [-55, 0, 0],
						"0.3": [-52.5, 0, 0],
						"0.6": [-52.5, 0, 0]
					}
				},
				"rightItem": {
					"rotation": {
						"0.0": [-47.5, 0, 0],
						"0.3": [0, 0, 0],
						"0.6": [0.8735, 32.39175, 92.50007]
					},
					"position": {
						"0.0": [0, -10, 8],
						"0.3": [0, 0, 0]
					}
				},
				"root": {
					"rotation": {
						"0.0": ["variable.is_first_person ? (math.cos(query.life_time * 100.0) * 0.200) + 0.200 : 0", "variable.is_first_person ? 180 : 0", 0],
						"0.3": [
							"variable.is_first_person ? (math.cos(query.life_time * 100.0) * 0.200) + 0.200 + 22.1102 : 22.1102",
							"variable.is_first_person ? 234.5531: 54.5531",
							26.50525
						],
						"0.6": [
							"variable.is_first_person ? (math.cos(query.life_time * 100.0) * 0.200) + 0.200 + 22.1102 : 22.1102",
							"variable.is_first_person ? 234.5531: 54.5531",
							26.50525
						]
					},
					"position": ["variable.is_first_person ? 2 : 0", "variable.is_first_person ? -4 : -1", "variable.is_first_person ? 12 : 0"]
				},
				"leftleg": {
					"rotation": {
						"0.0": [-22.48072, 0.95645, -2.69009],
						"0.3": [-47.5, -72.5, 0],
						"0.6": [-36.37836, -59.81893, -11.4835]
					}
				},
				"lowerlleg": {
					"rotation": {
						"0.0": [17.5, 0, 0],
						"0.6": [22.5, 0, 0]
					}
				},
				"rightleg": {
					"rotation": {
						"0.0": [10.02457, 4.7062, 5.86455],
						"0.3": [-8.92467, -58.26464, 20.92904],
						"0.6": [-8.92467, -58.26464, 20.92904]
					}
				},
				"lowerrleg": {
					"rotation": [10, 0, 0]
				},
				"trail_pierce_spear": {
					"scale": [1, 1, 0]
				},
				"trail_spear": {
					"scale": [1, 0, 1]
				},
				"spear_back": {
					"scale": 0
				}
			}
		},
		"animation.fast_paced_spear.ability_thrust": {
			"loop": "hold_on_last_frame",
			"animation_length": 1,
			"override_previous_animation": true,
			"bones": {
				"waist": {
					"rotation": {
						"0.0": [8.57295, 0.77766, -7.16461],
						"0.2": [8.20351, 4.95787, -1.49203]
					}
				},
				"leftArm": {
					"rotation": {
						"0.0": [-60, 0, 0],
						"0.1": [-38.36336, 19.78577, 17.7874],
						"0.2": [-80.9092, -23.85376, -21.90607]
					}
				},
				"lowerlarm": {
					"rotation": {
						"0.0": [-62.5, 0, 0],
						"0.2": [-10, 0, 0]
					}
				},
				"rightArm": {
					"rotation": {
						"0.0": [38.841, -51.24042, 31.60769],
						"0.2": [-51.84062, -61.57887, 5.65528]
					}
				},
				"lowerrarm": {
					"rotation": {
						"0.0": [-52.5, 0, 0],
						"0.2": [-52.5, 0, 0]
					}
				},
				"rightItem": {
					"rotation": {
						"0.0": [0.8735, 32.39175, 92.50007],
						"0.2": [33.5051, -80.99406, 56.16697]
					},
					"position": [0, 0, 0]
				},
				"root": {
					"rotation": {
						"0.0": [
							"variable.is_first_person ? (math.cos(query.life_time * 100.0) * 0.200) + 0.200 + 22.1102 : 22.1102",
							"variable.is_first_person ? 234.5531: 54.5531",
							26.50525
						],
						"0.2": [
							"variable.is_first_person ? (math.cos(query.life_time * 100.0) * 0.200) + 0.200 + 22.1102 : 22.1102",
							"variable.is_first_person ? 234.5531: 54.5531",
							26.50525
						]
					},
					"position": {
						"0.0": ["variable.is_first_person ? 2 : 0", "variable.is_first_person ? -4 : -1", "variable.is_first_person ? 12 : 0"],
						"0.2": ["variable.is_first_person ? 2 : 0", "variable.is_first_person ? -7 : -4", "variable.is_first_person ? 5 : -7"]
					}
				},
				"leftleg": {
					"rotation": {
						"0.0": [-36.37836, -59.81893, -11.4835],
						"0.2": [-57.28211, -52.24091, -13.54794]
					}
				},
				"lowerlleg": {
					"rotation": {
						"0.0": [22.5, 0, 0],
						"0.2": [45.56, 0, 0]
					}
				},
				"rightleg": {
					"rotation": {
						"0.0": [-8.92467, -58.26464, 20.92904],
						"0.2": [6.07533, -58.26464, 20.92904]
					}
				},
				"lowerrleg": {
					"rotation": [10, 0, 0]
				},
				"trail_pierce_spear": {
					"scale": [1, 1, 0]
				},
				"trail_spear": {
					"scale": [1, 0, 1]
				},
				"spear_back": {
					"scale": 0
				}
			}
		},
		"animation.fast_paced_spear.charge_throw": {
			"animation_length": 10000,
			"override_previous_animation": true,
			"bones": {
				"root": {
					"rotation": {
						"0.0": ["variable.is_first_person ? (math.cos(query.life_time * 100.0) * 0.200) + 0.200 : 0", "variable.is_first_person ? 180 : 0", 0],
						"0.3": ["variable.is_first_person ? (math.cos(query.life_time * 100.0) * 0.200) + 0.200 : 0", "variable.is_first_person ? 210 : 30", 0],
						"0.6": ["variable.is_first_person ? (math.cos(query.life_time * 100.0) * 0.200) + 0.200 : 0", "variable.is_first_person ? 230 : 50", 0]
					},
					"position": ["variable.is_first_person ? 2 : 0", "variable.is_first_person ? -4 : -1", "variable.is_first_person ? 12 : 0"]
				},
				"leftleg": {
					"rotation": {
						"0.0": [-22.48072, 0.95645, -2.69009],
						"0.3": [-27.5, -32.5, 0],
						"0.6": [-22.27785, -51.37613, -6.72878]
					}
				},
				"lowerlleg": {
					"rotation": {
						"0.0": [17.5, 0, 0],
						"0.3": [27.5, 0, 0]
					}
				},
				"rightleg": {
					"rotation": {
						"0.0": [10.02457, 4.7062, 5.86455],
						"0.3": [21.01034, -33.30377, 7.08283],
						"0.6": [24.99118, -44.82388, 0.80156]
					}
				},
				"lowerrleg": {
					"rotation": [10, 0, 0]
				},
				"waist": {
					"rotation": {
						"0.0": [0, 10, 0],
						"0.3": [0, 22.5, 0]
					}
				},
				"leftArm": {
					"rotation": {
						"0.0": [4.98107, -0.43523, -2.51893],
						"0.3": [-9.79522, -2.15999, -12.37197],
						"0.6": [-91.65186, -69.17101, -0.554]
					}
				},
				"lowerlarm": {
					"rotation": [-7.5, 0, 0]
				},
				"rightArm": {
					"rotation": {
						"0.0": [7.41259, -10.34422, -0.40423],
						"0.3": [-51.41798, -38.94548, -5.08001],
						"0.6": [-296.0595, -68.47079, 1.66487]
					}
				},
				"lowerrarm": {
					"rotation": {
						"0.0": [-55, 0, 0],
						"0.6": [95, 0, 0]
					}
				},
				"rightItem": {
					"rotation": {
						"0.0": [-47.5, 0, 0],
						"0.3": [135, 0, 0],
						"0.6": [192.5, 0, 0]
					},
					"position": {
						"0.0": [0, -10, 8],
						"0.3": [0, 10, -11],
						"0.6": [0, -5, -14]
					}
				},
				"trail_pierce_spear": {
					"scale": [1, 1, 0]
				},
				"trail_spear": {
					"scale": [1, 0, 1]
				},
				"spear_back": {
					"scale": 0
				}
			}
		},
		"animation.fast_paced_spear.ability_throw": {
			"animation_length": 0.7,
			"override_previous_animation": true,
			"bones": {
				"root": {
					"rotation": {
						"0.0": ["variable.is_first_person ? (math.cos(query.life_time * 100.0) * 0.200) + 0.200 : 0", "variable.is_first_person ? 230 : 50", 0],
						"0.2": ["variable.is_first_person ? (math.cos(query.life_time * 100.0) * 0.200) + 0.200 : 0", "variable.is_first_person ? 105 : -75", 0]
					},
					"position": ["variable.is_first_person ? 2 : 0", "variable.is_first_person ? -4 : -1", "variable.is_first_person ? 12 : 0"]
				},
				"leftleg": {
					"rotation": {
						"0.0": [-22.27785, -51.37613, -6.72878],
						"0.2": [-31.04948, -73.59895, -3.36642]
					}
				},
				"lowerlleg": {
					"rotation": {
						"0.0": [17.5, 0, 0],
						"0.2": [32.5, 0, 0]
					}
				},
				"rightleg": {
					"rotation": {
						"0.0": [24.99118, -44.82388, 0.80156],
						"0.2": [-27.5, 67.5, 0]
					}
				},
				"lowerrleg": {
					"rotation": {
						"0.0": [10, 0, 0],
						"0.2": [27.5, 0, 0]
					}
				},
				"waist": {
					"rotation": {
						"0.0": [0, 22.5, 0],
						"0.2": [4.37365, 24.87588, -7.77007]
					}
				},
				"leftArm": {
					"rotation": {
						"0.0": [-91.65186, -69.17101, -0.554],
						"0.2": [3.84497, -22.49678, -21.06123]
					}
				},
				"lowerlarm": {
					"rotation": [-7.5, 0, 0]
				},
				"rightArm": {
					"rotation": {
						"0.0": [-296.0595, -68.47079, 1.66487],
						"0.2": [-72.3089, 43.82057, 3.01785]
					}
				},
				"lowerrarm": {
					"rotation": {
						"0.0": [95, 0, 0],
						"0.2": [-12.5, 0, 0]
					}
				},
				"rightItem": {
					"rotation": {
						"0.0": [192.5, 0, 0],
						"0.2": [77.5, 0, 0]
					},
					"position": {
						"0.0": [0, -5, -14],
						"0.1": [0, 4.5, -7.5],
						"0.2": [0, -22, -5]
					},
					"scale": {
						"0.0": [1, 1, 1],
						"0.2": [1, 1, 1],
						"0.3": [0, 0, 0]
					}
				},
				"trail_pierce_spear": {
					"scale": [1, 1, 0]
				},
				"trail_spear": {
					"scale": [1, 0, 1]
				},
				"spear_back": {
					"scale": 0
				}
			}
		},
		"animation.fast_paced_spear.land": {
			"loop": "hold_on_last_frame",
			"animation_length": 0.48,
			"override_previous_animation": true,
			"bones": {
				"root": {
					"rotation": {
						"0.0": ["variable.is_first_person ? (math.cos(query.life_time * 100.0) * 0.200) + 0.200 : 0", "variable.is_first_person ? 180 : 0", 0],
						"0.16": [
							"variable.is_first_person ? (math.cos(query.life_time * 100.0) * 0.200) + 0.200 + 7.8485 : 7.8485",
							"variable.is_first_person ? 180 - 17.3222 : -17.3222",
							-2.56996
						],
						"0.48": [
							"variable.is_first_person ? (math.cos(query.life_time * 100.0) * 0.200) + 0.200 + 7.7901 : 7.7901",
							"variable.is_first_person ? 180 + 57.1594 : 57.1594",
							9.24832
						]
					},
					"position": {
						"0.0": ["variable.is_first_person ? 2 : 0", "variable.is_first_person ? -3 : 0", "variable.is_first_person ? 12 : 0"],
						"0.16": [0, -4, 0],
						"0.48": ["variable.is_first_person ? 2 : 0", "variable.is_first_person ? -3 : 0", "variable.is_first_person ? 12 : 0"]
					}
				},
				"leftleg": {
					"rotation": {
						"0.0": [-22.28974, -4.77628, -5.71489],
						"0.16": [-84.78974, -4.77628, -5.71489],
						"0.48": [-30, -72.5, 0]
					}
				},
				"lowerlleg": {
					"rotation": {
						"0.0": [7.5, 0, 0],
						"0.16": [92.5, 0, 0],
						"0.48": [22.5, 0, 0]
					}
				},
				"rightleg": {
					"rotation": {
						"0.0": [-25.17352, -2.86313, 6.93488],
						"0.16": [-84.18208, 35.70811, 1.42648],
						"0.48": [-10, 25, 0]
					}
				},
				"lowerrleg": {
					"rotation": {
						"0.0": [15, 0, 0],
						"0.16": [97.5, 0, 0],
						"0.48": [10, 0, 0]
					}
				},
				"waist": {
					"rotation": {
						"0.0": [-2.02468, 19.82169, 2.71994],
						"0.16": [7.97532, 19.82169, 2.71994],
						"0.48": [8.57295, 0.77766, -7.16461]
					}
				},
				"leftArm": {
					"rotation": {
						"0.0": [-22.76048, 33.82584, 32.9955],
						"0.16": [-76.25462, 24.3683, -24.2368],
						"0.48": [-60, 0, 0]
					}
				},
				"lowerlarm": {
					"rotation": {
						"0.0": [-2.5, 0, 0],
						"0.16": [-32.5, 0, 0],
						"0.48": [-62.5, 0, 0]
					}
				},
				"rightArm": {
					"rotation": {
						"0.0": [-120.08589, -44.92086, 13.01002],
						"0.16": [-85.58466, -41.97126, 15.18057],
						"0.48": [38.841, -51.24042, 31.60769]
					}
				},
				"lowerrarm": {
					"rotation": {
						"0.0": [-35, 0, 0],
						"0.16": [-37.5, 0, 0],
						"0.48": [-90, 0, 0]
					}
				},
				"rightItem": {
					"rotation": {
						"0.0": [230, 0, 0],
						"0.16": [175, 0, 0],
						"0.48": [0, 0, 0]
					},
					"position": {
						"0.0": [0, 0, 0],
						"0.16": [0, 0, -5],
						"0.48": [0, 0, 0]
					}
				},
				"trail_pierce_spear": {
					"scale": [1, 1, 0]
				},
				"trail_spear": {
					"scale": [1, 0, 1]
				},
				"spear_back": {
					"scale": 0
				}
			}
		},
		"animation.fast_paced_spear.land_not_full": {
			"loop": "hold_on_last_frame",
			"animation_length": 0.48,
			"override_previous_animation": true,
			"bones": {
				"root": {
					"rotation": {
						"0.0": ["variable.is_first_person ? (math.cos(query.life_time * 100.0) * 0.200) + 0.200 + 15 : 15", "variable.is_first_person ? 180 : 0", 0],
						"0.16": [
							"variable.is_first_person ? (math.cos(query.life_time * 100.0) * 0.200) + 0.200 + 7.8485 : 7.8485",
							"variable.is_first_person ? 180 - 17.3222 : -17.3222",
							-2.56996
						],
						"0.48": [
							"variable.is_first_person ? (math.cos(query.life_time * 100.0) * 0.200) + 0.200 + 7.7901 : 7.7901",
							"variable.is_first_person ? 180 + 57.1594 : 57.1594",
							9.24832
						]
					},
					"position": {
						"0.0": ["variable.is_first_person ? 2 : 0", "variable.is_first_person ? -3 : 0", "variable.is_first_person ? 12 : 0"],
						"0.16": ["variable.is_first_person ? 2 : 0", "variable.is_first_person ? -7 : -4", "variable.is_first_person ? 12 : 0"],
						"0.48": ["variable.is_first_person ? 2 : 0", "variable.is_first_person ? -3 : 0", "variable.is_first_person ? 12 : 0"]
					}
				},
				"leftleg": {
					"rotation": {
						"0.0": [27.71026, -4.77628, -5.71489],
						"0.16": [-84.78974, -4.77628, -5.71489],
						"0.48": [-30, -72.5, 0]
					}
				},
				"lowerlleg": {
					"rotation": {
						"0.0": [7.5, 0, 0],
						"0.16": [92.5, 0, 0],
						"0.48": [22.5, 0, 0]
					}
				},
				"rightleg": {
					"rotation": {
						"0.0": [-72.67352, -2.86313, 6.93488],
						"0.16": [-84.18208, 35.70811, 1.42648],
						"0.48": [-10, 25, 0]
					}
				},
				"lowerrleg": {
					"rotation": {
						"0.0": [10, 0, 0],
						"0.16": [97.5, 0, 0],
						"0.48": [10, 0, 0]
					}
				},
				"waist": {
					"rotation": {
						"0.0": [-9.99293, 2.47859, 0.32652],
						"0.16": [-9.99293, 2.47859, 0.32652],
						"0.48": [8.57295, 0.77766, -7.16461]
					}
				},
				"leftArm": {
					"rotation": {
						"0.0": [17.5, 0, -20],
						"0.16": [-76.25462, 24.3683, -24.2368],
						"0.48": [-60, 0, 0]
					}
				},
				"lowerlarm": {
					"rotation": {
						"0.0": [-50, 0, 0],
						"0.16": [-32.5, 0, 0],
						"0.48": [-62.5, 0, 0]
					}
				},
				"rightArm": {
					"rotation": {
						"0.0": [31.67365, -8.57567, 14.80653],
						"0.16": [31.67365, -8.57567, 14.80653],
						"0.48": [38.841, -51.24042, 31.60769]
					}
				},
				"lowerrarm": {
					"rotation": {
						"0.0": [-47.5, 0, 0],
						"0.16": [-47.5, 0, 0],
						"0.48": [-90, 0, 0]
					}
				},
				"rightItem": {
					"rotation": {
						"0.0": [0, 0, 0],
						"0.16": [0, 0, 0],
						"0.48": [0, 0, 0]
					},
					"position": {
						"0.0": [0, 0, 0],
						"0.16": [0, 0, -5],
						"0.48": [0, 0, 0]
					}
				},
				"trail_pierce_spear": {
					"scale": [1, 1, 0]
				},
				"trail_spear": {
					"scale": [1, 0, 1]
				},
				"spear_back": {
					"scale": 0
				}
			}
		},
		"animation.fast_paced_spear.fall": {
			"loop": "hold_on_last_frame",
			"animation_length": 2.5,
			"override_previous_animation": true,
			"bones": {
				"root": {
					"rotation": {
						"0.0": ["variable.is_first_person ? (math.cos(query.life_time * 100.0) * 0.200) + 0.200 : 0", "variable.is_first_person ? 180 : 0", 0],
						"1.0": ["variable.is_first_person ? (math.cos(query.life_time * 100.0) * 0.200) + 0.200 - 15 : 15", "variable.is_first_person ? 180 : 0", 0]
					},
					"position": ["variable.is_first_person ? 2 : 0", "variable.is_first_person ? -4 : -1", "variable.is_first_person ? 12 : 0"]
				},
				"leftleg": {
					"rotation": {
						"0.0": [-34.78974, -4.77628, -5.71489],
						"1.0": [27.71026, -4.77628, -5.71489],
						"2.5": [-22.28974, -4.77628, -5.71489]
					}
				},
				"lowerlleg": {
					"rotation": {
						"0.0": [32.5, 0, 0],
						"2.5": [7.5, 0, 0]
					}
				},
				"rightleg": {
					"rotation": {
						"0.0": [29.82648, -2.86313, 6.93488],
						"1.0": [-72.67352, -2.86313, 6.93488],
						"2.5": [-25.17352, -2.86313, 6.93488]
					}
				},
				"lowerrleg": {
					"rotation": {
						"0.0": [0, 0, 0],
						"1.0": [10, 0, 0]
					}
				},
				"waist": {
					"rotation": {
						"0.0": [25.00707, 2.47859, 0.32652],
						"1.0": [-9.99293, 2.47859, 0.32652]
					}
				},
				"leftArm": {
					"rotation": {
						"0.0": [32.5, 0, -20],
						"1.0": [17.5, 0, -20],
						"2.5": [-22.76048, 33.82584, 32.9955]
					}
				},
				"lowerlarm": {
					"rotation": {
						"0.0": [-25, 0, 0],
						"1.0": [-50, 0, 0]
					}
				},
				"rightArm": {
					"rotation": {
						"0.0": [28.12758, -19.6835, 8.88356],
						"1.0": [31.67365, -8.57567, 14.80653],
						"2.5": [-120.08589, -44.92086, 13.01002]
					}
				},
				"lowerrarm": {
					"rotation": {
						"0.0": [-25, 0, 0],
						"1.0": [-47.5, 0, 0],
						"2.5": [-35, 0, 0]
					}
				},
				"rightItem": {
					"rotation": {
						"1.0": [0, 0, 0],
						"2.5": [230, 0, 0]
					}
				},
				"trail_pierce_spear": {
					"scale": [1, 1, 0]
				},
				"trail_spear": {
					"scale": [1, 0, 1]
				},
				"spear_back": {
					"scale": 0
				}
			}
		},
		"animation.fast_paced_spear.fall_loop": {
			"loop": "hold_on_last_frame",
			"override_previous_animation": true,
			"bones": {
				"leftleg": {
					"rotation": [-22.28974, -4.77628, -5.71489]
				},
				"lowerlleg": {
					"rotation": [7.5, 0, 0]
				},
				"rightleg": {
					"rotation": [-25.17352, -2.86313, 6.93488]
				},
				"leftArm": {
					"rotation": [-22.76048, 33.82584, 32.9955]
				},
				"rightArm": {
					"rotation": [-120.08589, -44.92086, 13.01002]
				},
				"lowerrarm": {
					"rotation": [-35, 0, 0]
				},
				"rightItem": {
					"rotation": [230, 0, 0]
				},
				"trail_pierce_spear": {
					"scale": [1, 1, 0]
				},
				"trail_spear": {
					"scale": [1, 0, 1]
				},
				"root": {
					"rotation": ["variable.is_first_person ? (math.cos(query.life_time * 100.0) * 0.200) + 0.200 : 0", "variable.is_first_person ? 180 : 0", 0],
					"position": ["variable.is_first_person ? 2 : 0", "variable.is_first_person ? -3 : 0", "variable.is_first_person ? 12 : 0"]
				},
				"spear_back": {
					"scale": 0
				}
			}
		},
		"animation.fast_paced_spear.attacking_move": {
			"loop": true,
			"animation_length": 1,
			"override_previous_animation": true,
			"bones": {
				"leftleg": {
					"rotation": {
						"0.0": [-27.5, 0, 0],
						"0.2": [-10.96, 0, 0],
						"0.5": [30, 0, 0],
						"0.8": [-15.96, 0, 0],
						"1.0": [-27.5, 0, 0]
					}
				},
				"rightleg": {
					"rotation": {
						"0.0": [35, 0, 0],
						"0.5": [-32.5, 0, 0],
						"1.0": [35, 0, 0]
					}
				},
				"lowerlleg": {
					"rotation": {
						"0.0": [27.5, 0, 0],
						"0.2": [0.96, 0, 0],
						"0.5": [2.5, 0, 0],
						"0.8": [58.08, 0, 0],
						"1.0": [27.5, 0, 0]
					}
				},
				"lowerrleg": {
					"rotation": {
						"0.0": [15, 0, 0],
						"0.3": [58.08, 0, 0],
						"0.5": [30, 0, 0],
						"0.8": [0.96, 0, 0],
						"1.0": [15, 0, 0]
					}
				},
				"trail_pierce_spear": {
					"scale": [1, 1, 0]
				},
				"trail_spear": {
					"scale": [1, 0, 1]
				},
				"spear_back": {
					"scale": 0
				}
			}
		},
		"animation.fast_paced_spear.attacking_sprint": {
			"loop": true,
			"animation_length": 0.64,
			"override_previous_animation": true,
			"bones": {
				"leftleg": {
					"rotation": {
						"0.0": [-27.5, 0, 0],
						"0.16": [-10.96, 0, 0],
						"0.32": [30, 0, 0],
						"0.48": [-15.96, 0, 0],
						"0.64": [-27.5, 0, 0]
					}
				},
				"lowerlleg": {
					"rotation": {
						"0.0": [27.5, 0, 0],
						"0.16": [0.96, 0, 0],
						"0.32": [2.5, 0, 0],
						"0.48": [58.08, 0, 0],
						"0.64": [27.5, 0, 0]
					}
				},
				"rightleg": {
					"rotation": {
						"0.0": [35, 0, 0],
						"0.32": [-32.5, 0, 0],
						"0.64": [35, 0, 0]
					}
				},
				"lowerrleg": {
					"rotation": {
						"0.0": [15, 0, 0],
						"0.16": [58.08, 0, 0],
						"0.32": [30, 0, 0],
						"0.48": [0.96, 0, 0],
						"0.64": [15, 0, 0]
					}
				},
				"root": {
					"position": {
						"0.0": [0, -2, -2],
						"0.16": [0, -1, 0],
						"0.32": [0, -2, -2],
						"0.48": [0, -1, 0],
						"0.64": [0, -2, -2]
					}
				},
				"trail_pierce_spear": {
					"scale": [1, 1, 0]
				},
				"trail_spear": {
					"scale": [1, 0, 1]
				},
				"spear_back": {
					"scale": 0
				}
			}
		},
		"animation.fast_paced_spear.moving_attack_long": {
			"loop": "hold_on_last_frame",
			"animation_length": 1,
			"override_previous_animation": true,
			"bones": {
				"waist": {
					"rotation": {
						"0.0": [31.54639, 73.44732, 23.19384],
						"0.1": [24.61001, 69.02708, 15.87462],
						"0.2": [41.64617, 59.55419, 40.31471],
						"0.5": [41.64617, 59.55419, 40.31471],
						"1.0": [24.59629, 52.30328, 16.98121]
					}
				},
				"leftArm": {
					"rotation": {
						"0.0": [-60, 0, 0],
						"0.2": [-79.99557, -33.71624, -23.79628],
						"0.5": [-79.99557, -33.71624, -23.79628],
						"0.8": [-29.50433, -43.62013, -42.56997],
						"0.9": [-21.34518, -23.46451, -26.07274],
						"1.0": [-60, 0, 0]
					}
				},
				"lowerlarm": {
					"rotation": {
						"0.0": [-62.5, 0, 0],
						"0.2": [-10, 0, 0],
						"0.5": [-10, 0, 0],
						"0.8": [-30, 0, 0],
						"0.9": [-97, 0, 0],
						"1.0": [-62.5, 0, 0]
					}
				},
				"rightArm": {
					"rotation": {
						"0.0": [38.841, -51.24042, 31.60769],
						"0.2": [-41.06796, -67.04283, -6.27734],
						"0.5": [-41.06796, -67.04283, -6.27734],
						"1.0": [38.841, -51.24042, 31.60769]
					}
				},
				"lowerrarm": {
					"rotation": {
						"0.0": [-90, 0, 0],
						"0.2": [-52.5, 0, 0],
						"0.5": [-52.5, 0, 0],
						"1.0": [-90, 0, 0]
					}
				},
				"rightItem": {
					"rotation": {
						"0.0": [0, 0, 0],
						"0.2": [33.5051, -80.99406, 56.16697],
						"0.5": [33.5051, -80.99406, 56.16697],
						"1.0": [0, 0, 0]
					}
				},
				"trail_pierce_spear": {
					"scale": [1, 1, 0]
				},
				"trail_spear": {
					"scale": [1, 0, 1]
				},
				"spear_back": {
					"scale": 0
				}
			}
		},
		"animation.fast_paced_spear.moving_attack_reeal_pierce": {
			"loop": "hold_on_last_frame",
			"animation_length": 1.2,
			"override_previous_animation": true,
			"bones": {
				"waist": {
					"rotation": {
						"0.1": [-71.54476, 8.69521, 2.65008],
						"0.2": [-26.54476, 8.69521, 2.65008],
						"0.3": [24.89341, 8.27104, 5.81872],
						"0.6": [24.89341, 8.27104, 5.81872],
						"1.1": [24.59629, 52.30328, 16.98121]
					}
				},
				"leftArm": {
					"rotation": {
						"0.1": [-21.95103, 21.35237, 62.40466],
						"0.3": [-91.36681, 15.70626, -15.85014],
						"0.6": [-91.36681, 15.70626, -15.85014],
						"0.9": [-29.50433, -43.62013, -42.56997],
						"1.0": [-21.34518, -23.46451, -26.07274],
						"1.1": [-60, 0, 0]
					}
				},
				"lowerlarm": {
					"rotation": {
						"0.1": [0, 0, 0],
						"0.3": [-10, 0, 0],
						"0.6": [-10, 0, 0],
						"0.9": [-30, 0, 0],
						"1.0": [-97, 0, 0],
						"1.1": [-62.5, 0, 0]
					}
				},
				"rightArm": {
					"rotation": {
						"0.1": [71.97358, -26.5319, 3.71879],
						"0.3": [-89.67428, -46.57155, 21.33516],
						"0.6": [-89.67428, -46.57155, 21.33516],
						"1.1": [38.841, -51.24042, 31.60769]
					}
				},
				"lowerrarm": {
					"rotation": {
						"0.1": [-90, 0, 0],
						"0.2": [-25, 0, 0],
						"0.3": [-25, 0, 0],
						"0.6": [-25, 0, 0],
						"1.1": [-90, 0, 0]
					}
				},
				"rightItem": {
					"rotation": {
						"0.1": [0, 0, 0],
						"0.3": [73.5051, -80.99406, 56.16697],
						"0.6": [73.5051, -80.99406, 56.16697],
						"1.1": [0, 0, 0]
					},
					"position": {
						"0.1": [0, 0, 0],
						"0.3": [4, 5, 0],
						"0.6": [4, 5, 0],
						"1.1": [0, 0, 0]
					}
				},
				"trail_pierce_spear": {
					"scale": [1, 1, 0]
				},
				"trail_spear": {
					"scale": [1, 0, 1]
				},
				"spear_back": {
					"scale": 0
				}
			}
		},
		"animation.fast_paced_spear.moving_attack_short": {
			"loop": "hold_on_last_frame",
			"animation_length": 1,
			"override_previous_animation": true,
			"bones": {
				"waist": {
					"rotation": {
						"0.0": [31.54639, 73.44732, 23.19384],
						"0.1": [24.61001, 69.02708, 15.87462],
						"0.2": [30.30622, 63.98584, 27.46545],
						"0.5": [30.30622, 63.98584, 27.46545],
						"1.0": [24.59629, 52.30328, 16.98121]
					}
				},
				"leftArm": {
					"rotation": {
						"0.0": [-53.07777, 14.60252, -32.69793],
						"0.1": [-20.44496, -50.17138, -50.77802],
						"0.2": [-71.6176, -21.95583, -19.72173],
						"0.5": [-71.6176, -21.95583, -19.72173],
						"0.8": [-15.8638, -51.03093, -57.57439],
						"1.0": [-60, 0, 0]
					}
				},
				"lowerlarm": {
					"rotation": {
						"0.0": [-80, 0, 0],
						"0.2": [-10, 0, 0],
						"0.5": [-10, 0, 0],
						"0.8": [-37.5, 0, 0],
						"0.9": [-87, 0, 0],
						"1.0": [-62.5, 0, 0]
					}
				},
				"rightArm": {
					"rotation": {
						"0.0": [38.841, -51.24042, 31.60769],
						"0.2": [8.15938, -61.57887, 5.65528],
						"0.5": [8.15938, -61.57887, 5.65528],
						"1.0": [38.841, -51.24042, 31.60769]
					}
				},
				"lowerrarm": {
					"rotation": {
						"0.0": [-90, 0, 0],
						"0.2": [-107.5, 0, 0],
						"0.5": [-107.5, 0, 0],
						"1.0": [-90, 0, 0]
					}
				},
				"rightItem": {
					"rotation": {
						"0.0": [0, 0, 0],
						"0.2": [18.33118, -82.09657, 71.50494],
						"0.5": [18.33118, -82.09657, 71.50494],
						"1.0": [0, 0, 0]
					}
				},
				"trail_pierce_spear": {
					"scale": [1, 1, 0]
				},
				"trail_spear": {
					"scale": [1, 0, 1]
				},
				"spear_back": {
					"scale": 0
				}
			}
		},
		"animation.fast_paced_spear.moving_attack_slash": {
			"loop": "hold_on_last_frame",
			"animation_length": 1,
			"override_previous_animation": true,
			"bones": {
				"waist": {
					"rotation": {
						"0.0": [-159.0872, -21.7527, 127.48207],
						"0.2": [-167.0872, -245.7527, 180.4821],
						"0.5": [-167.0872, -245.7527, 180.4821],
						"1.0": [-167.0872, -180.7527, 180.4821]
					}
				},
				"leftArm": {
					"rotation": {
						"0.0": [-288.98978, -84.99055, 130.25474],
						"0.2": [-60, 0, 0],
						"0.5": [-60, 0, 0],
						"1.0": [-60, 0, 0]
					}
				},
				"lowerlarm": {
					"rotation": {
						"0.0": [-32.5, 0, 0],
						"0.2": [-62.5, 0, 0],
						"0.5": [-62.5, 0, 0],
						"1.0": [-62.5, 0, 0]
					}
				},
				"rightArm": {
					"rotation": {
						"0.0": [-90.97353, -71.16699, 45.41277],
						"0.2": [38.841, -51.24042, 31.60769],
						"0.5": [38.841, -51.24042, 31.60769],
						"1.0": [38.841, -51.24042, 31.60769]
					}
				},
				"lowerrarm": {
					"rotation": {
						"0.0": [-32.89875, -8.42145, 5.41207],
						"0.2": [-90, 0, 0],
						"0.5": [-90, 0, 0],
						"1.0": [-90, 0, 0]
					}
				},
				"rightItem": {
					"rotation": {
						"0.0": [0, 0, 80],
						"0.2": [0, 0, 80],
						"0.5": [0, 0, 80],
						"1.0": [0, 0, 0]
					}
				},
				"root": {
					"rotation": {
						"0.0": [0, 0, 0],
						"0.2": [10, 0, 0],
						"0.5": [10, 0, 0],
						"1.0": [0, 0, 0]
					},
					"position": {
						"0.0": [0, 0, 0],
						"0.2": [0, -1, -1],
						"0.5": [0, -1, -1],
						"1.0": [0, 0, 0]
					}
				},
				"trail_pierce_spear": {
					"scale": [1, 1, 0]
				},
				"trail_spear": {
					"scale": [1, 0, 1]
				},
				"spear_back": {
					"scale": 0
				}
			}
		},
		"animation.fast_paced_spear.riding_pose": {
			"loop": true,
			"override_previous_animation": true,
			"bones": {
				"leftleg": {
					"rotation": [-65.43798, -22.9824, -12.61783]
				},
				"lowerlleg": {
					"rotation": [62.5, 0, 0]
				},
				"rightleg": {
					"rotation": [-78.71587, 27.37204, 7.66261]
				},
				"lowerrleg": {
					"rotation": [70, 0, 0]
				},
				"waist": {
					"rotation": [2.5, 0, 0]
				},
				"leftArm": {
					"rotation": [-51.55241, 33.39974, -50.86873]
				},
				"lowerlarm": {
					"rotation": [-27.58957, -4.43385, 2.31336]
				},
				"rightArm": {
					"rotation": [18.74706, -4.61682, 19.20693]
				},
				"lowerrarm": {
					"rotation": [-75, 0, 0]
				},
				"rightItem": {
					"rotation": [62.5, 0, 0],
					"position": [0, 8, 5]
				},
				"root": {
					"rotation": ["variable.is_first_person ? (math.cos(query.life_time * 100.0) * 0.200) + 0.200 : 0", "variable.is_first_person ? 180 : 0", 0],
					"position": ["variable.is_first_person ? 2 : 0", "variable.is_first_person ? -12 : -9", "variable.is_first_person ? 12 : 0"]
				},
				"trail_lance": {
					"scale": 0
				},
				"trail_pierce_spear": {
					"scale": [1, 1, 0]
				},
				"trail_spear": {
					"scale": [1, 0, 1]
				},
				"spear_back": {
					"scale": 0
				}
			}
		},
		"animation.fast_paced_spear.back_unsheathe": {
			"loop": "hold_on_last_frame",
			"animation_length": 1.12,
			"override_previous_animation": true,
			"bones": {
				"leftleg": {
					"rotation": {
						"0.52": [0, 0, 0],
						"0.68": [-22.48072, 0.95645, -2.69009]
					}
				},
				"lowerlleg": {
					"rotation": {
						"0.52": [0, 0, 0],
						"0.68": [17.5, 0, 0]
					}
				},
				"rightleg": {
					"rotation": {
						"0.52": [0, 0, 0],
						"0.68": [10.02457, 4.7062, 5.86455]
					}
				},
				"lowerrleg": {
					"rotation": {
						"0.52": [0, 0, 0],
						"0.68": [10, 0, 0]
					}
				},
				"waist": {
					"rotation": {
						"0.52": [0, 0, 0],
						"0.68": [0, 10, 0]
					}
				},
				"leftArm": {
					"rotation": {
						"0.52": [0, 0, 0],
						"0.68": [4.98107, -0.43523, -2.51893]
					}
				},
				"lowerlarm": {
					"rotation": {
						"0.52": [0, 0, 0],
						"0.68": [-7.5, 0, 0]
					}
				},
				"rightArm": {
					"rotation": {
						"0.0": [0, 0, 0],
						"0.24": [-137.81374, 17.38772, -18.2489],
						"0.52": [4.26482, 17.09854, 5.32286],
						"0.68": [7.41259, -10.34422, -0.40423]
					}
				},
				"lowerrarm": {
					"rotation": {
						"0.0": [0, 0, 0],
						"0.24": [-97.5, 0, 0],
						"0.52": [-20, 0, 0],
						"0.68": [-55, 0, 0]
					}
				},
				"rightItem": {
					"rotation": {
						"0.28": [0, 0, 90],
						"0.52": [0, 0, 0],
						"0.68": [-47.5, 0, 0]
					},
					"position": {
						"0.28": [1, 0, 0],
						"0.52": [0, 0, 0],
						"0.68": [0, -10, 8]
					},
					"scale": {
						"0.0": [0, 0, 0],
						"0.24": [0, 0, 0],
						"0.28": [1, 1, 1]
					}
				},
				"root": {
					"rotation": {
						"0.52": [0, 0, 0],
						"0.68": ["variable.is_first_person ? (math.cos(query.life_time * 100.0) * 0.200) + 0.200 : 0", "variable.is_first_person ? 180 : 0", 0]
					},
					"position": {
						"0.0": [0, -1, 0],
						"0.68": ["variable.is_first_person ? 2 : 0", "variable.is_first_person ? -4 : -1", "variable.is_first_person ? 12 : 0"]
					}
				},
				"spear_back": {
					"scale": {
						"0.0": [1, 1, 1],
						"0.24": [1, 1, 1],
						"0.28": [0, 0, 0]
					}
				},
				"trail_pierce_spear": {
					"scale": [1, 1, 0]
				},
				"trail_spear": {
					"scale": [1, 0, 1]
				}
			}
		},
		"animation.fast_paced_spear.back_unsheathe_shield": {
			"loop": "hold_on_last_frame",
			"animation_length": 1.12,
			"override_previous_animation": true,
			"bones": {
				"leftleg": {
					"rotation": {
						"0.52": [0, 0, 0],
						"0.68": [-5, 0, -5]
					}
				},
				"lowerlleg": {
					"rotation": {
						"0.52": [0, 0, 0],
						"0.68": [5, 0, 0]
					}
				},
				"rightleg": {
					"rotation": {
						"0.52": [0, 0, 0],
						"0.68": [0, 0, 5]
					}
				},
				"lowerrleg": {
					"rotation": {
						"0.52": [0, 0, 0],
						"0.68": [5, 0, 0]
					}
				},
				"waist": {
					"rotation": {
						"0.52": [0, 0, 0],
						"0.68": [2.52179, 12.4976, 0.11166]
					}
				},
				"leftArm": {
					"rotation": {
						"0.2": [25, 0, -7.5],
						"0.28": [48.75, 0, -5.625],
						"0.52": [0, 0, 0],
						"0.68": [0.56377, 15.19198, -7.09563]
					}
				},
				"lowerlarm": {
					"rotation": {
						"0.2": [-25, 0, 0],
						"0.52": [0, 0, 0],
						"0.68": [-12.5, 0, 0]
					}
				},
				"rightArm": {
					"rotation": {
						"0.0": [0, 0, 0],
						"0.24": [-137.81374, 17.38772, -18.2489],
						"0.52": [4.26482, 17.09854, 5.32286],
						"0.68": [-6.08748, 24.4116, 3.58594]
					}
				},
				"lowerrarm": {
					"rotation": {
						"0.0": [0, 0, 0],
						"0.24": [-97.5, 0, 0],
						"0.52": [-20, 0, 0],
						"0.68": [-80, 0, 0]
					}
				},
				"rightItem": {
					"rotation": {
						"0.28": [0, 0, 90],
						"0.52": [0, 0, 0],
						"0.68": [0, 0, 0]
					},
					"position": {
						"0.28": [1, 0, 0],
						"0.52": [0, 0, 0],
						"0.68": [0, 0, 18]
					},
					"scale": {
						"0.0": [0, 0, 0],
						"0.24": [0, 0, 0],
						"0.28": [1, 1, 1]
					}
				},
				"root": {
					"rotation": {
						"0.52": [0, 0, 0],
						"0.68": ["variable.is_first_person ? (math.cos(query.life_time * 100.0) * 0.200) + 0.200 : 0", "variable.is_first_person ? 180 : 0", 0]
					},
					"position": {
						"0.0": [0, -1, 0],
						"0.68": ["variable.is_first_person ? 2 : 0", "variable.is_first_person ? -3 : 0", "variable.is_first_person ? 12 : 0"]
					}
				},
				"spear_back": {
					"scale": {
						"0.0": [1, 1, 1],
						"0.24": [1, 1, 1],
						"0.28": [0, 0, 0]
					}
				},
				"trail_pierce_spear": {
					"scale": [1, 1, 0]
				},
				"trail_spear": {
					"scale": [1, 0, 1]
				},
				"leftItem": {
					"scale": {
						"0.0": [0, 0, 0],
						"0.24": [0, 0, 0],
						"0.28": [1, 1, 1]
					}
				},
				"shield_back": {
					"scale": {
						"0.0": [1, 1, 1],
						"0.24": [1, 1, 1],
						"0.28": [0, 0, 0]
					}
				}
			}
		},
		"animation.fast_paced_spear.attack_riding_pose": {
			"animation_length": 0.4,
			"override_previous_animation": true,
			"bones": {
				"trail_lance": {
					"scale": {
						"0.0": [0, 0, 0],
						"0.2": [0, 0, 0]
					}
				},
				"lance_back_main": {
					"scale": {
						"0.0": [0, 0, 0],
						"0.2": [0, 0, 0]
					}
				},
				"root": {
					"rotation": {
						"0.0": ["variable.is_first_person ? (math.cos(query.life_time * 100.0) * 0.200) + 0.200 : 0", "variable.is_first_person ? 180 : 0", 0],
						"0.2": ["variable.is_first_person ? (math.cos(query.life_time * 100.0) * 0.200) + 0.200 : 0", "variable.is_first_person ? 180 : 0", 0]
					},
					"position": {
						"0.0": ["variable.is_first_person ? 2 : 0", "variable.is_first_person ? -12 : -9", "variable.is_first_person ? 12 : 0"],
						"0.2": ["variable.is_first_person ? 2 : 0", "variable.is_first_person ? -12 : -9", "variable.is_first_person ? 12 : 0"]
					}
				},
				"leftleg": {
					"rotation": {
						"0.0": [-65.43798, -22.9824, -12.61783],
						"0.2": [-65.43798, -22.9824, -12.61783]
					}
				},
				"lowerlleg": {
					"rotation": {
						"0.0": [62.5, 0, 0],
						"0.2": [62.5, 0, 0]
					}
				},
				"rightleg": {
					"rotation": {
						"0.0": [-78.71587, 27.37204, 7.66261],
						"0.2": [-78.71587, 27.37204, 7.66261]
					}
				},
				"lowerrleg": {
					"rotation": {
						"0.0": [70, 0, 0],
						"0.2": [70, 0, 0]
					}
				},
				"waist": {
					"rotation": {
						"0.0": [2.5, 0, 0],
						"0.2": [2.5, 0, 0]
					}
				},
				"leftArm": {
					"rotation": {
						"0.0": [-51.55241, 33.39974, -50.86873],
						"0.2": [-47.33165, 34.34287, -42.20175]
					}
				},
				"lowerlarm": {
					"rotation": {
						"0.0": [-27.58957, -4.43385, 2.31336],
						"0.2": [-25, 0, 0]
					}
				},
				"rightArm": {
					"rotation": {
						"0.0": [18.74706, -4.61682, 19.20693],
						"0.2": [88.10478, -4.64081, 30.67294],
						"0.3": [-49.51257, 2.67589, 37.49518]
					}
				},
				"lowerrarm": {
					"rotation": {
						"0.0": [-75, 0, 0],
						"0.2": [-95, 0, 0],
						"0.3": [-15, 0, 0]
					}
				},
				"rightItem": {
					"rotation": {
						"0.0": [62.5, 0, 0],
						"0.2": [20.08227, -0.10653, 2.85423],
						"0.3": [72.58227, -0.10653, 2.85423]
					},
					"position": {
						"0.0": [0, 8, 5],
						"0.2": [0, 3, 9],
						"0.3": [0, -3, 0]
					}
				},
				"trail_pierce_spear": {
					"scale": [1, 1, 0]
				},
				"trail_spear": {
					"scale": [1, 0, 1]
				},
				"spear_back": {
					"scale": 0
				}
			}
		}
	}
}