{
	"format_version": "1.8.0",
	"animations": {
		"animation.fast_paced_dual_dagger.base_pose": {
			"loop": true,
			"override_previous_animation": true,
			"bones": {
				"leftleg": {
					"rotation": [-7.88182, -46.58647, -10.52183]
				},
				"lowerlleg": {
					"rotation": [10, 0, 0]
				},
				"rightleg": {
					"rotation": [-11.68945, 39.09239, 2.04849]
				},
				"lowerrleg": {
					"rotation": [7.5, 0, 0]
				},
				"waist": {
					"rotation": [2.41709, 2.51141, -0.54146]
				},
				"leftArm": {
					"rotation": [-10.31193, 31.72139, -4.2099]
				},
				"lowerlarm": {
					"rotation": [-75, 0, 0]
				},
				"rightArm": {
					"rotation": [-65.09078, 32.49572, 22.61041]
				},
				"lowerrarm": {
					"rotation": [-15, 0, 0]
				},
				"root": {
					"rotation": ["variable.is_first_person ? (math.cos(query.life_time * 100.0) * 0.200) + 0.200 : 0", "variable.is_first_person ? 137.5 : -42.5", 0],
					"position": ["variable.is_first_person ? 2 : 0", "variable.is_first_person ? -3 : 0", "variable.is_first_person ? 12 : 0"]
				},
				"rightitem": {
					"rotation": [70, 0, 0]
				},
				"trail_dagger": {
					"scale": [1, 0, 1]
				},
				"leftitem": {
					"rotation": [25, 0, 0],
					"scale": 1
				},
				"trail_dagger2": {
					"scale": [1, 0, 1]
				},
				"dagger_sheathed2": {
					"scale": 0
				},
				"dagger_sheathed": {
					"scale": 0
				}
			}
		},
		"animation.fast_paced_dual_dagger.bob_base": {
			"loop": true,
			"animation_length": 2.08,
			"override_previous_animation": true,
			"bones": {
				"leftleg": {
					"rotation": [-9.83259, -8.01897, -5.19455]
				},
				"lowerlleg": {
					"rotation": [10, 0, 0]
				},
				"rightleg": {
					"rotation": [4.87905, 39.93203, 8.43894]
				},
				"lowerrleg": {
					"rotation": [7.5, 0, 0]
				},
				"waist": {
					"rotation": {
						"0.0": [2.56976, 19.99511, 0.23179],
						"1.04": [7.45873, 17.51658, -0.11345],
						"2.08": [2.56976, 19.99511, 0.23179]
					}
				},
				"leftArm": {
					"rotation": {
						"0.0": [4.49124, -15.19822, -5.14758],
						"1.04": [0.1662, -7.70563, -7.71576],
						"2.08": [4.49124, -15.19822, -5.14758]
					}
				},
				"lowerlarm": {
					"rotation": [-10, 0, 0]
				},
				"rightArm": {
					"rotation": {
						"0.0": [5.15616, -14.96096, 9.1024],
						"1.04": [-0.51835, -17.4531, 11.71347],
						"2.08": [5.15616, -14.96096, 9.1024]
					}
				},
				"lowerrarm": {
					"rotation": [-15, 0, 0]
				},
				"trail3": {
					"scale": 0
				},
				"trail_dagger": {
					"scale": [1, 0, 1]
				},
				"trail_dagger2": {
					"scale": [1, 0, 1]
				},
				"leftitem": {
					"scale": 1
				},
				"dagger_sheathed2": {
					"scale": 0
				},
				"dagger_sheathed": {
					"scale": 0
				}
			}
		},
		"animation.fast_paced_dual_dagger.attack_stab_left": {
			"animation_length": 1.4,
			"override_previous_animation": true,
			"bones": {
				"leftleg": {
					"rotation": {
						"0.0": [-7.88182, -46.58647, -10.52183],
						"0.1": [-5.44655, -6.82723, -15.61497],
						"0.2": [-5.44655, -6.82723, -15.61497],
						"0.3": [-12.30174, -25.25666, -2.35095],
						"0.8": [-12.30174, -25.25666, -2.35095],
						"1.2": [-7.88182, -46.58647, -10.52183]
					}
				},
				"lowerlleg": {
					"rotation": {
						"0.0": [10, 0, 0],
						"1.2": [10, 0, 0]
					}
				},
				"rightleg": {
					"rotation": {
						"0.0": [-11.68945, 39.09239, 2.04849],
						"0.1": [-5.15278, 50.09014, 10.3775],
						"0.2": [-5.15278, 50.09014, 10.3775],
						"0.3": [-0.15278, 50.09014, 10.3775],
						"0.8": [-0.15278, 50.09014, 10.3775],
						"1.2": [-11.68945, 39.09239, 2.04849]
					}
				},
				"lowerrleg": {
					"rotation": {
						"0.0": [7.5, 0, 0],
						"0.8": [7.5, 0, 0],
						"1.2": [7.5, 0, 0]
					}
				},
				"waist": {
					"rotation": {
						"0.0": [2.41709, 2.51141, -0.54146],
						"0.1": [2.45187, -9.9774, -1.0725],
						"0.2": [2.45187, -9.9774, -1.0725],
						"0.3": [2.94752, 34.97801, 1.04327],
						"0.8": [2.94752, 34.97801, 1.04327],
						"1.2": [2.41709, 2.51141, -0.54146]
					}
				},
				"leftArm": {
					"rotation": {
						"0.0": [-10.31193, 31.72139, -4.2099],
						"0.1": [24.68807, 31.72139, -4.2099],
						"0.2": [24.68807, 31.72139, -4.2099],
						"0.3": [-53.17121, -63.63874, -18.95233],
						"0.8": [-53.17121, -63.63874, -18.95233],
						"1.2": [-10.31193, 31.72139, -4.2099]
					}
				},
				"lowerlarm": {
					"rotation": {
						"0.0": [-75, 0, 0],
						"0.1": [-100, 0, 0],
						"0.2": [-100, 0, 0],
						"0.3": [-17.5, 0, 0],
						"0.8": [-17.5, 0, 0],
						"1.2": [-75, 0, 0]
					}
				},
				"rightArm": {
					"rotation": {
						"0.0": [-65.09078, 32.49572, 22.61041],
						"0.1": [-91.28448, 40.07835, -20.22386],
						"0.2": [-91.28448, 40.07835, -20.22386],
						"0.3": [-27.7493, -47.74908, 22.40724],
						"0.8": [-27.7493, -47.74908, 22.40724],
						"1.2": [-65.09078, 32.49572, 22.61041]
					}
				},
				"lowerrarm": {
					"rotation": {
						"0.0": [-15, 0, 0],
						"0.2": [-15, 0, 0],
						"0.3": [-72.5, 0, 0],
						"0.8": [-72.5, 0, 0],
						"1.2": [-15, 0, 0]
					}
				},
				"root": {
					"rotation": {
						"0.0": ["variable.is_first_person ? (math.cos(query.life_time * 100.0) * 0.200) + 0.200 : 0", "variable.is_first_person ? 137.5 : -42.5", 0],
						"0.1": ["variable.is_first_person ? (math.cos(query.life_time * 100.0) * 0.200) + 0.200 : 0", "variable.is_first_person ? 127.5 : -52.5", 0],
						"0.2": ["variable.is_first_person ? (math.cos(query.life_time * 100.0) * 0.200) + 0.200 : 0", "variable.is_first_person ? 127.5 : -52.5", 0],
						"0.3": ["variable.is_first_person ? (math.cos(query.life_time * 100.0) * 0.200) + 0.200 : 0", "variable.is_first_person ? 212.5 : 32.5", 0],
						"0.8": ["variable.is_first_person ? (math.cos(query.life_time * 100.0) * 0.200) + 0.200 : 0", "variable.is_first_person ? 212.5 : 32.5", 0],
						"1.2": ["variable.is_first_person ? (math.cos(query.life_time * 100.0) * 0.200) + 0.200 : 0", "variable.is_first_person ? 137.5 : -42.5", 0]
					},
					"position": ["variable.is_first_person ? 2 : 0", "variable.is_first_person ? -3 : 0", "variable.is_first_person ? 12 : 0"]
				},
				"rightitem": {
					"rotation": {
						"0.0": [70, 0, 0],
						"0.8": [70, 0, 0],
						"1.2": [70, 0, 0]
					}
				},
				"trail_dagger": {
					"scale": {
						"0.0": [1, 0, 1],
						"1.2": [1, 0, 1]
					}
				},
				"leftitem": {
					"rotation": {
						"0.0": [25, 0, 0],
						"0.1": [67.5, 0, 0],
						"0.2": [67.5, 0, 0],
						"0.3": [85, 0, 0],
						"0.8": [85, 0, 0],
						"1.2": [25, 0, 0]
					},
					"scale": 1
				},
				"trail_dagger2": {
					"scale": {
						"0.0": [1, 0, 1],
						"1.2": [1, 0, 1]
					}
				},
				"dagger_sheathed2": {
					"scale": 0
				},
				"dagger_sheathed": {
					"scale": 0
				}
			}
		},
		"animation.fast_paced_dual_dagger.attack_stab_right": {
			"loop": "hold_on_last_frame",
			"animation_length": 1.4,
			"override_previous_animation": true,
			"bones": {
				"leftleg": {
					"rotation": {
						"0.0": [-12.30174, -25.25666, -2.35095],
						"0.1": [-18.50777, -36.33431, -4.01549],
						"0.2": [-18.50777, -36.33431, -4.01549],
						"0.3": [-6.00777, -36.33431, -4.01549],
						"0.8": [-6.00777, -36.33431, -4.01549],
						"1.2": [-7.88182, -46.58647, -10.52183]
					}
				},
				"lowerlleg": {
					"rotation": {
						"0.0": [10, 0, 0],
						"0.8": [10, 0, 0],
						"1.2": [10, 0, 0]
					}
				},
				"rightleg": {
					"rotation": {
						"0.0": [-0.15278, 50.09014, 10.3775],
						"0.1": [3.73541, -0.01177, 13.70626],
						"0.2": [3.73541, -0.01177, 13.70626],
						"0.3": [-7.56224, 46.89307, 6.76106],
						"0.8": [-7.56224, 46.89307, 6.76106],
						"1.2": [-11.68945, 39.09239, 2.04849]
					}
				},
				"lowerrleg": {
					"rotation": {
						"0.0": [7.5, 0, 0],
						"0.8": [7.5, 0, 0],
						"1.2": [7.5, 0, 0]
					}
				},
				"waist": {
					"rotation": {
						"0.0": [2.94752, 34.97801, 1.04327],
						"0.1": [3.04324, 37.47459, 1.2052],
						"0.2": [3.04324, 37.47459, 1.2052],
						"0.3": [2.4355, -7.47967, -0.96466],
						"0.8": [2.4355, -7.47967, -0.96466],
						"1.2": [2.41709, 2.51141, -0.54146]
					}
				},
				"leftArm": {
					"rotation": {
						"0.0": [-53.17121, -63.63874, -18.95233],
						"0.1": [-52.03763, -72.62645, -20.5223],
						"0.2": [-52.03763, -72.62645, -20.5223],
						"0.3": [-8.90402, 31.80063, -29.36453],
						"0.8": [-8.90402, 31.80063, -29.36453],
						"1.2": [-10.31193, 31.72139, -4.2099]
					}
				},
				"lowerlarm": {
					"rotation": {
						"0.0": [-17.5, 0, 0],
						"0.8": [-17.5, 0, 0],
						"1.2": [-75, 0, 0]
					}
				},
				"rightArm": {
					"rotation": {
						"0.0": [-27.7493, -47.74908, 22.40724],
						"0.1": [-7.32207, -52.42768, 34.43176],
						"0.2": [-7.32207, -52.42768, 34.43176],
						"0.3": [-91.10384, 61.05105, -0.59619],
						"0.8": [-91.10384, 61.05105, -0.59619],
						"1.2": [-65.09078, 32.49572, 22.61041]
					}
				},
				"lowerrarm": {
					"rotation": {
						"0.0": [-72.5, 0, 0],
						"0.1": [-100, 0, 0],
						"0.2": [-100, 0, 0],
						"0.3": [-5, 0, 0],
						"0.8": [-5, 0, 0],
						"1.2": [-15, 0, 0]
					}
				},
				"trail3": {
					"scale": 0
				},
				"root": {
					"rotation": {
						"0.0": ["variable.is_first_person ? (math.cos(query.life_time * 100.0) * 0.200) + 0.200 : 0", "variable.is_first_person ? 212.5 : 32.5", 0],
						"0.1": ["variable.is_first_person ? (math.cos(query.life_time * 100.0) * 0.200) + 0.200 : 0", "variable.is_first_person ? 217.5 : 37.5", 0],
						"0.2": ["variable.is_first_person ? (math.cos(query.life_time * 100.0) * 0.200) + 0.200 : 0", "variable.is_first_person ? 217.5 : 37.5", 0],
						"0.3": ["variable.is_first_person ? (math.cos(query.life_time * 100.0) * 0.200) + 0.200 : 0", "variable.is_first_person ? 122.5 : -57.5", 0],
						"0.8": ["variable.is_first_person ? (math.cos(query.life_time * 100.0) * 0.200) + 0.200 : 0", "variable.is_first_person ? 122.5 : -57.5", 0],
						"1.2": ["variable.is_first_person ? (math.cos(query.life_time * 100.0) * 0.200) + 0.200 : 0", "variable.is_first_person ? 137.5 : -42.5", 0]
					},
					"position": ["variable.is_first_person ? 2 : 0", "variable.is_first_person ? -3 : 0", "variable.is_first_person ? 12 : 0"]
				},
				"rightitem": {
					"rotation": {
						"0.0": [70, 0, 0],
						"0.3": [92.5, 0, 0],
						"0.8": [92.5, 0, 0],
						"1.2": [70, 0, 0]
					}
				},
				"trail_dagger": {
					"scale": {
						"0.0": [1, 0, 1],
						"1.2": [1, 0, 1]
					}
				},
				"leftitem": {
					"rotation": {
						"0.0": [85, 0, 0],
						"0.2": [85, 0, 0],
						"0.3": [167.5, 0, 0],
						"0.8": [167.5, 0, 0],
						"1.2": [25, 0, 0]
					},
					"scale": 1
				},
				"trail_dagger2": {
					"scale": {
						"0.0": [1, 0, 1],
						"1.2": [1, 0, 1]
					}
				},
				"dagger_sheathed2": {
					"scale": 0
				},
				"dagger_sheathed": {
					"scale": 0
				}
			}
		},
		"animation.fast_paced_dual_dagger.attack_slash_left": {
			"loop": "hold_on_last_frame",
			"animation_length": 1.4,
			"override_previous_animation": true,
			"bones": {
				"leftleg": {
					"rotation": {
						"0.0": [-6.00777, -36.33431, -4.01549],
						"0.2": [-13.84618, -21.83245, -8.42524],
						"0.3": [-15.63255, -12.10679, -10.86117],
						"0.8": [-15.63255, -12.10679, -10.86117],
						"1.2": [-7.88182, -46.58647, -10.52183]
					}
				},
				"lowerlleg": {
					"rotation": {
						"0.0": [10, 0, 0],
						"1.2": [10, 0, 0]
					}
				},
				"rightleg": {
					"rotation": {
						"0.0": [-7.56224, 46.89307, 6.76106],
						"0.2": [-10.3045, 74.44945, 3.0248],
						"0.3": [3.38133, 52.14782, 16.95045],
						"0.8": [3.38133, 52.14782, 16.95045],
						"1.2": [-11.68945, 39.09239, 2.04849]
					}
				},
				"lowerrleg": {
					"rotation": {
						"0.0": [7.5, 0, 0],
						"1.2": [7.5, 0, 0]
					}
				},
				"waist": {
					"rotation": {
						"0.0": [2.4355, -7.47967, -0.96466],
						"0.1": [2.4355, -7.47967, -0.96466],
						"0.2": [15.16208, -12.30841, -2.28208],
						"0.3": [6.54638, 39.79955, 1.09353],
						"0.8": [6.54638, 39.79955, 1.09353],
						"1.2": [2.41709, 2.51141, -0.54146]
					}
				},
				"leftArm": {
					"rotation": {
						"0.0": [-8.90402, 31.80063, -29.36453],
						"0.1": [48.29701, 22.99138, -61.81702],
						"0.2": [68.29701, 22.99138, -61.81702],
						"0.3": [-69.79711, 14.40542, -71.42117],
						"0.8": [-69.79711, 14.40542, -71.42117],
						"1.2": [-10.31193, 31.72139, -4.2099]
					}
				},
				"lowerlarm": {
					"rotation": {
						"0.0": [-17.5, 0, 0],
						"0.1": [-52.5, 0, 0],
						"0.2": [-77.5, 0, 0],
						"0.3": [-77.5, 0, 0],
						"0.8": [-77.5, 0, 0],
						"1.2": [-75, 0, 0]
					}
				},
				"rightArm": {
					"rotation": {
						"0.0": [-91.10384, 61.05105, -0.59619],
						"0.1": [-18.80695, 16.59043, 80.4868],
						"0.3": [41.45192, 25.94049, 41.34944],
						"0.8": [41.45192, 25.94049, 41.34944],
						"1.2": [-65.09078, 32.49572, 22.61041]
					}
				},
				"lowerrarm": {
					"rotation": {
						"0.0": [-5, 0, 0],
						"0.1": [-80, 0, 0],
						"0.3": [-80, 0, 0],
						"0.8": [-80, 0, 0],
						"1.2": [-15, 0, 0]
					}
				},
				"root": {
					"rotation": {
						"0.0": ["variable.is_first_person ? (math.cos(query.life_time * 100.0) * 0.200) + 0.200 : 0", "variable.is_first_person ? 122.5 : -57.5", 0],
						"0.1": ["variable.is_first_person ? (math.cos(query.life_time * 100.0) * 0.200) + 0.200 : 0", "variable.is_first_person ? 110 : -70", 0],
						"0.3": ["variable.is_first_person ? (math.cos(query.life_time * 100.0) * 0.200) + 0.200 : 0", "variable.is_first_person ? 187.5 : 7.5", 0],
						"0.8": ["variable.is_first_person ? (math.cos(query.life_time * 100.0) * 0.200) + 0.200 : 0", "variable.is_first_person ? 187.5 : 7.5", 0],
						"1.2": ["variable.is_first_person ? (math.cos(query.life_time * 100.0) * 0.200) + 0.200 : 0", "variable.is_first_person ? 137.5 : -42.5", 0]
					},
					"position": {
						"0.0": ["variable.is_first_person ? 2 : 0", "variable.is_first_person ? -3 : 0", "variable.is_first_person ? 12 : 0"],
						"0.1": ["variable.is_first_person ? 2 : 0", "variable.is_first_person ? -3 : 0", "variable.is_first_person ? 12 : 0"],
						"0.3": ["variable.is_first_person ? 2 : 0", "variable.is_first_person ? -4 : -1", "variable.is_first_person ? 12 : 0"],
						"0.8": ["variable.is_first_person ? 2 : 0", "variable.is_first_person ? -4 : -1", "variable.is_first_person ? 12 : 0"],
						"1.2": ["variable.is_first_person ? 2 : 0", "variable.is_first_person ? -3 : 0", "variable.is_first_person ? 12 : 0"]
					}
				},
				"rightitem": {
					"rotation": {
						"0.0": [92.5, 0, 0],
						"0.1": [172.5, 0, 0],
						"0.3": [172.5, 0, 0],
						"0.8": [172.5, 0, 0],
						"1.2": [70, 0, 0]
					}
				},
				"trail_dagger": {
					"scale": {
						"0.0": [1, 0, 1],
						"0.3": [1, 0, 1],
						"0.8": [1, 0, 1],
						"1.2": [1, 0, 1]
					}
				},
				"leftitem": {
					"rotation": {
						"0.0": [167.5, 0, 0],
						"0.3": [167.5, 0, 0],
						"0.8": [167.5, 0, 0],
						"1.2": [25, 0, 0]
					},
					"scale": 1
				},
				"trail_dagger2": {
					"scale": {
						"0.0": [1, 0, 1],
						"0.2": [1, 0, 1],
						"0.3": [1, -1, 1],
						"0.4": [1, 0, 1],
						"1.2": [1, 0, 1]
					}
				},
				"dagger_sheathed2": {
					"scale": 0
				},
				"dagger_sheathed": {
					"scale": 0
				}
			}
		},
		"animation.fast_paced_dual_dagger.attack_slash_right": {
			"loop": "hold_on_last_frame",
			"animation_length": 1.4,
			"override_previous_animation": true,
			"bones": {
				"leftleg": {
					"rotation": {
						"0.0": [-15.63255, -12.10679, -10.86117],
						"0.1": [-23.13255, -12.10679, -10.86117],
						"0.2": [-30.63255, -12.10679, -10.86117],
						"0.3": [-26.87445, -8.78521, -4.02229],
						"0.8": [-26.87445, -8.78521, -4.02229],
						"1.2": [-7.88182, -46.58647, -10.52183]
					}
				},
				"lowerlleg": {
					"rotation": {
						"0.0": [10, 0, 0],
						"0.2": [27.5, 0, 0],
						"0.8": [27.5, 0, 0],
						"1.2": [10, 0, 0]
					}
				},
				"rightleg": {
					"rotation": {
						"0.0": [3.38133, 52.14782, 16.95045],
						"0.1": [26.79552, 64.28363, 42.68086],
						"0.3": [-10.36391, 66.34418, 12.9725],
						"0.8": [-10.36391, 66.34418, 12.9725],
						"1.2": [-11.68945, 39.09239, 2.04849]
					}
				},
				"lowerrleg": {
					"rotation": {
						"0.0": [7.5, 0, 0],
						"0.2": [20, 0, 0],
						"0.8": [20, 0, 0],
						"1.2": [7.5, 0, 0]
					}
				},
				"waist": {
					"rotation": {
						"0.0": [6.54638, 39.79955, 1.09353],
						"0.1": [8.21592, 52.19808, 3.4008],
						"0.2": [17.48693, 54.44915, 5.66164],
						"0.3": [10.07746, 3.1718, -8.15167],
						"0.8": [10.07746, 3.1718, -8.15167],
						"1.2": [2.41709, 2.51141, -0.54146]
					}
				},
				"leftArm": {
					"rotation": {
						"0.0": [-69.79711, 14.40542, -71.42117],
						"0.2": [-87.29711, 14.40542, -71.42117],
						"0.3": [49.14117, -18.62217, -44.27152],
						"0.8": [49.14117, -18.62217, -44.27152],
						"1.2": [-10.31193, 31.72139, -4.2099]
					}
				},
				"lowerlarm": {
					"rotation": {
						"0.0": [-77.5, 0, 0],
						"0.2": [-90, 0, 0],
						"0.8": [-90, 0, 0],
						"1.2": [-75, 0, 0]
					}
				},
				"rightArm": {
					"rotation": {
						"0.0": [41.45192, 25.94049, 41.34944],
						"0.1": [58.95192, 25.94049, 41.34944],
						"0.2": [115.39945, 17.16465, 80.38455],
						"0.3": [-56.89957, -2.5919, 74.85937],
						"0.8": [-56.89957, -2.5919, 74.85937],
						"1.2": [-65.09078, 32.49572, 22.61041]
					}
				},
				"lowerrarm": {
					"rotation": {
						"0.0": [-80, 0, 0],
						"0.2": [-57.5, 0, 0],
						"0.3": [-77.5, 0, 0],
						"0.8": [-77.5, 0, 0],
						"1.2": [-15, 0, 0]
					}
				},
				"root": {
					"rotation": {
						"0.0": ["variable.is_first_person ? (math.cos(query.life_time * 100.0) * 0.200) + 0.200 : 0", "variable.is_first_person ? 187.5 : 7.5", 0],
						"0.2": ["variable.is_first_person ? (math.cos(query.life_time * 100.0) * 0.200) + 0.200 : 0", "variable.is_first_person ? 190 : 10", 0],
						"0.3": ["variable.is_first_person ? (math.cos(query.life_time * 100.0) * 0.200) + 0.200 : 0", "variable.is_first_person ? 107.5 : -72.5", 0],
						"0.8": ["variable.is_first_person ? (math.cos(query.life_time * 100.0) * 0.200) + 0.200 : 0", "variable.is_first_person ? 107.5 : -72.5", 0],
						"1.2": ["variable.is_first_person ? (math.cos(query.life_time * 100.0) * 0.200) + 0.200 : 0", "variable.is_first_person ? 137.5 : -42.5", 0]
					},
					"position": {
						"0.0": ["variable.is_first_person ? 2 : 0", "variable.is_first_person ? -4 : -1", "variable.is_first_person ? 12 : 0"],
						"0.2": ["variable.is_first_person ? 2 : 0", "variable.is_first_person ? -4 : -1", "variable.is_first_person ? 12 : 0"],
						"0.3": ["variable.is_first_person ? 2 : 0", "variable.is_first_person ? -4 : -1", "variable.is_first_person ? 12 : 0"],
						"0.8": ["variable.is_first_person ? 2 : 0", "variable.is_first_person ? -4 : -1", "variable.is_first_person ? 12 : 0"],
						"1.2": ["variable.is_first_person ? 2 : 0", "variable.is_first_person ? -3 : 0", "variable.is_first_person ? 12 : 0"]
					}
				},
				"rightitem": {
					"rotation": {
						"0.0": [172.5, 0, 0],
						"0.8": [172.5, 0, 0],
						"1.2": [70, 0, 0]
					}
				},
				"trail_dagger": {
					"scale": {
						"0.0": [1, 0, 1],
						"0.2": [1, 0, 1],
						"0.3": [1, -1, 1],
						"0.4": [1, 0, 1],
						"0.8": [1, 0, 1],
						"1.2": [1, 0, 1]
					}
				},
				"leftitem": {
					"rotation": {
						"0.0": [167.5, 0, 0],
						"0.2": [155, 0, 0],
						"0.3": [25, 0, 0],
						"0.8": [25, 0, 0],
						"1.2": [25, 0, 0]
					},
					"scale": 1
				},
				"trail_dagger2": {
					"scale": {
						"0.0": [1, 0, 1],
						"1.2": [1, 0, 1]
					}
				},
				"dagger_sheathed2": {
					"scale": 0
				},
				"dagger_sheathed": {
					"scale": 0
				}
			}
		},
		"animation.fast_paced_dual_dagger.move": {
			"loop": true,
			"animation_length": 1.04,
			"bones": {
				"leftleg": {
					"rotation": {
						"0.0": [-36.95818, 2.30845, -2.83845],
						"0.52": [28.04182, 2.30845, -2.83845],
						"0.92": [-53.30433, 2.30845, -2.83845],
						"1.04": [-36.95818, 2.30845, -2.83845]
					}
				},
				"lowerlleg": {
					"rotation": {
						"0.0": [37.51432, -0.13594, -0.22716],
						"0.52": [10, 0, 0],
						"0.8": [118.46, 0, 0],
						"1.04": [37.51432, -0.13594, -0.22716]
					}
				},
				"rightleg": {
					"rotation": {
						"0.0": [16.06903, -0.85859, 1.022],
						"0.4": [-48.35405, -0.85859, 1.022],
						"0.52": [-33.93097, -0.85859, 1.022],
						"1.04": [16.06903, -0.85859, 1.022]
					}
				},
				"lowerrleg": {
					"rotation": {
						"0.0": [17.5, 0, 0],
						"0.28": [96.5, 0, 0],
						"0.52": [32.5, 0, 0],
						"1.04": [17.5, 0, 0]
					}
				},
				"waist": {
					"rotation": {
						"0.0": [7.4981, 7.27828, 1.08404],
						"0.28": [2.40303, 1.59772, 1.71141],
						"0.52": [7.13625, -4.80585, -2.97095],
						"0.84": [2.23809, 2.94818, -2.95825],
						"1.04": [7.4981, 7.27828, 1.08404]
					}
				},
				"leftArm": {
					"rotation": {
						"0.0": [36.83024, 0.79581, -5.61133],
						"0.52": [9.13026, 4.11024, -12.48531],
						"1.04": [36.83024, 0.79581, -5.61133]
					}
				},
				"lowerlarm": {
					"rotation": {
						"0.0": [-10, 0, 0],
						"0.52": [-22.5, 0, 0],
						"1.04": [-10, 0, 0]
					}
				},
				"rightArm": {
					"rotation": {
						"0.0": [-47.4697, -31.81777, 32.22194],
						"0.52": [-34.45087, -26.59844, 26.04657],
						"1.04": [-47.4697, -31.81777, 32.22194]
					}
				},
				"lowerrarm": {
					"rotation": {
						"0.0": [-30, 0, 0],
						"0.52": [-42.5, 0, 0],
						"1.04": [-30, 0, 0]
					}
				},
				"trail3": {
					"scale": 0
				},
				"root": {
					"rotation": ["variable.is_first_person ? (math.cos(query.life_time * 100.0) * 0.200) + 0.200 : 0", "variable.is_first_person ? 180 : 0", 0],
					"position": {
						"0.0": ["variable.is_first_person ? 2 : 0", "variable.is_first_person ? -4 : -1", "variable.is_first_person ? 12 : 0"],
						"0.28": ["variable.is_first_person ? 2 : 0", "variable.is_first_person ? -3 : 0", "variable.is_first_person ? 12 : 0"],
						"0.52": ["variable.is_first_person ? 2 : 0", "variable.is_first_person ? -4 : -1", "variable.is_first_person ? 12 : 0"],
						"0.76": ["variable.is_first_person ? 2 : 0", "variable.is_first_person ? -3 : 0", "variable.is_first_person ? 12 : 0"],
						"1.04": ["variable.is_first_person ? 2 : 0", "variable.is_first_person ? -4 : -1", "variable.is_first_person ? 12 : 0"]
					}
				},
				"rightitem": {
					"rotation": {
						"0.0": [-5, 0, 0],
						"0.52": [7.5, 0, 0],
						"1.04": [-5, 0, 0]
					}
				},
				"trail_dagger": {
					"scale": [1, 0, 1]
				},
				"trail_dagger2": {
					"scale": [1, 0, 1]
				},
				"leftitem": {
					"scale": 1
				},
				"dagger_sheathed2": {
					"scale": 0
				},
				"dagger_sheathed": {
					"scale": 0
				}
			}
		},
		"animation.fast_paced_dual_dagger.sprint": {
			"loop": true,
			"animation_length": 0.56,
			"override_previous_animation": true,
			"bones": {
				"leftleg": {
					"rotation": {
						"0.0": [45, 0, -2.5],
						"0.12": [-84.64286, 0, -2.5],
						"0.28": [-47.5, 0, -2.5],
						"0.4": [57.14286, 0, -2.5],
						"0.56": [45, 0, -2.5]
					}
				},
				"lowerlleg": {
					"rotation": {
						"0.0": [62.5, 0, 0],
						"0.12": [98.57, 0, 0],
						"0.28": [47.5, 0, 0],
						"0.4": [26.43, 0, 0],
						"0.56": [62.5, 0, 0]
					}
				},
				"rightleg": {
					"rotation": {
						"0.0": [-44.99294, 0.32621, 2.47864],
						"0.12": [58.57849, 0.32621, 2.47864],
						"0.28": [27.50706, 0.32621, 2.47864],
						"0.4": [-93.56437, 0.32621, 2.47864],
						"0.56": [-44.99294, 0.32621, 2.47864]
					}
				},
				"lowerrleg": {
					"rotation": {
						"0.0": [45, 0, 0],
						"0.12": [21.79, 0, 0],
						"0.28": [72.5, 0, 0],
						"0.4": [103.21, 0, 0],
						"0.56": [45, 0, 0]
					}
				},
				"waist": {
					"rotation": {
						"0.0": [15.4435, -4.86634, -2.73417],
						"0.28": [17.92356, 4.64922, 7.72777],
						"0.56": [15.4435, -4.86634, -2.73417]
					}
				},
				"leftArm": {
					"rotation": {
						"0.0": [-45, 0, 0],
						"0.12": [-20, 0, 0],
						"0.28": [60, 0, 0],
						"0.44": [-2.5, 0, 0],
						"0.56": [-45, 0, 0]
					}
				},
				"lowerlarm": {
					"rotation": {
						"0.0": [-72.5, 0, 0],
						"0.12": [-46.79, 0, 0],
						"0.28": [-17.5, 0, 0],
						"0.44": [-1.07, 0, 0],
						"0.56": [-72.5, 0, 0]
					}
				},
				"rightArm": {
					"rotation": {
						"0.0": [70.84095, -6.55711, 6.0473],
						"0.28": [-61.65905, -6.55711, 6.0473],
						"0.56": [70.84095, -6.55711, 6.0473]
					}
				},
				"lowerrarm": {
					"rotation": {
						"0.0": [-57.5, 0, 0],
						"0.28": [-87.5, 0, 0],
						"0.56": [-57.5, 0, 0]
					}
				},
				"root": {
					"rotation": {
						"0.0": ["variable.is_first_person ? (math.cos(query.life_time * 100.0) * 0.200) + 0.200 : 0", "variable.is_first_person ? 180 : 0", 0],
						"0.28": ["variable.is_first_person ? (math.cos(query.life_time * 100.0) * 0.200) + 0.200 : 0", "variable.is_first_person ? 180 : 0", 0],
						"0.56": ["variable.is_first_person ? (math.cos(query.life_time * 100.0) * 0.200) + 0.200 : 0", "variable.is_first_person ? 180 : 0", 0]
					},
					"position": {
						"0.0": ["variable.is_first_person ? 2 : 0", "variable.is_first_person ? -5 : -2", "variable.is_first_person ? 12 : 0"],
						"0.12": ["variable.is_first_person ? 2 : 0", "variable.is_first_person ? -3 : 0", "variable.is_first_person ? 12 : 0"],
						"0.28": ["variable.is_first_person ? 2 : 0", "variable.is_first_person ? -5 : -2", "variable.is_first_person ? 12 : 0"],
						"0.4": ["variable.is_first_person ? 2 : 0", "variable.is_first_person ? -3 : 0", "variable.is_first_person ? 12 : 0"],
						"0.56": ["variable.is_first_person ? 2 : 0", "variable.is_first_person ? -5 : -2", "variable.is_first_person ? 12 : 0"]
					}
				},
				"trail_dagger": {
					"scale": 0
				},
				"trail_dagger2": {
					"scale": [1, 0, 1]
				},
				"leftitem": {
					"scale": 1
				},
				"dagger_sheathed2": {
					"scale": 0
				},
				"dagger_sheathed": {
					"scale": 0
				}
			}
		},
		"animation.fast_paced_dual_dagger.sneak_move": {
			"loop": true,
			"animation_length": 1.04,
			"override_previous_animation": true,
			"bones": {
				"root": {
					"rotation": ["variable.is_first_person ? (math.cos(query.life_time * 100.0) * 0.200) + 0.200 : 0", "variable.is_first_person ? 177.5 : -2.5", -2.5],
					"position": {
						"0.0": ["variable.is_first_person ? 2 : 0", "variable.is_first_person ? -7 : -4", "variable.is_first_person ? 12 : 0"],
						"0.24": ["variable.is_first_person ? 2 : 0", "variable.is_first_person ? -8 : -5", "variable.is_first_person ? 12 : 0"],
						"0.52": ["variable.is_first_person ? 2 : 0", "variable.is_first_person ? -7 : -4", "variable.is_first_person ? 12 : 0"],
						"0.8": ["variable.is_first_person ? 2 : 0", "variable.is_first_person ? -9 : -6", "variable.is_first_person ? 12 : 0"],
						"1.04": ["variable.is_first_person ? 2 : 0", "variable.is_first_person ? -7 : -4", "variable.is_first_person ? 12 : 0"]
					}
				},
				"leftleg": {
					"rotation": {
						"0.0": [-74.9299, 1.70818, -0.30014],
						"0.52": [-2.4299, 1.70818, -0.30014],
						"0.8": [-111.26229, 1.23927, 0.51927],
						"1.04": [-74.9299, 1.70818, -0.30014]
					}
				},
				"lowerlleg": {
					"rotation": {
						"0.0": [72.5, 0, 0],
						"0.24": [118.46, 0, 0],
						"0.52": [80, 0, 0],
						"0.8": [100.96, 0, 0],
						"1.04": [72.5, 0, 0]
					}
				},
				"rightleg": {
					"rotation": {
						"0.0": [-0.14068, -2.24944, 7.15656],
						"0.24": [-98.33018, 0.42156, 5.28399],
						"0.52": [-77.46793, 3.53773, 3.09932],
						"0.8": [-25.83018, 0.42156, 5.28399],
						"1.04": [-0.14068, -2.24944, 7.15656]
					}
				},
				"lowerrleg": {
					"rotation": {
						"0.0": [77.5, 0, 0],
						"0.24": [100, 0, 0],
						"0.52": [72.5, 0, 0],
						"0.8": [112.69, 0, 0],
						"1.04": [77.5, 0, 0]
					}
				},
				"waist": {
					"rotation": {
						"0.0": [33.88762, -18.37521, -5.64208],
						"0.52": [38.21428, 18.54765, 6.35431],
						"1.04": [33.88762, -18.37521, -5.64208]
					}
				},
				"leftArm": {
					"rotation": {
						"0.0": [-29.57545, 14.02739, -59.11424],
						"0.52": [-62.07545, 14.02739, -59.11424],
						"1.04": [-29.57545, 14.02739, -59.11424]
					}
				},
				"lowerlarm": {
					"rotation": {
						"0.0": [-22.5, 0, 0],
						"0.52": [-62.5, 0, 0],
						"1.04": [-22.5, 0, 0]
					}
				},
				"rightArm": {
					"rotation": {
						"0.0": [-40.5889, 6.03046, 57.77225],
						"0.52": [14.69322, -3.47471, 16.09595],
						"1.04": [-40.5889, 6.03046, 57.77225]
					}
				},
				"lowerrarm": {
					"rotation": {
						"0.0": [-40, 0, 0],
						"1.04": [-40, 0, 0]
					}
				},
				"rightitem": {
					"rotation": [187.5, 0, 0],
					"position": [0, 0, -1]
				},
				"trail_lance": {
					"scale": 0
				},
				"trail_sabre": {
					"scale": [1, 0, 1]
				},
				"trail_dagger": {
					"scale": 0
				},
				"leftitem": {
					"rotation": [182.5, 0, 0],
					"scale": 1
				},
				"trail_dagger2": {
					"scale": [1, 0, 1]
				},
				"dagger_sheathed2": {
					"scale": 0
				},
				"dagger_sheathed": {
					"scale": 0
				}
			}
		},
		"animation.fast_paced_dual_dagger.sneak": {
			"loop": true,
			"override_previous_animation": true,
			"bones": {
				"root": {
					"rotation": ["variable.is_first_person ? (math.cos(query.life_time * 100.0) * 0.200) + 0.200 : 0", "variable.is_first_person ? 177.5 : -2.5", -2.5],
					"position": ["variable.is_first_person ? 2 : 0", "variable.is_first_person ? -7 : -4", "variable.is_first_person ? 12 : 0"]
				},
				"leftleg": {
					"rotation": [-74.9299, 1.70818, -0.30014]
				},
				"lowerlleg": {
					"rotation": [72.5, 0, 0]
				},
				"rightleg": {
					"rotation": [-0.14068, -2.24944, 7.15656]
				},
				"lowerrleg": {
					"rotation": [77.5, 0, 0]
				},
				"waist": {
					"rotation": [33.88762, -18.37521, -5.64208]
				},
				"leftArm": {
					"rotation": [-13.69359, 8.85072, -18.59627]
				},
				"lowerlarm": {
					"rotation": [-22.5, 0, 0]
				},
				"rightArm": {
					"rotation": [-90.24045, 6.76867, 82.92078]
				},
				"lowerrarm": {
					"rotation": [-40, 0, 0]
				},
				"rightitem": {
					"rotation": [187.5, 0, 0],
					"position": [0, 0, -1]
				},
				"trail_lance": {
					"scale": 0
				},
				"trail_sabre": {
					"scale": [1, 0, 1]
				},
				"trail_dagger": {
					"scale": 0
				},
				"leftitem": {
					"rotation": [167.5, 0, 0],
					"scale": 1
				},
				"trail_dagger2": {
					"scale": [1, 0, 1]
				},
				"dagger_sheathed2": {
					"scale": 0
				},
				"dagger_sheathed": {
					"scale": 0
				}
			}
		}
	}
}