{
	"format_version": "1.8.0",
	"animations": {
		"animation.fast_paced_sword.base_pose": {
			"loop": true,
			"override_previous_animation": true,
			"bones": {
				"root": {
					"rotation": [7.519, 4.98093, 0.43688],
					"position": [0, -1, 0]
				},
				"leftleg": {
					"rotation": [-37.28974, -4.77628, -5.71489]
				},
				"lowerlleg": {
					"rotation": [25, 0, 0]
				},
				"rightleg": {
					"rotation": [4.33342, 83.91855, 33.48114]
				},
				"lowerrleg": {
					"rotation": [27.5, 0, 0]
				},
				"waist": {
					"rotation": [7.97532, 19.82169, 2.71994]
				},
				"leftArm": {
					"rotation": [0, 0, -42.5]
				},
				"lowerlarm": {
					"rotation": [-50, 0, 0]
				},
				"rightArm": {
					"rotation": [28.12758, -19.6835, 8.88356]
				},
				"lowerrarm": {
					"rotation": [-37.5, 0, 0]
				}
			}
		},
		"animation.fast_paced_sword.base_pose_bob": {
			"loop": true,
			"animation_length": 3.04,
			"override_previous_animation": true,
			"bones": {
				"root": {
					"rotation": {
						"0.0": [7.519, 4.98093, 0.43688],
						"1.48": [17.519, 4.98093, 0.43688],
						"3.04": [7.519, 4.98093, 0.43688]
					},
					"position": {
						"0.0": [0, -1, 0],
						"3.04": [0, -1, 0]
					}
				},
				"leftleg": {
					"rotation": {
						"0.0": [-37.28974, -4.77628, -5.71489],
						"1.48": [-52.28974, -4.77628, -5.71489],
						"3.04": [-37.28974, -4.77628, -5.71489]
					}
				},
				"lowerlleg": {
					"rotation": {
						"0.0": [25, 0, 0],
						"1.48": [32.5, 0, 0],
						"3.04": [25, 0, 0]
					}
				},
				"rightleg": {
					"rotation": {
						"0.0": [4.33342, 83.91855, 33.48114],
						"1.48": [-54.07716, 80.71933, -20.32716],
						"3.04": [4.33342, 83.91855, 33.48114]
					}
				},
				"lowerrleg": {
					"rotation": {
						"0.0": [27.5, 0, 0],
						"1.48": [32.5, 0, 0],
						"3.04": [27.5, 0, 0]
					}
				},
				"waist": {
					"rotation": {
						"0.0": [7.97532, 19.82169, 2.71994],
						"1.48": [10.61003, 22.29711, 3.09472],
						"3.04": [7.97532, 19.82169, 2.71994]
					}
				},
				"leftArm": {
					"rotation": {
						"0.0": [0, 0, -42.5],
						"1.48": [-12.2127, -2.68507, -54.7127],
						"3.04": [0, 0, -42.5]
					}
				},
				"lowerlarm": {
					"rotation": {
						"0.0": [-50, 0, 0],
						"1.48": [-55, 0, 0],
						"3.04": [-50, 0, 0]
					}
				},
				"rightArm": {
					"rotation": {
						"0.0": [28.12758, -19.6835, 8.88356],
						"1.48": [40.337, -12.67221, 23.8248],
						"3.04": [28.12758, -19.6835, 8.88356]
					}
				},
				"lowerrarm": {
					"rotation": {
						"0.0": [-37.5, 0, 0],
						"1.48": [-57.5, 0, 0],
						"3.04": [-37.5, 0, 0]
					}
				}
			}
		},
		"animation.fast_paced_sword.sneak": {
			"loop": true,
			"override_previous_animation": true,
			"bones": {
				"root": {
					"rotation": [7.519, 4.98093, 0.43688],
					"position": [0, -5, 0]
				},
				"leftleg": {
					"rotation": [-7.28974, -4.77628, -5.71489]
				},
				"lowerlleg": {
					"rotation": [90, 0, 0]
				},
				"rightleg": {
					"rotation": [-95.77875, 1.4842, 1.78994]
				},
				"lowerrleg": {
					"rotation": [100, 0, 0]
				},
				"waist": {
					"rotation": [12.5, 0, 0]
				},
				"leftArm": {
					"rotation": [0, 0, -12.5]
				},
				"lowerlarm": {
					"rotation": [-50, 0, 0]
				},
				"rightArm": {
					"rotation": [41.08989, -1.95021, 13.83113]
				},
				"lowerrarm": {
					"rotation": [-50, 0, 0]
				}
			}
		},
		"animation.fast_paced_sword.sneak_move": {
			"loop": true,
			"animation_length": 1.04,
			"override_previous_animation": true,
			"bones": {
				"root": {
					"rotation": [7.519, 4.98093, 0.43688],
					"position": [0, -5, 0]
				},
				"leftleg": {
					"rotation": {
						"0.0": [20.21026, -4.77628, -5.71489],
						"0.24": [-117.86666, -4.77628, -5.71489],
						"0.52": [-94.78974, -4.77628, -5.71489],
						"1.04": [20.21026, -4.77628, -5.71489]
					}
				},
				"lowerlleg": {
					"rotation": {
						"0.0": [57.5, 0, 0],
						"0.24": [108.27, 0, 0],
						"0.52": [102.5, 0, 0],
						"1.04": [57.5, 0, 0]
					}
				},
				"rightleg": {
					"rotation": {
						"0.0": [-95.77875, 1.4842, 1.78994],
						"0.52": [6.72125, 1.4842, 1.78994],
						"0.8": [-113.47106, 1.4842, 1.78994],
						"1.04": [-95.77875, 1.4842, 1.78994]
					}
				},
				"lowerrleg": {
					"rotation": {
						"0.0": [85, 0, 0],
						"0.52": [75, 0, 0],
						"0.8": [102.88, 0, 0],
						"1.04": [85, 0, 0]
					}
				},
				"waist": {
					"rotation": {
						"0.0": [12.68663, -9.76061, -2.18558],
						"0.28": [10.08614, -4.5049, -1.00873],
						"0.52": [12.5, 0, 0],
						"0.8": [10.10049, -5.25572, -1.17685],
						"1.04": [12.68663, -9.76061, -2.18558]
					}
				},
				"leftArm": {
					"rotation": {
						"0.0": [0, 0, -12.5],
						"0.52": [22.5, 0, -12.5],
						"1.04": [0, 0, -12.5]
					}
				},
				"lowerlarm": {
					"rotation": {
						"0.0": [-50, 0, 0],
						"0.52": [-30, 0, 0],
						"1.04": [-50, 0, 0]
					}
				},
				"rightArm": {
					"rotation": {
						"0.0": [41.08989, -1.95021, 13.83113],
						"0.52": [23.58989, -1.95021, 13.83113],
						"1.04": [41.08989, -1.95021, 13.83113]
					}
				},
				"lowerrarm": {
					"rotation": {
						"0.0": [-50, 0, 0],
						"0.52": [-27.5, 0, 0],
						"1.04": [-50, 0, 0]
					}
				}
			}
		},
		"animation.fast_paced_sword.jump": {
			"loop": "hold_on_last_frame",
			"animation_length": 0.2,
			"override_previous_animation": true,
			"bones": {
				"root": {
					"rotation": [7.8485, -17.32222, -2.56996],
					"position": {
						"0.0": [0, -4, 0],
						"0.2": [0, 0, 0]
					}
				},
				"leftleg": {
					"rotation": {
						"0.0": [-84.78974, -4.77628, -5.71489],
						"0.2": [-17.28974, -4.77628, -5.71489]
					}
				},
				"lowerlleg": {
					"rotation": {
						"0.0": [92.5, 0, 0],
						"0.2": [10, 0, 0]
					}
				},
				"rightleg": {
					"rotation": {
						"0.0": [-84.18208, 35.70811, 1.42648],
						"0.2": [-11.68208, 35.70811, 1.42648]
					}
				},
				"lowerrleg": {
					"rotation": {
						"0.0": [97.5, 0, 0],
						"0.2": [15, 0, 0]
					}
				},
				"waist": {
					"rotation": {
						"0.0": [7.97532, 19.82169, 2.71994],
						"0.2": [-2.02468, 19.82169, 2.71994]
					}
				},
				"leftArm": {
					"rotation": {
						"0.0": [0, 0, -30],
						"0.2": [7.15656, -2.24944, -12.64068]
					}
				},
				"lowerlarm": {
					"rotation": {
						"0.0": [-32.5, 0, 0],
						"0.2": [-2.5, 0, 0]
					}
				},
				"rightArm": {
					"rotation": {
						"0.0": [23.36058, -2.53807, 25.56446],
						"0.2": [10.71441, -1.16945, 9.82199]
					}
				},
				"lowerrarm": {
					"rotation": {
						"0.0": [-37.5, 0, 0],
						"0.2": [-22.5, 0, 0]
					}
				}
			}
		},
		"animation.fast_paced_sword.fall": {
			"loop": "hold_on_last_frame",
			"animation_length": 2.5,
			"override_previous_animation": true,
			"bones": {
				"root": {
					"rotation": {
						"0.0": [0, 0, 0],
						"1.0": [15, 0, 0]
					},
					"position": [0, -1, 0]
				},
				"leftleg": {
					"rotation": {
						"0.0": [-34.78974, -4.77628, -5.71489],
						"1.0": [27.71026, -4.77628, -5.71489],
						"2.5": [-14.78974, -4.77628, -5.71489]
					}
				},
				"lowerlleg": {
					"rotation": {
						"0.0": [32.5, 0, 0],
						"2.5": [5, 0, 0]
					}
				},
				"rightleg": {
					"rotation": {
						"0.0": [29.82648, -2.86313, 6.93488],
						"1.0": [-72.67352, -2.86313, 6.93488],
						"2.5": [-32.67352, -2.86313, 6.93488]
					}
				},
				"lowerrleg": {
					"rotation": {
						"0.0": [0, 0, 0],
						"1.0": [10, 0, 0]
					}
				},
				"waist": {
					"rotation": {
						"0.0": [25.00707, 2.47859, 0.32652],
						"1.0": [-9.99293, 2.47859, 0.32652],
						"2.5": [-17.49293, 2.47859, 0.32652]
					}
				},
				"leftArm": {
					"rotation": {
						"0.0": [32.5, 0, -20],
						"1.0": [17.5, 0, -20]
					}
				},
				"lowerlarm": {
					"rotation": {
						"0.0": [-25, 0, 0],
						"1.0": [-50, 0, 0]
					}
				},
				"rightArm": {
					"rotation": {
						"0.0": [28.12758, -19.6835, 8.88356],
						"1.0": [31.67365, -8.57567, 14.80653]
					}
				},
				"lowerrarm": {
					"rotation": {
						"0.0": [-25, 0, 0],
						"1.0": [-47.5, 0, 0]
					}
				}
			}
		},
		"animation.fast_paced_sword.land": {
			"loop": "hold_on_last_frame",
			"animation_length": 0.48,
			"override_previous_animation": true,
			"bones": {
				"root": {
					"rotation": {
						"0.0": [0, 0, 0],
						"0.2": [7.8485, -17.32222, -2.56996],
						"0.48": [7.519, 4.98093, 0.43688]
					},
					"position": {
						"0.0": [0, 0, 0],
						"0.2": [0, -4, 0],
						"0.48": [0, -1, 0]
					}
				},
				"leftleg": {
					"rotation": {
						"0.0": [-17.28974, -4.77628, -5.71489],
						"0.2": [-84.78974, -4.77628, -5.71489],
						"0.48": [-37.28974, -4.77628, -5.71489]
					}
				},
				"lowerlleg": {
					"rotation": {
						"0.0": [10, 0, 0],
						"0.2": [92.5, 0, 0],
						"0.48": [25, 0, 0]
					}
				},
				"rightleg": {
					"rotation": {
						"0.0": [-11.68208, 35.70811, 1.42648],
						"0.2": [-84.18208, 35.70811, 1.42648],
						"0.48": [4.33342, 83.91855, 33.48114]
					}
				},
				"lowerrleg": {
					"rotation": {
						"0.0": [15, 0, 0],
						"0.2": [97.5, 0, 0],
						"0.48": [27.5, 0, 0]
					}
				},
				"waist": {
					"rotation": {
						"0.0": [-2.02468, 19.82169, 2.71994],
						"0.2": [7.97532, 19.82169, 2.71994],
						"0.48": [7.97532, 19.82169, 2.71994]
					}
				},
				"leftArm": {
					"rotation": {
						"0.0": [7.15656, -2.24944, -12.64068],
						"0.2": [0, 0, -30],
						"0.48": [0, 0, -42.5]
					}
				},
				"lowerlarm": {
					"rotation": {
						"0.0": [-2.5, 0, 0],
						"0.2": [-32.5, 0, 0],
						"0.48": [-50, 0, 0]
					}
				},
				"rightArm": {
					"rotation": {
						"0.0": [10.71441, -1.16945, 9.82199],
						"0.2": [23.36058, -2.53807, 25.56446],
						"0.48": [28.12758, -19.6835, 8.88356]
					}
				},
				"lowerrarm": {
					"rotation": {
						"0.0": [-22.5, 0, 0],
						"0.2": [-37.5, 0, 0],
						"0.48": [-37.5, 0, 0]
					}
				}
			}
		},
		"animation.fast_paced_sword.sprint": {
			"loop": true,
			"animation_length": 0.64,
			"override_previous_animation": true,
			"bones": {
				"root": {
					"rotation": [0, 0, 0],
					"position": {
						"0.0": [0, -2, 0],
						"0.16": [0, 0, 0],
						"0.32": [0, -2, 0],
						"0.48": [0, 0, 0],
						"0.64": [0, -2, 0]
					}
				},
				"leftleg": {
					"rotation": {
						"0.0": [-47.5, 0, 0],
						"0.16": [-10.96, 0, 0],
						"0.32": [30, 0, 0],
						"0.48": [-15.96, 0, 0],
						"0.64": [-47.5, 0, 0]
					}
				},
				"lowerlleg": {
					"rotation": {
						"0.0": [47.5, 0, 0],
						"0.16": [0.96, 0, 0],
						"0.32": [2.5, 0, 0],
						"0.48": [58.08, 0, 0],
						"0.64": [47.5, 0, 0]
					}
				},
				"rightleg": {
					"rotation": {
						"0.0": [35, 0, 0],
						"0.32": [-52.5, 0, 0],
						"0.64": [35, 0, 0]
					}
				},
				"lowerrleg": {
					"rotation": {
						"0.0": [15, 0, 0],
						"0.16": [58.08, 0, 0],
						"0.32": [55, 0, 0],
						"0.48": [0.96, 0, 0],
						"0.64": [15, 0, 0]
					}
				},
				"waist": {
					"rotation": {
						"0.0": [45.17995, 12.39135, 1.6575],
						"0.16": [38.73337, 1.02514, -1.23736],
						"0.32": [47.28679, -10.34107, -4.13223],
						"0.48": [36.23337, 1.02514, -1.23736],
						"0.64": [45.17995, 12.39135, 1.6575]
					}
				},
				"leftArm": {
					"rotation": {
						"0.0": [47.82169, 1.06953, -41.14022],
						"0.32": [-49.75438, 16.10013, -58.12671],
						"0.64": [47.82169, 1.06953, -41.14022]
					}
				},
				"lowerlarm": {
					"rotation": {
						"0.0": [-30, 0, 0],
						"0.32": [-62.5, 0, 0],
						"0.64": [-30, 0, 0]
					}
				},
				"rightArm": {
					"rotation": {
						"0.0": [40.50348, -23.07164, 16.07116],
						"0.32": [50.26337, -10.93857, 19.12115],
						"0.64": [40.50348, -23.07164, 16.07116]
					}
				},
				"lowerrarm": {
					"rotation": [-25, 0, 0]
				}
			}
		},
		"animation.fast_paced_sword.move": {
			"loop": true,
			"animation_length": 1.04,
			"override_previous_animation": true,
			"bones": {
				"root": {
					"rotation": {
						"0.0": [0, 0, 0],
						"1.04": [0, 0, 0]
					},
					"position": {
						"0.0": [0, -1, 0],
						"0.24": [0, 0, 0],
						"0.52": [0, -1, 0],
						"0.8": [0, 0, 0],
						"1.04": [0, -1, 0]
					}
				},
				"leftleg": {
					"rotation": {
						"0.0": [-34.78974, -4.77628, -5.71489],
						"0.52": [32.71026, -4.77628, -5.71489],
						"0.8": [-56.03974, -4.77628, -5.71489],
						"1.04": [-34.78974, -4.77628, -5.71489]
					}
				},
				"lowerlleg": {
					"rotation": {
						"0.0": [32.5, 0, 0],
						"0.24": [0.96, 0, 0],
						"0.52": [5, 0, 0],
						"0.8": [49.69, 0, 0],
						"1.04": [32.5, 0, 0]
					}
				},
				"rightleg": {
					"rotation": {
						"0.0": [29.82648, -2.86313, 6.93488],
						"0.24": [-51.42352, -2.86313, 6.93488],
						"0.52": [-32.67352, -2.86313, 6.93488],
						"1.04": [29.82648, -2.86313, 6.93488]
					}
				},
				"lowerrleg": {
					"rotation": {
						"0.0": [0, 0, 0],
						"0.24": [53.75, 0, 0],
						"0.52": [35, 0, 0],
						"0.8": [0.19, 0, 0],
						"1.04": [0, 0, 0]
					}
				},
				"waist": {
					"rotation": {
						"0.0": [7.50707, 2.47859, 0.32652],
						"0.52": [7.52832, -4.95711, -0.65426],
						"1.04": [7.50707, 2.47859, 0.32652]
					}
				},
				"leftArm": {
					"rotation": {
						"0.0": [32.5, 0, -20],
						"0.52": [-19.56881, 16.27558, -8.44953],
						"1.04": [32.5, 0, -20]
					}
				},
				"lowerlarm": {
					"rotation": {
						"0.0": [-25, 0, 0],
						"0.52": [-12.5, 0, 0],
						"1.04": [-25, 0, 0]
					}
				},
				"rightArm": {
					"rotation": {
						"0.0": [28.12758, -19.6835, 8.88356],
						"0.52": [46.2773, 11.94224, 10.79865],
						"1.04": [28.12758, -19.6835, 8.88356]
					}
				},
				"lowerrarm": {
					"rotation": {
						"0.0": [-25, 0, 0],
						"0.24": [-27.31, 0, 0],
						"0.52": [-30, 0, 0],
						"1.04": [-25, 0, 0]
					}
				}
			}
		},
		"animation.fast_paced_sword.sneak_attack": {
			"loop": "hold_on_last_frame",
			"animation_length": 1,
			"override_previous_animation": true,
			"bones": {
				"root": {
					"rotation": {
						"0.0": [7.519, 4.98093, 0.43688],
						"1.0": [7.519, 4.98093, 0.43688]
					},
					"position": {
						"0.0": [0, -5, 0],
						"1.0": [0, -5, 0]
					}
				},
				"leftleg": {
					"rotation": {
						"0.0": [-89.78974, -4.77628, -5.71489],
						"0.2": [-7.28974, -4.77628, -5.71489],
						"0.5": [-7.28974, -4.77628, -5.71489],
						"1.0": [-7.28974, -4.77628, -5.71489]
					}
				},
				"lowerlleg": {
					"rotation": {
						"0.0": [90, 0, 0],
						"1.0": [90, 0, 0]
					}
				},
				"rightleg": {
					"rotation": {
						"0.0": [1.72125, 1.4842, 1.78994],
						"0.1": [-122.02875, 1.4842, 1.78994],
						"0.2": [-95.77875, 1.4842, 1.78994],
						"0.5": [-95.77875, 1.4842, 1.78994],
						"1.0": [-95.77875, 1.4842, 1.78994]
					}
				},
				"lowerrleg": {
					"rotation": {
						"0.0": [100, 0, 0],
						"0.1": [77.5, 0, 0],
						"0.2": [90, 0, 0],
						"0.5": [90, 0, 0],
						"1.0": [100, 0, 0]
					}
				},
				"waist": {
					"rotation": {
						"0.0": [167.5, -180, 180],
						"0.2": [188.8678, 230.1048, 180.8232],
						"0.5": [188.8678, 230.1048, 180.8232],
						"1.0": [188.8678, 190.1048, 180.8232]
					}
				},
				"leftArm": {
					"rotation": {
						"0.0": [0, 0, -12.5],
						"0.2": [32.5, 0, -12.5],
						"0.5": [32.5, 0, -12.5]
					}
				},
				"lowerlarm": {
					"rotation": {
						"0.0": [-50, 0, 0],
						"0.2": [-32.5, 0, 0],
						"0.5": [-32.5, 0, 0],
						"1.0": [-50, 0, 0]
					}
				},
				"rightArm": {
					"rotation": {
						"0.0": [-175.50953, -4.97628, -101.47332],
						"0.2": [-56.64492, -10.56707, -93.10167],
						"0.5": [-56.64492, -10.56707, -93.10167],
						"1.0": [41.08989, -1.95021, 13.83113]
					}
				},
				"lowerrarm": {
					"rotation": {
						"0.0": [-50, 0, 0],
						"0.2": [0, 0, 0],
						"0.5": [0, 0, 0],
						"1.0": [-50, 0, 0]
					}
				}
			}
		},
		"animation.fast_paced_sword.jump_attack": {
			"loop": "hold_on_last_frame",
			"animation_length": 1,
			"override_previous_animation": true,
			"bones": {
				"root": {
					"rotation": {
						"0.0": [7.8485, -17.32222, -2.56996],
						"0.2": [15.3485, -17.32222, -2.56996],
						"0.5": [15.3485, -17.32222, -2.56996],
						"1.0": [7.519, 4.98093, 0.43688]
					},
					"position": {
						"0.0": [0, 0, 0],
						"0.2": [0, -2, -4],
						"0.5": [0, -2, -4],
						"1.0": [0, -1, 0]
					}
				},
				"leftleg": {
					"rotation": {
						"0.0": [-17.28974, -4.77628, -5.71489],
						"0.2": [17.71026, -4.77628, -5.71489],
						"0.5": [17.71026, -4.77628, -5.71489],
						"1.0": [-37.28974, -4.77628, -5.71489]
					}
				},
				"lowerlleg": {
					"rotation": {
						"0.0": [10, 0, 0],
						"0.5": [10, 0, 0],
						"1.0": [25, 0, 0]
					}
				},
				"rightleg": {
					"rotation": {
						"0.0": [-1.68208, 35.70811, 1.42648],
						"0.1": [-117.21556, 20.76594, 2.92801],
						"0.2": [-53.59943, 17.78192, 0.11496],
						"0.5": [-53.59943, 17.78192, 0.11496],
						"1.0": [4.33342, 83.91855, 33.48114]
					}
				},
				"lowerrleg": {
					"rotation": {
						"0.0": [15, 0, 0],
						"0.1": [95, 0, 0],
						"0.2": [57.5, 0, 0],
						"0.5": [57.5, 0, 0],
						"1.0": [27.5, 0, 0]
					}
				},
				"waist": {
					"rotation": {
						"0.0": [-86.28612, 59.77869, 0.134],
						"0.2": [44.53161, 0.34298, 2.96794],
						"0.5": [44.53161, 0.34298, 2.96794],
						"1.0": [7.97532, 19.82169, 2.71994]
					}
				},
				"leftArm": {
					"rotation": {
						"0.0": [7.15656, -2.24944, -12.64068],
						"0.2": [39.65656, -2.24944, -12.64068],
						"0.5": [39.65656, -2.24944, -12.64068],
						"1.0": [0, 0, -42.5]
					}
				},
				"lowerlarm": {
					"rotation": {
						"0.0": [-2.5, 0, 0],
						"0.2": [-40, 0, 0],
						"0.5": [-40, 0, 0],
						"1.0": [-50, 0, 0]
					}
				},
				"rightArm": {
					"rotation": {
						"0.0": [-238.13498, -17.20351, 2.69427],
						"0.2": [-51.28998, -21.0923, -20.93078],
						"0.5": [-51.28998, -21.0923, -20.93078],
						"1.0": [28.12758, -19.6835, 8.88356]
					}
				},
				"lowerrarm": {
					"rotation": {
						"0.0": [-22.5, 0, 0],
						"0.2": [-10, 0, 0],
						"0.5": [-10, 0, 0],
						"1.0": [-37.5, 0, 0]
					}
				}
			}
		},
		"animation.fast_paced_sword.attack": {
			"animation_length": 0.9,
			"override_previous_animation": true,
			"bones": {
				"root": {
					"rotation": {
						"0.0": [7.519, 4.98093, 0.43688],
						"0.2": [9.55877, 5.61569, -4.54398],
						"0.5": [9.55877, 5.61569, -4.54398],
						"0.9": [7.519, 4.98093, 0.43688]
					},
					"position": {
						"0.0": [0, -1, 0],
						"0.2": [0, -1, -3],
						"0.5": [0, -1, -3],
						"0.9": [0, -1, 0]
					}
				},
				"leftleg": {
					"rotation": {
						"0.0": [-52.28974, -4.77628, -5.71489],
						"0.2": [5.21026, -4.77628, -5.71489],
						"0.5": [5.21026, -4.77628, -5.71489],
						"0.9": [-37.28974, -4.77628, -5.71489]
					}
				},
				"lowerlleg": {
					"rotation": {
						"0.0": [42.5, 0, 0],
						"0.2": [5, 0, 0],
						"0.5": [5, 0, 0],
						"0.9": [25, 0, 0]
					}
				},
				"rightleg": {
					"rotation": {
						"0.0": [4.33342, 83.91855, 33.48114],
						"0.1": [-89.2805, -5.31631, 5.41539],
						"0.2": [-48.03566, -3.72902, 7.62232],
						"0.5": [-48.03566, -3.72902, 7.62232],
						"0.9": [4.33342, 83.91855, 33.48114]
					}
				},
				"lowerrleg": {
					"rotation": {
						"0.0": [27.5, 0, 0],
						"0.1": [70, 0, 0],
						"0.2": [39, 0, 0],
						"0.5": [39, 0, 0],
						"0.9": [27.5, 0, 0]
					}
				},
				"waist": {
					"rotation": {
						"0.0": [43.39962, 182.4624, 47.60345],
						"0.2": [19.68909, -57.62048, -3.75297],
						"0.5": [19.68909, -57.62048, -3.75297],
						"0.9": [7.97532, 19.82169, 2.71994]
					}
				},
				"leftArm": {
					"rotation": {
						"0.0": [0, 0, -42.5],
						"0.2": [23.30696, -9.30727, -21.92361],
						"0.5": [23.30696, -9.30727, -21.92361],
						"0.9": [0, 0, -42.5]
					}
				},
				"lowerlarm": {
					"rotation": {
						"0.0": [-50, 0, 0],
						"0.2": [-20, 0, 0],
						"0.5": [-20, 0, 0],
						"0.9": [-50, 0, 0]
					}
				},
				"rightArm": {
					"rotation": {
						"0.0": [-169.21198, 18.22581, -49.90016],
						"0.2": [-61.99853, 9.49031, -43.33083],
						"0.5": [-61.99853, 9.49031, -43.33083],
						"0.9": [28.12758, -19.6835, 8.88356]
					}
				},
				"lowerrarm": {
					"rotation": {
						"0.0": [-57.5, 0, 0],
						"0.2": [-5, 0, 0],
						"0.5": [-5, 0, 0],
						"0.9": [-37.5, 0, 0]
					}
				},
				"rightItem": {
					"rotation": {
						"0.0": [0, 0, 0],
						"0.2": [80, 0, 0],
						"0.5": [80, 0, 0],
						"0.9": [0, 0, 0]
					}
				}
			}
		},
		"animation.fast_paced_sword.attack2": {
			"loop": "hold_on_last_frame",
			"animation_length": 0.9,
			"override_previous_animation": true,
			"bones": {
				"root": {
					"rotation": {
						"0.0": [9.55877, 5.61569, -4.54398],
						"0.2": [9.03809, 6.42408, -9.50562],
						"0.4": [9.03809, 6.42408, -9.50562],
						"0.9": [7.519, 4.98093, 0.43688]
					},
					"position": {
						"0.0": [0, -1, 0],
						"0.1": [0, -0.5, -1],
						"0.2": [0, -2, -3],
						"0.4": [0, -2, -3],
						"0.9": [0, -1, 0]
					}
				},
				"leftleg": {
					"rotation": {
						"0.0": [15.21026, -4.77628, -5.71489],
						"0.1": [-76.21222, -2.27436, -1.38107],
						"0.2": [-42.6347, 0.22756, 2.95275],
						"0.4": [-42.6347, 0.22756, 2.95275],
						"0.9": [-37.28974, -4.77628, -5.71489]
					}
				},
				"lowerlleg": {
					"rotation": {
						"0.0": [5, 0, 0],
						"0.1": [62.5, 0, 0],
						"0.2": [35, 0, 0],
						"0.4": [35, 0, 0],
						"0.9": [25, 0, 0]
					}
				},
				"rightleg": {
					"rotation": {
						"0.0": [-48.03566, -3.72902, 7.62232],
						"0.2": [11.15106, -5.73751, 17.45266],
						"0.4": [11.15106, -5.73751, 17.45266],
						"0.9": [4.33342, 83.91855, 33.48114]
					}
				},
				"lowerrleg": {
					"rotation": {
						"0.0": [39, 0, 0],
						"0.2": [9, 0, 0],
						"0.4": [9, 0, 0],
						"0.9": [27.5, 0, 0]
					}
				},
				"waist": {
					"rotation": {
						"0.0": [51.66911, -186.7025, -37.8474],
						"0.2": [17.07827, 52.09382, 26.68787],
						"0.4": [17.07827, 52.09382, 26.68787],
						"0.9": [7.97532, 19.82169, 2.71994]
					}
				},
				"leftArm": {
					"rotation": {
						"0.0": [31.46872, -13.12479, -12.49865],
						"0.2": [50.24425, -14.16406, -48.53412],
						"0.4": [50.24425, -14.16406, -48.53412],
						"0.9": [0, 0, -42.5]
					}
				},
				"lowerlarm": {
					"rotation": {
						"0.0": [-27.5, 0, 0],
						"0.2": [-60, 0, 0],
						"0.4": [-60, 0, 0],
						"0.9": [-50, 0, 0]
					}
				},
				"rightArm": {
					"rotation": {
						"0.0": [-111.89553, -20.18997, 113.24255],
						"0.2": [28.10447, -20.18997, 113.24255],
						"0.4": [28.10447, -20.18997, 113.24255],
						"0.9": [28.12758, -19.6835, 8.88356]
					}
				},
				"lowerrarm": {
					"rotation": {
						"0.0": [-5, 0, 0],
						"0.9": [-37.5, 0, 0]
					}
				},
				"rightItem": {
					"rotation": {
						"0.0": [0, 0, 0],
						"0.2": [80, 0, 0],
						"0.5": [80, 0, 0],
						"0.9": [0, 0, 0]
					}
				}
			}
		},
		"animation.fast_paced_sword.attacking_move": {
			"loop": true,
			"animation_length": 1.04,
			"override_previous_animation": true,
			"bones": {
				"root": {
					"rotation": {
						"0.0": [0, 0, 0],
						"1.04": [0, 0, 0]
					},
					"position": {
						"0.0": [0, -1, 0],
						"0.24": [0, 0, 0],
						"0.52": [0, -1, 0],
						"0.8": [0, 0, 0],
						"1.04": [0, -1, 0]
					}
				},
				"leftleg": {
					"rotation": {
						"0.0": [-34.78974, -4.77628, -5.71489],
						"0.52": [32.71026, -4.77628, -5.71489],
						"0.8": [-56.03974, -4.77628, -5.71489],
						"1.04": [-34.78974, -4.77628, -5.71489]
					}
				},
				"lowerlleg": {
					"rotation": {
						"0.0": [32.5, 0, 0],
						"0.24": [0.96, 0, 0],
						"0.52": [5, 0, 0],
						"0.8": [49.69, 0, 0],
						"1.04": [32.5, 0, 0]
					}
				},
				"rightleg": {
					"rotation": {
						"0.0": [29.82648, -2.86313, 6.93488],
						"0.24": [-51.42352, -2.86313, 6.93488],
						"0.52": [-32.67352, -2.86313, 6.93488],
						"1.04": [29.82648, -2.86313, 6.93488]
					}
				},
				"lowerrleg": {
					"rotation": {
						"0.0": [0, 0, 0],
						"0.24": [53.75, 0, 0],
						"0.52": [35, 0, 0],
						"0.8": [0.19, 0, 0],
						"1.04": [0, 0, 0]
					}
				}
			}
		},
		"animation.fast_paced_sword.attacking_sprint": {
			"loop": true,
			"animation_length": 0.64,
			"override_previous_animation": true,
			"bones": {
				"root": {
					"rotation": [0, 0, 0],
					"position": {
						"0.0": [0, -2, 0],
						"0.16": [0, 0, 0],
						"0.32": [0, -2, 0],
						"0.48": [0, 0, 0],
						"0.64": [0, -2, 0]
					}
				},
				"leftleg": {
					"rotation": {
						"0.0": [-47.5, 0, 0],
						"0.16": [-10.96, 0, 0],
						"0.32": [30, 0, 0],
						"0.48": [-15.96, 0, 0],
						"0.64": [-47.5, 0, 0]
					}
				},
				"lowerlleg": {
					"rotation": {
						"0.0": [47.5, 0, 0],
						"0.16": [0.96, 0, 0],
						"0.32": [2.5, 0, 0],
						"0.48": [58.08, 0, 0],
						"0.64": [47.5, 0, 0]
					}
				},
				"rightleg": {
					"rotation": {
						"0.0": [35, 0, 0],
						"0.32": [-52.5, 0, 0],
						"0.64": [35, 0, 0]
					}
				},
				"lowerrleg": {
					"rotation": {
						"0.0": [15, 0, 0],
						"0.16": [58.08, 0, 0],
						"0.32": [55, 0, 0],
						"0.48": [0.96, 0, 0],
						"0.64": [15, 0, 0]
					}
				}
			}
		},
		"animation.fast_paced_sword.moving_attack": {
			"animation_length": 0.9,
			"override_previous_animation": true,
			"bones": {
				"waist": {
					"rotation": {
						"0.0": [43.39962, 182.4624, 47.60345],
						"0.2": [19.68909, -57.62048, -3.75297],
						"0.5": [19.68909, -57.62048, -3.75297],
						"0.9": [7.97532, 19.82169, 2.71994]
					}
				},
				"leftArm": {
					"rotation": {
						"0.0": [0, 0, -42.5],
						"0.2": [23.30696, -9.30727, -21.92361],
						"0.5": [23.30696, -9.30727, -21.92361],
						"0.9": [0, 0, -42.5]
					}
				},
				"lowerlarm": {
					"rotation": {
						"0.0": [-50, 0, 0],
						"0.2": [-20, 0, 0],
						"0.5": [-20, 0, 0],
						"0.9": [-50, 0, 0]
					}
				},
				"rightArm": {
					"rotation": {
						"0.0": [-169.21198, 18.22581, -49.90016],
						"0.2": [-70.38299, 4.67692, -75.45631],
						"0.5": [-70.38299, 4.67692, -75.45631],
						"0.9": [28.12758, -19.6835, 8.88356]
					}
				},
				"rightItem": {
					"rotation": {
						"0.0": [0, 0, 0],
						"0.2": [80, 0, 0],
						"0.5": [80, 0, 0],
						"0.9": [0, 0, 0]
					}
				}
			}
		},
		"animation.fast_paced_sword.moving_attack2": {
			"loop": "hold_on_last_frame",
			"animation_length": 0.9,
			"override_previous_animation": true,
			"bones": {
				"waist": {
					"rotation": {
						"0.0": [51.66911, -186.7025, -37.8474],
						"0.2": [17.07827, 52.09382, 26.68787],
						"0.4": [17.07827, 52.09382, 26.68787],
						"0.9": [7.97532, 19.82169, 2.71994]
					}
				},
				"leftArm": {
					"rotation": {
						"0.0": [31.46872, -13.12479, -12.49865],
						"0.2": [50.24425, -14.16406, -48.53412],
						"0.4": [50.24425, -14.16406, -48.53412],
						"0.9": [0, 0, -42.5]
					}
				},
				"lowerlarm": {
					"rotation": {
						"0.0": [-27.5, 0, 0],
						"0.2": [-60, 0, 0],
						"0.4": [-60, 0, 0],
						"0.9": [-50, 0, 0]
					}
				},
				"rightArm": {
					"rotation": {
						"0.0": [-111.89553, -20.18997, 113.24255],
						"0.2": [28.10447, -20.18997, 113.24255],
						"0.4": [28.10447, -20.18997, 113.24255],
						"0.9": [28.12758, -19.6835, 8.88356]
					}
				},
				"lowerrarm": {
					"rotation": {
						"0.0": [-5, 0, 0],
						"0.9": [-37.5, 0, 0]
					}
				},
				"rightItem": {
					"rotation": {
						"0.0": [0, 0, 0],
						"0.2": [80, 0, 0],
						"0.5": [80, 0, 0],
						"0.9": [0, 0, 0]
					}
				}
			}
		}
	}
}