{
	"format_version": "1.8.0",
	"animations": {
		"animation.fast_paced_rapier.base_pose": {
			"loop": true,
			"override_previous_animation": true,
			"bones": {
				"root": {
					"rotation": ["variable.is_first_person ? (math.cos(query.life_time * 100.0) * 0.200) + 0.200 : 0", "variable.is_first_person ? 170 : -10", 0],
					"position": ["variable.is_first_person ? 2 : 0", "variable.is_first_person ? -3 : 0", "variable.is_first_person ? 12 : 0"]
				},
				"leftleg": {
					"rotation": [8.75038, 10.82015, -6.25038]
				},
				"lowerlleg": {
					"rotation": [10, 0, 0]
				},
				"rightleg": {
					"rotation": [-9.69879, 10.71167, 3.21202]
				},
				"lowerrleg": {
					"rotation": [10, 0, 0]
				},
				"waist": {
					"rotation": [5.00238, -2.49762, -0.10912]
				},
				"leftArm": {
					"rotation": [12.5, 0, -7.5]
				},
				"lowerlarm": {
					"rotation": [-15, 0, 0]
				},
				"rightArm": {
					"rotation": [-16.1907, -22.58475, 29.33287]
				},
				"lowerrarm": {
					"rotation": [-47.5, 0, 0]
				},
				"trail_rapier": {
					"scale": 0
				},
				"trail_pierce_rapier": {
					"scale": 0
				},
				"swordright": {
					"scale": 0
				}
			}
		},
		"animation.fast_paced_rapier.move": {
			"loop": true,
			"animation_length": 1.04,
			"override_previous_animation": true,
			"bones": {
				"root": {
					"rotation": ["variable.is_first_person ? (math.cos(query.life_time * 100.0) * 0.200) + 0.200 : 0", "variable.is_first_person ? 180 : 0", 0],
					"position": {
						"0.0": ["variable.is_first_person ? 2 : 0", "variable.is_first_person ? -5 : -2", "variable.is_first_person ? 12 : 0"],
						"0.2": ["variable.is_first_person ? 2 : 0", "variable.is_first_person ? -3 : 0", "variable.is_first_person ? 12 : 0"],
						"0.52": ["variable.is_first_person ? 2 : 0", "variable.is_first_person ? -5 : -2", "variable.is_first_person ? 12 : 0"],
						"0.72": ["variable.is_first_person ? 2 : 0", "variable.is_first_person ? -3 : 0", "variable.is_first_person ? 12 : 0"],
						"1.04": ["variable.is_first_person ? 2 : 0", "variable.is_first_person ? -5 : -2", "variable.is_first_person ? 12 : 0"]
					}
				},
				"leftleg": {
					"rotation": {
						"0.0": [30, 0, 0],
						"0.2": [8.27, 0, 0],
						"0.36": [-82.21, 0, 0],
						"0.52": [-52.5, 0, 0],
						"0.72": [-0.77, 0, 0],
						"1.04": [30, 0, 0]
					}
				},
				"lowerlleg": {
					"rotation": {
						"0.0": [20, 0, 0],
						"0.2": [90, 0, 0],
						"0.36": [81.56, 0, 0],
						"0.52": [52.5, 0, 0],
						"0.72": [2.5, 0, 0],
						"1.04": [20, 0, 0]
					}
				},
				"rightleg": {
					"rotation": {
						"0.0": [-52.5, 0, 0],
						"0.2": [0.77, 0, 0],
						"0.36": [21.63, 0, 0],
						"0.52": [27.5, 0, 0],
						"0.72": [-23.27, 0, 0],
						"0.88": [-85.38, 0, 0],
						"1.04": [-52.5, 0, 0]
					}
				},
				"lowerrleg": {
					"rotation": {
						"0.0": [52.5, 0, 0],
						"0.2": [1.92, 0, 0],
						"0.52": [25, 0, 0],
						"0.72": [95.58, 0, 0],
						"0.88": [84.04, 0, 0],
						"1.04": [52.5, 0, 0]
					}
				},
				"waist": {
					"rotation": {
						"0.0": [10, 5, 0],
						"0.52": [10.04405, -7.31074, -2.17159],
						"1.04": [10, 5, 0]
					}
				},
				"leftArm": {
					"rotation": {
						"0.0": [-9.96271, -0.86717, -4.92442],
						"0.52": [37.53729, -0.86717, -4.92442],
						"1.04": [-9.96271, -0.86717, -4.92442]
					}
				},
				"lowerlarm": {
					"rotation": {
						"0.0": [-22.5, 0, 0],
						"1.04": [-22.5, 0, 0]
					}
				},
				"rightArm": {
					"rotation": {
						"0.0": [-22.93736, -24.14271, 39.48405],
						"0.28": [-29.17429, -24.59093, 38.29507],
						"0.52": [-36.31454, -22.67743, 41.69143],
						"0.8": [-30.88119, -20.96521, 45.18017],
						"1.04": [-22.93736, -24.14271, 39.48405]
					}
				},
				"lowerrarm": {
					"rotation": {
						"0.0": [-57.5, 0, 0],
						"0.52": [-47.5, 0, 0],
						"1.04": [-57.5, 0, 0]
					}
				},
				"trail_rapier": {
					"scale": {
						"0.0": [0, 0, 0],
						"1.04": [0, 0, 0]
					}
				},
				"trail_pierce_rapier": {
					"scale": {
						"0.0": [0, 0, 0],
						"1.04": [0, 0, 0]
					}
				},
				"swordright": {
					"scale": 0
				}
			}
		},
		"animation.fast_paced_rapier.sneak": {
			"loop": true,
			"override_previous_animation": true,
			"bones": {
				"root": {
					"rotation": ["variable.is_first_person ? (math.cos(query.life_time * 100.0) * 0.200) + 0.200 : 0", "variable.is_first_person ? 180 : 0", 0],
					"position": ["variable.is_first_person ? 2 : 0", "variable.is_first_person ? -8 : -5", "variable.is_first_person ? 12 : 0"]
				},
				"leftleg": {
					"rotation": [-90, 0, -2.5]
				},
				"lowerlleg": {
					"rotation": [90, 0, 0]
				},
				"rightleg": {
					"rotation": [12.50706, 0.32621, 2.47864]
				},
				"lowerrleg": {
					"rotation": [72.5, 0, 0]
				},
				"waist": {
					"rotation": [13.59381, -24.19448, -6.76631]
				},
				"leftArm": {
					"rotation": [30.88171, 18.24446, -5.63174]
				},
				"lowerlarm": {
					"rotation": [-42.5, 0, 0]
				},
				"rightArm": {
					"rotation": [-18.10751, -21.1094, 34.48036]
				},
				"lowerrarm": {
					"rotation": [-47.5, 0, 0]
				},
				"rightitem": {
					"position": [0, 0, -1]
				},
				"trail_rapier": {
					"scale": 0
				},
				"trail_pierce_rapier": {
					"scale": 0
				},
				"swordright": {
					"scale": 0
				}
			}
		},
		"animation.fast_paced_rapier.sneak_move": {
			"loop": true,
			"animation_length": 1.04,
			"override_previous_animation": true,
			"bones": {
				"root": {
					"rotation": ["variable.is_first_person ? (math.cos(query.life_time * 100.0) * 0.200) + 0.200 - 2.5 : -2.5", "variable.is_first_person ? 180 : -2.5", 0],
					"position": {
						"0.0": ["variable.is_first_person ? 2 : 0", "variable.is_first_person ? -7 : -4", "variable.is_first_person ? 12 : 0"],
						"0.24": ["variable.is_first_person ? 2 : 0", "variable.is_first_person ? -8 : -5", "variable.is_first_person ? 12 : 0"],
						"0.52": ["variable.is_first_person ? 2 : 0", "variable.is_first_person ? -7 : -4", "variable.is_first_person ? 12 : 0"],
						"0.8": ["variable.is_first_person ? 2 : 0", "variable.is_first_person ? -9 : -6", "variable.is_first_person ? 12 : 0"],
						"1.04": ["variable.is_first_person ? 2 : 0", "variable.is_first_person ? -7 : -4", "variable.is_first_person ? 12 : 0"]
					}
				},
				"leftleg": {
					"rotation": {
						"0.0": [-74.9299, 1.70818, -0.30014],
						"0.52": [-2.4299, 1.70818, -0.30014],
						"0.8": [-111.26229, 1.23927, 0.51927],
						"1.04": [-74.9299, 1.70818, -0.30014]
					}
				},
				"lowerlleg": {
					"rotation": {
						"0.0": [72.5, 0, 0],
						"0.24": [118.46, 0, 0],
						"0.52": [80, 0, 0],
						"0.8": [100.96, 0, 0],
						"1.04": [72.5, 0, 0]
					}
				},
				"rightleg": {
					"rotation": {
						"0.0": [-0.14068, -2.24944, 7.15656],
						"0.24": [-98.33018, 0.42156, 5.28399],
						"0.52": [-77.46793, 3.53773, 3.09932],
						"0.8": [-25.83018, 0.42156, 5.28399],
						"1.04": [-0.14068, -2.24944, 7.15656]
					}
				},
				"lowerrleg": {
					"rotation": {
						"0.0": [77.5, 0, 0],
						"0.24": [100, 0, 0],
						"0.52": [72.5, 0, 0],
						"0.8": [112.69, 0, 0],
						"1.04": [77.5, 0, 0]
					}
				},
				"waist": {
					"rotation": {
						"0.0": [33.88762, -18.37521, -5.64208],
						"0.52": [31.46927, 5.85241, -1.83919],
						"1.04": [33.88762, -18.37521, -5.64208]
					}
				},
				"leftArm": {
					"rotation": {
						"0.0": [14.21328, 4.90731, -9.16991],
						"0.52": [-3.28672, 4.90731, -9.16991],
						"1.04": [14.21328, 4.90731, -9.16991]
					}
				},
				"lowerlarm": {
					"rotation": {
						"0.0": [-22.5, 0, 0],
						"0.52": [-62.5, 0, 0],
						"1.04": [-22.5, 0, 0]
					}
				},
				"rightArm": {
					"rotation": {
						"0.0": [-16.1907, -22.58475, 29.33287],
						"0.52": [1.3093, -22.58475, 29.33287],
						"1.04": [-16.1907, -22.58475, 29.33287]
					}
				},
				"lowerrarm": {
					"rotation": {
						"0.0": [-47.5, 0, 0],
						"0.52": [-62.5, 0, 0],
						"1.04": [-47.5, 0, 0]
					}
				},
				"rightitem": {
					"position": [0, 0, -1]
				},
				"trail_rapier": {
					"scale": 0
				},
				"trail_pierce_rapier": {
					"scale": 0
				},
				"swordright": {
					"scale": 0
				}
			}
		},
		"animation.fast_paced_rapier.sprint": {
			"loop": true,
			"animation_length": 0.56,
			"override_previous_animation": true,
			"bones": {
				"leftleg": {
					"rotation": {
						"0.0": [45, 0, -2.5],
						"0.12": [-84.64286, 0, -2.5],
						"0.28": [-47.5, 0, -2.5],
						"0.4": [57.14286, 0, -2.5],
						"0.56": [45, 0, -2.5]
					}
				},
				"lowerlleg": {
					"rotation": {
						"0.0": [62.5, 0, 0],
						"0.12": [98.57, 0, 0],
						"0.28": [47.5, 0, 0],
						"0.4": [26.43, 0, 0],
						"0.56": [62.5, 0, 0]
					}
				},
				"rightleg": {
					"rotation": {
						"0.0": [-44.99294, 0.32621, 2.47864],
						"0.12": [58.57849, 0.32621, 2.47864],
						"0.28": [27.50706, 0.32621, 2.47864],
						"0.4": [-93.56437, 0.32621, 2.47864],
						"0.56": [-44.99294, 0.32621, 2.47864]
					}
				},
				"lowerrleg": {
					"rotation": {
						"0.0": [45, 0, 0],
						"0.12": [21.79, 0, 0],
						"0.28": [72.5, 0, 0],
						"0.4": [103.21, 0, 0],
						"0.56": [45, 0, 0]
					}
				},
				"waist": {
					"rotation": {
						"0.0": [25.73895, 11.99921, 1.96149],
						"0.28": [18.88021, 18.78365, 4.20623],
						"0.56": [25.73895, 11.99921, 1.96149]
					}
				},
				"leftArm": {
					"rotation": {
						"0.0": [-73.36523, -10.00919, -7.10795],
						"0.28": [58.28053, -17.1574, -10.18336],
						"0.56": [-73.36523, -10.00919, -7.10795]
					}
				},
				"lowerlarm": {
					"rotation": {
						"0.0": [-37.5, 0, 0],
						"0.12": [-46.79, 0, 0],
						"0.28": [-17.5, 0, 0],
						"0.44": [-1.07, 0, 0],
						"0.56": [-37.5, 0, 0]
					}
				},
				"rightArm": {
					"rotation": {
						"0.0": [61.4218, 9.64032, 9.36538],
						"0.28": [41.29613, -5.09538, 8.80363],
						"0.56": [61.4218, 9.64032, 9.36538]
					}
				},
				"lowerrarm": {
					"rotation": {
						"0.0": [-30, 0, 0],
						"0.28": [-37.5, 0, 0],
						"0.56": [-30, 0, 0]
					}
				},
				"root": {
					"rotation": ["variable.is_first_person ? (math.cos(query.life_time * 100.0) * 0.200) + 0.200 : 0", "variable.is_first_person ? 180 : 0", 0],
					"position": {
						"0.0": ["variable.is_first_person ? 2 : 0", "variable.is_first_person ? -5 : -2", "variable.is_first_person ? 12 : 0"],
						"0.12": ["variable.is_first_person ? 2 : 0", "variable.is_first_person ? -3 : 0", "variable.is_first_person ? 12 : 0"],
						"0.28": ["variable.is_first_person ? 2 : 0", "variable.is_first_person ? -5 : -2", "variable.is_first_person ? 12 : 0"],
						"0.4": ["variable.is_first_person ? 2 : 0", "variable.is_first_person ? -3 : 0", "variable.is_first_person ? 12 : 0"],
						"0.56": ["variable.is_first_person ? 2 : 0", "variable.is_first_person ? -5 : -2", "variable.is_first_person ? 12 : 0"]
					}
				},
				"trail_rapier": {
					"scale": 0
				},
				"trail_pierce_rapier": {
					"scale": 0
				},
				"swordright": {
					"scale": 0
				}
			}
		},
		"animation.fast_paced_rapier.attack_slash_left": {
			"loop": "hold_on_last_frame",
			"animation_length": 0.9,
			"override_previous_animation": true,
			"bones": {
				"root": {
					"rotation": {
						"0.0": ["variable.is_first_person ? (math.cos(query.life_time * 100.0) * 0.200) + 0.200 : 0", "variable.is_first_person ? 170 : -10", 0],
						"0.1": ["variable.is_first_person ? (math.cos(query.life_time * 100.0) * 0.200) + 0.200 : 0", "variable.is_first_person ? 167.5 : -22.5", 0],
						"0.2": ["variable.is_first_person ? (math.cos(query.life_time * 100.0) * 0.200) + 0.200 : 0", "variable.is_first_person ? 167.5 : -22.5", 0],
						"0.3": ["variable.is_first_person ? (math.cos(query.life_time * 100.0) * 0.200) + 0.200 : 0", "variable.is_first_person ? 202.5 : 22.5", 0],
						"0.6": ["variable.is_first_person ? (math.cos(query.life_time * 100.0) * 0.200) + 0.200 : 0", "variable.is_first_person ? 202.5 : 22.5", 0],
						"0.9": ["variable.is_first_person ? (math.cos(query.life_time * 100.0) * 0.200) + 0.200 : 0", "variable.is_first_person ? 170 : -10", 0]
					},
					"position": {
						"0.0": ["variable.is_first_person ? 2 : 0", "variable.is_first_person ? -3 : 0", "variable.is_first_person ? 12 : 0"],
						"0.1": ["variable.is_first_person ? 2 : 0", "variable.is_first_person ? -4 : -1", "variable.is_first_person ? 12 : 0"],
						"0.2": ["variable.is_first_person ? 2 : 0", "variable.is_first_person ? -5 : -2", "variable.is_first_person ? 12 : 0"],
						"0.3": ["variable.is_first_person ? 2 : 0", "variable.is_first_person ? -4 : -1", "variable.is_first_person ? 12 : 0"],
						"0.6": ["variable.is_first_person ? 2 : 0", "variable.is_first_person ? -4 : -1", "variable.is_first_person ? 12 : 0"],
						"0.9": ["variable.is_first_person ? 2 : 0", "variable.is_first_person ? -3 : 0", "variable.is_first_person ? 12 : 0"]
					}
				},
				"waist": {
					"rotation": {
						"0.0": [5.00238, -2.49762, -0.10912],
						"0.1": [5.51154, -24.90559, -2.21752],
						"0.2": [10.99462, -29.81794, -3.2676],
						"0.3": [5.11818, 12.44459, 1.21518],
						"0.6": [5.11818, 12.44459, 1.21518],
						"0.9": [5.00238, -2.49762, -0.10912]
					}
				},
				"leftArm": {
					"rotation": {
						"0.0": [12.5, 0, -7.5],
						"0.1": [19.89638, 1.61888, -14.82417],
						"0.2": [24.89638, 1.61888, -14.82417],
						"0.3": [-7.77283, -0.05995, -27.21252],
						"0.6": [-7.77283, -0.05995, -27.21252],
						"0.9": [12.5, 0, -7.5]
					}
				},
				"lowerlarm": {
					"rotation": {
						"0.0": [-15, 0, 0],
						"0.1": [-16.25, 0, 0],
						"0.2": [-7.5, 0, 0],
						"0.9": [-15, 0, 0]
					}
				},
				"rightArm": {
					"rotation": {
						"0.0": [-16.1907, -22.58475, 29.33287],
						"0.1": [-76.524, 4.45836, 82.20363],
						"0.2": [-91.524, 4.45836, 82.20363],
						"0.3": [40.86299, -11.7871, 87.34031],
						"0.6": [40.86299, -11.7871, 87.34031],
						"0.9": [-16.1907, -22.58475, 29.33287]
					}
				},
				"lowerrarm": {
					"rotation": {
						"0.0": [-47.5, 0, 0],
						"0.2": [-35.83, 0, 0],
						"0.3": [-7.5, 0, 0],
						"0.6": [-7.5, 0, 0],
						"0.9": [-47.5, 0, 0]
					}
				},
				"trail_rapier": {
					"scale": {
						"0.0": [0, 0, 0],
						"0.1": [1, 0, 1],
						"0.2": [1, 1, 1],
						"0.3": [0, 0, 0],
						"0.6": [0, 0, 0],
						"0.9": [0, 0, 0]
					}
				},
				"trail_pierce_rapier": {
					"scale": {
						"0.0": [0, 0, 0],
						"0.9": [0, 0, 0]
					}
				},
				"leftleg": {
					"rotation": {
						"0.0": [8.75038, 10.82015, -6.25038],
						"0.1": [19.78006, 19.82169, -7.97532],
						"0.2": [23.88757, 18.06265, -3.02657],
						"0.3": [-32.30695, -22.43419, -5.79974],
						"0.6": [-32.30695, -22.43419, -5.79974],
						"0.9": [8.75038, 10.82015, -6.25038]
					}
				},
				"lowerlleg": {
					"rotation": {
						"0.0": [10, 0, 0],
						"0.1": [10, 0, 0],
						"0.2": [20, 0, 0],
						"0.3": [37.5, 0, 0],
						"0.6": [37.5, 0, 0],
						"0.9": [10, 0, 0]
					}
				},
				"rightleg": {
					"rotation": {
						"0.0": [-9.69879, 10.71167, 3.21202],
						"0.1": [-25.50021, 16.58659, 5.99163],
						"0.2": [-48.00021, 16.58659, 5.99163],
						"0.3": [21.13537, -15.68657, 5.66562],
						"0.6": [21.13537, -15.68657, 5.66562],
						"0.9": [-9.69879, 10.71167, 3.21202]
					}
				},
				"lowerrleg": {
					"rotation": {
						"0.0": [10, 0, 0],
						"0.1": [25, 0, 0],
						"0.2": [47.5, 0, 0],
						"0.3": [7.5, 0, 0],
						"0.6": [7.5, 0, 0],
						"0.9": [10, 0, 0]
					}
				},
				"swordright": {
					"scale": 0
				}
			}
		},
		"animation.fast_paced_rapier.attack_slash_right": {
			"loop": "hold_on_last_frame",
			"animation_length": 0.9,
			"override_previous_animation": true,
			"bones": {
				"root": {
					"rotation": {
						"0.0": ["variable.is_first_person ? (math.cos(query.life_time * 100.0) * 0.200) + 0.200 : 0", "variable.is_first_person ? 202.5 : 22.5", 0],
						"0.1": ["variable.is_first_person ? (math.cos(query.life_time * 100.0) * 0.200) + 0.200 : 0", "variable.is_first_person ? 177.5 : -2.5", 0],
						"0.3": ["variable.is_first_person ? (math.cos(query.life_time * 100.0) * 0.200) + 0.200 : 0", "variable.is_first_person ? 200.83 : 20.83", 0],
						"0.4": ["variable.is_first_person ? (math.cos(query.life_time * 100.0) * 0.200) + 0.200 : 0", "variable.is_first_person ? 135 : -45", 0],
						"0.6": ["variable.is_first_person ? (math.cos(query.life_time * 100.0) * 0.200) + 0.200 : 0", "variable.is_first_person ? 135 : -45", 0],
						"0.9": ["variable.is_first_person ? (math.cos(query.life_time * 100.0) * 0.200) + 0.200 : 0", "variable.is_first_person ? 170 : -10", 0]
					},
					"position": {
						"0.0": ["variable.is_first_person ? 2 : 0", "variable.is_first_person ? -4 : -1", "variable.is_first_person ? 12 : 0"],
						"0.3": ["variable.is_first_person ? 2 : 0", "variable.is_first_person ? -4.5 : -1.5", "variable.is_first_person ? 12 : 0"],
						"0.4": ["variable.is_first_person ? 2 : 0", "variable.is_first_person ? -4 : -1", "variable.is_first_person ? 12 : 0"],
						"0.6": ["variable.is_first_person ? 2 : 0", "variable.is_first_person ? -4 : -1", "variable.is_first_person ? 12 : 0"],
						"0.9": ["variable.is_first_person ? 2 : 0", "variable.is_first_person ? -3 : 0", "variable.is_first_person ? 12 : 0"]
					}
				},
				"waist": {
					"rotation": {
						"0.0": [5.11818, 12.44459, 1.21518],
						"0.1": [6.76335, 42.29362, 4.67228],
						"0.3": [5.63072, -27.39379, -2.48788],
						"0.6": [5.63072, -27.39379, -2.48788],
						"0.9": [5.00238, -2.49762, -0.10912]
					}
				},
				"leftArm": {
					"rotation": {
						"0.0": [-7.77283, -0.05995, -27.21252],
						"0.3": [37.22717, -0.05995, -27.21252],
						"0.6": [37.22717, -0.05995, -27.21252],
						"0.9": [12.5, 0, -7.5]
					}
				},
				"lowerlarm": {
					"rotation": {
						"0.0": [-15, 0, 0],
						"0.9": [-15, 0, 0]
					}
				},
				"rightArm": {
					"rotation": {
						"0.0": [40.86299, -11.7871, 87.34031],
						"0.2": [140.04754, 4.16423, 273.8811],
						"0.3": [322.54754, 4.16423, 273.8811],
						"0.6": [322.54754, 4.16423, 273.8811],
						"0.9": [358.14481, -4.5033, 375.52368]
					}
				},
				"lowerrarm": {
					"rotation": {
						"0.0": [-7.5, 0, 0],
						"0.9": [-47.5, 0, 0]
					}
				},
				"trail_rapier": {
					"scale": {
						"0.1": [0, 0, 0],
						"0.2": [1, 1, 1],
						"0.3": [1, 1, 1],
						"0.4": [0, 0, 0],
						"0.6": [0, 0, 0],
						"0.9": [0, 0, 0]
					}
				},
				"trail_pierce_rapier": {
					"scale": {
						"0.0": [0, 0, 0],
						"0.9": [0, 0, 0]
					}
				},
				"leftleg": {
					"rotation": {
						"0.0": [-32.30695, -22.43419, -5.79974],
						"0.1": [-45, 0, 0],
						"0.2": [0, 0, 0],
						"0.3": [7.5, 0, 0],
						"0.4": [10.47983, 38.22414, -8.1384],
						"0.6": [10.47983, 38.22414, -8.1384],
						"0.9": [8.75038, 10.82015, -6.25038]
					}
				},
				"lowerlleg": {
					"rotation": {
						"0.0": [37.5, 0, 0],
						"0.1": [40, 0, 0],
						"0.2": [18.75, 0, 0],
						"0.3": [27.5, 0, 0],
						"0.4": [45, 0, 0],
						"0.6": [45, 0, 0],
						"0.9": [10, 0, 0]
					}
				},
				"rightleg": {
					"rotation": {
						"0.0": [21.13537, -15.68657, 5.66562],
						"0.1": [12.5, 0, 0],
						"0.2": [-75, 0, 0],
						"0.3": [-51.92461, 26.00874, -1.1242],
						"0.4": [-50.97643, 49.39482, 2.17192],
						"0.6": [-50.97643, 49.39482, 2.17192],
						"0.9": [-9.69879, 10.71167, 3.21202]
					}
				},
				"lowerrleg": {
					"rotation": {
						"0.0": [7.5, 0, 0],
						"0.1": [15, 0, 0],
						"0.2": [70, 0, 0],
						"0.3": [47.5, 0, 0],
						"0.6": [47.5, 0, 0],
						"0.9": [10, 0, 0]
					}
				},
				"swordright": {
					"scale": 0
				}
			}
		},
		"animation.fast_paced_rapier.attack_pierce_left": {
			"loop": "hold_on_last_frame",
			"animation_length": 0.9,
			"override_previous_animation": true,
			"bones": {
				"root": {
					"rotation": {
						"0.0": ["variable.is_first_person ? (math.cos(query.life_time * 100.0) * 0.200) + 0.200 : 0", "variable.is_first_person ? 135 : -45", 0],
						"0.1": ["variable.is_first_person ? (math.cos(query.life_time * 100.0) * 0.200) + 0.200 : 0", "variable.is_first_person ? 180 - 52.5 : -52.5", 0],
						"0.2": ["variable.is_first_person ? (math.cos(query.life_time * 100.0) * 0.200) + 0.200 : 0", "variable.is_first_person ? 180 - 52.5 : -52.5", 0],
						"0.6": ["variable.is_first_person ? (math.cos(query.life_time * 100.0) * 0.200) + 0.200 : 0", "variable.is_first_person ? 180 - 52.5 : -52.5", 0],
						"0.9": ["variable.is_first_person ? (math.cos(query.life_time * 100.0) * 0.200) + 0.200 : 0", "variable.is_first_person ? 170 : -10", 0]
					},
					"position": {
						"0.0": ["variable.is_first_person ? 2 : 0", "variable.is_first_person ? -4 : -1", "variable.is_first_person ? 12 : 0"],
						"0.2": ["variable.is_first_person ? 2 : 0", "variable.is_first_person ? -6 : -3", "variable.is_first_person ? 12 : 0"],
						"0.3": ["variable.is_first_person ? 2 : 0", "variable.is_first_person ? -4 : -1", "variable.is_first_person ? 12 : 0"],
						"0.6": ["variable.is_first_person ? 2 : 0", "variable.is_first_person ? -4 : -1", "variable.is_first_person ? 12 : 0"],
						"0.9": ["variable.is_first_person ? 2 : 0", "variable.is_first_person ? -3 : 0", "variable.is_first_person ? 12 : 0"]
					}
				},
				"waist": {
					"rotation": {
						"0.0": [5.63072, -27.39379, -2.48788],
						"0.1": [13.28162, -44.52435, -6.95048],
						"0.2": [13.28162, -44.52435, -6.95048],
						"0.3": [10.21, -22.47611, -1.49088],
						"0.6": [10.21, -22.47611, -1.49088],
						"0.9": [5.00238, -2.49762, -0.10912]
					}
				},
				"leftArm": {
					"rotation": {
						"0.0": [37.22717, -0.05995, -27.21252],
						"0.1": [41.78318, -6.76136, -19.77271],
						"0.2": [41.78318, -6.76136, -19.77271],
						"0.3": [33.75105, -27.05312, 6.96274],
						"0.6": [33.75105, -27.05312, 6.96274],
						"0.9": [12.5, 0, -7.5]
					}
				},
				"lowerlarm": {
					"rotation": {
						"0.0": [-15, 0, 0],
						"0.6": [-15, 0, 0],
						"0.9": [-15, 0, 0]
					}
				},
				"rightArm": {
					"rotation": {
						"0.0": [322.54754, 4.16423, 273.8811],
						"0.1": [337.54754, 4.16423, 273.8811],
						"0.2": [337.54754, 4.16423, 273.8811],
						"0.3": [195.18306, -7.38138, 269.08056],
						"0.6": [195.18306, -7.38138, 269.08056],
						"0.9": [324.39661, -6.24559, 408.72623]
					}
				},
				"lowerrarm": {
					"rotation": {
						"0.0": [-7.5, 0, 0],
						"0.1": [-75, 0, 0],
						"0.2": [-75, 0, 0],
						"0.3": [2.5, 0, 0],
						"0.6": [2.5, 0, 0],
						"0.9": [-47.5, 0, 0]
					}
				},
				"trail_rapier": {
					"scale": {
						"0.0": [0, 0, 0],
						"0.6": [0, 0, 0],
						"0.9": [0, 0, 0]
					}
				},
				"trail_pierce_rapier": {
					"scale": {
						"0.0": [0, 0, 0],
						"0.2": [0, 0, 0],
						"0.3": [1, 1, 1],
						"0.4": [1, 1, 1],
						"0.5": [0, 0, 0],
						"0.6": [0, 0, 0],
						"0.9": [0, 0, 0]
					}
				},
				"leftleg": {
					"rotation": {
						"0.0": [10.47983, 38.22414, -8.1384],
						"0.1": [4.19001, 44.14798, -17.16939],
						"0.2": [4.19001, 44.14798, -17.16939],
						"0.3": [-5.8336, 48.0767, -10.10341],
						"0.6": [-5.8336, 48.0767, -10.10341],
						"0.9": [8.75038, 10.82015, -6.25038]
					}
				},
				"lowerlleg": {
					"rotation": {
						"0.0": [45, 0, 0],
						"0.2": [45, 0, 0],
						"0.3": [27.5, 0, 0],
						"0.6": [27.5, 0, 0],
						"0.9": [10, 0, 0]
					}
				},
				"rightleg": {
					"rotation": {
						"0.0": [-50.97643, 49.39482, 2.17192],
						"0.1": [-54.24764, 63.40888, -1.20319],
						"0.2": [-54.24764, 63.40888, -1.20319],
						"0.3": [-33.47643, 49.39482, 2.17192],
						"0.6": [-33.47643, 49.39482, 2.17192],
						"0.9": [-9.69879, 10.71167, 3.21202]
					}
				},
				"lowerrleg": {
					"rotation": {
						"0.0": [47.5, 0, 0],
						"0.2": [47.5, 0, 0],
						"0.3": [30, 0, 0],
						"0.6": [30, 0, 0],
						"0.9": [10, 0, 0]
					}
				},
				"rightitem": {
					"rotation": {
						"0.1": [0, 0, 0],
						"0.2": [0, 0, 0],
						"0.3": [92.5, 0, 0],
						"0.6": [92.5, 0, 0],
						"0.9": [0, 0, 0]
					}
				},
				"swordright": {
					"scale": 0
				}
			}
		},
		"animation.fast_paced_rapier.attack_pierce": {
			"loop": "hold_on_last_frame",
			"animation_length": 0.7,
			"override_previous_animation": true,
			"bones": {
				"root": {
					"rotation": ["variable.is_first_person ? (math.cos(query.life_time * 100.0) * 0.200) + 0.200 : 0", "variable.is_first_person ? 170 : -10", 0],
					"position": ["variable.is_first_person ? 2 : 0", "variable.is_first_person ? -3 : 0", "variable.is_first_person ? 12 : 0"]
				},
				"waist": {
					"rotation": {
						"0.0": [5.00238, -2.49762, -0.10912],
						"0.1": [6.76335, 42.29362, 4.67228],
						"0.2": [6.76335, 42.29362, 4.67228],
						"0.3": [5.63072, -27.39379, -2.48788]
					}
				},
				"leftArm": {
					"rotation": [12.5, 0, -7.5]
				},
				"lowerlarm": {
					"rotation": [-15, 0, 0]
				},
				"rightArm": {
					"rotation": {
						"0.0": [-16.1907, -22.58475, 29.33287],
						"0.1": [55.75807, 3.8388, 94.55241],
						"0.2": [55.75807, 3.8388, 94.55241],
						"0.3": [-54.24193, 3.8388, 94.55241]
					}
				},
				"lowerrarm": {
					"rotation": {
						"0.0": [-47.5, 0, 0],
						"0.1": [-90, 0, 0],
						"0.2": [-90, 0, 0],
						"0.3": [-7.5, 0, 0]
					}
				},
				"trail_rapier": {
					"scale": 0
				},
				"trail_pierce_rapier": {
					"scale": {
						"0.0": [0, 0, 0],
						"0.1": [0, 0, 0],
						"0.2": [1, 1, 1],
						"0.3": [1, 1, 1],
						"0.4": [0, 0, 0]
					}
				},
				"rightitem": {
					"rotation": {
						"0.1": [0, 0, 0],
						"0.2": [-2.5, 0, 0],
						"0.3": [95, 0, 0]
					}
				},
				"swordright": {
					"scale": 0
				}
			}
		},
		"animation.fast_paced_rapier.charge_slash": {
			"animation_length": 10000,
			"override_previous_animation": true,
			"bones": {
				"root": {
					"rotation": {
						"0.0": ["variable.is_first_person ? (math.cos(query.life_time * 100.0) * 0.200) + 0.200 : 0", "variable.is_first_person ? 170 : -10", 0],
						"0.32": ["variable.is_first_person ? (math.cos(query.life_time * 100.0) * 0.200) + 0.200 : 0", "variable.is_first_person ? 170 : -10", 0]
					},
					"position": {
						"0.0": ["variable.is_first_person ? 2 : 0", "variable.is_first_person ? -3 : 0", "variable.is_first_person ? 12 : 0"],
						"0.32": ["variable.is_first_person ? 2 : 0", "variable.is_first_person ? -3 : 0", "variable.is_first_person ? 12 : 0"]
					}
				},
				"leftleg": {
					"rotation": {
						"0.0": [8.75038, 10.82015, -6.25038],
						"0.32": [8.75038, 10.82015, -6.25038]
					}
				},
				"lowerlleg": {
					"rotation": {
						"0.0": [10, 0, 0],
						"0.32": [10, 0, 0]
					}
				},
				"rightleg": {
					"rotation": {
						"0.0": [-9.69879, 10.71167, 3.21202],
						"0.32": [-9.69879, 10.71167, 3.21202]
					}
				},
				"lowerrleg": {
					"rotation": {
						"0.0": [10, 0, 0],
						"0.32": [10, 0, 0]
					}
				},
				"waist": {
					"rotation": {
						"0.0": [5.00238, -2.49762, -0.10912],
						"0.32": [7.37621, -47.26992, -5.32263],
						"0.48": [5.14443, -54.99804, -2.67298]
					}
				},
				"leftArm": {
					"rotation": {
						"0.0": [12.5, 0, -7.5],
						"0.32": [12.5, 0, -7.5],
						"0.48": [35, 0, 0]
					}
				},
				"lowerlarm": {
					"rotation": {
						"0.0": [-15, 0, 0],
						"0.32": [-15, 0, 0]
					}
				},
				"rightArm": {
					"rotation": {
						"0.0": [-16.1907, -22.58475, 29.33287],
						"0.32": [-64.75992, 4.07283, 90.09111],
						"0.48": [-64.33729, 10.84679, 93.33983]
					}
				},
				"lowerrarm": {
					"rotation": {
						"0.0": [-47.5, 0, 0],
						"0.32": [-47.5, 0, 0]
					}
				},
				"trail_rapier": {
					"scale": {
						"0.0": [0, 0, 0],
						"0.32": [0, 0, 0]
					}
				},
				"trail_pierce_rapier": {
					"scale": {
						"0.0": [0, 0, 0],
						"0.32": [0, 0, 0]
					}
				},
				"swordright": {
					"scale": 0
				}
			}
		},
		"animation.fast_paced_rapier.ability_slash": {
			"animation_length": 1.2,
			"override_previous_animation": true,
			"bones": {
				"root": {
					"rotation": {
						"0.0": ["variable.is_first_person ? (math.cos(query.life_time * 100.0) * 0.200) + 0.200 : 0", "variable.is_first_person ? 170 : -10", 0],
						"0.9": ["variable.is_first_person ? (math.cos(query.life_time * 100.0) * 0.200) + 0.200 : 0", "variable.is_first_person ? 170 : -10", 0]
					},
					"position": {
						"0.0": ["variable.is_first_person ? 2 : 0", "variable.is_first_person ? -3 : 0", "variable.is_first_person ? 12 : 0"],
						"0.9": ["variable.is_first_person ? 2 : 0", "variable.is_first_person ? -3 : 0", "variable.is_first_person ? 12 : 0"]
					}
				},
				"leftleg": {
					"rotation": {
						"0.0": [8.75038, 10.82015, -6.25038],
						"0.9": [8.75038, 10.82015, -6.25038]
					}
				},
				"lowerlleg": {
					"rotation": {
						"0.0": [10, 0, 0],
						"0.9": [10, 0, 0]
					}
				},
				"rightleg": {
					"rotation": {
						"0.0": [-9.69879, 10.71167, 3.21202],
						"0.9": [-9.69879, 10.71167, 3.21202]
					}
				},
				"lowerrleg": {
					"rotation": {
						"0.0": [10, 0, 0],
						"0.9": [10, 0, 0]
					}
				},
				"waist": {
					"rotation": {
						"0.0": [7.37621, -47.26992, -5.32263],
						"0.2": [5.51091, 24.89135, 2.43487],
						"0.5": [5.51091, 24.89135, 2.43487],
						"0.9": [5.00238, -2.49762, -0.10912]
					}
				},
				"leftArm": {
					"rotation": {
						"0.0": [12.5, 0, -7.5],
						"0.2": [12.48848, -0.54094, -5.05919],
						"0.5": [12.48848, -0.54094, -5.05919],
						"0.9": [12.5, 0, -7.5]
					}
				},
				"lowerlarm": {
					"rotation": {
						"0.0": [-15, 0, 0],
						"0.9": [-15, 0, 0]
					}
				},
				"rightArm": {
					"rotation": {
						"0.0": [-64.75992, 4.07283, 90.09111],
						"0.2": [45.24008, 4.07283, 90.09111],
						"0.5": [45.24008, 4.07283, 90.09111],
						"0.9": [-16.1907, -22.58475, 29.33287]
					}
				},
				"lowerrarm": {
					"rotation": {
						"0.0": [-47.5, 0, 0],
						"0.2": [-7.5, 0, 0],
						"0.5": [-7.5, 0, 0],
						"0.9": [-47.5, 0, 0]
					}
				},
				"trail_rapier": {
					"scale": {
						"0.0": [0, 0, 0],
						"0.1": [1, 1, 1],
						"0.2": [0, 0, 0],
						"0.5": [0, 0, 0],
						"0.9": [0, 0, 0]
					}
				},
				"trail_pierce_rapier": {
					"scale": {
						"0.0": [0, 0, 0],
						"0.9": [0, 0, 0]
					}
				},
				"swordright": {
					"scale": {
						"0.0": [0, 0, 0],
						"0.9": [0, 0, 0]
					}
				}
			}
		},
		"animation.fast_paced_rapier.charge_pierce": {
			"loop": "hold_on_last_frame",
			"animation_length": 10000,
			"override_previous_animation": true,
			"bones": {
				"root": {
					"rotation": {
						"0.0": ["variable.is_first_person ? (math.cos(query.life_time * 100.0) * 0.200) + 0.200 : 0", "variable.is_first_person ? 170 : -10", 0],
						"0.7": [0, 42.5, 0]
					},
					"position": {
						"0.0": ["variable.is_first_person ? 2 : 0", "variable.is_first_person ? -3 : 0", "variable.is_first_person ? 12 : 0"],
						"0.7": [0, -1, 0]
					}
				},
				"waist": {
					"rotation": {
						"0.0": [5.00238, -2.49762, -0.10912],
						"0.3": [6.76335, 42.29362, 4.67228],
						"0.7": [6.76335, 42.29362, 4.67228]
					}
				},
				"leftArm": {
					"rotation": {
						"0.0": [12.5, 0, -7.5],
						"0.7": [2.20462, 12.3071, -87.26228]
					}
				},
				"lowerlarm": {
					"rotation": [-15, 0, 0]
				},
				"rightArm": {
					"rotation": {
						"0.0": [-16.1907, -22.58475, 29.33287],
						"0.3": [55.75807, 3.8388, 94.55241],
						"0.7": [10.75807, 3.8388, 94.55241]
					}
				},
				"lowerrarm": {
					"rotation": {
						"0.0": [-47.5, 0, 0],
						"0.3": [-90, 0, 0],
						"0.7": [-90, 0, 0]
					}
				},
				"trail_rapier": {
					"scale": 0
				},
				"trail_pierce_rapier": {
					"scale": 0
				},
				"rightitem": {
					"rotation": {
						"0.3": [0, 0, 0],
						"0.7": [-2.5, 0, 0]
					}
				},
				"leftleg": {
					"rotation": {
						"0.3": [0, 0, 0],
						"0.7": [-30, -42.5, 0]
					}
				},
				"lowerlleg": {
					"rotation": {
						"0.3": [0, 0, 0],
						"0.7": [27.5, 0, 0]
					}
				},
				"rightleg": {
					"rotation": {
						"0.3": [0, 0, 0],
						"0.7": [14.19853, -33.19678, 14.82516]
					}
				},
				"lowerrleg": {
					"rotation": {
						"0.3": [0, 0, 0],
						"0.7": [22.5, 0, 0]
					}
				},
				"swordright": {
					"scale": 0
				}
			}
		},
		"animation.fast_paced_rapier.ability_pierce": {
			"loop": "hold_on_last_frame",
			"animation_length": 0.7,
			"override_previous_animation": true,
			"bones": {
				"root": {
					"rotation": {
						"0.0": ["variable.is_first_person ? (math.cos(query.life_time * 100.0) * 0.200) + 0.200 : 0", "variable.is_first_person ? 222.5 : 42.5", 0],
						"0.2": [0, -27.5, 0],
						"0.7": ["variable.is_first_person ? (math.cos(query.life_time * 100.0) * 0.200) + 0.200 : 0", "variable.is_first_person ? 170 : -10", 0]
					},
					"position": {
						"0.0": ["variable.is_first_person ? 2 : 0", "variable.is_first_person ? -3 : 0", "variable.is_first_person ? 12 : 0"],
						"0.2": ["variable.is_first_person ? 2 : 0", "variable.is_first_person ? -3.25 : -0.25", "variable.is_first_person ? -4 : -16"],
						"0.7": ["variable.is_first_person ? 2 : 0", "variable.is_first_person ? -3 : 0", "variable.is_first_person ? 12 : 0"]
					}
				},
				"waist": {
					"rotation": {
						"0.0": [6.76335, 42.29362, 4.67228],
						"0.2": [8.17576, -52.22412, -6.36926],
						"0.7": [5.00238, -2.49762, -0.10912]
					}
				},
				"leftArm": {
					"rotation": {
						"0.0": [2.20462, 12.3071, -87.26228],
						"0.2": [11.36081, 5.24826, -31.97761],
						"0.7": [12.5, 0, -7.5]
					}
				},
				"lowerlarm": {
					"rotation": {
						"0.0": [-15, 0, 0],
						"0.7": [-15, 0, 0]
					}
				},
				"rightArm": {
					"rotation": {
						"0.0": [10.75807, 3.8388, 94.55241],
						"0.2": [-9.24193, 3.8388, 94.55241],
						"0.7": [-16.1907, -22.58475, 29.33287]
					}
				},
				"lowerrarm": {
					"rotation": {
						"0.0": [-90, 0, 0],
						"0.2": [-27.5, 0, 0],
						"0.7": [-47.5, 0, 0]
					}
				},
				"trail_rapier": {
					"scale": {
						"0.0": [0, 0, 0],
						"0.7": [0, 0, 0]
					}
				},
				"trail_pierce_rapier": {
					"scale": {
						"0.0": [0, 0, 0],
						"0.1": [1, 1, 1],
						"0.2": [1, 1, 1],
						"0.3": [0, 0, 0],
						"0.7": [0, 0, 0]
					}
				},
				"rightitem": {
					"rotation": {
						"0.0": [-2.5, 0, 0],
						"0.2": [110, 0, 0],
						"0.7": [0, 0, 0]
					}
				},
				"leftleg": {
					"rotation": {
						"0.0": [-30, -42.5, 0],
						"0.2": [15.17067, 25.51556, -14.01412],
						"0.7": [8.75038, 10.82015, -6.25038]
					}
				},
				"lowerlleg": {
					"rotation": {
						"0.0": [27.5, 0, 0],
						"0.7": [10, 0, 0]
					}
				},
				"rightleg": {
					"rotation": {
						"0.0": [14.19853, -33.19678, 14.82516],
						"0.2": [-29.71092, 31.59269, 2.23997],
						"0.7": [-9.69879, 10.71167, 3.21202]
					}
				},
				"lowerrleg": {
					"rotation": {
						"0.0": [22.5, 0, 0],
						"0.7": [10, 0, 0]
					}
				},
				"swordright": {
					"scale": {
						"0.0": [0, 0, 0],
						"0.7": [0, 0, 0]
					}
				}
			}
		},
		"animation.fast_paced_rapier.jump": {
			"loop": "hold_on_last_frame",
			"animation_length": 0.32,
			"override_previous_animation": true,
			"bones": {
				"root": {
					"rotation": [
						"variable.is_first_person ? (math.cos(query.life_time * 100.0) * 0.200) + 0.200 + 7.8485 : 7.8485",
						"variable.is_first_person ? 180 - 17.3222: -17.3222",
						-2.56996
					],
					"position": {
						"0.0": [0, -4, 0],
						"0.24": [0, 0, 0]
					}
				},
				"leftleg": {
					"rotation": {
						"0.0": [-84.78974, -4.77628, -5.71489],
						"0.24": [-17.28974, -4.77628, -5.71489]
					}
				},
				"lowerlleg": {
					"rotation": {
						"0.0": [92.5, 0, 0],
						"0.24": [10, 0, 0]
					}
				},
				"rightleg": {
					"rotation": {
						"0.0": [-84.18208, 35.70811, 1.42648],
						"0.24": [-11.68208, 35.70811, 1.42648]
					}
				},
				"lowerrleg": {
					"rotation": {
						"0.0": [97.5, 0, 0],
						"0.24": [15, 0, 0]
					}
				},
				"waist": {
					"rotation": {
						"0.0": [7.97532, 19.82169, 2.71994],
						"0.24": [-2.02468, 19.82169, 2.71994],
						"0.32": [-2.92246, 19.71377, 0.06584]
					}
				},
				"leftArm": {
					"rotation": {
						"0.0": [54.38034, -6.6782, 10.59061],
						"0.24": [47.74351, 8.84753, -2.51543],
						"0.32": [-0.53471, 8.83482, -7.57558]
					}
				},
				"lowerlarm": {
					"rotation": {
						"0.0": [-87.5, 0, 0],
						"0.24": [-80, 0, 0],
						"0.32": [-12.5, 0, 0]
					}
				},
				"rightArm": {
					"rotation": {
						"0.0": [23.36058, -2.53807, 25.56446],
						"0.24": [10.71441, -1.16945, 9.82199]
					}
				},
				"lowerrarm": {
					"rotation": {
						"0.0": [-37.5, 0, 0],
						"0.24": [-22.5, 0, 0]
					}
				},
				"rightitem": {
					"scale": 1
				},
				"trail_rapier": {
					"scale": 0
				},
				"trail_pierce_rapier": {
					"scale": 0
				},
				"swordright": {
					"scale": 0
				}
			}
		},
		"animation.fast_paced_rapier.land": {
			"loop": "hold_on_last_frame",
			"animation_length": 0.48,
			"override_previous_animation": true,
			"bones": {
				"root": {
					"rotation": {
						"0.0": ["variable.is_first_person ? (math.cos(query.life_time * 100.0) * 0.200) + 0.200 : 0", "variable.is_first_person ? 180 : 0", 0],
						"0.16": [
							"variable.is_first_person ? (math.cos(query.life_time * 100.0) * 0.200) + 0.200 + 7.8485 : 7.8485",
							"variable.is_first_person ? 180 - 17.3222: -17.3222",
							-2.56996
						],
						"0.48": ["variable.is_first_person ? (math.cos(query.life_time * 100.0) * 0.200) + 0.200 : 0", "variable.is_first_person ? 170 : -10", 0]
					},
					"position": {
						"0.0": ["variable.is_first_person ? 2 : 0", "variable.is_first_person ? -3 : 0", "variable.is_first_person ? 12 : 0"],
						"0.16": [0, -4, 0],
						"0.48": ["variable.is_first_person ? 2 : 0", "variable.is_first_person ? -3 : 0", "variable.is_first_person ? 12 : 0"]
					}
				},
				"leftleg": {
					"rotation": {
						"0.0": [-17.28974, -4.77628, -5.71489],
						"0.16": [-84.78974, -4.77628, -5.71489],
						"0.48": [8.75038, 10.82015, -6.25038]
					}
				},
				"lowerlleg": {
					"rotation": {
						"0.0": [10, 0, 0],
						"0.16": [92.5, 0, 0],
						"0.48": [10, 0, 0]
					}
				},
				"rightleg": {
					"rotation": {
						"0.0": [-11.68208, 35.70811, 1.42648],
						"0.16": [-84.18208, 35.70811, 1.42648],
						"0.48": [-9.69879, 10.71167, 3.21202]
					}
				},
				"lowerrleg": {
					"rotation": {
						"0.0": [15, 0, 0],
						"0.16": [97.5, 0, 0],
						"0.48": [10, 0, 0]
					}
				},
				"waist": {
					"rotation": {
						"0.0": [-2.02468, 19.82169, 2.71994],
						"0.16": [7.97532, 19.82169, 2.71994],
						"0.48": [5.00238, -2.49762, -0.10912]
					}
				},
				"leftArm": {
					"rotation": {
						"0.0": [7.15656, -2.24944, -12.64068],
						"0.16": [0, 0, -30],
						"0.48": [12.5, 0, -7.5]
					}
				},
				"lowerlarm": {
					"rotation": {
						"0.0": [-2.5, 0, 0],
						"0.16": [-32.5, 0, 0],
						"0.48": [-15, 0, 0]
					}
				},
				"rightArm": {
					"rotation": {
						"0.0": [10.71441, -1.16945, 9.82199],
						"0.16": [23.36058, -2.53807, 25.56446],
						"0.48": [-16.1907, -22.58475, 29.33287]
					}
				},
				"lowerrarm": {
					"rotation": {
						"0.0": [-22.5, 0, 0],
						"0.16": [-37.5, 0, 0],
						"0.48": [-47.5, 0, 0]
					}
				},
				"rightitem": {
					"scale": 1
				},
				"trail_rapier": {
					"scale": {
						"0.0": [0, 0, 0],
						"0.48": [0, 0, 0]
					}
				},
				"trail_pierce_rapier": {
					"scale": {
						"0.0": [0, 0, 0],
						"0.48": [0, 0, 0]
					}
				},
				"swordright": {
					"scale": 0
				}
			}
		},
		"animation.fast_paced_rapier.unsheathe": {
			"animation_length": 1.36,
			"bones": {
				"waist": {
					"rotation": {
						"0.0": [0, 0, 0],
						"0.16": [15, -35, 0],
						"0.68": [-7.7832, 12.34947, -0.97657],
						"0.76": [-7.96802, -17.38019, 3.09209],
						"1.04": [-7.96802, -17.38019, 3.09209]
					}
				},
				"leftArm": {
					"rotation": [0, 0, -12.5]
				},
				"lowerlarm": {
					"rotation": [0, 0, 12.5]
				},
				"rightArm": {
					"rotation": {
						"0.16": [-150.00569, 3.60526, 137.05755],
						"0.28": [24.99431, 3.60526, 137.05755],
						"0.76": [266.41454, 22.69646, 373.88524],
						"1.04": [278.91454, 22.69646, 373.88524],
						"1.12": [329.56935, -14.39337, 395.96835]
					},
					"position": [1, 0, 0]
				},
				"lowerrarm": {
					"rotation": {
						"0.0": [0, 0, 0],
						"0.16": [-12.5, 0, 0],
						"1.04": [-13.75, 0, 0],
						"1.12": [-48.75, 0, 0]
					}
				},
				"rightitem": {
					"rotation": {
						"0.68": [0, 0, 0],
						"0.76": [62.5, 0, 0],
						"1.04": [62.5, 0, 0],
						"1.12": [0, 0, 0]
					},
					"scale": {
						"0.0": [0, 0, 0],
						"0.16": [0, 0, 0],
						"0.28": [1, 1, 1]
					}
				},
				"trail": {
					"scale": 0
				},
				"trail_rapier": {
					"scale": [1, 0, 1]
				},
				"trail_pierce_rapier": {
					"scale": 0
				},
				"sheathed": {
					"rotation": {
						"0.0": [0, 0, 0],
						"0.16": [-32.47188, 11.4502, -18.43049]
					}
				},
				"swordright": {
					"scale": {
						"0.2": [1, 1, 1],
						"0.24": [0, 0, 0]
					}
				}
			}
		},
		"animation.fast_paced_rapier.unsheathe_dagger": {
			"animation_length": 1.36,
			"bones": {
				"waist": {
					"rotation": {
						"0.0": [0, 0, 0],
						"0.16": [15, -35, 0],
						"0.68": [-7.7832, 12.34947, -0.97657],
						"0.76": [-7.96802, -17.38019, 3.09209],
						"1.04": [-7.96802, -17.38019, 3.09209],
						"1.12": [0, -12.5, 0]
					}
				},
				"leftArm": {
					"rotation": {
						"0.0": [0, 0, 0],
						"0.16": [-27.14233, 4.59902, 8.88927],
						"0.4": [-27.14233, 4.59902, 8.88927],
						"0.56": [-117.14233, 4.59902, 8.88927],
						"0.72": [-10.31193, 31.72139, -4.2099],
						"1.12": [-40.45622, 39.96621, -35.53599]
					}
				},
				"lowerlarm": {
					"rotation": {
						"0.0": [0, 0, 0],
						"0.16": [-15, 0, 0],
						"0.4": [-15, 0, 0],
						"0.72": [-75, 0, 0],
						"1.12": [-37.5, 0, 0]
					}
				},
				"rightArm": {
					"rotation": {
						"0.16": [-150.00569, 3.60526, 137.05755],
						"0.28": [24.99431, 3.60526, 137.05755],
						"0.76": [266.41454, 22.69646, 373.88524],
						"1.04": [278.91454, 22.69646, 373.88524],
						"1.12": [334.01434, 52.92936, 365.14633]
					},
					"position": [1, 0, 0]
				},
				"lowerrarm": {
					"rotation": {
						"0.0": [0, 0, 0],
						"0.16": [-12.5, 0, 0],
						"1.04": [-13.75, 0, 0],
						"1.12": [-45, 0, 0]
					}
				},
				"rightitem": {
					"rotation": {
						"0.68": [0, 0, 0],
						"0.76": [62.5, 0, 0],
						"1.04": [62.5, 0, 0],
						"1.12": [35, 0, 0]
					},
					"scale": {
						"0.0": [0, 0, 0],
						"0.16": [0, 0, 0],
						"0.28": [1, 1, 1]
					}
				},
				"trail": {
					"scale": 0
				},
				"trail_rapier": {
					"scale": {
						"0.0": [1, 0, 1],
						"1.12": [1, 0, 1]
					}
				},
				"trail_pierce_rapier": {
					"scale": {
						"0.0": [0, 0, 0],
						"1.12": [1, 1, 0]
					}
				},
				"sheathed": {
					"rotation": {
						"0.0": [0, 0, 0],
						"0.16": [-32.47188, 11.4502, -18.43049]
					}
				},
				"swordright": {
					"scale": {
						"0.2": [1, 1, 1],
						"0.24": [0, 0, 0],
						"1.12": [0, 0, 0]
					}
				},
				"root": {
					"rotation": ["variable.is_first_person ? (math.cos(query.life_time * 100.0) * 0.200) + 0.200 : 0", "variable.is_first_person ? 140 : -40", 0],
					"position": ["variable.is_first_person ? 2 : 0", "variable.is_first_person ? -4 : -1", "variable.is_first_person ? 12 : 0"]
				},
				"leftleg": {
					"rotation": [-35, -47.5, 0]
				},
				"lowerlleg": {
					"rotation": [35, 0, 0]
				},
				"rightleg": {
					"rotation": [-35, 45, 0]
				},
				"lowerrleg": {
					"rotation": [32.5, 0, 0]
				},
				"leftitem": {
					"rotation": {
						"0.16": [180, 0, 0],
						"0.4": [180, 0, 0],
						"0.44": [210, 0, 0],
						"0.52": [180, 0, 0],
						"0.72": [25, 0, 0],
						"1.12": [30, 0, 0]
					},
					"scale": {
						"0.0": [0, 0, 0],
						"0.4": [0, 0, 0],
						"0.44": [1, 1, 1],
						"0.72": [1, 1, 1]
					}
				},
				"dagger_sheathe": {
					"rotation": {
						"0.4": [0, 0, 0],
						"0.52": [-12.5, 0, 0],
						"0.92": [0, 0, 0]
					},
					"position": {
						"0.4": [0, 0, 0],
						"0.52": [0, -2, 0],
						"0.92": [0, 0, 0]
					}
				},
				"dagger_sheathed2": {
					"scale": {
						"0.4": [1, 1, 1],
						"0.44": [0, 0, 0]
					}
				}
			}
		},
		"animation.fast_paced_rapier.unsheathe_shield": {
			"animation_length": 1.36,
			"bones": {
				"waist": {
					"rotation": {
						"0.0": [0, 0, 0],
						"0.16": [15, -35, 0],
						"0.68": [-7.7832, 12.34947, -0.97657],
						"0.76": [-7.96802, -17.38019, 3.09209],
						"1.04": [-7.96802, -17.38019, 3.09209],
						"1.12": [2.5, 20, 0]
					}
				},
				"leftArm": {
					"rotation": {
						"0.0": [0, 0, 0],
						"0.12": [46.64743, -7.43547, 13.06431],
						"0.24": [-35.94859, -8.09747, -4.58645],
						"0.52": [-16.67167, 26.24466, -21.60577],
						"1.12": [-1.29903, 30.08235, -8.15548]
					},
					"position": [0, 0, 0]
				},
				"lowerlarm": {
					"rotation": {
						"0.0": [0, 0, 0],
						"0.12": [-45, 0, 0],
						"0.24": [0, 0, 0],
						"0.52": [-42.39409, 29.4987, 28.34077],
						"1.12": [-12.5, 0, 0]
					}
				},
				"rightArm": {
					"rotation": {
						"0.16": [-150.00569, 3.60526, 137.05755],
						"0.28": [24.99431, 3.60526, 137.05755],
						"0.68": [303.67784, 19.51459, 334.41396],
						"0.76": [316.41454, 22.69646, 373.88524],
						"1.04": [391.4419, 22.69646, 373.88524],
						"1.12": [404.87015, -9.99219, 384.54344]
					},
					"position": [1, 0, 0]
				},
				"lowerrarm": {
					"rotation": {
						"0.0": [0, 0, 0],
						"0.16": [-12.5, 0, 0],
						"1.04": [-13.75, 0, 0],
						"1.12": [-45, 0, 0]
					}
				},
				"rightitem": {
					"rotation": {
						"0.68": [0, 0, 0],
						"0.76": [62.5, 0, 0],
						"1.04": [-7.5, 0, 0],
						"1.12": [0, 0, 0]
					},
					"scale": {
						"0.0": [0, 0, 0],
						"0.16": [0, 0, 0],
						"0.28": [1, 1, 1]
					}
				},
				"trail": {
					"scale": 0
				},
				"trail_rapier": {
					"scale": {
						"0.0": [1, 0, 1],
						"1.12": [1, 0, 1]
					}
				},
				"trail_pierce_rapier": {
					"scale": {
						"0.0": [0, 0, 0],
						"1.12": [1, 1, 0]
					}
				},
				"sheathed": {
					"rotation": {
						"0.0": [0, 0, 0],
						"0.16": [-32.47188, 11.4502, -18.43049]
					}
				},
				"swordright": {
					"scale": {
						"0.2": [1, 1, 1],
						"0.24": [0, 0, 0]
					}
				},
				"root": {
					"rotation": ["variable.is_first_person ? (math.cos(query.life_time * 100.0) * 0.200) + 0.200 : 0", "variable.is_first_person ? 180 : 0", 0],
					"position": ["variable.is_first_person ? 2 : 0", "variable.is_first_person ? -4 : -1", "variable.is_first_person ? 12 : 0"]
				},
				"leftleg": {
					"rotation": [-14.94548, -1.29256, -4.83045]
				},
				"lowerlleg": {
					"rotation": [12.5, 0, 0]
				},
				"rightleg": {
					"rotation": [4.99527, -0.21782, 2.4905]
				},
				"lowerrleg": {
					"rotation": [12.5, 0, 0]
				},
				"leftitem": {
					"scale": {
						"0.12": [0, 0, 0],
						"0.16": [1, 1, 1],
						"0.52": [1, 1, 1]
					}
				},
				"shield_back": {
					"rotation": {
						"0.0": [0, 0, 0],
						"0.12": [-122.95098, -23.44849, -120.73838],
						"0.24": [-113.91199, -32.27476, -110.55024]
					},
					"position": {
						"0.0": [0, 0, 0],
						"0.12": [2, 0, 0],
						"0.24": [5, 0, 0]
					},
					"scale": {
						"0.12": [1, 1, 1],
						"0.16": [0, 0, 0]
					}
				}
			}
		},
		"animation.fast_paced_rapier.attack_riding_pose": {
			"loop": "hold_on_last_frame",
			"animation_length": 0.3,
			"override_previous_animation": true,
			"bones": {
				"trail_lance": {
					"scale": 0
				},
				"trail_katana": {
					"scale": [1, 0, 1]
				},
				"trail_wakizashi_offhand": {
					"scale": [1, 0, 1]
				},
				"root": {
					"rotation": ["variable.is_first_person ? (math.cos(query.life_time * 100.0) * 0.200) + 0.200 : 0", "variable.is_first_person ? 180 : 0", 0],
					"position": ["variable.is_first_person ? 2 : 0", "variable.is_first_person ? -12 : -9", "variable.is_first_person ? 12 : 0"]
				},
				"leftleg": {
					"rotation": [-65.43798, -22.9824, -12.61783]
				},
				"lowerlleg": {
					"rotation": [62.5, 0, 0]
				},
				"rightleg": {
					"rotation": [-78.71587, 27.37204, 7.66261]
				},
				"lowerrleg": {
					"rotation": [70, 0, 0]
				},
				"waist": {
					"rotation": [2.5, 0, 0]
				},
				"leftArm": {
					"rotation": [-51.55241, 33.39974, -50.86873]
				},
				"lowerlarm": {
					"rotation": [-27.58957, -4.43385, 2.31336]
				},
				"rightArm": {
					"rotation": {
						"0.0": [44.33383, 14.3313, 72.58827],
						"0.1": [66.6816, -15.65477, 85.26889],
						"0.2": [-53.3184, -15.65477, 85.26889]
					}
				},
				"lowerrarm": {
					"rotation": {
						"0.0": [-12.5, 0, 0],
						"0.1": [-70, 0, 0],
						"0.2": [-20, 0, 0]
					}
				},
				"rightitem": {
					"rotation": {
						"0.0": [0, 0, 0],
						"0.1": [0, 0, 0],
						"0.2": [72.5, 0, 0]
					}
				},
				"trail_rapier": {
					"scale": [1, 0, 1]
				},
				"trail_pierce_rapier": {
					"scale": {
						"0.0": [1, 1, 0],
						"0.1": [1, 1, 1],
						"0.3": [1, 1, 0]
					}
				},
				"swordright": {
					"scale": 0
				}
			}
		},
		"animation.fast_paced_rapier.riding_pose": {
			"loop": true,
			"override_previous_animation": true,
			"bones": {
				"trail_lance": {
					"scale": 0
				},
				"trail_katana": {
					"scale": [1, 0, 1]
				},
				"trail_wakizashi_offhand": {
					"scale": [1, 0, 1]
				},
				"root": {
					"rotation": ["variable.is_first_person ? (math.cos(query.life_time * 100.0) * 0.200) + 0.200 : 0", "variable.is_first_person ? 180 : 0", 0],
					"position": ["variable.is_first_person ? 2 : 0", "variable.is_first_person ? -12 : -9", "variable.is_first_person ? 12 : 0"]
				},
				"leftleg": {
					"rotation": [-65.43798, -22.9824, -12.61783]
				},
				"lowerlleg": {
					"rotation": [62.5, 0, 0]
				},
				"rightleg": {
					"rotation": [-78.71587, 27.37204, 7.66261]
				},
				"lowerrleg": {
					"rotation": [70, 0, 0]
				},
				"waist": {
					"rotation": [2.5, 0, 0]
				},
				"leftArm": {
					"rotation": [-51.55241, 33.39974, -50.86873]
				},
				"lowerlarm": {
					"rotation": [-27.58957, -4.43385, 2.31336]
				},
				"rightArm": {
					"rotation": [44.33383, 14.3313, 72.58827]
				},
				"lowerrarm": {
					"rotation": [-12.5, 0, 0]
				},
				"trail_rapier": {
					"scale": [1, 0, 1]
				},
				"trail_pierce_rapier": {
					"scale": [1, 1, 0]
				}
			}
		}
	}
}