{
	"format_version": "1.8.0",
	"animations": {
		"animation.fast_paced_halberd.base_pose": {
			"loop": true,
			"override_previous_animation": true,
			"bones": {
				"leftleg": {
					"rotation": [-7.5, 0, -2.5]
				},
				"lowerlleg": {
					"rotation": [7.5, 0, 0]
				},
				"rightleg": {
					"rotation": [2.5, 0, 2.5]
				},
				"lowerrleg": {
					"rotation": [15, 0, 0]
				},
				"waist": {
					"rotation": [2.50954, 4.99523, 0.21865]
				},
				"leftArm": {
					"rotation": [0, 0, -2.5]
				},
				"lowerlarm": {
					"rotation": [-20, 0, 0]
				},
				"rightArm": {
					"rotation": [-50.80817, 25.77945, 3.74282]
				},
				"lowerrarm": {
					"rotation": [-37.5, 0, 0]
				},
				"rightItem": {
					"position": [0, 0, 8]
				},
				"trail_pierce_halberd": {
					"scale": 0
				},
				"trail_halberd": {
					"scale": 0
				},
				"root": {
					"rotation": ["variable.is_first_person ? (math.cos(query.life_time * 100.0) * 0.200) + 0.200 : 0", "variable.is_first_person ? 180 : 0", 0],
					"position": ["variable.is_first_person ? 2 : 0", "variable.is_first_person ? -3 : 0", "variable.is_first_person ? 12 : 0"]
				},
				"halberd_back": {
					"scale": 0
				}
			}
		},
		"animation.fast_paced_halberd.base_pose_bob": {
			"loop": true,
			"animation_length": 12,
			"override_previous_animation": true,
			"bones": {
				"leftleg": {
					"rotation": {
						"0.0": [-7.5, 0, -2.5],
						"1.5": [-4.99527, -0.21782, -4.9905],
						"3.0": [-7.5, 0, -2.5],
						"4.5": [-4.99527, -0.21782, -4.9905],
						"6.0": [-7.5, 0, -2.5],
						"7.5": [-4.99527, -0.21782, -4.9905],
						"9.0": [-7.5, 0, -2.5],
						"10.5": [-4.99527, -0.21782, -4.9905],
						"12.0": [-7.5, 0, -2.5]
					}
				},
				"lowerlleg": {
					"rotation": {
						"0.0": [7.5, 0, 0],
						"1.5": [5, 0, 0],
						"3.0": [7.5, 0, 0],
						"4.5": [5, 0, 0],
						"6.0": [7.5, 0, 0],
						"7.5": [5, 0, 0],
						"9.0": [7.5, 0, 0],
						"10.5": [5, 0, 0],
						"12.0": [7.5, 0, 0]
					}
				},
				"rightleg": {
					"rotation": {
						"0.0": [2.5, 0, 2.5],
						"1.5": [0, 0, 5],
						"3.0": [2.5, 0, 2.5],
						"4.5": [0, 0, 5],
						"6.0": [2.5, 0, 2.5],
						"7.5": [0, 0, 5],
						"9.0": [2.5, 0, 2.5],
						"10.5": [0, 0, 5],
						"12.0": [2.5, 0, 2.5]
					}
				},
				"lowerrleg": {
					"rotation": {
						"0.0": [15, 0, 0],
						"1.5": [12.5, 0, 0],
						"3.0": [15, 0, 0],
						"4.5": [12.5, 0, 0],
						"6.0": [15, 0, 0],
						"7.5": [12.5, 0, 0],
						"9.0": [15, 0, 0],
						"10.5": [12.5, 0, 0],
						"12.0": [15, 0, 0]
					}
				},
				"waist": {
					"rotation": {
						"0.0": [2.50954, 4.99523, 0.21865],
						"1.5": [5.00954, 4.99523, 0.21865],
						"3.0": [2.50954, 4.99523, 0.21865],
						"4.5": [5.00954, 4.99523, 0.21865],
						"6.0": [2.50954, 4.99523, 0.21865],
						"7.5": [5.00954, 4.99523, 0.21865],
						"9.0": [2.50954, 4.99523, 0.21865],
						"10.5": [5.00954, 4.99523, 0.21865],
						"12.0": [2.50954, 4.99523, 0.21865]
					}
				},
				"leftArm": {
					"rotation": {
						"0.0": [0, 0, -2.5],
						"1.5": [0, 0, -7.5],
						"3.0": [0, 0, -2.5],
						"4.5": [0, 0, -7.5],
						"6.0": [0, 0, -2.5],
						"7.5": [0, 0, -7.5],
						"9.0": [0, 0, -2.5],
						"10.5": [0, 0, -7.5],
						"12.0": [0, 0, -2.5]
					}
				},
				"lowerlarm": {
					"rotation": {
						"0.0": [-20, 0, 0],
						"3.0": [-20, 0, 0],
						"6.0": [-20, 0, 0],
						"9.0": [-20, 0, 0],
						"12.0": [-20, 0, 0]
					}
				},
				"rightArm": {
					"rotation": {
						"0.0": [-54.87394, -9.00877, -0.21173],
						"1.5": [-37.57525, -6.96142, 1.23709],
						"3.0": [-54.87394, -9.00877, -0.21173],
						"4.5": [-37.57525, -6.96142, 1.23709],
						"6.0": [-54.87394, -9.00877, -0.21173],
						"7.5": [-37.57525, -6.96142, 1.23709],
						"9.0": [-54.87394, -9.00877, -0.21173],
						"10.1": [-54.87394, -9.00877, -0.21173],
						"10.5": [-77.57525, -6.96142, 1.23709],
						"10.6": [-18.56183, -7.09791, 1.1405],
						"12.0": [-54.87394, -9.00877, -0.21173]
					}
				},
				"lowerrarm": {
					"rotation": {
						"0.0": [-37.5, 0, 0],
						"1.5": [-57.5, 0, 0],
						"3.0": [-37.5, 0, 0],
						"4.5": [-57.5, 0, 0],
						"6.0": [-37.5, 0, 0],
						"7.5": [-57.5, 0, 0],
						"9.0": [-37.5, 0, 0],
						"10.1": [-37.5, 0, 0],
						"10.5": [-95, 0, 0],
						"10.6": [-71.17, 0, 0],
						"12.0": [-37.5, 0, 0]
					}
				},
				"rightItem": {
					"position": {
						"0.0": [0, 0, 8],
						"3.0": [0, 0, 8],
						"6.0": [0, 0, 8],
						"9.0": [0, 0, 8],
						"12.0": [0, 0, 8]
					}
				},
				"trail_pierce_halberd": {
					"scale": 0
				},
				"trail_halberd": {
					"scale": 0
				},
				"root": {
					"rotation": ["variable.is_first_person ? (math.cos(query.life_time * 100.0) * 0.200) + 0.200 : 0", "variable.is_first_person ? 180 : 0", 0],
					"position": ["variable.is_first_person ? 2 : 0", "variable.is_first_person ? -3 : 0", "variable.is_first_person ? 12 : 0"]
				},
				"halberd_back": {
					"scale": 0
				}
			}
		},
		"animation.fast_paced_halberd.sneak": {
			"loop": true,
			"override_previous_animation": true,
			"bones": {
				"leftleg": {
					"rotation": [-70, 0, -2.5]
				},
				"lowerlleg": {
					"rotation": [72.5, 0, 0]
				},
				"rightleg": {
					"rotation": [10, 0, 2.5]
				},
				"lowerrleg": {
					"rotation": [70, 0, 0]
				},
				"waist": {
					"rotation": [20.16022, 19.98015, 0.90956]
				},
				"leftArm": {
					"rotation": [-59.66661, -14.73159, -5.84614]
				},
				"lowerlarm": {
					"rotation": [-30, 0, 0]
				},
				"rightArm": {
					"rotation": [-66.74685, -17.00159, 88.83927]
				},
				"lowerrarm": {
					"rotation": [-22.5, 0, 0]
				},
				"root": {
					"rotation": ["variable.is_first_person ? (math.cos(query.life_time * 100.0) * 0.200) + 0.200 : 0", "variable.is_first_person ? 180 : 0", 0],
					"position": ["variable.is_first_person ? 2 : 0", "variable.is_first_person ? -3 : -4", "variable.is_first_person ? 12 : 0"]
				},
				"trail_pierce_halberd": {
					"scale": 0
				},
				"trail_halberd": {
					"scale": 0
				},
				"halberd_back": {
					"scale": 0
				}
			}
		},
		"animation.fast_paced_halberd.sneak_move": {
			"loop": true,
			"animation_length": 1.04,
			"override_previous_animation": true,
			"bones": {
				"leftleg": {
					"rotation": {
						"0.0": [-74.9299, 1.70818, -0.30014],
						"0.52": [-2.4299, 1.70818, -0.30014],
						"0.8": [-111.26229, 1.23927, 0.51927],
						"1.04": [-74.9299, 1.70818, -0.30014]
					}
				},
				"lowerlleg": {
					"rotation": {
						"0.0": [72.5, 0, 0],
						"0.24": [118.46, 0, 0],
						"0.52": [80, 0, 0],
						"0.8": [100.96, 0, 0],
						"1.04": [72.5, 0, 0]
					}
				},
				"rightleg": {
					"rotation": {
						"0.0": [-0.14068, -2.24944, 7.15656],
						"0.24": [-98.33018, 0.42156, 5.28399],
						"0.52": [-77.46793, 3.53773, 3.09932],
						"0.8": [-25.83018, 0.42156, 5.28399],
						"1.04": [-0.14068, -2.24944, 7.15656]
					}
				},
				"lowerrleg": {
					"rotation": {
						"0.0": [77.5, 0, 0],
						"0.24": [100, 0, 0],
						"0.52": [72.5, 0, 0],
						"0.8": [112.69, 0, 0],
						"1.04": [77.5, 0, 0]
					}
				},
				"waist": {
					"rotation": {
						"0.0": [9.54465, -10.65249, 3.33759],
						"0.52": [7.9555, 11.90275, 4.32528],
						"1.04": [9.54465, -10.65249, 3.33759]
					}
				},
				"leftArm": {
					"rotation": [-59.66661, -14.73159, -5.84614]
				},
				"lowerlarm": {
					"rotation": [-30, 0, 0]
				},
				"rightArm": {
					"rotation": [-66.74685, -17.00159, 88.83927]
				},
				"lowerrarm": {
					"rotation": [-22.5, 0, 0]
				},
				"root": {
					"rotation": ["variable.is_first_person ? (math.cos(query.life_time * 100.0) * 0.200) + 0.200 : 0", "variable.is_first_person ? 177.5 : -2.5", -2.5],
					"position": {
						"0.0": ["variable.is_first_person ? 2 : 0", "variable.is_first_person ? -7 : -4", "variable.is_first_person ? 12 : 0"],
						"0.24": ["variable.is_first_person ? 2 : 0", "variable.is_first_person ? -8 : -5", "variable.is_first_person ? 12 : 0"],
						"0.52": ["variable.is_first_person ? 2 : 0", "variable.is_first_person ? -7 : -4", "variable.is_first_person ? 12 : 0"],
						"0.8": ["variable.is_first_person ? 2 : 0", "variable.is_first_person ? -9 : -6", "variable.is_first_person ? 12 : 0"],
						"1.04": ["variable.is_first_person ? 2 : 0", "variable.is_first_person ? -7 : -4", "variable.is_first_person ? 12 : 0"]
					}
				},
				"trail_pierce_halberd": {
					"scale": 0
				},
				"trail_halberd": {
					"scale": 0
				},
				"halberd_back": {
					"scale": 0
				}
			}
		},
		"animation.fast_paced_halberd.sneak_attack": {
			"animation_length": 1,
			"override_previous_animation": true,
			"bones": {
				"leftleg": {
					"rotation": {
						"0.0": [-70, 0, -2.5],
						"0.2": [10, 0, -2.5],
						"0.52": [10, 0, -2.5],
						"1.0": [-70, 0, -2.5]
					}
				},
				"lowerlleg": {
					"rotation": {
						"0.0": [72.5, 0, 0],
						"1.0": [72.5, 0, 0]
					}
				},
				"rightleg": {
					"rotation": {
						"0.0": [10, 0, 2.5],
						"0.2": [-70, 0, 2.5],
						"0.52": [-70, 0, 2.5],
						"1.0": [10, 0, 2.5]
					}
				},
				"lowerrleg": {
					"rotation": {
						"0.0": [70, 0, 0],
						"1.0": [70, 0, 0]
					}
				},
				"waist": {
					"rotation": {
						"0.0": [-175.01713, 25.09, 189.81688],
						"0.2": [-174.88841, -276.09, 189.56207],
						"0.52": [-174.88841, -276.09, 189.56207],
						"1.0": [-180.1803, -180.5353, 180.3778]
					}
				},
				"leftArm": {
					"rotation": {
						"0.0": [-59.66661, -14.73159, -5.84614],
						"0.2": [-77.16661, -14.73159, -5.84614],
						"0.52": [-77.16661, -14.73159, -5.84614]
					}
				},
				"lowerlarm": {
					"rotation": {
						"0.0": [-30, 0, 0],
						"0.2": [-2.5, 0, 0],
						"0.52": [-2.5, 0, 0]
					}
				},
				"rightArm": {
					"rotation": {
						"0.0": [-66.74685, -17.00159, 88.83927],
						"0.2": [-34.24685, -17.00159, 88.83927],
						"0.52": [-34.24685, -17.00159, 88.83927]
					}
				},
				"lowerrarm": {
					"rotation": {
						"0.0": [-22.5, 0, 0],
						"0.2": [-50, 0, 0],
						"0.52": [-50, 0, 0]
					}
				},
				"root": {
					"rotation": ["variable.is_first_person ? (math.cos(query.life_time * 100.0) * 0.200) + 0.200 : 0", "variable.is_first_person ? 180 : 0", 0],
					"position": ["variable.is_first_person ? 2 : 0", "variable.is_first_person ? -7 : -4", "variable.is_first_person ? 12 : 0"]
				},
				"trail_pierce_halberd": {
					"scale": 0
				},
				"trail_halberd": {
					"scale": 0
				},
				"halberd_back": {
					"scale": 0
				}
			}
		},
		"animation.fast_paced_halberd.fall": {
			"loop": "hold_on_last_frame",
			"animation_length": 10.1,
			"override_previous_animation": true,
			"bones": {
				"root": {
					"rotation": {
						"0.0": [0, 0, 0],
						"1.0": [15, 0, 0],
						"2.5": [25, 0, 0],
						"3.5": [25, 0, 0]
					},
					"position": ["variable.is_first_person ? 2 : 0", "variable.is_first_person ? -4 : -1", "variable.is_first_person ? 12 : 0"]
				},
				"leftleg": {
					"rotation": {
						"0.0": [-34.78974, -4.77628, -5.71489],
						"1.0": [27.71026, -4.77628, -5.71489],
						"2.5": [-32.3709, -2.61484, -4.45594],
						"3.5": [-32.3709, -2.61484, -4.45594],
						"4.0": [-24.9572, -1.66147, -2.14323],
						"4.3": [-27.3705, -2.81265, -4.36414],
						"4.5": [-24.9572, -1.66147, -2.14323],
						"4.7": [-27.3705, -2.81265, -4.36414],
						"4.9": [-24.9572, -1.66147, -2.14323],
						"5.1": [-27.3705, -2.81265, -4.36414],
						"5.3": [-24.9572, -1.66147, -2.14323],
						"5.5": [-27.3705, -2.81265, -4.36414],
						"5.7": [-24.9572, -1.66147, -2.14323],
						"5.9": [-27.3705, -2.81265, -4.36414],
						"6.1": [-24.9572, -1.66147, -2.14323],
						"6.3": [-27.3705, -2.81265, -4.36414],
						"6.5": [-24.9572, -1.66147, -2.14323],
						"6.7": [-27.3705, -2.81265, -4.36414],
						"6.9": [-24.9572, -1.66147, -2.14323],
						"7.1": [-27.3705, -2.81265, -4.36414],
						"7.3": [-24.9572, -1.66147, -2.14323],
						"7.5": [-27.3705, -2.81265, -4.36414],
						"7.7": [-24.9572, -1.66147, -2.14323],
						"7.9": [-27.3705, -2.81265, -4.36414],
						"8.1": [-24.9572, -1.66147, -2.14323],
						"8.3": [-27.3705, -2.81265, -4.36414],
						"8.5": [-24.9572, -1.66147, -2.14323],
						"8.7": [-27.3705, -2.81265, -4.36414],
						"8.9": [-24.9572, -1.66147, -2.14323],
						"9.1": [-27.3705, -2.81265, -4.36414],
						"9.3": [-24.9572, -1.66147, -2.14323],
						"9.5": [-27.3705, -2.81265, -4.36414],
						"9.7": [-24.9572, -1.66147, -2.14323],
						"9.9": [-27.3705, -2.81265, -4.36414],
						"10.1": [-24.9572, -1.66147, -2.14323]
					}
				},
				"lowerlleg": {
					"rotation": {
						"0.0": [32.5, 0, 0],
						"1.0": [32.5, 0, 0],
						"2.5": [2.5, 0, 0],
						"3.5": [2.5, 0, 0]
					}
				},
				"rightleg": {
					"rotation": {
						"0.0": [29.82648, -2.86313, 6.93488],
						"1.0": [-72.67352, -2.86313, 6.93488],
						"2.5": [-35.17352, -2.86313, 6.93488],
						"3.5": [-35.17352, -2.86313, 6.93488],
						"4.0": [-27.67352, -2.86313, 6.93488],
						"4.3": [-32.76171, -1.7002, 9.14972],
						"4.5": [-27.67352, -2.86313, 6.93488],
						"4.7": [-32.76171, -1.7002, 9.14972],
						"4.9": [-27.67352, -2.86313, 6.93488],
						"5.1": [-32.76171, -1.7002, 9.14972],
						"5.3": [-27.67352, -2.86313, 6.93488],
						"5.5": [-32.76171, -1.7002, 9.14972],
						"5.7": [-27.67352, -2.86313, 6.93488],
						"5.9": [-32.76171, -1.7002, 9.14972],
						"6.1": [-27.67352, -2.86313, 6.93488],
						"6.3": [-32.76171, -1.7002, 9.14972],
						"6.5": [-27.67352, -2.86313, 6.93488],
						"6.7": [-32.76171, -1.7002, 9.14972],
						"6.9": [-27.67352, -2.86313, 6.93488],
						"7.1": [-32.76171, -1.7002, 9.14972],
						"7.3": [-27.67352, -2.86313, 6.93488],
						"7.5": [-32.76171, -1.7002, 9.14972],
						"7.7": [-27.67352, -2.86313, 6.93488],
						"7.9": [-32.76171, -1.7002, 9.14972],
						"8.1": [-27.67352, -2.86313, 6.93488],
						"8.3": [-32.76171, -1.7002, 9.14972],
						"8.5": [-27.67352, -2.86313, 6.93488],
						"8.7": [-32.76171, -1.7002, 9.14972],
						"8.9": [-27.67352, -2.86313, 6.93488],
						"9.1": [-32.76171, -1.7002, 9.14972],
						"9.3": [-27.67352, -2.86313, 6.93488],
						"9.5": [-32.76171, -1.7002, 9.14972],
						"9.7": [-27.67352, -2.86313, 6.93488],
						"9.9": [-32.76171, -1.7002, 9.14972],
						"10.1": [-27.67352, -2.86313, 6.93488]
					}
				},
				"lowerrleg": {
					"rotation": {
						"0.0": [0, 0, 0],
						"1.0": [10, 0, 0],
						"2.5": [2.5, 0, 0],
						"3.5": [2.5, 0, 0]
					}
				},
				"waist": {
					"rotation": {
						"0.0": [25.00707, 2.47859, 0.32652],
						"1.0": [-17.49293, 2.47859, 0.32652],
						"2.5": [-12.99293, 2.47859, 0.32652],
						"3.5": [-12.99293, 2.47859, 0.32652],
						"4.0": [-12.99293, 2.47859, 0.32652],
						"4.5": [-12.99293, 2.47859, 0.32652],
						"4.9": [-12.99293, 2.47859, 0.32652],
						"5.3": [-12.99293, 2.47859, 0.32652],
						"5.7": [-12.99293, 2.47859, 0.32652],
						"6.1": [-12.99293, 2.47859, 0.32652],
						"6.5": [-12.99293, 2.47859, 0.32652],
						"6.9": [-12.99293, 2.47859, 0.32652],
						"7.3": [-12.99293, 2.47859, 0.32652],
						"7.7": [-12.99293, 2.47859, 0.32652],
						"8.1": [-12.99293, 2.47859, 0.32652],
						"8.5": [-12.99293, 2.47859, 0.32652],
						"8.9": [-12.99293, 2.47859, 0.32652],
						"9.3": [-12.99293, 2.47859, 0.32652],
						"9.7": [-12.99293, 2.47859, 0.32652],
						"10.1": [-12.99293, 2.47859, 0.32652]
					}
				},
				"leftArm": {
					"rotation": {
						"0.0": [-59.66661, -14.73159, -5.84614],
						"1.0": [-59.66661, -14.73159, -5.84614],
						"2.5": [-44.66661, -14.73159, -5.84614],
						"3.5": [-44.66661, -14.73159, -5.84614],
						"4.0": [-44.66661, -14.73159, -5.84614],
						"4.3": [-52.16661, -14.73159, -5.84614],
						"4.5": [-27.16661, -14.73159, -5.84614],
						"4.7": [-52.16661, -14.73159, -5.84614],
						"4.9": [-27.16661, -14.73159, -5.84614],
						"5.1": [-52.16661, -14.73159, -5.84614],
						"5.3": [-27.16661, -14.73159, -5.84614],
						"5.5": [-52.16661, -14.73159, -5.84614],
						"5.7": [-27.16661, -14.73159, -5.84614],
						"5.9": [-52.16661, -14.73159, -5.84614],
						"6.1": [-27.16661, -14.73159, -5.84614],
						"6.3": [-52.16661, -14.73159, -5.84614],
						"6.5": [-27.16661, -14.73159, -5.84614],
						"6.7": [-52.16661, -14.73159, -5.84614],
						"6.9": [-27.16661, -14.73159, -5.84614],
						"7.1": [-52.16661, -14.73159, -5.84614],
						"7.3": [-27.16661, -14.73159, -5.84614],
						"7.5": [-52.16661, -14.73159, -5.84614],
						"7.7": [-27.16661, -14.73159, -5.84614],
						"7.9": [-52.16661, -14.73159, -5.84614],
						"8.1": [-27.16661, -14.73159, -5.84614],
						"8.3": [-52.16661, -14.73159, -5.84614],
						"8.5": [-27.16661, -14.73159, -5.84614],
						"8.7": [-52.16661, -14.73159, -5.84614],
						"8.9": [-27.16661, -14.73159, -5.84614],
						"9.1": [-52.16661, -14.73159, -5.84614],
						"9.3": [-27.16661, -14.73159, -5.84614],
						"9.5": [-52.16661, -14.73159, -5.84614],
						"9.7": [-27.16661, -14.73159, -5.84614],
						"9.9": [-52.16661, -14.73159, -5.84614],
						"10.1": [-27.16661, -14.73159, -5.84614]
					}
				},
				"lowerlarm": {
					"rotation": {
						"0.0": [-30, 0, 0],
						"1.0": [-30, 0, 0],
						"2.5": [-67.5, 0, 0],
						"3.5": [-67.5, 0, 0],
						"4.0": [-67.5, 0, 0],
						"4.3": [-77.5, 0, 0],
						"4.5": [-85, 0, 0],
						"4.7": [-77.5, 0, 0],
						"4.9": [-85, 0, 0],
						"5.1": [-77.5, 0, 0],
						"5.3": [-85, 0, 0],
						"5.5": [-77.5, 0, 0],
						"5.7": [-85, 0, 0],
						"5.9": [-77.5, 0, 0],
						"6.1": [-85, 0, 0],
						"6.3": [-77.5, 0, 0],
						"6.5": [-85, 0, 0],
						"6.7": [-77.5, 0, 0],
						"6.9": [-85, 0, 0],
						"7.1": [-77.5, 0, 0],
						"7.3": [-85, 0, 0],
						"7.5": [-77.5, 0, 0],
						"7.7": [-85, 0, 0],
						"7.9": [-77.5, 0, 0],
						"8.1": [-85, 0, 0],
						"8.3": [-77.5, 0, 0],
						"8.5": [-85, 0, 0],
						"8.7": [-77.5, 0, 0],
						"8.9": [-85, 0, 0],
						"9.1": [-77.5, 0, 0],
						"9.3": [-85, 0, 0],
						"9.5": [-77.5, 0, 0],
						"9.7": [-85, 0, 0],
						"9.9": [-77.5, 0, 0],
						"10.1": [-85, 0, 0]
					}
				},
				"rightArm": {
					"rotation": {
						"0.0": [-66.74685, -17.00159, 88.83927],
						"1.0": [-66.74685, -17.00159, 88.83927],
						"2.5": [-36.74685, -17.00159, 88.83927],
						"3.5": [-36.74685, -17.00159, 88.83927],
						"4.0": [-36.74685, -17.00159, 88.83927],
						"4.3": [-12.61665, -42.65326, 62.04789],
						"4.5": [-36.74685, -17.00159, 88.83927],
						"4.7": [-12.61665, -42.65326, 62.04789],
						"4.9": [-36.74685, -17.00159, 88.83927],
						"5.1": [-12.61665, -42.65326, 62.04789],
						"5.3": [-36.74685, -17.00159, 88.83927],
						"5.5": [-12.61665, -42.65326, 62.04789],
						"5.7": [-36.74685, -17.00159, 88.83927],
						"5.9": [-12.61665, -42.65326, 62.04789],
						"6.1": [-36.74685, -17.00159, 88.83927],
						"6.3": [-12.61665, -42.65326, 62.04789],
						"6.5": [-36.74685, -17.00159, 88.83927],
						"6.7": [-12.61665, -42.65326, 62.04789],
						"6.9": [-36.74685, -17.00159, 88.83927],
						"7.1": [-12.61665, -42.65326, 62.04789],
						"7.3": [-36.74685, -17.00159, 88.83927],
						"7.5": [-12.61665, -42.65326, 62.04789],
						"7.7": [-36.74685, -17.00159, 88.83927],
						"7.9": [-12.61665, -42.65326, 62.04789],
						"8.1": [-36.74685, -17.00159, 88.83927],
						"8.3": [-12.61665, -42.65326, 62.04789],
						"8.5": [-36.74685, -17.00159, 88.83927],
						"8.7": [-12.61665, -42.65326, 62.04789],
						"8.9": [-36.74685, -17.00159, 88.83927],
						"9.1": [-12.61665, -42.65326, 62.04789],
						"9.3": [-36.74685, -17.00159, 88.83927],
						"9.5": [-12.61665, -42.65326, 62.04789],
						"9.7": [-36.74685, -17.00159, 88.83927],
						"9.9": [-12.61665, -42.65326, 62.04789],
						"10.1": [-36.74685, -17.00159, 88.83927]
					}
				},
				"lowerrarm": {
					"rotation": {
						"0.0": [-22.5, 0, 0],
						"1.0": [-22.5, 0, 0],
						"2.5": [-52.5, 0, 0],
						"3.5": [-52.5, 0, 0],
						"4.0": [-52.5, 0, 0],
						"4.3": [-67.5, 0, 0],
						"4.5": [-52.5, 0, 0],
						"4.7": [-67.5, 0, 0],
						"4.9": [-52.5, 0, 0],
						"5.1": [-67.5, 0, 0],
						"5.3": [-52.5, 0, 0],
						"5.5": [-67.5, 0, 0],
						"5.7": [-52.5, 0, 0],
						"5.9": [-67.5, 0, 0],
						"6.1": [-52.5, 0, 0],
						"6.3": [-67.5, 0, 0],
						"6.5": [-52.5, 0, 0],
						"6.7": [-67.5, 0, 0],
						"6.9": [-52.5, 0, 0],
						"7.1": [-67.5, 0, 0],
						"7.3": [-52.5, 0, 0],
						"7.5": [-67.5, 0, 0],
						"7.7": [-52.5, 0, 0],
						"7.9": [-67.5, 0, 0],
						"8.1": [-52.5, 0, 0],
						"8.3": [-67.5, 0, 0],
						"8.5": [-52.5, 0, 0],
						"8.7": [-67.5, 0, 0],
						"8.9": [-52.5, 0, 0],
						"9.1": [-67.5, 0, 0],
						"9.3": [-52.5, 0, 0],
						"9.5": [-67.5, 0, 0],
						"9.7": [-52.5, 0, 0],
						"9.9": [-67.5, 0, 0],
						"10.1": [-52.5, 0, 0]
					}
				},
				"trail_pierce_halberd": {
					"scale": 0
				},
				"trail_halberd": {
					"scale": 0
				},
				"halberd_back": {
					"scale": 0
				}
			}
		},
		"animation.fast_paced_halberd.jump": {
			"loop": "hold_on_last_frame",
			"animation_length": 0.52,
			"override_previous_animation": true,
			"bones": {
				"root": {
					"rotation": [7.8485, -17.32222, -2.56996],
					"position": {
						"0.0": ["variable.is_first_person ? 2 : 0", "variable.is_first_person ? -7 : -4", "variable.is_first_person ? 12 : 0"],
						"0.32": ["variable.is_first_person ? 2 : 0", "variable.is_first_person ? -3 : 0", "variable.is_first_person ? 12 : 0"]
					}
				},
				"leftleg": {
					"rotation": {
						"0.0": [-84.78974, -4.77628, -5.71489],
						"0.32": [-17.28974, -4.77628, -5.71489]
					}
				},
				"lowerlleg": {
					"rotation": {
						"0.0": [92.5, 0, 0],
						"0.32": [10, 0, 0]
					}
				},
				"rightleg": {
					"rotation": {
						"0.0": [-84.18208, 35.70811, 1.42648],
						"0.32": [-11.68208, 35.70811, 1.42648]
					}
				},
				"lowerrleg": {
					"rotation": {
						"0.0": [97.5, 0, 0],
						"0.32": [15, 0, 0]
					}
				},
				"waist": {
					"rotation": {
						"0.0": [25.00707, 2.47859, 0.32652],
						"0.32": [-13.59224, 18.27064, 8.01958]
					}
				},
				"leftArm": {
					"rotation": {
						"0.0": [-59.66661, -14.73159, -5.84614],
						"0.32": [-59.66661, -14.73159, -5.84614]
					}
				},
				"lowerlarm": {
					"rotation": {
						"0.0": [-30, 0, 0],
						"0.32": [-30, 0, 0]
					}
				},
				"rightArm": {
					"rotation": {
						"0.0": [-66.74685, -17.00159, 88.83927],
						"0.32": [-66.74685, -17.00159, 88.83927]
					}
				},
				"lowerrarm": {
					"rotation": {
						"0.0": [-22.5, 0, 0],
						"0.32": [-22.5, 0, 0]
					}
				},
				"trail_pierce_halberd": {
					"scale": 0
				},
				"trail_halberd": {
					"scale": 0
				},
				"halberd_back": {
					"scale": 0
				}
			}
		},
		"animation.fast_paced_halberd.land": {
			"loop": "hold_on_last_frame",
			"animation_length": 0.96,
			"override_previous_animation": true,
			"bones": {
				"root": {
					"rotation": {
						"0.0": ["variable.is_first_person ? (math.cos(query.life_time * 100.0) * 0.200) + 0.200 : 0", "variable.is_first_person ? 180 : 0", 0],
						"0.36": [
							"variable.is_first_person ? (math.cos(query.life_time * 100.0) * 0.200) + 0.200 + 7.8485 : 7.8485",
							"variable.is_first_person ? 162.678 : -17.3222",
							-2.56996
						],
						"0.96": ["variable.is_first_person ? (math.cos(query.life_time * 100.0) * 0.200) + 0.200 : 0", "variable.is_first_person ? 180 : 0", 0]
					},
					"position": {
						"0.0": ["variable.is_first_person ? 2 : 0", "variable.is_first_person ? -3 : 0", "variable.is_first_person ? 12 : 0"],
						"0.36": ["variable.is_first_person ? 2 : 0", "variable.is_first_person ? -7 : -4", "variable.is_first_person ? 12 : 0"],
						"0.96": ["variable.is_first_person ? 2 : 0", "variable.is_first_person ? -4 : -1", "variable.is_first_person ? 12 : 0"]
					}
				},
				"leftleg": {
					"rotation": {
						"0.0": [-17.28974, -4.77628, -5.71489],
						"0.36": [-84.78974, -4.77628, -5.71489],
						"0.96": [-14.99294, -0.32621, -4.97864]
					}
				},
				"lowerlleg": {
					"rotation": {
						"0.0": [10, 0, 0],
						"0.36": [92.5, 0, 0],
						"0.96": [7.5, 0, 0]
					}
				},
				"rightleg": {
					"rotation": {
						"0.0": [-11.68208, 35.70811, 1.42648],
						"0.36": [-84.18208, 35.70811, 1.42648],
						"0.96": [-9.96271, 0.86717, 7.42442]
					}
				},
				"lowerrleg": {
					"rotation": {
						"0.0": [15, 0, 0],
						"0.36": [97.5, 0, 0],
						"0.96": [15, 0, 0]
					}
				},
				"waist": {
					"rotation": {
						"0.0": [25.00707, 2.47859, 0.32652],
						"0.36": [25.00707, 2.47859, 0.32652],
						"0.96": [2.50954, 4.99523, 0.21865]
					}
				},
				"leftArm": {
					"rotation": {
						"0.0": [-59.66661, -14.73159, -5.84614],
						"0.36": [-59.66661, -14.73159, -5.84614],
						"0.96": [0, 0, -2.5]
					}
				},
				"lowerlarm": {
					"rotation": {
						"0.0": [-30, 0, 0],
						"0.36": [-30, 0, 0],
						"0.96": [-20, 0, 0]
					}
				},
				"rightArm": {
					"rotation": {
						"0.0": [-66.74685, -17.00159, 88.83927],
						"0.36": [-66.74685, -17.00159, 88.83927],
						"0.96": [-54.87394, -9.00877, -0.21173]
					}
				},
				"lowerrarm": {
					"rotation": {
						"0.0": [-22.5, 0, 0],
						"0.36": [-22.5, 0, 0],
						"0.96": [-37.5, 0, 0]
					}
				},
				"rightItem": {
					"position": [0, 0, 8]
				},
				"trail_pierce_halberd": {
					"scale": 0
				},
				"trail_halberd": {
					"scale": 0
				},
				"halberd_back": {
					"scale": 0
				}
			}
		},
		"animation.fast_paced_halberd.move_normal": {
			"loop": true,
			"animation_length": 1.04,
			"override_previous_animation": true,
			"bones": {
				"leftleg": {
					"rotation": {
						"0.0": [-27.5, 0, 0],
						"0.16": [1.54, 0, 0],
						"0.36": [11.52, 0, 0],
						"0.52": [37.5, 0, 0],
						"0.68": [-15.96, 0, 0],
						"0.88": [-66.15, 0, 0],
						"1.04": [-27.5, 0, 0]
					}
				},
				"lowerlleg": {
					"rotation": {
						"0.0": [27.5, 0, 0],
						"0.16": [0.96, 0, 0],
						"0.52": [2.5, 0, 0],
						"0.68": [88.08, 0, 0],
						"0.88": [92.69, 0, 0],
						"1.04": [27.5, 0, 0]
					}
				},
				"rightleg": {
					"rotation": {
						"0.0": [35, 0, 0],
						"0.16": [-8.65, 0, 0],
						"0.36": [-79.4, 0, 0],
						"0.52": [-42.5, 0, 0],
						"0.68": [1.35, 0, 0],
						"0.88": [7.54, 0, 0],
						"1.04": [35, 0, 0]
					}
				},
				"lowerrleg": {
					"rotation": {
						"0.0": [15, 0, 0],
						"0.16": [65.58, 0, 0],
						"0.36": [70.81, 0, 0],
						"0.52": [42.5, 0, 0],
						"0.68": [0.96, 0, 0],
						"1.04": [15, 0, 0]
					}
				},
				"waist": {
					"rotation": {
						"0.0": [17.7262, 44.11004, 10.87798],
						"0.16": [11.0795, 37.45477, 8.47589],
						"0.52": [19.57501, 29.69028, 5.67345],
						"0.68": [13.5795, 37.45477, 8.47589],
						"1.04": [17.7262, 44.11004, 10.87798]
					}
				},
				"leftArm": {
					"rotation": {
						"0.0": [-52.39897, 22.1102, 9.00729],
						"0.52": [-48.53157, 29.18106, 12.76942],
						"1.04": [-52.39897, 22.1102, 9.00729]
					}
				},
				"lowerlarm": {
					"rotation": {
						"0.0": [-32.5, 0, 0],
						"0.52": [-42.5, 0, 0],
						"1.04": [-32.5, 0, 0]
					}
				},
				"rightArm": {
					"rotation": {
						"0.0": [-7.47839, -44.16547, 1.4993],
						"0.52": [-4.14599, -41.3321, 4.35597],
						"1.04": [-7.47839, -44.16547, 1.4993]
					}
				},
				"lowerrarm": {
					"rotation": {
						"0.0": [-30, 0, 0],
						"0.52": [-37.5, 0, 0],
						"1.04": [-30, 0, 0]
					}
				},
				"root": {
					"rotation": ["variable.is_first_person ? (math.cos(query.life_time * 100.0) * 0.200) + 0.200 : 0", "variable.is_first_person ? 180 : 0", 0],
					"position": {
						"0.0": ["variable.is_first_person ? 2 : 0", "variable.is_first_person ? -5 : -2", "variable.is_first_person ? 12 : 0"],
						"0.16": ["variable.is_first_person ? 2 : 0", "variable.is_first_person ? -3 : 0", "variable.is_first_person ? 12 : 0"],
						"0.52": ["variable.is_first_person ? 2 : 0", "variable.is_first_person ? -5 : -2", "variable.is_first_person ? 12 : 0"],
						"0.68": ["variable.is_first_person ? 2 : 0", "variable.is_first_person ? -3 : 0", "variable.is_first_person ? 12 : 0"],
						"1.04": ["variable.is_first_person ? 2 : 0", "variable.is_first_person ? -5 : -2", "variable.is_first_person ? 12 : 0"]
					}
				},
				"trail_pierce_halberd": {
					"scale": 0
				},
				"trail_halberd": {
					"scale": 0
				},
				"halberd_back": {
					"scale": 0
				}
			}
		},
		"animation.fast_paced_halberd.move_jump": {
			"loop": true,
			"animation_length": 1.04,
			"override_previous_animation": true,
			"bones": {
				"leftleg": {
					"rotation": {
						"0.0": [-27.5, 0, 0],
						"0.24": [-10.96, 0, 0],
						"0.52": [30, 0, 0],
						"0.8": [-15.96, 0, 0],
						"1.04": [-27.5, 0, 0]
					}
				},
				"lowerlleg": {
					"rotation": {
						"0.0": [27.5, 0, 0],
						"0.24": [0.96, 0, 0],
						"0.52": [2.5, 0, 0],
						"0.8": [58.08, 0, 0],
						"1.04": [27.5, 0, 0]
					}
				},
				"rightleg": {
					"rotation": {
						"0.0": [35, 0, 0],
						"0.24": [0.76923, 0, 2.5],
						"0.52": [-32.5, 0, 0],
						"0.8": [-65, 0, 2.5],
						"1.04": [35, 0, 0]
					}
				},
				"lowerrleg": {
					"rotation": {
						"0.0": [15, 0, 0],
						"0.24": [13.6, 0, 0],
						"0.28": [58.08, 0, 0],
						"0.52": [30, 0, 0],
						"0.8": [0.96, 0, 0],
						"1.04": [15, 0, 0]
					}
				},
				"waist": {
					"rotation": {
						"0.0": [7.50954, -4.99537, 0.65263],
						"0.24": [-2.49086, -0.41937, 1.25503],
						"0.52": [7.50867, 4.9193, 1.95784],
						"0.8": [0.09257, -10.38074, 0.37182],
						"1.04": [7.50954, -4.99537, 0.65263]
					}
				},
				"leftArm": {
					"rotation": {
						"0.0": [-69.55418, -11.73507, -6.8361],
						"0.24": [-67.18821, -9.23186, -6.36032],
						"0.52": [-67.18821, -9.23186, -6.36032],
						"0.8": [-67.00992, -11.53486, -7.3493],
						"1.04": [-69.55418, -11.73507, -6.8361]
					}
				},
				"lowerlarm": {
					"rotation": {
						"0.0": [-20, 0, 0],
						"0.24": [-30, 0, 0],
						"0.8": [-30, 0, 0],
						"1.04": [-20, 0, 0]
					}
				},
				"rightArm": {
					"rotation": {
						"0.0": [-74.94119, -19.5854, 85.36482],
						"0.24": [-73.33452, -23.71321, 81.3098],
						"0.52": [-74.91268, -14.77131, 86.74201],
						"0.8": [-77.36369, -19.42743, 85.1683],
						"1.04": [-74.94119, -19.5854, 85.36482]
					}
				},
				"lowerrarm": {
					"rotation": {
						"0.0": [-15, 0, 0],
						"1.04": [-15, 0, 0]
					}
				},
				"root": {
					"position": {
						"0.0": [0, -2, 0],
						"0.24": [0, 0, 0],
						"0.52": [0, -2, 0],
						"0.8": [0, 0, 0],
						"1.04": [0, -2, 0]
					}
				},
				"trail_pierce_halberd": {
					"scale": 0
				},
				"trail_halberd": {
					"scale": 0
				},
				"halberd_back": {
					"scale": 0
				}
			}
		},
		"animation.fast_paced_halberd.sprint": {
			"loop": true,
			"animation_length": 0.56,
			"override_previous_animation": true,
			"bones": {
				"leftleg": {
					"rotation": {
						"0.0": [45, 0, -2.5],
						"0.12": [-84.64286, 0, -2.5],
						"0.28": [-47.5, 0, -2.5],
						"0.4": [57.14286, 0, -2.5],
						"0.56": [45, 0, -2.5]
					}
				},
				"lowerlleg": {
					"rotation": {
						"0.0": [62.5, 0, 0],
						"0.12": [98.57, 0, 0],
						"0.28": [47.5, 0, 0],
						"0.4": [26.43, 0, 0],
						"0.56": [62.5, 0, 0]
					}
				},
				"rightleg": {
					"rotation": {
						"0.0": [-45.21224, 7.39277, 2.46597],
						"0.12": [58.57849, 0.32621, 2.47864],
						"0.28": [27.50706, 0.32621, 2.47864],
						"0.4": [-93.56437, 0.32621, 2.47864],
						"0.56": [-45.21224, 7.39277, 2.46597]
					}
				},
				"lowerrleg": {
					"rotation": {
						"0.0": [45, 0, 0],
						"0.12": [21.79, 0, 0],
						"0.28": [72.5, 0, 0],
						"0.4": [103.21, 0, 0],
						"0.56": [45, 0, 0]
					}
				},
				"waist": {
					"rotation": {
						"0.0": [9.27699, -50.683, 6.84857],
						"0.28": [-4.81791, -61.79384, 25.68839],
						"0.56": [9.27699, -50.683, 6.84857]
					}
				},
				"leftArm": {
					"rotation": {
						"0.0": [-9.62235, 20.86582, -49.13958],
						"0.28": [-7.12235, 20.86582, -49.13958],
						"0.56": [-9.62235, 20.86582, -49.13958]
					}
				},
				"lowerlarm": {
					"rotation": {
						"0.0": [-20, 0, 0],
						"0.28": [-15, 0, 0],
						"0.56": [-20, 0, 0]
					}
				},
				"rightArm": {
					"rotation": {
						"0.0": [-25.69948, -2.12025, 111.90828],
						"0.28": [-18.19948, -2.12025, 111.90828],
						"0.56": [-25.69948, -2.12025, 111.90828]
					}
				},
				"lowerrarm": {
					"rotation": {
						"0.0": [-70, 0, 0],
						"0.28": [-80, 0, 0],
						"0.56": [-70, 0, 0]
					}
				},
				"root": {
					"rotation": {
						"0.0": [
							"variable.is_first_person ? (math.cos(query.life_time * 100.0) * 0.200) + 0.200 + 10.0845: 10.0845",
							"variable.is_first_person ? 180 - 7.3854: -7.3854",
							-1.30962
						],
						"0.28": [
							"variable.is_first_person ? (math.cos(query.life_time * 100.0) * 0.200) + 0.200 + 10.0093 : 10.0093",
							"variable.is_first_person ? 180 + 2.462: 2.462",
							0.43439
						],
						"0.56": [
							"variable.is_first_person ? (math.cos(query.life_time * 100.0) * 0.200) + 0.200 + 10.0845: 10.0845",
							"variable.is_first_person ? 180 - 7.3854: -7.3854",
							-1.30962
						]
					},
					"position": {
						"0.0": ["variable.is_first_person ? 2 : 0", "variable.is_first_person ? -5 : -2", "variable.is_first_person ? 12 : 0"],
						"0.12": ["variable.is_first_person ? 2 : 0", "variable.is_first_person ? -3 : 0", "variable.is_first_person ? 12 : 0"],
						"0.28": ["variable.is_first_person ? 2 : 0", "variable.is_first_person ? -5 : -2", "variable.is_first_person ? 12 : 0"],
						"0.4": ["variable.is_first_person ? 2 : 0", "variable.is_first_person ? -3 : 0", "variable.is_first_person ? 12 : 0"],
						"0.56": ["variable.is_first_person ? 2 : 0", "variable.is_first_person ? -5 : -2", "variable.is_first_person ? 12 : 0"]
					}
				},
				"trail_pierce_halberd": {
					"scale": 0
				},
				"trail_halberd": {
					"scale": 0
				},
				"halberd_back": {
					"scale": 0
				}
			}
		},
		"animation.fast_paced_halberd.attack_sweep_left": {
			"loop": "hold_on_last_frame",
			"animation_length": 1.2,
			"override_previous_animation": true,
			"bones": {
				"leftleg": {
					"rotation": {
						"0.0": [-7.5, 0, -2.5],
						"0.2": [-38.98389, -16.38479, 0.93807],
						"0.4": [-24.18985, -36.40812, -0.7255],
						"0.5": [-24.18985, -36.40812, -0.7255],
						"0.7": [30.3695, -13.84587, -5.06809],
						"0.9": [30.3695, -13.84587, -5.06809],
						"1.2": [-7.5, 0, -2.5]
					}
				},
				"lowerlleg": {
					"rotation": {
						"0.0": [7.5, 0, 0],
						"0.4": [17.5, 0, 0],
						"0.5": [17.5, 0, 0],
						"1.2": [7.5, 0, 0]
					}
				},
				"rightleg": {
					"rotation": {
						"0.0": [2.5, 0, 2.5],
						"0.2": [25, 0, 2.5],
						"0.4": [18.44405, -17.92498, 8.64602],
						"0.5": [18.44405, -17.92498, 8.64602],
						"0.6": [-79.577, -3.18195, 11.46684],
						"0.7": [-54.46987, 1.17495, 5.35972],
						"0.9": [-54.46987, 1.17495, 5.35972],
						"1.2": [2.5, 0, 2.5]
					}
				},
				"lowerrleg": {
					"rotation": {
						"0.0": [15, 0, 0],
						"0.5": [14.17, 0, 0],
						"0.6": [80, 0, 0],
						"0.7": [55, 0, 0],
						"0.9": [55, 0, 0],
						"1.2": [15, 0, 0]
					}
				},
				"waist": {
					"rotation": {
						"0.0": [2.50954, 4.99523, 0.21865],
						"0.2": [17.49052, 59.90568, 4.32055],
						"0.4": [-6.09531, 62.28086, 5.93562],
						"0.5": [-6.09531, 62.28086, 5.93562],
						"0.6": [-9.38217, -72.36403, 20.28434],
						"0.7": [-49.57207, -86.27993, 60.84822],
						"0.9": [-49.57207, -86.27993, 60.84822],
						"1.2": [2.50954, 4.99523, 0.21865]
					}
				},
				"leftArm": {
					"rotation": {
						"0.0": [0, 0, -2.5],
						"0.2": [-68.93334, 27.73654, -105.75683],
						"0.4": [-47.05872, 13.64467, -101.13048],
						"0.5": [-47.05872, 13.64467, -101.13048],
						"0.7": [-19.55872, 13.64467, -101.13048],
						"0.9": [-19.55872, 13.64467, -101.13048],
						"1.2": [0, 0, -2.5]
					}
				},
				"lowerlarm": {
					"rotation": {
						"0.0": [-20, 0, 0],
						"0.2": [-10, 0, 0],
						"0.4": [-42.5, 0, 0],
						"0.5": [-42.5, 0, 0],
						"0.7": [-62.5, 0, 0],
						"0.9": [-62.5, 0, 0],
						"1.2": [-20, 0, 0]
					}
				},
				"rightArm": {
					"rotation": {
						"0.0": [-50.80817, 25.77945, 3.74282],
						"0.2": [-106.63093, 30.71931, -101.876],
						"0.4": [-99.42568, 9.01683, -95.50899],
						"0.5": [-99.42568, 9.01683, -95.50899],
						"0.7": [-76.92568, 9.01683, -95.50899],
						"0.9": [-76.92568, 9.01683, -95.50899],
						"1.2": [-50.80817, 25.77945, 3.74282]
					}
				},
				"lowerrarm": {
					"rotation": {
						"0.0": [-37.5, 0, 0],
						"0.2": [-2.5, 0, 0],
						"0.4": [-10, 0, 0],
						"0.5": [-10, 0, 0],
						"0.7": [-25, 0, 0],
						"0.9": [-25, 0, 0],
						"1.2": [-37.5, 0, 0]
					}
				},
				"rightItem": {
					"rotation": [20, 0, 0],
					"position": {
						"0.0": [0, 0, 0],
						"0.2": [0, 4, 11],
						"0.9": [0, 4, 11],
						"1.2": [0, 0, 8]
					}
				},
				"trail_pierce_halberd": {
					"scale": {
						"0.0": [0, 0, 0],
						"1.2": [0, 0, 0]
					}
				},
				"trail_halberd": {
					"scale": {
						"0.0": [0, 0, 0],
						"0.5": [0, 0, 0],
						"0.6": [1, 1, 1],
						"0.7": [0, 0, 0],
						"0.9": [0, 0, 0],
						"1.2": [0, 0, 0]
					}
				},
				"root": {
					"rotation": {
						"0.2": ["variable.is_first_person ? (math.cos(query.life_time * 100.0) * 0.200) + 0.200 : 0", "variable.is_first_person ? 195 : 15", 0],
						"0.4": ["variable.is_first_person ? (math.cos(query.life_time * 100.0) * 0.200) + 0.200 : 0", "variable.is_first_person ? 207.5 : 27.5", 0],
						"0.5": ["variable.is_first_person ? (math.cos(query.life_time * 100.0) * 0.200) + 0.200 : 0", "variable.is_first_person ? 207.5 : 27.5", 0],
						"0.6": ["variable.is_first_person ? (math.cos(query.life_time * 100.0) * 0.200) + 0.200 : 0", "variable.is_first_person ? 180 : 0", 0],
						"0.7": ["variable.is_first_person ? (math.cos(query.life_time * 100.0) * 0.200) + 0.200 : 0", "variable.is_first_person ? 155 : -25", 0],
						"0.9": ["variable.is_first_person ? (math.cos(query.life_time * 100.0) * 0.200) + 0.200 : 0", "variable.is_first_person ? 155 : -25", 0],
						"1.2": ["variable.is_first_person ? (math.cos(query.life_time * 100.0) * 0.200) + 0.200 : 0", "variable.is_first_person ? 180 : 0", 0]
					},
					"position": {
						"0.0": ["variable.is_first_person ? 2 : 0", "variable.is_first_person ? -3 : 0", "variable.is_first_person ? 12 : 0"],
						"0.2": ["variable.is_first_person ? 2 : 0", "variable.is_first_person ? -5 : -2", "variable.is_first_person ? 12 : 0"],
						"0.5": ["variable.is_first_person ? 2 : 0", "variable.is_first_person ? -5 : -2", "variable.is_first_person ? 12 : 0"],
						"0.7": ["variable.is_first_person ? 2 : 0", "variable.is_first_person ? -5 : -2", "variable.is_first_person ? 3 : -9"],
						"0.9": ["variable.is_first_person ? 2 : 0", "variable.is_first_person ? -5 : -2", "variable.is_first_person ? 3 : -9"],
						"1.2": ["variable.is_first_person ? 2 : 0", "variable.is_first_person ? -3 : 0", "variable.is_first_person ? 12 : 0"]
					}
				},
				"halberd_back": {
					"scale": 0
				}
			}
		},
		"animation.fast_paced_halberd.attack_sweep_right": {
			"loop": "hold_on_last_frame",
			"animation_length": 1.5,
			"override_previous_animation": true,
			"bones": {
				"leftleg": {
					"rotation": {
						"0.0": [-7.5, 0, -2.5],
						"0.2": [-37.5, 0, -2.5],
						"0.4": [27.5, 0, -2.5],
						"0.5": [27.5, 0, -2.5],
						"0.6": [-80, 0, -2.5],
						"0.7": [-39.32466, -7.9972, -12.13846],
						"0.9": [-39.32466, -7.9972, -12.13846],
						"1.4": [-7.5, 0, -2.5]
					}
				},
				"lowerlleg": {
					"rotation": {
						"0.0": [7.5, 0, 0],
						"0.5": [7.5, 0, 0],
						"0.6": [72.5, 0, 0],
						"0.7": [42.5, 0, 0],
						"0.9": [42.5, 0, 0],
						"1.4": [7.5, 0, 0]
					}
				},
				"rightleg": {
					"rotation": {
						"0.0": [2.5, 0, 2.5],
						"0.2": [25, 0, 2.5],
						"0.3": [-101.25, 0, 2.5],
						"0.4": [-42.5, 0, 2.5],
						"0.5": [-42.5, 0, 2.5],
						"0.6": [17.5, 0, 2.5],
						"0.7": [35.62057, -12.47265, 2.83424],
						"0.9": [35.62057, -12.47265, 2.83424],
						"1.4": [2.5, 0, 2.5]
					}
				},
				"lowerrleg": {
					"rotation": {
						"0.0": [15, 0, 0],
						"0.3": [75, 0, 0],
						"0.4": [39.17, 0, 0],
						"0.5": [39.17, 0, 0],
						"0.6": [20, 0, 0],
						"0.7": [5, 0, 0],
						"0.9": [5, 0, 0],
						"1.4": [15, 0, 0]
					}
				},
				"waist": {
					"rotation": {
						"0.0": [2.50954, 4.99523, 0.21865],
						"0.2": [17.49052, 59.90568, 4.32055],
						"0.4": [-16.61555, -77.61178, 28.73676],
						"0.5": [-16.61555, -77.61178, 28.73676],
						"0.6": [44.06849, 82.57065, 38.27563],
						"0.7": [165.42, 63.37072, 152.40353],
						"0.9": [165.42, 63.37072, 152.40353],
						"1.4": [2.50954, 4.99523, 0.21865]
					}
				},
				"leftArm": {
					"rotation": {
						"0.0": [0, 0, -2.5],
						"0.2": [-63.51197, -30.06326, 79.29942],
						"0.4": [-67.2797, 1.94533, 94.13042],
						"0.5": [-67.2797, 1.94533, 94.13042],
						"0.6": [-113.87491, 6.41479, 80.13514],
						"0.7": [-65.26931, 3.9892, 97.81261],
						"0.9": [-65.26931, 3.9892, 97.81261],
						"1.4": [0, 0, -2.5]
					}
				},
				"lowerlarm": {
					"rotation": {
						"0.0": [-20, 0, 0],
						"0.5": [-20, 0, 0],
						"0.6": [-2.5, 0, 0],
						"0.9": [-2.5, 0, 0],
						"1.4": [-20, 0, 0]
					}
				},
				"rightArm": {
					"rotation": {
						"0.0": [-50.80817, 25.77945, 3.74282],
						"0.2": [-47.02364, -39.74936, 88.73861],
						"0.4": [-49.39839, -10.184, 84.97661],
						"0.5": [-49.39839, -10.184, 84.97661],
						"0.6": [-18.81059, -0.78336, 90.2963],
						"0.7": [-70.61119, -3.05148, 95.01315],
						"0.9": [-70.61119, -3.05148, 95.01315],
						"1.4": [-50.80817, 25.77945, 3.74282]
					}
				},
				"lowerrarm": {
					"rotation": {
						"0.0": [-37.5, 0, 0],
						"0.2": [-37.5, 0, 0],
						"0.5": [-37.5, 0, 0],
						"0.6": [-65, 0, 0],
						"0.7": [-75, 0, 0],
						"0.9": [-75, 0, 0],
						"1.4": [-37.5, 0, 0]
					}
				},
				"rightItem": {
					"rotation": {
						"0.6": [0, 0, 0],
						"0.7": [80, 0, 0],
						"0.9": [80, 0, 0],
						"1.4": [0, 0, 0]
					},
					"position": {
						"0.0": [0, 0, 0],
						"0.6": [0, 0, 0],
						"0.9": [0, 0, 0],
						"1.4": [0, 0, 8]
					}
				},
				"trail_pierce_halberd": {
					"scale": {
						"0.0": [0, 0, 0],
						"1.4": [0, 0, 0]
					}
				},
				"trail_halberd": {
					"scale": {
						"0.0": [0, 0, 0],
						"0.5": [0, 0, 0],
						"0.6": [1, 1, 1],
						"0.7": [0, 0, 0],
						"0.9": [0, 0, 0],
						"1.4": [0, 0, 0]
					}
				},
				"root": {
					"rotation": {
						"0.6": ["variable.is_first_person ? (math.cos(query.life_time * 100.0) * 0.200) + 0.200 : 0", "variable.is_first_person ? 180 : 0", 0],
						"0.7": ["variable.is_first_person ? (math.cos(query.life_time * 100.0) * 0.200) + 0.200 : 0", "variable.is_first_person ? 197.5 : 17.5", 0],
						"0.9": ["variable.is_first_person ? (math.cos(query.life_time * 100.0) * 0.200) + 0.200 : 0", "variable.is_first_person ? 197.5 : 17.5", 0],
						"1.4": ["variable.is_first_person ? (math.cos(query.life_time * 100.0) * 0.200) + 0.200 : 0", "variable.is_first_person ? 180 : 0", 0]
					},
					"position": {
						"0.0": ["variable.is_first_person ? 2 : 0", "variable.is_first_person ? -3 : 0", "variable.is_first_person ? 12 : 0"],
						"0.2": ["variable.is_first_person ? 2 : 0", "variable.is_first_person ? -5 : -2", "variable.is_first_person ? 12 : 0"],
						"0.4": ["variable.is_first_person ? 2 : 0", "variable.is_first_person ? -5 : -2", "variable.is_first_person ? 4 : -8"],
						"0.5": ["variable.is_first_person ? 2 : 0", "variable.is_first_person ? -5 : -2", "variable.is_first_person ? 4 : -8"],
						"0.6": ["variable.is_first_person ? 2 : 0", "variable.is_first_person ? -5 : -2", "variable.is_first_person ? -4 : -16"],
						"0.9": ["variable.is_first_person ? 2 : 0", "variable.is_first_person ? -5 : -2", "variable.is_first_person ? -4 : -16"],
						"1.4": ["variable.is_first_person ? 2 : 0", "variable.is_first_person ? -3 : 0", "variable.is_first_person ? 12 : 0"]
					}
				},
				"halberd_back": {
					"scale": {
						"0.0": [0, 0, 0],
						"1.4": [0, 0, 0]
					}
				}
			}
		},
		"animation.fast_paced_halberd.attack_thrust": {
			"animation_length": 1.5,
			"override_previous_animation": true,
			"bones": {
				"leftleg": {
					"rotation": {
						"0.0": [-7.5, 0, -2.5],
						"0.3": [-2.54608, 1.08089, -4.88206],
						"0.4": [-2.54608, 1.08089, -4.88206],
						"0.5": [12.46314, 0.86471, -4.40565],
						"0.8": [12.46314, 0.86471, -4.40565],
						"1.5": [-7.5, 0, -2.5]
					}
				},
				"lowerlleg": {
					"rotation": {
						"0.0": [7.5, 0, 0],
						"0.3": [12.5, 0, 0],
						"0.4": [12.5, 0, 0],
						"0.5": [13, 0, 0],
						"0.8": [13, 0, 0],
						"1.5": [7.5, 0, 0]
					}
				},
				"rightleg": {
					"rotation": {
						"0.0": [2.5, 0, 2.5],
						"0.3": [-52.44548, 1.29256, 4.83045],
						"0.4": [-52.44548, 1.29256, 4.83045],
						"0.5": [-14.45638, 1.03405, 4.36436],
						"0.8": [-14.45638, 1.03405, 4.36436],
						"1.5": [2.5, 0, 2.5]
					}
				},
				"lowerrleg": {
					"rotation": {
						"0.0": [15, 0, 0],
						"0.3": [60, 0, 0],
						"0.4": [60, 0, 0],
						"0.5": [11, 0, 0],
						"0.8": [11, 0, 0],
						"1.5": [15, 0, 0]
					}
				},
				"waist": {
					"rotation": {
						"0.0": [2.50954, 4.99523, 0.21865],
						"0.3": [47.48533, 57.53271, 17.05129],
						"0.4": [47.48533, 57.53271, 17.05129],
						"0.5": [32.27915, 58.44416, 6.68343],
						"0.8": [32.27915, 58.44416, 6.68343],
						"1.5": [2.50954, 4.99523, 0.21865]
					}
				},
				"leftArm": {
					"rotation": {
						"0.0": [0, 0, -2.5],
						"0.3": [-76.07831, -4.54953, -14.36502],
						"0.4": [-76.07831, -4.54953, -14.36502],
						"0.5": [-72.1911, -20.90099, -30.39176],
						"0.8": [-72.1911, -20.90099, -30.39176],
						"1.5": [0, 0, -2.5]
					}
				},
				"lowerlarm": {
					"rotation": {
						"0.0": [-20, 0, 0],
						"0.3": [-42.5, 0, 0],
						"0.4": [-42.5, 0, 0],
						"0.5": [-17.5, 0, 0],
						"0.8": [-17.5, 0, 0],
						"1.5": [-20, 0, 0]
					}
				},
				"rightArm": {
					"rotation": {
						"0.0": [-50.80817, 25.77945, 3.74282],
						"0.3": [33.61519, -46.42723, 40.66393],
						"0.4": [33.61519, -46.42723, 40.66393],
						"0.5": [-87.46602, -52.48055, 38.63468],
						"0.8": [-87.46602, -52.48055, 38.63468],
						"1.5": [-50.80817, 25.77945, 3.74282]
					}
				},
				"lowerrarm": {
					"rotation": {
						"0.0": [-37.5, 0, 0],
						"0.3": [-90, 0, 0],
						"0.4": [-90, 0, 0],
						"0.5": [-40, 0, 0],
						"0.8": [-40, 0, 0],
						"1.5": [-37.5, 0, 0]
					}
				},
				"rightItem": {
					"rotation": {
						"0.3": [0, 0, 0],
						"0.4": [0, 0, 0],
						"0.5": [75, 0, 0],
						"0.8": [75, 0, 0],
						"1.5": [0, 0, 0]
					},
					"position": {
						"0.0": [0, 0, 8],
						"0.3": [0, 0, 0],
						"0.4": [0, 0, 0],
						"0.5": [0, -2, 0],
						"0.8": [0, -2, 0],
						"1.5": [0, 0, 8]
					}
				},
				"root": {
					"rotation": {
						"0.0": ["variable.is_first_person ? (math.cos(query.life_time * 100.0) * 0.200) + 0.200 : 0", "variable.is_first_person ? 180 : 0", 0],
						"1.5": ["variable.is_first_person ? (math.cos(query.life_time * 100.0) * 0.200) + 0.200 : 0", "variable.is_first_person ? 180 : 0", 0]
					},
					"position": {
						"0.3": ["variable.is_first_person ? 2 : 0", "variable.is_first_person ? -3 : 0", "variable.is_first_person ? 12 : 0"],
						"0.4": ["variable.is_first_person ? 2 : 0", "variable.is_first_person ? -3 : 0", "variable.is_first_person ? 14 : 2"],
						"0.5": ["variable.is_first_person ? 2 : 0", "variable.is_first_person ? -3 : 0", "variable.is_first_person ? 8 : -4"],
						"0.8": ["variable.is_first_person ? 2 : 0", "variable.is_first_person ? -3 : 0", "variable.is_first_person ? 8 : -4"],
						"1.5": ["variable.is_first_person ? 2 : 0", "variable.is_first_person ? -3 : 0", "variable.is_first_person ? 12 : 0"]
					}
				},
				"trail_pierce_halberd": {
					"scale": {
						"0.0": [0, 0, 0],
						"0.3": [0, 0, 0],
						"0.4": [0, 0, 0],
						"0.5": [1, 1, 1],
						"0.6": [0, 0, 0],
						"1.5": [0, 0, 0]
					}
				},
				"trail_halberd": {
					"scale": {
						"0.0": [0, 0, 0],
						"0.3": [0, 0, 0],
						"0.4": [0, 0, 0],
						"1.5": [0, 0, 0]
					}
				},
				"halberd_back": {
					"scale": {
						"0.0": [0, 0, 0],
						"1.5": [0, 0, 0]
					}
				}
			}
		},
		"animation.fast_paced_halberd.attack_poke": {
			"animation_length": 1.5,
			"override_previous_animation": true,
			"bones": {
				"leftleg": {
					"rotation": {
						"0.0": [-2.54608, 1.08089, -4.88206],
						"0.1": [12.46314, 0.86471, -4.40565],
						"0.4": [12.46314, 0.86471, -4.40565],
						"0.9": [-7.5, 0, -2.5],
						"1.5": [-7.5, 0, -2.5]
					}
				},
				"lowerlleg": {
					"rotation": {
						"0.0": [12.5, 0, 0],
						"0.1": [13, 0, 0],
						"0.4": [13, 0, 0],
						"0.9": [7.5, 0, 0],
						"1.5": [7.5, 0, 0]
					}
				},
				"rightleg": {
					"rotation": {
						"0.0": [-52.44548, 1.29256, 4.83045],
						"0.1": [-14.45638, 1.03405, 4.36436],
						"0.4": [-14.45638, 1.03405, 4.36436],
						"0.9": [2.5, 0, 2.5],
						"1.5": [2.5, 0, 2.5]
					}
				},
				"lowerrleg": {
					"rotation": {
						"0.0": [60, 0, 0],
						"0.1": [11, 0, 0],
						"0.4": [11, 0, 0],
						"0.9": [15, 0, 0],
						"1.5": [15, 0, 0]
					}
				},
				"waist": {
					"rotation": {
						"0.0": [47.48533, 57.53271, 17.05129],
						"0.1": [32.27915, 58.44416, 6.68343],
						"0.4": [32.27915, 58.44416, 6.68343],
						"0.9": [2.50954, 4.99523, 0.21865],
						"1.5": [2.50954, 4.99523, 0.21865]
					}
				},
				"leftArm": {
					"rotation": {
						"0.0": [-26.59569, 42.4766, 43.0845],
						"0.1": [-72.1911, -20.90099, -30.39176],
						"0.4": [-72.1911, -20.90099, -30.39176],
						"0.9": [0, 0, -2.5],
						"1.5": [0, 0, -2.5]
					}
				},
				"lowerlarm": {
					"rotation": {
						"0.0": [-42.5, 0, 0],
						"0.1": [-17.5, 0, 0],
						"0.4": [-17.5, 0, 0],
						"0.9": [-20, 0, 0],
						"1.5": [-20, 0, 0]
					}
				},
				"rightArm": {
					"rotation": {
						"0.0": [33.61519, -46.42723, 40.66393],
						"0.1": [-87.46602, -52.48055, 38.63468],
						"0.4": [-87.46602, -52.48055, 38.63468],
						"0.9": [-54.87394, -9.00877, -0.21173],
						"1.5": [-50.80817, 25.77945, 3.74282]
					}
				},
				"lowerrarm": {
					"rotation": {
						"0.0": [-90, 0, 0],
						"0.1": [-40, 0, 0],
						"0.4": [-40, 0, 0],
						"0.9": [-37.5, 0, 0],
						"1.5": [-37.5, 0, 0]
					}
				},
				"rightItem": {
					"rotation": {
						"0.0": [0, 0, 0],
						"0.1": [75, 0, 0],
						"0.4": [75, 0, 0],
						"0.9": [0, 0, 0]
					},
					"position": {
						"0.0": [0, 0, 0],
						"0.1": [0, -2, 0],
						"0.4": [0, -2, 0],
						"0.5": [0, 0, 0],
						"0.6": [0, 1, 1],
						"0.9": [0, 0, 8],
						"1.5": [0, 0, 8]
					}
				},
				"root": {
					"rotation": ["variable.is_first_person ? (math.cos(query.life_time * 100.0) * 0.200) + 0.200 : 0", "variable.is_first_person ? 180 : 0", 0],
					"position": {
						"0.0": [0, 0, 2],
						"0.1": [0, 0, -4],
						"0.4": [0, 0, -4],
						"0.9": [0, 0, 0],
						"1.5": ["variable.is_first_person ? 2 : 0", "variable.is_first_person ? -3 : 0", "variable.is_first_person ? 12 : 0"]
					}
				},
				"trail_pierce_halberd": {
					"scale": {
						"0.0": [0, 0, 0],
						"1.5": [0, 0, 0]
					}
				},
				"trail_halberd": {
					"scale": {
						"0.0": [0, 0, 0],
						"1.5": [0, 0, 0]
					}
				},
				"halberd_back": {
					"scale": {
						"0.0": [0, 0, 0],
						"1.5": [0, 0, 0]
					}
				}
			}
		},
		"animation.fast_paced_halberd.attack_side_0": {
			"animation_length": 1,
			"override_previous_animation": true,
			"bones": {
				"leftleg": {
					"rotation": {
						"0.0": [-2.54608, 1.08089, -4.88206],
						"0.1": [-83.73991, -15.30072, -3.16066],
						"0.2": [-29.93375, -31.68233, -1.43926],
						"0.5": [-29.93375, -31.68233, -1.43926],
						"1.0": [-7.5, 0, -2.5]
					}
				},
				"lowerlleg": {
					"rotation": {
						"0.0": [10, 0, 0],
						"0.1": [83.34, 0, 0],
						"0.2": [26.67, 0, 0],
						"0.5": [26.67, 0, 0],
						"1.0": [7.5, 0, 0]
					}
				},
				"rightleg": {
					"rotation": {
						"0.0": [-7.44548, 1.29256, 4.83045],
						"0.2": [-8.61796, 22.97291, 11.02817],
						"0.5": [-8.61796, 22.97291, 11.02817],
						"1.0": [2.5, 0, 2.5]
					}
				},
				"lowerrleg": {
					"rotation": {
						"0.0": [15, 0, 0],
						"1.0": [15, 0, 0]
					}
				},
				"waist": {
					"rotation": {
						"0.0": [-175.01713, 25.09, 189.81688],
						"0.2": [-174.88841, -276.09, 189.56207],
						"0.5": [-174.88841, -276.09, 189.56207],
						"1.0": [-180.1803, -180.5353, 180.3778]
					}
				},
				"leftArm": {
					"rotation": {
						"0.0": [-92.00338, 2.74622, 80.59782],
						"0.2": [-72.00338, 2.74622, 80.59782],
						"0.5": [-72.00338, 2.74622, 80.59782],
						"1.0": [0, 0, -2.5]
					}
				},
				"lowerlarm": {
					"rotation": {
						"0.0": [-22.5, 0, 0],
						"1.0": [-20, 0, 0]
					}
				},
				"rightArm": {
					"rotation": {
						"0.0": [-1.31629, -1.63996, 93.17427],
						"0.2": [16.10036, -2.33511, 95.57714],
						"0.5": [16.10036, -2.33511, 95.57714],
						"1.0": [-54.87394, -9.00877, -0.21173]
					}
				},
				"lowerrarm": {
					"rotation": {
						"0.0": [-75, 0, 0],
						"0.2": [-82.5, 0, 0],
						"0.5": [-82.5, 0, 0],
						"1.0": [-37.5, 0, 0]
					}
				},
				"root": {
					"rotation": {
						"0.0": [0, 0, 0],
						"0.2": [5, 37.5, 0],
						"0.5": [5, 37.5, 0],
						"1.0": [0, 0, 0]
					},
					"position": {
						"0.0": [0, 0, 0],
						"0.2": [0, -1, -3],
						"0.5": [0, -1, -3],
						"1.0": [0, 0, 0]
					}
				},
				"trail_pierce_halberd": {
					"scale": 0
				},
				"trail_halberd": {
					"scale": 0
				},
				"halberd_back": {
					"scale": 0
				}
			}
		},
		"animation.fast_paced_halberd.attack_inverse_side_0": {
			"animation_length": 1,
			"override_previous_animation": true,
			"bones": {
				"leftleg": {
					"rotation": {
						"0.0": [-2.54608, 1.08089, -4.88206],
						"0.2": [29.95392, 1.08089, -4.88206],
						"0.5": [29.95392, 1.08089, -4.88206],
						"1.0": [2.5, 0, -2.5]
					}
				},
				"lowerlleg": {
					"rotation": {
						"0.0": [10, 0, 0],
						"1.0": [7.5, 0, 0]
					}
				},
				"rightleg": {
					"rotation": {
						"0.0": [-7.44548, 1.29256, 4.83045],
						"0.2": [-62.44548, 1.29256, 4.83045],
						"0.5": [-62.44548, 1.29256, 4.83045],
						"1.0": [-12.5, 0, 2.5]
					}
				},
				"lowerrleg": {
					"rotation": {
						"0.0": [15, 0, 0],
						"0.2": [55, 0, 0],
						"0.5": [55, 0, 0],
						"1.0": [15, 0, 0]
					}
				},
				"waist": {
					"rotation": {
						"0.0": [154.17946, -1.12688, -168.27625],
						"0.2": [240.8298, 240, -181.01743],
						"0.5": [240.8298, 240, -181.01743],
						"1.0": ["240.8298-60", "240-60", -181.01743]
					}
				},
				"leftArm": {
					"rotation": {
						"0.0": [-40.08756, 16.60217, -61.88166],
						"0.2": [-32.58756, 16.60217, -61.88166],
						"0.5": [-32.58756, 16.60217, -61.88166],
						"1.0": [0, 0, -2.5]
					}
				},
				"lowerlarm": {
					"rotation": {
						"0.0": [-47.5, 0, 0],
						"0.2": [-60, 0, 0],
						"0.5": [-60, 0, 0],
						"1.0": [-20, 0, 0]
					}
				},
				"rightArm": {
					"rotation": {
						"0.0": [-74.36726, -19.2568, -67.73762],
						"0.2": [-84.36726, -19.2568, -67.73762],
						"0.5": [-84.36726, -19.2568, -67.73762],
						"1.0": [-54.87394, -9.00877, -0.21173]
					}
				},
				"lowerrarm": {
					"rotation": {
						"0.0": [-17.5, 0, 0],
						"0.2": [-2.5, 0, 0],
						"0.5": [-2.5, 0, 0],
						"1.0": [-37.5, 0, 0]
					}
				},
				"root": {
					"rotation": {
						"0.0": [0, 0, 0],
						"0.2": [7.5, 0, 0],
						"0.5": [7.5, 0, 0],
						"1.0": [0, 0, 0]
					},
					"position": {
						"0.0": [0, 0, 0],
						"0.2": [0, -2, -7],
						"0.5": [0, -2, -7],
						"1.0": [0, 0, 0]
					}
				},
				"rightItem": {
					"rotation": {
						"0.0": [0, 0, 0],
						"0.2": [5, 0, 0],
						"0.5": [5, 0, 0]
					},
					"position": [0, 0, 15]
				},
				"trail_pierce_halberd": {
					"scale": 0
				},
				"trail_halberd": {
					"scale": 0
				},
				"halberd_back": {
					"scale": 0
				}
			}
		},
		"animation.fast_paced_halberd.attack_side_1": {
			"animation_length": 0.9,
			"override_previous_animation": true,
			"bones": {
				"leftleg": {
					"rotation": {
						"0.0": [-2.54608, 1.08089, -4.88206],
						"0.1": [-83.73991, -15.30072, -3.16066],
						"0.2": [-29.93375, -31.68233, -1.43926],
						"0.5": [-29.93375, -31.68233, -1.43926],
						"0.8": [-7.5, 0, -2.5],
						"0.9": [-7.5, 0, -2.5]
					}
				},
				"lowerlleg": {
					"rotation": {
						"0.0": [10, 0, 0],
						"0.1": [83.34, 0, 0],
						"0.2": [26.67, 0, 0],
						"0.5": [26.67, 0, 0],
						"0.8": [7.5, 0, 0],
						"0.9": [7.5, 0, 0]
					}
				},
				"rightleg": {
					"rotation": {
						"0.0": [5.05452, 1.29256, 4.83045],
						"0.2": [-5.44548, 1.29256, 4.83045],
						"0.5": [-5.44548, 1.29256, 4.83045],
						"0.9": [2.5, 0, 2.5]
					}
				},
				"lowerrleg": {
					"rotation": {
						"0.0": [15, 0, 0],
						"0.9": [15, 0, 0]
					}
				},
				"waist": {
					"rotation": {
						"0.0": [-175.01713, 30.09, 189.81688],
						"0.2": [-194.1803, -270.5353, 138.3778],
						"0.5": [-194.1803, -270.5353, 138.3778],
						"0.9": [-180.1803, -180.5353, 180.3778]
					}
				},
				"leftArm": {
					"rotation": {
						"0.0": [-92.00338, 2.74622, 80.59782],
						"0.2": [-70.76608, 28.38067, 37.21165],
						"0.5": [-70.76608, 28.38067, 37.21165],
						"0.9": [0, 0, -2.5]
					}
				},
				"lowerlarm": {
					"rotation": {
						"0.0": [-22.5, 0, 0],
						"0.2": [-1, 0, 0],
						"0.5": [-1, 0, 0],
						"0.9": [-20, 0, 0]
					}
				},
				"rightArm": {
					"rotation": {
						"0.0": [-1.31629, -1.63996, 93.17427],
						"0.2": [16.66265, -12.69187, 89.902],
						"0.5": [16.66265, -12.69187, 89.902],
						"0.9": [-54.87394, -9.00877, -0.21173]
					}
				},
				"lowerrarm": {
					"rotation": {
						"0.0": [-75, 0, 0],
						"0.2": [-81.25, 0, 0],
						"0.5": [-81.25, 0, 0],
						"0.9": [-37.5, 0, 0]
					}
				},
				"root": {
					"rotation": {
						"0.0": [0, 0, 0],
						"0.2": [5, 37.5, 0],
						"0.5": [5, 37.5, 0],
						"0.9": [0, 0, 0]
					},
					"position": {
						"0.0": [0, 0, 0],
						"0.2": [0, -1, -3],
						"0.5": [0, -1, -3],
						"0.9": [0, 0, 0]
					}
				},
				"trail_pierce_halberd": {
					"scale": 0
				},
				"trail_halberd": {
					"scale": 0
				},
				"halberd_back": {
					"scale": 0
				}
			}
		},
		"animation.fast_paced_halberd.attack_inverse_side_1": {
			"animation_length": 1,
			"override_previous_animation": true,
			"bones": {
				"leftleg": {
					"rotation": {
						"0.0": [-2.54608, 1.08089, -4.88206],
						"0.2": [29.95392, 1.08089, -4.88206],
						"0.5": [29.95392, 1.08089, -4.88206],
						"1.0": [2.5, 0, -2.5]
					}
				},
				"lowerlleg": {
					"rotation": {
						"0.0": [10, 0, 0],
						"1.0": [7.5, 0, 0]
					}
				},
				"rightleg": {
					"rotation": {
						"0.0": [-7.44548, 1.29256, 4.83045],
						"0.2": [-37.44548, 1.29256, 4.83045],
						"0.5": [-37.44548, 1.29256, 4.83045],
						"1.0": [-12.5, 0, 2.5]
					}
				},
				"lowerrleg": {
					"rotation": {
						"0.0": [15, 0, 0],
						"0.2": [32.5, 0, 0],
						"0.5": [32.5, 0, 0],
						"1.0": [15, 0, 0]
					}
				},
				"waist": {
					"rotation": {
						"0.0": [220.6795, -1.12688, -168.27625],
						"0.2": [170.6795, 270.1269, -180.2763],
						"0.5": [170.6795, 270.1269, -180.2763],
						"1.0": ["240.8298-60", "240-60", -181.01743]
					}
				},
				"leftArm": {
					"rotation": {
						"0.0": [-35.45931, -1.97046, -79.65188],
						"0.2": [-15.53979, -1.90083, -76.81117],
						"0.5": [-15.53979, -1.90083, -76.81117],
						"1.0": [0, 0, -2.5]
					}
				},
				"lowerlarm": {
					"rotation": {
						"0.0": [-47.5, 0, 0],
						"0.2": [-60, 0, 0],
						"0.5": [-60, 0, 0],
						"1.0": [-20, 0, 0]
					}
				},
				"rightArm": {
					"rotation": {
						"0.0": [-93.84258, -12.87975, -87.48472],
						"0.2": [-77.82604, -30.0832, -80.67518],
						"0.5": [-77.82604, -30.0832, -80.67518],
						"1.0": [-54.87394, -9.00877, -0.21173]
					}
				},
				"lowerrarm": {
					"rotation": {
						"0.0": [10, 0, 0],
						"0.2": [-2.5, 0, 0],
						"0.5": [-2.5, 0, 0],
						"1.0": [-37.5, 0, 0]
					}
				},
				"root": {
					"rotation": {
						"0.0": [0, 0, 0],
						"0.2": [2.5, 0, 0],
						"0.5": [2.5, 0, 0],
						"1.0": [0, 0, 0]
					},
					"position": {
						"0.0": [0, 0, 0],
						"0.2": [0, -1, -7],
						"0.5": [0, -1, -7],
						"1.0": [0, 0, 0]
					}
				},
				"rightItem": {
					"rotation": {
						"0.0": [0, 0, 0],
						"0.2": [5, 0, 0],
						"0.5": [5, 0, 0]
					},
					"position": [0, 0, 15]
				},
				"trail_pierce_halberd": {
					"scale": 0
				},
				"trail_halberd": {
					"scale": 0
				},
				"halberd_back": {
					"scale": 0
				}
			}
		},
		"animation.fast_paced_halberd.attack_side_2": {
			"animation_length": 0.9,
			"override_previous_animation": true,
			"bones": {
				"leftleg": {
					"rotation": {
						"0.0": [-2.54608, 1.08089, -4.88206],
						"0.1": [-83.73991, -15.30072, -3.16066],
						"0.2": [-29.93375, -31.68233, -1.43926],
						"0.5": [-29.93375, -31.68233, -1.43926],
						"0.8": [-7.5, 0, -2.5],
						"0.9": [-7.5, 0, -2.5]
					}
				},
				"lowerlleg": {
					"rotation": {
						"0.0": [10, 0, 0],
						"0.1": [83.34, 0, 0],
						"0.2": [26.67, 0, 0],
						"0.5": [26.67, 0, 0],
						"0.8": [7.5, 0, 0],
						"0.9": [7.5, 0, 0]
					}
				},
				"rightleg": {
					"rotation": {
						"0.0": [5.05452, 1.29256, 4.83045],
						"0.2": [-5.44548, 1.29256, 4.83045],
						"0.5": [-5.44548, 1.29256, 4.83045],
						"0.9": [2.5, 0, 2.5]
					}
				},
				"lowerrleg": {
					"rotation": {
						"0.0": [15, 0, 0],
						"0.9": [15, 0, 0]
					}
				},
				"waist": {
					"rotation": {
						"0.0": [-90.0171, -30.09, -189.8169],
						"0.2": [-200.1803, -250.5353, -180.3778],
						"0.5": [-200.1803, -250.5353, -180.3778],
						"0.9": [-180.1803, -180.5353, -180.3778]
					}
				},
				"leftArm": {
					"rotation": {
						"0.0": [-92.00338, 2.74622, 80.59782],
						"0.2": [-96.02085, 25.20268, 9.36937],
						"0.5": [-95.53497, 10.27789, 10.95038],
						"0.9": [0, 0, -2.5]
					}
				},
				"lowerlarm": {
					"rotation": {
						"0.0": [-22.5, 0, 0],
						"0.2": [-1, 0, 0],
						"0.5": [-0.90632, 0.4226, 24.99666],
						"0.9": [-20, 0, 0]
					}
				},
				"rightArm": {
					"rotation": {
						"0.0": [-1.31629, -1.63996, 93.17427],
						"0.2": [16.44753, 8.89783, 96.27875],
						"0.5": [26.44753, 8.89783, 96.27875],
						"0.9": [-54.87394, -9.00877, -0.21173]
					}
				},
				"lowerrarm": {
					"rotation": {
						"0.0": [-75, 0, 0],
						"0.2": [-81.25, 0, 0],
						"0.5": [-91.25, 0, 0],
						"0.9": [-37.5, 0, 0]
					}
				},
				"root": {
					"rotation": {
						"0.0": [0, 0, 0],
						"0.2": [5, 37.5, 0],
						"0.5": [5, 37.5, 0],
						"0.9": [0, 0, 0]
					},
					"position": {
						"0.0": [0, 0, 0],
						"0.2": [0, -1, -3],
						"0.5": [0, -1, -3],
						"0.9": [0, 0, 0]
					}
				},
				"trail_pierce_halberd": {
					"scale": 0
				},
				"trail_halberd": {
					"scale": 0
				},
				"halberd_back": {
					"scale": 0
				}
			}
		},
		"animation.fast_paced_halberd.attack_slash_upwards": {
			"loop": "hold_on_last_frame",
			"animation_length": 1,
			"override_previous_animation": true,
			"bones": {
				"leftleg": {
					"rotation": {
						"0.0": [20.01893, -0.43523, -4.98107],
						"0.2": [-16.17843, 2.2062, -19.97269],
						"0.5": [-16.17843, 2.2062, -19.97269],
						"0.9": [-7.5, 0, -2.5]
					}
				},
				"lowerlleg": {
					"rotation": {
						"0.0": [10, 0, 0],
						"0.5": [10, 0, 0],
						"0.9": [7.5, 0, 0]
					}
				},
				"rightleg": {
					"rotation": {
						"0.0": [-17.5, 0, 0],
						"0.2": [20.11212, -4.35931, 11.72658],
						"0.5": [20.11212, -4.35931, 11.72658],
						"0.9": [2.5, 0, 2.5]
					}
				},
				"lowerrleg": {
					"rotation": {
						"0.0": [5, 0, 0],
						"0.5": [5, 0, 0],
						"0.9": [15, 0, 0]
					}
				},
				"waist": {
					"rotation": {
						"0.0": [-102.49067, 2.462, 0.43439],
						"0.2": [75.00933, 2.462, 0.43439],
						"0.5": [75.00933, 2.462, 0.43439],
						"0.9": [2.50954, 4.99523, 0.21865]
					}
				},
				"leftArm": {
					"rotation": {
						"0.0": [-160.38229, 13.34855, -34.26701],
						"0.2": [-112.94613, 29.63361, -41.18739],
						"0.5": [-112.94613, 29.63361, -41.18739],
						"0.9": [0, 0, -2.5]
					}
				},
				"lowerlarm": {
					"rotation": {
						"0.0": [-7.5, 0, 0],
						"0.5": [-7.5, 0, 0],
						"0.9": [-20, 0, 0]
					}
				},
				"rightArm": {
					"rotation": {
						"0.0": [-135.34685, -13.32521, 36.54637],
						"0.2": [-56.61297, -37.06103, -16.48454],
						"0.5": [-56.61297, -37.06103, -16.48454],
						"0.9": [-54.87394, -9.00877, -0.21173]
					}
				},
				"lowerrarm": {
					"rotation": {
						"0.0": [-15, 0, 0],
						"0.5": [-15, 0, 0],
						"0.9": [-37.5, 0, 0]
					}
				},
				"rope": {
					"rotation": [0, 0, -25]
				},
				"rope2": {
					"rotation": [0, 0, -25]
				},
				"rightItem": {
					"rotation": {
						"0.0": [0, 0, 37.5],
						"0.2": [17.5, 0, 37.5],
						"0.5": [17.5, 0, 37.5],
						"0.9": [0, 0, 0]
					},
					"position": {
						"0.0": [0, 0, 7],
						"0.2": [0, 0, 2],
						"0.5": [0, 0, 2],
						"0.9": [0, 0, 0]
					}
				},
				"root": {
					"position": {
						"0.0": [0, 0, 0],
						"0.2": [0, 0, -2],
						"0.5": [0, 0, -2],
						"1.0": [0, 0, 0]
					}
				},
				"trail_pierce_halberd": {
					"scale": 0
				},
				"trail_halberd": {
					"scale": 0
				},
				"halberd_back": {
					"scale": 0
				}
			}
		},
		"animation.fast_paced_halberd.attacking_move": {
			"loop": true,
			"animation_length": 1.04,
			"override_previous_animation": true,
			"bones": {
				"leftleg": {
					"rotation": {
						"0.0": [-27.5, 0, 0],
						"0.24": [-10.96, 0, 0],
						"0.52": [30, 0, 0],
						"0.8": [-15.96, 0, 0],
						"1.04": [-27.5, 0, 0]
					}
				},
				"lowerlleg": {
					"rotation": {
						"0.0": [27.5, 0, 0],
						"0.24": [0.96, 0, 0],
						"0.52": [2.5, 0, 0],
						"0.8": [58.08, 0, 0],
						"1.04": [27.5, 0, 0]
					}
				},
				"rightleg": {
					"rotation": {
						"0.0": [35, 0, 0],
						"0.52": [-32.5, 0, 0],
						"1.04": [35, 0, 0]
					}
				},
				"lowerrleg": {
					"rotation": {
						"0.0": [15, 0, 0],
						"0.24": [58.08, 0, 0],
						"0.52": [30, 0, 0],
						"0.8": [0.96, 0, 0],
						"1.04": [15, 0, 0]
					}
				},
				"root": {
					"position": {
						"0.0": [0, -2, 0],
						"0.24": [0, 0, 0],
						"0.52": [0, -2, 0],
						"0.8": [0, 0, 0],
						"1.04": [0, -2, 0]
					}
				},
				"trail_pierce_halberd": {
					"scale": 0
				},
				"trail_halberd": {
					"scale": 0
				},
				"halberd_back": {
					"scale": 0
				}
			}
		},
		"animation.fast_paced_halberd.attacking_sprint": {
			"loop": true,
			"animation_length": 0.64,
			"override_previous_animation": true,
			"bones": {
				"leftleg": {
					"rotation": {
						"0.0": [-40, 0, 0],
						"0.16": [-10.96, 0, 0],
						"0.32": [42.5, 0, 0],
						"0.48": [-15.96, 0, 0],
						"0.64": [-40, 0, 0]
					}
				},
				"lowerlleg": {
					"rotation": {
						"0.0": [7.5, 0, 0],
						"0.16": [0.96, 0, 0],
						"0.32": [2.5, 0, 0],
						"0.48": [58.08, 0, 0],
						"0.64": [7.5, 0, 0]
					}
				},
				"rightleg": {
					"rotation": {
						"0.0": [35, 0, 0],
						"0.32": [-57.5, 0, 0],
						"0.64": [35, 0, 0]
					}
				},
				"lowerrleg": {
					"rotation": {
						"0.0": [15, 0, 0],
						"0.16": [58.08, 0, 0],
						"0.32": [15, 0, 0],
						"0.48": [0.96, 0, 0],
						"0.64": [15, 0, 0]
					}
				},
				"root": {
					"rotation": {
						"0.0": [7.5, 0, 0],
						"0.32": [17.5, 0, 0],
						"0.64": [7.5, 0, 0]
					},
					"position": {
						"0.0": [0, -2, 0],
						"0.16": [0, -1, 0],
						"0.32": [0, -2, 0],
						"0.48": [0, -1, 0],
						"0.64": [0, -2, 0]
					}
				},
				"trail_pierce_halberd": {
					"scale": 0
				},
				"trail_halberd": {
					"scale": 0
				},
				"halberd_back": {
					"scale": 0
				}
			}
		},
		"animation.fast_paced_halberd.moving_attack_poke": {
			"animation_length": 0.9,
			"override_previous_animation": true,
			"bones": {
				"waist": {
					"rotation": {
						"0.0": [47.48533, 57.53271, 17.05129],
						"0.1": [32.27915, 58.44416, 6.68343],
						"0.4": [32.27915, 58.44416, 6.68343],
						"0.9": [2.50954, 4.99523, 0.21865]
					}
				},
				"leftArm": {
					"rotation": {
						"0.0": [-26.59569, 42.4766, 43.0845],
						"0.1": [-72.1911, -20.90099, -30.39176],
						"0.4": [-72.1911, -20.90099, -30.39176],
						"0.9": [0, 0, -2.5]
					}
				},
				"lowerlarm": {
					"rotation": {
						"0.0": [-42.5, 0, 0],
						"0.1": [-17.5, 0, 0],
						"0.4": [-17.5, 0, 0],
						"0.9": [-20, 0, 0]
					}
				},
				"rightArm": {
					"rotation": {
						"0.0": [33.61519, -46.42723, 40.66393],
						"0.1": [-87.46602, -52.48055, 38.63468],
						"0.4": [-87.46602, -52.48055, 38.63468],
						"0.9": [-54.87394, -9.00877, -0.21173]
					}
				},
				"lowerrarm": {
					"rotation": {
						"0.0": [-90, 0, 0],
						"0.1": [-40, 0, 0],
						"0.4": [-40, 0, 0],
						"0.9": [-37.5, 0, 0]
					}
				},
				"rightItem": {
					"rotation": {
						"0.0": [0, 0, 0],
						"0.1": [75, 0, 0],
						"0.4": [75, 0, 0],
						"0.9": [0, 0, 0]
					},
					"position": {
						"0.0": [0, 0, 0],
						"0.1": [0, -2, 0],
						"0.4": [0, -2, 0],
						"0.5": [0, 0, 0],
						"0.6": [0, 1, 1],
						"0.9": [0, 0, 8]
					}
				},
				"root": {
					"position": {
						"0.0": [0, 0, 2],
						"0.1": [0, 0, -4],
						"0.4": [0, 0, -4],
						"0.9": [0, 0, 0]
					}
				},
				"trail_pierce_halberd": {
					"scale": 0
				},
				"trail_halberd": {
					"scale": 0
				},
				"halberd_back": {
					"scale": 0
				}
			}
		},
		"animation.fast_paced_halberd.moving_attack_side_0": {
			"animation_length": 1,
			"override_previous_animation": true,
			"bones": {
				"waist": {
					"rotation": {
						"0.0": [-175.01713, 25.09, 189.81688],
						"0.2": [-174.88841, -276.09, 189.56207],
						"0.5": [-174.88841, -276.09, 189.56207],
						"1.0": [-180.1803, -180.5353, 180.3778]
					}
				},
				"leftArm": {
					"rotation": {
						"0.0": [-92.00338, 2.74622, 80.59782],
						"0.2": [-72.00338, 2.74622, 80.59782],
						"0.5": [-72.00338, 2.74622, 80.59782],
						"1.0": [0, 0, -2.5]
					}
				},
				"lowerlarm": {
					"rotation": {
						"0.0": [-22.5, 0, 0],
						"1.0": [-20, 0, 0]
					}
				},
				"rightArm": {
					"rotation": {
						"0.0": [-1.31629, -1.63996, 93.17427],
						"0.2": [16.10036, -2.33511, 95.57714],
						"0.5": [16.10036, -2.33511, 95.57714],
						"1.0": [-54.87394, -9.00877, -0.21173]
					}
				},
				"lowerrarm": {
					"rotation": {
						"0.0": [-75, 0, 0],
						"0.2": [-82.5, 0, 0],
						"0.5": [-82.5, 0, 0],
						"1.0": [-37.5, 0, 0]
					}
				},
				"trail_pierce_halberd": {
					"scale": 0
				},
				"trail_halberd": {
					"scale": 0
				},
				"halberd_back": {
					"scale": 0
				}
			}
		},
		"animation.fast_paced_halberd.moving_attack_inverse_side_0": {
			"animation_length": 1,
			"override_previous_animation": true,
			"bones": {
				"waist": {
					"rotation": {
						"0.0": [154.17946, -1.12688, -168.27625],
						"0.2": [240.8298, 240, -181.01743],
						"0.5": [240.8298, 240, -181.01743],
						"1.0": ["240.8298-60", "240-60", -181.01743]
					}
				},
				"leftArm": {
					"rotation": {
						"0.0": [-40.08756, 16.60217, -61.88166],
						"0.2": [-32.58756, 16.60217, -61.88166],
						"0.5": [-32.58756, 16.60217, -61.88166],
						"1.0": [0, 0, -2.5]
					}
				},
				"lowerlarm": {
					"rotation": {
						"0.0": [-47.5, 0, 0],
						"0.2": [-60, 0, 0],
						"0.5": [-60, 0, 0],
						"1.0": [-20, 0, 0]
					}
				},
				"rightArm": {
					"rotation": {
						"0.0": [-74.36726, -19.2568, -67.73762],
						"0.2": [-84.36726, -19.2568, -67.73762],
						"0.5": [-84.36726, -19.2568, -67.73762],
						"1.0": [-54.87394, -9.00877, -0.21173]
					}
				},
				"lowerrarm": {
					"rotation": {
						"0.0": [-17.5, 0, 0],
						"0.2": [-2.5, 0, 0],
						"0.5": [-2.5, 0, 0],
						"1.0": [-37.5, 0, 0]
					}
				},
				"rightItem": {
					"rotation": {
						"0.0": [0, 0, 0],
						"0.2": [5, 0, 0],
						"0.5": [5, 0, 0]
					},
					"position": [0, 0, 15]
				},
				"trail_pierce_halberd": {
					"scale": 0
				},
				"trail_halberd": {
					"scale": 0
				},
				"halberd_back": {
					"scale": 0
				}
			}
		},
		"animation.fast_paced_halberd.moving_attack_side_1": {
			"animation_length": 0.9,
			"override_previous_animation": true,
			"bones": {
				"waist": {
					"rotation": {
						"0.0": [-175.01713, 30.09, 189.81688],
						"0.2": [-194.1803, -270.5353, 138.3778],
						"0.5": [-194.1803, -270.5353, 138.3778],
						"0.9": [-180.1803, -180.5353, 180.3778]
					}
				},
				"leftArm": {
					"rotation": {
						"0.0": [-92.00338, 2.74622, 80.59782],
						"0.2": [-70.76608, 28.38067, 37.21165],
						"0.5": [-70.76608, 28.38067, 37.21165],
						"0.9": [0, 0, -2.5]
					}
				},
				"lowerlarm": {
					"rotation": {
						"0.0": [-22.5, 0, 0],
						"0.2": [-1, 0, 0],
						"0.5": [-1, 0, 0],
						"0.9": [-20, 0, 0]
					}
				},
				"rightArm": {
					"rotation": {
						"0.0": [-1.31629, -1.63996, 93.17427],
						"0.2": [16.66265, -12.69187, 89.902],
						"0.5": [16.66265, -12.69187, 89.902],
						"0.9": [-54.87394, -9.00877, -0.21173]
					}
				},
				"lowerrarm": {
					"rotation": {
						"0.0": [-75, 0, 0],
						"0.2": [-81.25, 0, 0],
						"0.5": [-81.25, 0, 0],
						"0.9": [-37.5, 0, 0]
					}
				},
				"trail_pierce_halberd": {
					"scale": 0
				},
				"trail_halberd": {
					"scale": 0
				},
				"halberd_back": {
					"scale": 0
				}
			}
		},
		"animation.fast_paced_halberd.moving_slash_upwards": {
			"loop": "hold_on_last_frame",
			"animation_length": 1,
			"override_previous_animation": true,
			"bones": {
				"waist": {
					"rotation": {
						"0.0": [-102.49067, 2.462, 0.43439],
						"0.2": [75.00933, 2.462, 0.43439],
						"0.5": [75.00933, 2.462, 0.43439],
						"0.9": [2.50954, 4.99523, 0.21865]
					}
				},
				"leftArm": {
					"rotation": {
						"0.0": [-160.38229, 13.34855, -34.26701],
						"0.2": [-112.94613, 29.63361, -41.18739],
						"0.5": [-112.94613, 29.63361, -41.18739],
						"0.9": [0, 0, -2.5]
					}
				},
				"lowerlarm": {
					"rotation": {
						"0.0": [-7.5, 0, 0],
						"0.5": [-7.5, 0, 0],
						"0.9": [-20, 0, 0]
					}
				},
				"rightArm": {
					"rotation": {
						"0.0": [-135.34685, -13.32521, 36.54637],
						"0.2": [-56.61297, -37.06103, -16.48454],
						"0.5": [-56.61297, -37.06103, -16.48454],
						"0.9": [-54.87394, -9.00877, -0.21173]
					}
				},
				"lowerrarm": {
					"rotation": {
						"0.0": [-15, 0, 0],
						"0.5": [-15, 0, 0],
						"0.9": [-37.5, 0, 0]
					}
				},
				"rope": {
					"rotation": [0, 0, -25]
				},
				"rope2": {
					"rotation": [0, 0, -25]
				},
				"rightItem": {
					"rotation": {
						"0.0": [0, 0, 37.5],
						"0.2": [17.5, 0, 37.5],
						"0.5": [17.5, 0, 37.5],
						"0.9": [0, 0, 0]
					},
					"position": {
						"0.0": [0, 0, 7],
						"0.2": [0, 0, 2],
						"0.5": [0, 0, 2],
						"0.9": [0, 0, 0]
					}
				},
				"trail_pierce_halberd": {
					"scale": 0
				},
				"trail_halberd": {
					"scale": 0
				},
				"halberd_back": {
					"scale": 0
				}
			}
		},
		"animation.fast_paced_halberd.charge_slash": {
			"animation_length": 10000,
			"override_previous_animation": true,
			"bones": {
				"leftleg": {
					"rotation": [-7.5, 0, -2.5]
				},
				"lowerlleg": {
					"rotation": [7.5, 0, 0]
				},
				"rightleg": {
					"rotation": [2.5, 0, 2.5]
				},
				"lowerrleg": {
					"rotation": [15, 0, 0]
				},
				"waist": {
					"rotation": {
						"0.0": [2.50954, 4.99523, 0.21865],
						"0.3": [12.50954, -4.99523, -0.21865],
						"0.5": [-12.52964, -70.5255, 10.6837]
					}
				},
				"leftArm": {
					"rotation": {
						"0.0": [0, 0, -2.5],
						"0.3": [-86.18698, -2.18672, 78.10181],
						"0.5": [-106.88203, -3.09864, 93.09025]
					}
				},
				"lowerlarm": {
					"rotation": [-20, 0, 0]
				},
				"rightArm": {
					"rotation": {
						"0.0": [-50.80817, 25.77945, 3.74282],
						"0.3": [-72.26455, -12.46599, 91.1422],
						"0.5": [-37.26455, -12.46599, 91.1422]
					}
				},
				"lowerrarm": {
					"rotation": {
						"0.0": [-37.5, 0, 0],
						"0.3": [-15, 0, 0],
						"0.5": [-47.5, 0, 0]
					}
				},
				"rightItem": {
					"position": {
						"0.0": [0, 0, 8],
						"0.3": [0, 0, 0]
					}
				},
				"trail_pierce_halberd": {
					"scale": 0
				},
				"trail_halberd": {
					"scale": 0
				},
				"root": {
					"rotation": {
						"0.0": ["variable.is_first_person ? (math.cos(query.life_time * 100.0) * 0.200) + 0.200 : 0", "variable.is_first_person ? 180 : 0", 0],
						"0.5": ["variable.is_first_person ? (math.cos(query.life_time * 100.0) * 0.200) + 0.200 : 0", "variable.is_first_person ? 155 : -25", 0]
					},
					"position": ["variable.is_first_person ? 2 : 0", "variable.is_first_person ? -3 : 0", "variable.is_first_person ? 12 : 0"]
				},
				"halberd_back": {
					"scale": 0
				}
			}
		},
		"animation.fast_paced_halberd.ability_slash": {
			"loop": "hold_on_last_frame",
			"animation_length": 1.2,
			"override_previous_animation": true,
			"bones": {
				"leftleg": {
					"rotation": {
						"0.0": [-7.5, 0, -2.5],
						"0.5": [-7.5, 0, -2.5],
						"0.9": [-7.5, 0, -2.5]
					}
				},
				"lowerlleg": {
					"rotation": {
						"0.0": [7.5, 0, 0],
						"0.5": [7.5, 0, 0],
						"0.9": [7.5, 0, 0]
					}
				},
				"rightleg": {
					"rotation": {
						"0.0": [2.5, 0, 2.5],
						"0.5": [2.5, 0, 2.5],
						"0.9": [2.5, 0, 2.5]
					}
				},
				"lowerrleg": {
					"rotation": {
						"0.0": [15, 0, 0],
						"0.5": [15, 0, 0],
						"0.9": [15, 0, 0]
					}
				},
				"waist": {
					"rotation": {
						"0.0": [-12.52964, -70.5255, 10.6837],
						"0.2": [-3.45915, 81.14653, -13.9008],
						"0.5": [-3.45915, 81.14653, -13.9008],
						"0.9": [2.50954, 4.99523, 0.21865]
					}
				},
				"leftArm": {
					"rotation": {
						"0.0": [-106.88203, -3.09864, 93.09025],
						"0.2": [-31.88203, -3.09864, 93.09025],
						"0.5": [-31.88203, -3.09864, 93.09025],
						"0.9": [0, 0, -2.5]
					}
				},
				"lowerlarm": {
					"rotation": {
						"0.0": [-20, 0, 0],
						"0.5": [-20, 0, 0],
						"0.9": [-20, 0, 0]
					}
				},
				"rightArm": {
					"rotation": {
						"0.0": [-37.26455, -12.46599, 91.1422],
						"0.2": [17.73545, -12.46599, 91.1422],
						"0.5": [17.73545, -12.46599, 91.1422],
						"0.9": [-50.80817, 25.77945, 3.74282]
					}
				},
				"lowerrarm": {
					"rotation": {
						"0.0": [-47.5, 0, 0],
						"0.2": [-90, 0, 0],
						"0.5": [-90, 0, 0],
						"0.9": [-37.5, 0, 0]
					}
				},
				"rightItem": {
					"position": {
						"0.0": [0, 0, 0],
						"0.5": [0, 0, 0],
						"0.9": [0, 0, 8]
					}
				},
				"trail_pierce_halberd": {
					"scale": {
						"0.0": [0, 0, 0],
						"0.5": [0, 0, 0],
						"0.9": [0, 0, 0]
					}
				},
				"trail_halberd": {
					"scale": {
						"0.0": [0, 0, 0],
						"0.1": [1, 1, 1],
						"0.2": [0, 0, 0],
						"0.5": [0, 0, 0],
						"0.9": [0, 0, 0]
					}
				},
				"root": {
					"rotation": {
						"0.0": ["variable.is_first_person ? (math.cos(query.life_time * 100.0) * 0.200) + 0.200 : 0", "variable.is_first_person ? 155 : -25", 0],
						"0.2": ["variable.is_first_person ? (math.cos(query.life_time * 100.0) * 0.200) + 0.200 : 0", "variable.is_first_person ? 210 : 30", 0],
						"0.5": ["variable.is_first_person ? (math.cos(query.life_time * 100.0) * 0.200) + 0.200 : 0", "variable.is_first_person ? 210 : 30", 0],
						"0.9": ["variable.is_first_person ? (math.cos(query.life_time * 100.0) * 0.200) + 0.200 : 0", "variable.is_first_person ? 180 : 0", 0]
					},
					"position": {
						"0.0": ["variable.is_first_person ? 2 : 0", "variable.is_first_person ? -3 : 0", "variable.is_first_person ? 12 : 0"],
						"0.9": ["variable.is_first_person ? 2 : 0", "variable.is_first_person ? -3 : 0", "variable.is_first_person ? 12 : 0"]
					}
				},
				"halberd_back": {
					"scale": 0
				}
			}
		},
		"animation.fast_paced_halberd.charge_thrust": {
			"animation_length": 10000,
			"override_previous_animation": true,
			"bones": {
				"leftleg": {
					"rotation": {
						"0.0": [-7.5, 0, -2.5],
						"0.3": [-12.21118, -3.85751, -7.4085],
						"0.7": [-20.00282, -43.17633, -6.23112]
					}
				},
				"lowerlleg": {
					"rotation": [7.5, 0, 0]
				},
				"rightleg": {
					"rotation": {
						"0.0": [2.5, 0, 2.5],
						"0.3": [4.04538, 0.0086, 5.65535],
						"0.7": [6.56187, -40.70825, 6.88941]
					}
				},
				"lowerrleg": {
					"rotation": [15, 0, 0]
				},
				"waist": {
					"rotation": {
						"0.0": [2.50954, 4.99523, 0.21865],
						"0.3": [12.50954, -4.99523, -0.21865],
						"0.9": [12.50525, 4.76861, 1.94439]
					}
				},
				"leftArm": {
					"rotation": {
						"0.0": [0, 0, -2.5],
						"0.3": [-86.18698, -2.18672, 78.10181],
						"0.6": [-61.18698, -2.18672, 78.10181],
						"0.9": [-62.914, -0.4017, 95.98209]
					}
				},
				"lowerlarm": {
					"rotation": {
						"0.0": [-20, 0, 0],
						"0.9": [-5, 0, 0]
					}
				},
				"rightArm": {
					"rotation": {
						"0.0": [-50.80817, 25.77945, 3.74282],
						"0.3": [-72.26455, -12.46599, 91.1422],
						"0.6": [7.73545, -12.46599, 91.1422],
						"0.9": [32.73545, -12.46599, 91.1422]
					}
				},
				"lowerrarm": {
					"rotation": {
						"0.0": [-37.5, 0, 0],
						"0.3": [-15, 0, 0],
						"0.6": [-77.5, 0, 0],
						"0.9": [-95, 0, 0]
					}
				},
				"rightItem": {
					"position": {
						"0.0": [0, 0, 8],
						"0.3": [0, 0, 0]
					}
				},
				"trail_pierce_halberd": {
					"scale": 0
				},
				"trail_halberd": {
					"scale": 0
				},
				"root": {
					"rotation": {
						"0.0": ["variable.is_first_person ? (math.cos(query.life_time * 100.0) * 0.200) + 0.200 : 0", "variable.is_first_person ? 180 : 0", 0],
						"0.3": ["variable.is_first_person ? (math.cos(query.life_time * 100.0) * 0.200) + 0.200 : 0", "variable.is_first_person ? 182.5 : 2.5", 0],
						"0.6": ["variable.is_first_person ? (math.cos(query.life_time * 100.0) * 0.200) + 0.200 : 0", "variable.is_first_person ? 232.5 : 52.5", 0],
						"0.9": ["variable.is_first_person ? (math.cos(query.life_time * 100.0) * 0.200) + 0.200 : 0", "variable.is_first_person ? 240 : 60", 0]
					},
					"position": {
						"0.0": ["variable.is_first_person ? 2 : 0", "variable.is_first_person ? -3 : 0", "variable.is_first_person ? 12 : 0"],
						"0.6": ["variable.is_first_person ? 2 : 0", "variable.is_first_person ? -3 : 0", "variable.is_first_person ? 12 : 0"],
						"0.7": ["variable.is_first_person ? 2 : 0", "variable.is_first_person ? -4 : -1", "variable.is_first_person ? 12 : 0"]
					}
				},
				"halberd_back": {
					"scale": 0
				}
			}
		},
		"animation.fast_paced_halberd.ability_thrust": {
			"animation_length": 1,
			"override_previous_animation": true,
			"bones": {
				"leftleg": {
					"rotation": {
						"0.0": [-20.00282, -43.17633, -6.23112],
						"0.2": [47.49718, -43.17633, -6.23112],
						"0.4": [47.49718, -43.17633, -6.23112],
						"0.8": [-7.5, 0, -2.5]
					}
				},
				"lowerlleg": {
					"rotation": {
						"0.0": [7.5, 0, 0],
						"0.4": [7.5, 0, 0],
						"0.8": [7.5, 0, 0]
					}
				},
				"rightleg": {
					"rotation": {
						"0.0": [6.56187, -40.70825, 6.88941],
						"0.2": [-40.93813, -40.70825, 6.88941],
						"0.4": [-40.93813, -40.70825, 6.88941],
						"0.8": [2.5, 0, 2.5]
					}
				},
				"lowerrleg": {
					"rotation": {
						"0.0": [15, 0, 0],
						"0.2": [35, 0, 0],
						"0.4": [35, 0, 0],
						"0.8": [15, 0, 0]
					}
				},
				"waist": {
					"rotation": {
						"0.0": [12.50525, 4.76861, 1.94439],
						"0.2": [14.99998, -50.88362, -14.88116],
						"0.4": [14.99998, -50.88362, -14.88116],
						"0.8": [2.50954, 4.99523, 0.21865]
					}
				},
				"leftArm": {
					"rotation": {
						"0.0": [-62.914, -0.4017, 95.98209],
						"0.2": [-75.40512, 2.0177, 96.61187],
						"0.4": [-75.40512, 2.0177, 96.61187],
						"0.8": [0, 0, -2.5]
					}
				},
				"lowerlarm": {
					"rotation": {
						"0.0": [-5, 0, 0],
						"0.4": [-5, 0, 0],
						"0.8": [-20, 0, 0]
					}
				},
				"rightArm": {
					"rotation": {
						"0.0": [32.73545, -12.46599, 91.1422],
						"0.2": [-109.46987, -5.20806, 89.22804],
						"0.4": [-109.46987, -5.20806, 89.22804],
						"0.8": [-50.80817, 25.77945, 3.74282]
					}
				},
				"lowerrarm": {
					"rotation": {
						"0.0": [-95, 0, 0],
						"0.2": [-30, 0, 0],
						"0.4": [-30, 0, 0],
						"0.8": [-37.5, 0, 0]
					}
				},
				"rightItem": {
					"rotation": {
						"0.0": [0, 0, 0],
						"0.1": [28.75, 0, 0],
						"0.2": [102.5, 0, 0],
						"0.4": [102.5, 0, 0],
						"0.8": [0, 0, 0]
					},
					"position": {
						"0.0": [0, 0, 0],
						"0.4": [0, 0, 0],
						"0.8": [0, 0, 8]
					}
				},
				"trail_pierce_halberd": {
					"scale": {
						"0.0": [0, 0, 0],
						"0.1": [1, 1, 1],
						"0.2": [0, 0, 0],
						"0.4": [0, 0, 0],
						"0.8": [0, 0, 0]
					}
				},
				"trail_halberd": {
					"scale": {
						"0.0": [0, 0, 0],
						"0.8": [0, 0, 0]
					}
				},
				"root": {
					"rotation": {
						"0.0": ["variable.is_first_person ? (math.cos(query.life_time * 100.0) * 0.200) + 0.200 : 0", "variable.is_first_person ? 240 : 60", 0],
						"0.2": ["variable.is_first_person ? (math.cos(query.life_time * 100.0) * 0.200) + 0.200 : 0", "variable.is_first_person ? 227.5 : 47.5", 0],
						"0.4": ["variable.is_first_person ? (math.cos(query.life_time * 100.0) * 0.200) + 0.200 : 0", "variable.is_first_person ? 227.5 : 47.5", 0],
						"0.8": ["variable.is_first_person ? (math.cos(query.life_time * 100.0) * 0.200) + 0.200 : 0", "variable.is_first_person ? 180 : 0", 0]
					},
					"position": {
						"0.0": ["variable.is_first_person ? 2 : 0", "variable.is_first_person ? -4 : -1", "variable.is_first_person ? 12 : 0"],
						"0.2": ["variable.is_first_person ? 2 : 0", "variable.is_first_person ? -4 : -1", "variable.is_first_person ? 6 : -6"],
						"0.4": ["variable.is_first_person ? 2 : 0", "variable.is_first_person ? -4 : -1", "variable.is_first_person ? 6 : -6"],
						"0.8": ["variable.is_first_person ? 2 : 0", "variable.is_first_person ? -3 : 0", "variable.is_first_person ? 12 : 0"]
					}
				},
				"body": {
					"rotation": [0, 40, 0]
				},
				"halberd_back": {
					"scale": {
						"0.0": [0, 0, 0],
						"0.8": [0, 0, 0]
					}
				}
			}
		},
		"animation.fast_paced_halberd.unsheathe": {
			"loop": "hold_on_last_frame",
			"animation_length": 1.12,
			"override_previous_animation": true,
			"bones": {
				"waist": {
					"rotation": {
						"0.52": [0, 0, 0],
						"0.72": [2.50954, 4.99523, 0.21865]
					}
				},
				"leftArm": {
					"rotation": {
						"0.52": [0, 0, 0],
						"0.72": [0, 0, -2.5]
					},
					"position": [0, 0, 0]
				},
				"lowerlarm": {
					"rotation": {
						"0.52": [0, 0, 0],
						"0.72": [-20, 0, 0]
					}
				},
				"rightArm": {
					"rotation": {
						"0.0": [0, 0, 0],
						"0.24": [-137.81374, 17.38772, -18.2489],
						"0.52": [4.26482, 17.09854, 5.32286],
						"0.72": [-50.80817, 25.77945, 3.74282]
					}
				},
				"lowerrarm": {
					"rotation": {
						"0.0": [0, 0, 0],
						"0.24": [-97.5, 0, 0],
						"0.52": [-20, 0, 0],
						"0.72": [-37.5, 0, 0]
					}
				},
				"rightItem": {
					"rotation": {
						"0.28": [0, 0, 90],
						"0.52": [0, 0, 0]
					},
					"position": {
						"0.28": [1, 0, 0],
						"0.52": [0, 0, 0],
						"0.72": [0, 0, 8]
					},
					"scale": {
						"0.0": [0, 0, 0],
						"0.24": [0, 0, 0],
						"0.28": [1, 1, 1]
					}
				},
				"root": {
					"rotation": {
						"0.52": [0, 0, 0],
						"0.72": ["variable.is_first_person ? (math.cos(query.life_time * 100.0) * 0.200) + 0.200 : 0", "variable.is_first_person ? 180 : 0", 0]
					},
					"position": {
						"0.0": [0, -1, 0],
						"0.72": ["variable.is_first_person ? 2 : 0", "variable.is_first_person ? -3 : 0", "variable.is_first_person ? 12 : 0"]
					}
				},
				"halberd_back": {
					"scale": {
						"0.0": [1, 1, 1],
						"0.24": [1, 1, 1],
						"0.28": [0, 0, 0]
					}
				},
				"leftleg": {
					"rotation": [-7.5, 0, -2.5]
				},
				"lowerlleg": {
					"rotation": [7.5, 0, 0]
				},
				"rightleg": {
					"rotation": [2.5, 0, 2.5]
				},
				"lowerrleg": {
					"rotation": [15, 0, 0]
				},
				"trail_pierce_halberd": {
					"scale": 0
				},
				"trail_halberd": {
					"scale": 0
				}
			}
		},
		"animation.fast_paced_halberd.riding_pose": {
			"loop": true,
			"override_previous_animation": true,
			"bones": {
				"trail_lance": {
					"scale": 0
				},
				"trail_pierce_spear": {
					"scale": [1, 1, 0]
				},
				"trail_spear": {
					"scale": [1, 0, 1]
				},
				"spear_back": {
					"scale": 0
				},
				"root": {
					"rotation": ["variable.is_first_person ? (math.cos(query.life_time * 100.0) * 0.200) + 0.200 : 0", "variable.is_first_person ? 180 : 0", 0],
					"position": ["variable.is_first_person ? 2 : 0", "variable.is_first_person ? -12 : -9", "variable.is_first_person ? 12 : 0"]
				},
				"leftleg": {
					"rotation": [-65.43798, -22.9824, -12.61783]
				},
				"lowerlleg": {
					"rotation": [62.5, 0, 0]
				},
				"rightleg": {
					"rotation": [-78.71587, 27.37204, 7.66261]
				},
				"lowerrleg": {
					"rotation": [70, 0, 0]
				},
				"waist": {
					"rotation": [2.5, 0, 0]
				},
				"leftArm": {
					"rotation": [-51.55241, 33.39974, -50.86873]
				},
				"lowerlarm": {
					"rotation": [-27.58957, -4.43385, 2.31336]
				},
				"rightArm": {
					"rotation": [18.74706, -4.61682, 19.20693]
				},
				"lowerrarm": {
					"rotation": [-75, 0, 0]
				},
				"rightItem": {
					"rotation": [62.5, 0, 0],
					"position": [0, 8, 5]
				},
				"trail_pierce_halberd": {
					"scale": [1, 1, 0]
				},
				"trail_halberd": {
					"scale": [1, 0, 1]
				},
				"halberd_back": {
					"scale": 0
				}
			}
		},
		"animation.fast_paced_halberd.attack_riding_pose": {
			"animation_length": 0.4,
			"override_previous_animation": true,
			"bones": {
				"trail_lance": {
					"scale": {
						"0.0": [0, 0, 0],
						"0.2": [0, 0, 0]
					}
				},
				"lance_back_main": {
					"scale": {
						"0.0": [0, 0, 0],
						"0.2": [0, 0, 0]
					}
				},
				"trail_pierce_spear": {
					"scale": [1, 1, 0]
				},
				"trail_spear": {
					"scale": [1, 0, 1]
				},
				"spear_back": {
					"scale": 0
				},
				"root": {
					"rotation": {
						"0.0": ["variable.is_first_person ? (math.cos(query.life_time * 100.0) * 0.200) + 0.200 : 0", "variable.is_first_person ? 180 : 0", 0],
						"0.2": ["variable.is_first_person ? (math.cos(query.life_time * 100.0) * 0.200) + 0.200 : 0", "variable.is_first_person ? 180 : 0", 0]
					},
					"position": {
						"0.0": ["variable.is_first_person ? 2 : 0", "variable.is_first_person ? -12 : -9", "variable.is_first_person ? 12 : 0"],
						"0.2": ["variable.is_first_person ? 2 : 0", "variable.is_first_person ? -12 : -9", "variable.is_first_person ? 12 : 0"]
					}
				},
				"leftleg": {
					"rotation": {
						"0.0": [-65.43798, -22.9824, -12.61783],
						"0.2": [-65.43798, -22.9824, -12.61783]
					}
				},
				"lowerlleg": {
					"rotation": {
						"0.0": [62.5, 0, 0],
						"0.2": [62.5, 0, 0]
					}
				},
				"rightleg": {
					"rotation": {
						"0.0": [-78.71587, 27.37204, 7.66261],
						"0.2": [-78.71587, 27.37204, 7.66261]
					}
				},
				"lowerrleg": {
					"rotation": {
						"0.0": [70, 0, 0],
						"0.2": [70, 0, 0]
					}
				},
				"waist": {
					"rotation": {
						"0.0": [2.5, 0, 0],
						"0.2": [2.5, 0, 0]
					}
				},
				"leftArm": {
					"rotation": {
						"0.0": [-51.55241, 33.39974, -50.86873],
						"0.2": [-47.33165, 34.34287, -42.20175]
					}
				},
				"lowerlarm": {
					"rotation": {
						"0.0": [-27.58957, -4.43385, 2.31336],
						"0.2": [-25, 0, 0]
					}
				},
				"rightArm": {
					"rotation": {
						"0.0": [18.74706, -4.61682, 19.20693],
						"0.2": [88.10478, -4.64081, 30.67294],
						"0.3": [-49.51257, 2.67589, 37.49518]
					}
				},
				"lowerrarm": {
					"rotation": {
						"0.0": [-75, 0, 0],
						"0.2": [-95, 0, 0],
						"0.3": [-15, 0, 0]
					}
				},
				"rightItem": {
					"rotation": {
						"0.0": [62.5, 0, 0],
						"0.2": [20.08227, -0.10653, 2.85423],
						"0.3": [72.58227, -0.10653, 2.85423]
					},
					"position": {
						"0.0": [0, 8, 5],
						"0.2": [0, 3, 9],
						"0.3": [0, -3, 0]
					}
				},
				"trail_pierce_halberd": {
					"scale": [1, 1, 0]
				},
				"trail_halberd": {
					"scale": [1, 0, 1]
				},
				"halberd_back": {
					"scale": {
						"0.0": [0, 0, 0],
						"0.2": [0, 0, 0]
					}
				}
			}
		}
	}
}