{
	"format_version": "1.8.0",
	"animations": {
		"animation.fast_paced_longsword.base_pose": {
			"loop": true,
			"override_previous_animation": true,
			"bones": {
				"root": {
					"rotation": ["variable.is_first_person ? (math.cos(query.life_time * 100.0) * 0.200) + 0.200 : 0", "variable.is_first_person ? 200 : 20", 0],
					"position": ["variable.is_first_person ? 2 : 0", "variable.is_first_person ? -5 : -2", "variable.is_first_person ? 12 : 0"]
				},
				"leftleg": {
					"rotation": [-45.68112, -22.93909, -1.56304]
				},
				"lowerlleg": {
					"rotation": [37.5, 0, 0]
				},
				"rightleg": {
					"rotation": [-22.30686, 68.62866, 9.74449]
				},
				"lowerrleg": {
					"rotation": [25, 0, 0]
				},
				"waist": {
					"rotation": [4.25704, 32.22168, 2.63763]
				},
				"leftArm": {
					"rotation": [-80.62102, 28.56101, -39.28213]
				},
				"lowerlarm": {
					"rotation": [-25, 0, 0]
				},
				"rightArm": {
					"rotation": [-70.50383, -45.19805, 10.24195]
				},
				"lowerrarm": {
					"rotation": [-62.5, 0, 0]
				},
				"rightItem": {
					"rotation": [0, 0, 2.5],
					"position": [0, -1, 2]
				},
				"longsword_back_main": {
					"scale": 0
				},
				"longsword_back_offhand": {
					"scale": 0
				}
			}
		},
		"animation.fast_paced_longsword.attack_right": {
			"loop": "hold_on_last_frame",
			"animation_length": 1.5,
			"override_previous_animation": true,
			"bones": {
				"root": {
					"rotation": {
						"0.0": ["variable.is_first_person ? (math.cos(query.life_time * 100.0) * 0.200) + 0.200 : 0", "variable.is_first_person ? 200 : 20", 0],
						"0.2": ["variable.is_first_person ? (math.cos(query.life_time * 100.0) * 0.200) + 0.200 : 0", "variable.is_first_person ? 205 : 25", 0],
						"0.3": ["variable.is_first_person ? (math.cos(query.life_time * 100.0) * 0.200) + 0.200 : 0", "variable.is_first_person ? 165 : -15", 0],
						"0.4": [
							"variable.is_first_person ? (math.cos(query.life_time * 100.0) * 0.200) + 0.200 + 5 : 5",
							"variable.is_first_person ? 180 - 67.5 : -67.5",
							0
						],
						"0.5": [
							"variable.is_first_person ? (math.cos(query.life_time * 100.0) * 0.200) + 0.200 + 5 : 5",
							"variable.is_first_person ? 180 - 67.5 : -67.5",
							0
						]
					},
					"position": {
						"0.0": ["variable.is_first_person ? 2 : 0", "variable.is_first_person ? -5 : -2", "variable.is_first_person ? 12 : 0"],
						"0.2": ["variable.is_first_person ? 2 : 0", "variable.is_first_person ? -4 : -1", "variable.is_first_person ? 12 : 0"],
						"0.3": ["variable.is_first_person ? 2 : 0", "variable.is_first_person ? -4 : -1", "variable.is_first_person ? 12 : 0"],
						"0.4": ["variable.is_first_person ? 2 : 0", "variable.is_first_person ? -4 : -1", "variable.is_first_person ? 12 : 0"],
						"0.5": ["variable.is_first_person ? 2 : 0", "variable.is_first_person ? -4 : -1", "variable.is_first_person ? 12 : 0"]
					}
				},
				"leftleg": {
					"rotation": {
						"0.0": [-45.68112, -22.93909, -1.56304],
						"0.1": [-38.18112, -22.93909, -1.56304],
						"0.3": [-30.68112, -22.93909, -1.56304],
						"0.4": [-43.18112, -22.93909, -1.56304],
						"0.5": [-43.18112, -22.93909, -1.56304]
					}
				},
				"lowerlleg": {
					"rotation": [37.5, 0, 0]
				},
				"rightleg": {
					"rotation": {
						"0.0": [-22.30686, 68.62866, 9.74449],
						"0.3": [-69.27359, 14.72301, 18.42627],
						"0.4": [-45.66543, 68.61629, -9.21302],
						"0.5": [-45.66543, 68.61629, -9.21302]
					}
				},
				"lowerrleg": {
					"rotation": {
						"0.0": [25, 0, 0],
						"0.3": [70, 0, 0],
						"0.4": [37.5, 0, 0],
						"0.5": [37.5, 0, 0]
					}
				},
				"waist": {
					"rotation": {
						"0.0": [4.25704, 32.22168, 2.63763],
						"0.2": [-10.43417, 31.81667, -6.19766],
						"0.3": [4.05308, 16.85845, -7.43124],
						"0.4": [3.9176, -8.08301, -9.16015],
						"0.5": [3.9176, -8.08301, -9.16015],
						"1.0": [-1.21351, 6.7308, 0.44428]
					}
				},
				"leftArm": {
					"rotation": {
						"0.0": [-80.62102, 28.56101, -39.28213],
						"0.2": [-80.82926, 26.09368, -39.73564],
						"0.3": [-88.13074, 65.58049, -32.0243],
						"0.4": [-80.46021, 62.1376, -59.56833],
						"0.5": [-80.46021, 62.1376, -59.56833],
						"1.0": [-65.46021, 62.1376, -59.56833]
					}
				},
				"lowerlarm": {
					"rotation": {
						"0.0": [-25, 0, 0],
						"0.4": [-65, 0, 0],
						"0.5": [-65, 0, 0],
						"1.0": [-45, 0, 0]
					}
				},
				"rightArm": {
					"rotation": {
						"0.0": [-70.50383, -45.19805, 10.24195],
						"0.3": [-57.6737, -35.86169, 7.42389],
						"0.4": [-35.59419, -37.53025, -11.02334],
						"0.5": [-35.59419, -37.53025, -11.02334],
						"0.9": [-51.84401, -54.05559, 11.27629],
						"1.0": [-40.88579, -61.33501, -1.64704]
					}
				},
				"lowerrarm": {
					"rotation": {
						"0.0": [-62.5, 0, 0],
						"0.2": [-67.5, 0, 0],
						"0.3": [-47.5, 0, 0],
						"0.4": [-12.5, 0, 0],
						"0.5": [-12.5, 0, 0],
						"1.0": [-52.5, 0, 0]
					}
				},
				"rightItem": {
					"rotation": {
						"0.0": [0, 0, 2.5],
						"0.2": [-6.78468, 5.69416, 7.34272],
						"0.3": [95.54401, -5.05904, 44.75489],
						"0.4": [154.79352, 59.39282, 111.96073],
						"0.5": [154.79352, 59.39282, 111.96073],
						"1.0": [348.52855, 5.91983, 156.0096]
					},
					"position": {
						"0.0": [0, -1, 2],
						"0.3": [0, -1, 0]
					}
				},
				"longsword_back_main": {
					"scale": 0
				},
				"longsword_back_offhand": {
					"scale": 0
				}
			}
		},
		"animation.fast_paced_longsword.attack_left": {
			"loop": "hold_on_last_frame",
			"animation_length": 0.6,
			"override_previous_animation": true,
			"bones": {
				"root": {
					"rotation": {
						"0.0": ["variable.is_first_person ? (math.cos(query.life_time * 100.0) * 0.200) + 0.200 : 0", "variable.is_first_person ? 120 : -60", 0],
						"0.2": ["variable.is_first_person ? (math.cos(query.life_time * 100.0) * 0.200) + 0.200 : 0", "variable.is_first_person ? 97.5 : -82.5", 0],
						"0.4": ["variable.is_first_person ? (math.cos(query.life_time * 100.0) * 0.200) + 0.200 : 0", "variable.is_first_person ? 237.5 : 57.5", 0]
					},
					"position": {
						"0.0": ["variable.is_first_person ? 2 : 0", "variable.is_first_person ? -5 : -2", "variable.is_first_person ? 12 : 0"],
						"0.2": ["variable.is_first_person ? 2 : 0", "variable.is_first_person ? -4 : -1", "variable.is_first_person ? 12 : 0"],
						"0.4": ["variable.is_first_person ? 2 : 0", "variable.is_first_person ? -5 : -2", "variable.is_first_person ? 12 : 0"]
					}
				},
				"leftleg": {
					"rotation": {
						"0.0": [-43.18112, -22.93909, -1.56304],
						"0.2": [-29.46808, -29.55526, -9.93298],
						"0.3": [-64.87448, 16.2022, -13.99874],
						"0.4": [-41.33765, -62.07319, 5.00578]
					}
				},
				"lowerlleg": {
					"rotation": {
						"0.0": [37.5, 0, 0],
						"0.2": [17.5, 0, 0],
						"0.3": [11.25, 0, 0],
						"0.4": [35, 0, 0]
					}
				},
				"rightleg": {
					"rotation": {
						"0.0": [-42.5, 50, 0],
						"0.1": [-27.5, 72.5, 0],
						"0.2": [-30, 85, 0],
						"0.4": [-30, 85, 0]
					}
				},
				"lowerrleg": {
					"rotation": {
						"0.0": [37.5, 0, 0],
						"0.2": [20, 0, 0]
					}
				},
				"waist": {
					"rotation": {
						"0.0": [-1.21351, 6.7308, 0.44428],
						"0.2": [1.29475, -0.76754, 0.60267],
						"0.5": [13.64494, 43.92734, 4.86187]
					}
				},
				"leftArm": {
					"rotation": {
						"0.0": [-65.46021, 62.1376, -59.56833],
						"0.2": [-49.27592, 4.02933, 83.01972],
						"0.3": [-41.77592, 4.02933, 83.01972],
						"0.5": [-21.77592, 4.02933, 83.01972]
					}
				},
				"lowerlarm": {
					"rotation": {
						"0.0": [-45, 0, 0],
						"0.2": [-20, 0, 0],
						"0.3": [-40, 0, 0]
					}
				},
				"rightArm": {
					"rotation": {
						"0.0": [-40.88579, -61.33501, -1.64704],
						"0.2": [-81.03793, -11.26929, 83.72734],
						"0.3": [-83.53793, -11.26929, 83.72734],
						"0.5": [-36.03793, -11.26929, 83.72734]
					}
				},
				"lowerrarm": {
					"rotation": {
						"0.0": [-52.5, 0, 0],
						"0.2": [-32.5, 0, 0],
						"0.3": [-45, 0, 0],
						"0.5": [-105, 0, 0]
					}
				},
				"rightItem": {
					"rotation": {
						"0.0": [348.52855, 5.91983, 156.0096],
						"0.2": [308.47915, 11.14384, 188.4679],
						"0.5": [278.47915, 11.14384, 188.4679]
					},
					"position": {
						"0.0": [0, -1, 2],
						"0.2": [0, -1, -2],
						"0.5": [1, -3, -1]
					}
				},
				"longsword_back_main": {
					"scale": 0
				},
				"longsword_back_offhand": {
					"scale": 0
				}
			}
		},
		"animation.fast_paced_longsword.sneak": {
			"loop": true,
			"override_previous_animation": true,
			"bones": {
				"root": {
					"rotation": ["variable.is_first_person ? (math.cos(query.life_time * 100.0) * 0.200) + 0.200 : 0", "variable.is_first_person ? 180 : 0", 0],
					"position": ["variable.is_first_person ? 2 : 0", "variable.is_first_person ? -8 : -5", "variable.is_first_person ? 12 : 0"]
				},
				"leftleg": {
					"rotation": [10, 0, -2.5]
				},
				"lowerlleg": {
					"rotation": [75, 0, 0]
				},
				"rightleg": {
					"rotation": [-79.99294, 0.32621, 2.47864]
				},
				"lowerrleg": {
					"rotation": [80, 0, 0]
				},
				"waist": {
					"rotation": [12.67995, 12.39135, 1.6575]
				},
				"leftArm": {
					"rotation": [15.78589, 3.0575, -9.66673]
				},
				"lowerlarm": {
					"rotation": [-42.5, 0, 0]
				},
				"rightArm": {
					"rotation": [41.69183, 25.77945, 3.74282]
				},
				"lowerrarm": {
					"rotation": [-30, 0, 0]
				},
				"rightItem": {
					"position": [0, 0, -1]
				},
				"trail_lance": {
					"scale": 0
				},
				"longsword_back_main": {
					"scale": 0
				},
				"longsword_back_offhand": {
					"scale": 0
				}
			}
		},
		"animation.fast_paced_longsword.sneak_move": {
			"loop": true,
			"animation_length": 1.04,
			"override_previous_animation": true,
			"bones": {
				"root": {
					"rotation": ["variable.is_first_person ? (math.cos(query.life_time * 100.0) * 0.200) + 0.200 : 0", "variable.is_first_person ? 177.5 : -2.5", -2.5],
					"position": {
						"0.0": ["variable.is_first_person ? 2 : 0", "variable.is_first_person ? -7 : -4", "variable.is_first_person ? 12 : 0"],
						"0.24": ["variable.is_first_person ? 2 : 0", "variable.is_first_person ? -8 : -5", "variable.is_first_person ? 12 : 0"],
						"0.52": ["variable.is_first_person ? 2 : 0", "variable.is_first_person ? -7 : -4", "variable.is_first_person ? 12 : 0"],
						"0.8": ["variable.is_first_person ? 2 : 0", "variable.is_first_person ? -9 : -6", "variable.is_first_person ? 12 : 0"],
						"1.04": ["variable.is_first_person ? 2 : 0", "variable.is_first_person ? -7 : -4", "variable.is_first_person ? 12 : 0"]
					}
				},
				"leftleg": {
					"rotation": {
						"0.0": [-74.9299, 1.70818, -0.30014],
						"0.52": [-2.4299, 1.70818, -0.30014],
						"0.8": [-111.26229, 1.23927, 0.51927],
						"1.04": [-74.9299, 1.70818, -0.30014]
					}
				},
				"lowerlleg": {
					"rotation": {
						"0.0": [72.5, 0, 0],
						"0.24": [118.46, 0, 0],
						"0.52": [80, 0, 0],
						"0.8": [100.96, 0, 0],
						"1.04": [72.5, 0, 0]
					}
				},
				"rightleg": {
					"rotation": {
						"0.0": [-0.14068, -2.24944, 7.15656],
						"0.24": [-98.33018, 0.42156, 5.28399],
						"0.52": [-77.46793, 3.53773, 3.09932],
						"0.8": [-25.83018, 0.42156, 5.28399],
						"1.04": [-0.14068, -2.24944, 7.15656]
					}
				},
				"lowerrleg": {
					"rotation": {
						"0.0": [77.5, 0, 0],
						"0.24": [100, 0, 0],
						"0.52": [72.5, 0, 0],
						"0.8": [112.69, 0, 0],
						"1.04": [77.5, 0, 0]
					}
				},
				"waist": {
					"rotation": {
						"0.0": [33.88762, -18.37521, -5.64208],
						"0.52": [34.26024, 22.70661, 9.32084],
						"1.04": [33.88762, -18.37521, -5.64208]
					}
				},
				"leftArm": {
					"rotation": {
						"0.0": [-29.57545, 14.02739, -59.11424],
						"0.52": [-62.07545, 14.02739, -59.11424],
						"1.04": [-29.57545, 14.02739, -59.11424]
					}
				},
				"lowerlarm": {
					"rotation": {
						"0.0": [-22.5, 0, 0],
						"0.52": [-62.5, 0, 0],
						"1.04": [-22.5, 0, 0]
					}
				},
				"rightArm": {
					"rotation": {
						"0.0": [-24.82689, 17.62744, 26.36284],
						"0.52": [14.69322, -3.47471, 16.09595],
						"1.04": [-24.82689, 17.62744, 26.36284]
					}
				},
				"lowerrarm": {
					"rotation": [-47.5, 0, 0]
				},
				"rightItem": {
					"position": [0, 0, -1]
				},
				"trail_lance": {
					"scale": 0
				},
				"longsword_back_main": {
					"scale": 0
				},
				"longsword_back_offhand": {
					"scale": 0
				}
			}
		},
		"animation.fast_paced_longsword.walk": {
			"loop": true,
			"animation_length": 1.04,
			"override_previous_animation": true,
			"bones": {
				"root": {
					"rotation": ["variable.is_first_person ? (math.cos(query.life_time * 100.0) * 0.200) + 0.200 : 0", "variable.is_first_person ? 180 : 0", 0],
					"position": {
						"0.0": ["variable.is_first_person ? 2 : 0", "variable.is_first_person ? -5 : -2", "variable.is_first_person ? 12 : 0"],
						"0.2": ["variable.is_first_person ? 2 : 0", "variable.is_first_person ? -3 : 0", "variable.is_first_person ? 12 : 0"],
						"0.36": ["variable.is_first_person ? 2 : 0", "variable.is_first_person ? -4 : -1", "variable.is_first_person ? 12 : 0"],
						"0.52": ["variable.is_first_person ? 2 : 0", "variable.is_first_person ? -5 : -2", "variable.is_first_person ? 12 : 0"],
						"0.72": ["variable.is_first_person ? 2 : 0", "variable.is_first_person ? -3 : 0", "variable.is_first_person ? 12 : 0"],
						"1.04": ["variable.is_first_person ? 2 : 0", "variable.is_first_person ? -5 : -2", "variable.is_first_person ? 12 : 0"]
					}
				},
				"leftleg": {
					"rotation": {
						"0.0": [-42.5, 0, 0],
						"0.2": [-1.73, 0, 0],
						"0.36": [22.88, 0, 0],
						"0.52": [40, 0, 0],
						"0.72": [5.81, 0, 0],
						"0.88": [-86.54, 0, 0],
						"1.04": [-42.5, 0, 0]
					}
				},
				"lowerlleg": {
					"rotation": {
						"0.0": [40, 0, 0],
						"0.2": [2.12, 0, 0],
						"0.36": [3.56, 0, 0],
						"0.52": [12.5, 0, 0],
						"0.72": [72.88, 0, 0],
						"0.88": [91.44, 0, 0],
						"1.04": [40, 0, 0]
					}
				},
				"rightleg": {
					"rotation": {
						"0.0": [32.5, 0, 0],
						"0.2": [0.58, 0, 0],
						"0.36": [-78.46, 0, 0],
						"0.52": [-45, 0, 0],
						"0.72": [-0.19, 0, 0],
						"1.04": [32.5, 0, 0]
					}
				},
				"lowerrleg": {
					"rotation": {
						"0.0": [0, 0, 0],
						"0.2": [87.31, 0, 0],
						"0.36": [82.41, 0, 0],
						"0.52": [47.5, 0, 0],
						"0.72": [1.73, 0, 0],
						"1.04": [0, 0, 0]
					}
				},
				"waist": {
					"rotation": {
						"0.0": [5.82024, 32.00206, 5.57787],
						"0.52": [2.67936, 32.37296, -0.31462],
						"1.04": [5.82024, 32.00206, 5.57787]
					}
				},
				"leftArm": {
					"rotation": {
						"0.0": [-80.62102, 28.56101, -39.28213],
						"0.52": [-85.62102, 28.56101, -39.28213],
						"1.04": [-80.62102, 28.56101, -39.28213]
					},
					"position": {
						"0.0": [0, 0, 0],
						"0.52": [0, -1, 0],
						"1.04": [0, 0, 0]
					}
				},
				"lowerlarm": {
					"rotation": {
						"0.0": [-25, 0, 0],
						"0.52": [-27.5, 0, 0],
						"1.04": [-25, 0, 0]
					}
				},
				"rightArm": {
					"rotation": {
						"0.0": [-70.50383, -45.19805, 10.24195],
						"0.52": [-75.50383, -45.19805, 10.24195],
						"1.04": [-70.50383, -45.19805, 10.24195]
					},
					"position": {
						"0.0": [0, 0, 0],
						"0.52": [0, -1, 0],
						"1.04": [0, 0, 0]
					}
				},
				"lowerrarm": {
					"rotation": {
						"0.0": [-62.5, 0, 0],
						"0.52": [-65, 0, 0],
						"1.04": [-62.5, 0, 0]
					}
				},
				"rightItem": {
					"rotation": {
						"0.0": [0, 0, 2.5],
						"0.52": [0, 0, 2.5],
						"1.04": [0, 0, 2.5]
					},
					"position": {
						"0.0": [0, -1, 2],
						"0.52": [0, -1, 2],
						"1.04": [0, -1, 2]
					}
				},
				"longsword_back_main": {
					"scale": 0
				},
				"longsword_back_offhand": {
					"scale": 0
				}
			}
		},
		"animation.fast_paced_longsword.sprint": {
			"loop": true,
			"animation_length": 0.64,
			"override_previous_animation": true,
			"bones": {
				"root": {
					"rotation": {
						"0.0": ["variable.is_first_person ? (math.cos(query.life_time * 100.0) * 0.200) + 0.200 + 7.5 : 7.5", "variable.is_first_person ? 180 : 0", 0],
						"0.32": ["variable.is_first_person ? (math.cos(query.life_time * 100.0) * 0.200) + 0.200 + 17.5 : 17.5", "variable.is_first_person ? 180 : 0", 0],
						"0.64": ["variable.is_first_person ? (math.cos(query.life_time * 100.0) * 0.200) + 0.200 + 7.5 : 7.5", "variable.is_first_person ? 180 : 0", 0]
					},
					"position": {
						"0.0": ["variable.is_first_person ? 2 : 0", "variable.is_first_person ? -5 : -2", "variable.is_first_person ? 12 : 0"],
						"0.16": ["variable.is_first_person ? 2 : 0", "variable.is_first_person ? -2 : 1", "variable.is_first_person ? 12 : 0"],
						"0.32": ["variable.is_first_person ? 2 : 0", "variable.is_first_person ? -5 : -2", "variable.is_first_person ? 12 : 0"],
						"0.48": ["variable.is_first_person ? 2 : 0", "variable.is_first_person ? -3 : 0", "variable.is_first_person ? 12 : 0"],
						"0.64": ["variable.is_first_person ? 2 : 0", "variable.is_first_person ? -5 : -2", "variable.is_first_person ? 12 : 0"]
					}
				},
				"leftleg": {
					"rotation": {
						"0.0": [-50, 0, 0],
						"0.16": [41.54, 0, 0],
						"0.32": [17.5, 0, 0],
						"0.48": [-91.97, 0, 0],
						"0.64": [-50, 0, 0]
					}
				},
				"lowerlleg": {
					"rotation": {
						"0.0": [45, 0, 0],
						"0.16": [0.96, 0, 0],
						"0.32": [55, 0, 0],
						"0.48": [102.93, 0, 0],
						"0.64": [45, 0, 0]
					}
				},
				"rightleg": {
					"rotation": {
						"0.0": [30, 0, 0],
						"0.16": [-83.75, 0, 0],
						"0.32": [-57.5, 0, 0],
						"0.48": [38.75, 0, 0],
						"0.64": [30, 0, 0]
					}
				},
				"lowerrleg": {
					"rotation": {
						"0.0": [75, 0, 0],
						"0.16": [85.58, 0, 0],
						"0.32": [40, 0, 0],
						"0.48": [0.96, 0, 0],
						"0.64": [75, 0, 0]
					}
				},
				"waist": {
					"rotation": {
						"0.0": [4.25704, 32.22168, 2.63763],
						"0.32": [-8.83289, 31.58678, -3.20521],
						"0.64": [4.25704, 32.22168, 2.63763]
					}
				},
				"leftArm": {
					"rotation": {
						"0.0": [-80.62102, 28.56101, -39.28213],
						"0.32": [-80.62102, 28.56101, -39.28213],
						"0.64": [-80.62102, 28.56101, -39.28213]
					}
				},
				"lowerlarm": {
					"rotation": {
						"0.0": [-25, 0, 0],
						"0.32": [-25, 0, 0],
						"0.64": [-25, 0, 0]
					}
				},
				"rightArm": {
					"rotation": {
						"0.0": [-70.50383, -45.19805, 10.24195],
						"0.32": [-70.50383, -45.19805, 10.24195],
						"0.64": [-70.50383, -45.19805, 10.24195]
					}
				},
				"lowerrarm": {
					"rotation": {
						"0.0": [-62.5, 0, 0],
						"0.32": [-62.5, 0, 0],
						"0.64": [-62.5, 0, 0]
					}
				},
				"rightItem": {
					"rotation": {
						"0.0": [0, 0, 2.5],
						"0.32": [0, 0, 2.5],
						"0.64": [0, 0, 2.5]
					},
					"position": {
						"0.0": [0, -1, 2],
						"0.32": [0, -1, 2],
						"0.64": [0, -1, 2]
					}
				},
				"longsword_back_main": {
					"scale": 0
				},
				"longsword_back_offhand": {
					"scale": 0
				}
			}
		},
		"animation.fast_paced_longsword.land": {
			"loop": "hold_on_last_frame",
			"animation_length": 0.36,
			"override_previous_animation": true,
			"bones": {
				"leftleg": {
					"rotation": {
						"0.0": [-84.78974, -4.77628, -5.71489],
						"0.36": [-40, 0, 0]
					}
				},
				"lowerlleg": {
					"rotation": {
						"0.0": [92.5, 0, 0],
						"0.36": [40, 0, 0]
					}
				},
				"rightleg": {
					"rotation": {
						"0.0": [-84.18208, 35.70811, 1.42648],
						"0.36": [25, 0, 0]
					}
				},
				"lowerrleg": {
					"rotation": {
						"0.0": [97.5, 0, 0],
						"0.36": [0, 0, 0]
					}
				},
				"waist": {
					"rotation": {
						"0.0": [7.97532, 19.82169, 2.71994],
						"0.36": [20.56715, 49.65952, 4.61374]
					}
				},
				"leftArm": {
					"rotation": {
						"0.0": [-2.49527, -0.21782, -2.4905],
						"0.36": [-32.6169, 36.26265, 24.72666]
					}
				},
				"lowerlarm": {
					"rotation": {
						"0.0": [-7.5, 0, 0],
						"0.36": [-10, 0, 0]
					}
				},
				"rightArm": {
					"rotation": {
						"0.0": [23.36058, -2.53807, 25.56446],
						"0.36": [-20.79586, -46.18183, 16.51073]
					}
				},
				"lowerrarm": {
					"rotation": {
						"0.0": [-37.5, 0, 0],
						"0.36": [-42.5, 0, 0]
					}
				},
				"rightItem": {
					"position": {
						"0.0": [0, 0, -1],
						"0.36": [0, -1, -2]
					}
				},
				"trail_lance": {
					"scale": 0
				},
				"root": {
					"rotation": ["variable.is_first_person ? (math.cos(query.life_time * 100.0) * 0.200) + 0.200 : 0", "variable.is_first_person ? 180 : 0", 0],
					"position": {
						"0.0": ["variable.is_first_person ? 2 : 0", "variable.is_first_person ? -8 : -5", "variable.is_first_person ? 12 : 0"],
						"0.36": ["variable.is_first_person ? 2 : 0", "variable.is_first_person ? -4 : -1", "variable.is_first_person ? 12 : 0"]
					}
				},
				"longsword_back_main": {
					"scale": 0
				},
				"longsword_back_offhand": {
					"scale": 0
				}
			}
		},
		"animation.fast_paced_longsword.jump": {
			"loop": "hold_on_last_frame",
			"animation_length": 0.48,
			"override_previous_animation": true,
			"bones": {
				"leftleg": {
					"rotation": {
						"0.0": [-40, 0, 0],
						"0.16": [-84.78974, -4.77628, -5.71489],
						"0.48": [-10, 0, -2.5]
					}
				},
				"lowerlleg": {
					"rotation": {
						"0.0": [40, 0, 0],
						"0.16": [92.5, 0, 0],
						"0.48": [12.5, 0, 0]
					}
				},
				"rightleg": {
					"rotation": {
						"0.0": [25, 0, 0],
						"0.16": [-84.18208, 35.70811, 1.42648],
						"0.48": [-25.00238, -0.10901, 2.49762]
					}
				},
				"lowerrleg": {
					"rotation": {
						"0.0": [0, 0, 0],
						"0.16": [97.5, 0, 0],
						"0.48": [12.5, 0, 0]
					}
				},
				"waist": {
					"rotation": {
						"0.0": [20.56715, 49.65952, 4.61374],
						"0.16": [7.97532, 19.82169, 2.71994],
						"0.48": [14.72765, 31.63886, 7.85085]
					}
				},
				"leftArm": {
					"rotation": {
						"0.0": [-32.6169, 36.26265, 24.72666],
						"0.16": [-22.23155, 34.95137, 58.20465],
						"0.48": [-35.14959, -14.0208, -50.44108]
					}
				},
				"lowerlarm": {
					"rotation": {
						"0.0": [-10, 0, 0],
						"0.48": [-2.5, 0, 0]
					}
				},
				"rightArm": {
					"rotation": {
						"0.0": [-20.79586, -46.18183, 16.51073],
						"0.24": [41.15048, 13.99842, 65.6981],
						"0.48": [-17.82846, -0.69513, 66.6686]
					}
				},
				"lowerrarm": {
					"rotation": {
						"0.0": [-42.5, 0, 0],
						"0.24": [-37.5, 0, 0],
						"0.48": [-70.01753, -0.85481, 2.3494]
					}
				},
				"rightItem": {
					"position": [0, -1, -2]
				},
				"trail_lance": {
					"scale": 0
				},
				"root": {
					"rotation": ["variable.is_first_person ? (math.cos(query.life_time * 100.0) * 0.200) + 0.200 : 0", "variable.is_first_person ? 180 : 0", 0],
					"position": {
						"0.0": ["variable.is_first_person ? 2 : 0", "variable.is_first_person ? -4 : -1", "variable.is_first_person ? 12 : 0"],
						"0.16": ["variable.is_first_person ? 2 : 0", "variable.is_first_person ? -8 : -5", "variable.is_first_person ? 12 : 0"],
						"0.48": ["variable.is_first_person ? 2 : 0", "variable.is_first_person ? -1 : 2", "variable.is_first_person ? 12 : 0"]
					}
				},
				"longsword_back_main": {
					"scale": 0
				},
				"longsword_back_offhand": {
					"scale": 0
				}
			}
		},
		"animation.fast_paced_longsword.attack_left_0": {
			"loop": "hold_on_last_frame",
			"animation_length": 0.7,
			"override_previous_animation": true,
			"bones": {
				"root": {
					"rotation": ["variable.is_first_person ? (math.cos(query.life_time * 100.0) * 0.200) + 0.200 : 0", "variable.is_first_person ? 180 : 0", 0],
					"position": {
						"0.0": ["variable.is_first_person ? 2 : 0", "variable.is_first_person ? -4 : -1", "variable.is_first_person ? 12 : 0"],
						"0.4": ["variable.is_first_person ? 2 : 0", "variable.is_first_person ? -4 : -1", "variable.is_first_person ? 12 : 0"],
						"0.7": ["variable.is_first_person ? 2 : 0", "variable.is_first_person ? -4 : -1", "variable.is_first_person ? 8 : -4"]
					}
				},
				"leftleg": {
					"rotation": {
						"0.0": [-40, 0, 0],
						"0.3": [22.5, 0, 0],
						"0.4": [22.5, 0, 0],
						"0.6": [-73.75, 0, 0],
						"0.7": [-35, 0, 0]
					}
				},
				"lowerlleg": {
					"rotation": {
						"0.0": [40, 0, 0],
						"0.3": [10, 0, 0],
						"0.4": [10, 0, 0],
						"0.6": [86.25, 0, 0],
						"0.7": [32.5, 0, 0]
					}
				},
				"rightleg": {
					"rotation": {
						"0.0": [25, 0, 0],
						"0.3": [-35, 0, 0],
						"0.4": [-35, 0, 0],
						"0.7": [25, 0, 0]
					}
				},
				"lowerrleg": {
					"rotation": {
						"0.0": [0, 0, 0],
						"0.3": [32.5, 0, 0],
						"0.4": [32.5, 0, 0]
					}
				},
				"waist": {
					"rotation": {
						"0.0": [20.56715, 49.65952, 4.61374],
						"0.3": [2.76931, -54.31999, 8.26093],
						"0.4": [2.76931, -54.31999, 8.26093],
						"0.6": [25.02171, 48.5683, 15.02909],
						"0.7": [36.87587, 78.49046, 33.70109]
					}
				},
				"leftArm": {
					"rotation": {
						"0.0": [-32.6169, 36.26265, 24.72666],
						"0.3": [-50.60361, -8.99609, 101.98782],
						"0.4": [-50.60361, -8.99609, 101.98782],
						"0.7": [-38.10361, -8.99609, 101.98782]
					},
					"position": [-1, 0, -2]
				},
				"lowerlarm": {
					"rotation": {
						"0.0": [-10, 0, 0],
						"0.2": [-10, 0, 0]
					}
				},
				"rightArm": {
					"rotation": {
						"0.0": [-20.79586, -46.18183, 16.51073],
						"0.3": [-96.7311, -6.46119, 100.07842],
						"0.4": [-96.7311, -6.46119, 100.07842],
						"0.7": [-16.7311, -6.46119, 100.07842]
					}
				},
				"lowerrarm": {
					"rotation": {
						"0.0": [-42.5, 0, 0],
						"0.3": [-17.5, 0, 0],
						"0.4": [-17.5, 0, 0],
						"0.7": [-130, 0, 0]
					}
				},
				"rightItem": {
					"rotation": {
						"0.3": [7.5, 0, 0],
						"0.4": [7.5, 0, 0],
						"0.7": [155, 0, 0]
					},
					"position": {
						"0.0": [0, -1, -2],
						"0.3": [0, -1, -2],
						"0.4": [0, -1, -2],
						"0.7": [0, -4, 3]
					}
				},
				"longsword_back_main": {
					"scale": 0
				},
				"longsword_back_offhand": {
					"scale": 0
				}
			}
		},
		"animation.fast_paced_longsword.attack_right_0": {
			"loop": "hold_on_last_frame",
			"animation_length": 0.8,
			"override_previous_animation": true,
			"bones": {
				"root": {
					"rotation": {
						"0.0": ["variable.is_first_person ? (math.cos(query.life_time * 100.0) * 0.200) + 0.200 : 0", "variable.is_first_person ? 180 : 0", 0],
						"0.3": ["variable.is_first_person ? (math.cos(query.life_time * 100.0) * 0.200) + 0.200 : 0", "variable.is_first_person ? 222.5 : 42.5", 0],
						"0.4": ["variable.is_first_person ? (math.cos(query.life_time * 100.0) * 0.200) + 0.200 : 0", "variable.is_first_person ? 222.5 : 42.5", 0],
						"0.6": ["variable.is_first_person ? (math.cos(query.life_time * 100.0) * 0.200) + 0.200 : 0", "variable.is_first_person ? 135 : -45", 0]
					},
					"position": {
						"0.0": ["variable.is_first_person ? 2 : 0", "variable.is_first_person ? -4 : -1", "variable.is_first_person ? 12 : 0"],
						"0.4": ["variable.is_first_person ? 2 : 0", "variable.is_first_person ? -4 : -1", "variable.is_first_person ? 12 : 0"],
						"0.6": ["variable.is_first_person ? 2 : 0", "variable.is_first_person ? -7 : -3", "variable.is_first_person ? 7 : -5"]
					}
				},
				"leftleg": {
					"rotation": {
						"0.0": [-40, 0, 0],
						"0.3": [-43.36663, -44.78373, -10.44796],
						"0.4": [-43.36663, -44.78373, -10.44796],
						"0.6": [2.06407, 36.9287, -21.4303]
					}
				},
				"lowerlleg": {
					"rotation": {
						"0.0": [40, 0, 0],
						"0.3": [40, 0, 0],
						"0.4": [40, 0, 0],
						"0.6": [15, 0, 0]
					}
				},
				"rightleg": {
					"rotation": {
						"0.0": [25, 0, 0],
						"0.3": [22.79017, -24.14558, 11.36949],
						"0.4": [22.79017, -24.14558, 11.36949],
						"0.6": [-35.98729, 49.9621, 4.23648]
					}
				},
				"lowerrleg": {
					"rotation": {
						"0.0": [0, 0, 0],
						"0.3": [0, 0, 0],
						"0.4": [0, 0, 0],
						"0.6": [35, 0, 0]
					}
				},
				"waist": {
					"rotation": {
						"0.0": [20.56715, 49.65952, 4.61374],
						"0.3": [5.65139, 65.3334, 15.90663],
						"0.4": [5.65139, 65.3334, 15.90663],
						"0.6": [-3.42775, -74.24961, 15.1399]
					}
				},
				"leftArm": {
					"rotation": {
						"0.0": [-32.6169, 36.26265, 24.72666],
						"0.3": [-100.2761, 27.58196, -77.48196],
						"0.4": [-100.2761, 27.58196, -77.48196],
						"0.6": [-75.2761, 27.58196, -77.48196]
					}
				},
				"lowerlarm": {
					"rotation": {
						"0.0": [-10, 0, 0],
						"0.3": [-10, 0, 0],
						"0.4": [-10, 0, 0],
						"0.6": [-72.5, 0, 0]
					}
				},
				"rightArm": {
					"rotation": {
						"0.0": [-20.79586, -46.18183, 16.51073],
						"0.3": [-39.98285, 12.0858, -89.87112],
						"0.4": [-39.98285, 12.0858, -89.87112],
						"0.6": [-67.48285, 12.0858, -89.87112]
					}
				},
				"lowerrarm": {
					"rotation": {
						"0.0": [-42.5, 0, 0],
						"0.3": [-47.5, 0, 0],
						"0.4": [-47.5, 0, 0],
						"0.6": [-10, 0, 0]
					}
				},
				"rightItem": {
					"rotation": {
						"0.0": [0, 0, 0],
						"0.3": [0, 0, 0],
						"0.4": [-10, 0, 0],
						"0.6": [40, 0, 0]
					},
					"position": {
						"0.0": [0, -1, -2],
						"0.3": [0, -1, 0],
						"0.4": [0, -1, 0]
					}
				},
				"longsword_back_main": {
					"scale": 0
				},
				"longsword_back_offhand": {
					"scale": 0
				}
			}
		},
		"animation.fast_paced_longsword.attack_thrust": {
			"loop": "hold_on_last_frame",
			"animation_length": 0.8,
			"override_previous_animation": true,
			"bones": {
				"root": {
					"rotation": {
						"0.0": ["variable.is_first_person ? (math.cos(query.life_time * 100.0) * 0.200) + 0.200 : 0", "variable.is_first_person ? 180 : 0", 0],
						"0.3": ["variable.is_first_person ? (math.cos(query.life_time * 100.0) * 0.200) + 0.200 : 0", "variable.is_first_person ? 180 : 0", 0],
						"0.6": ["variable.is_first_person ? (math.cos(query.life_time * 100.0) * 0.200) + 0.200 : 0", "variable.is_first_person ? 197.5 : 17.5", 0],
						"0.7": ["variable.is_first_person ? (math.cos(query.life_time * 100.0) * 0.200) + 0.200 : 0", "variable.is_first_person ? 197.5 : 17.5", 0],
						"0.8": ["variable.is_first_person ? (math.cos(query.life_time * 100.0) * 0.200) + 0.200 : 0", "variable.is_first_person ? 192.5 : 12.5", 0]
					},
					"position": {
						"0.0": ["variable.is_first_person ? 2 : 0", "variable.is_first_person ? -4 : -1", "variable.is_first_person ? 12 : 0"],
						"0.6": ["variable.is_first_person ? 2 : 0", "variable.is_first_person ? -4 : -1", "variable.is_first_person ? 14.43 : 4.43"],
						"0.7": ["variable.is_first_person ? 2 : 0", "variable.is_first_person ? -4 : -1", "variable.is_first_person ? 12 - 0.57 : -0.57"],
						"0.8": ["variable.is_first_person ? 2 : 0", "variable.is_first_person ? -4 : -1", "variable.is_first_person ? 4 : -8"]
					}
				},
				"leftleg": {
					"rotation": {
						"0.0": [-40, 0, 0],
						"0.6": [-36.26982, -11.89226, -10.8932],
						"0.7": [-20.75563, -12.70001, -15.57939],
						"0.8": [36.74437, -12.70001, -15.57939]
					}
				},
				"lowerlleg": {
					"rotation": {
						"0.0": [40, 0, 0],
						"0.6": [35, 0, 0],
						"0.8": [10, 0, 0]
					}
				},
				"rightleg": {
					"rotation": {
						"0.0": [25, 0, 0],
						"0.6": [9.47761, -5.24826, 11.36081],
						"0.7": [-70.08357, -2.11089, 4.53359],
						"0.8": [-40.02089, -1.05627, 2.26603]
					}
				},
				"lowerrleg": {
					"rotation": {
						"0.0": [0, 0, 0],
						"0.6": [16.07, 0, 0],
						"0.7": [62.5, 0, 0],
						"0.8": [37.5, 0, 0]
					}
				},
				"waist": {
					"rotation": {
						"0.0": [20.56715, 49.65952, 4.61374],
						"0.3": [14.34045, 23.34323, -5.56246],
						"0.6": [20.56715, 49.65952, 4.61374],
						"0.7": [20.56715, 49.65952, 4.61374],
						"0.8": [20, -65, -19.92981]
					}
				},
				"leftArm": {
					"rotation": {
						"0.0": [-32.6169, 36.26265, 24.72666],
						"0.3": [-145.19605, 4.69067, -87.25857],
						"0.6": [-145.19605, 4.69067, -87.25857],
						"0.7": [-145.19605, 4.69067, -87.25857],
						"0.8": [-132.1676, -5.96297, -88.14564]
					},
					"position": {
						"0.0": [0, 0, 0],
						"0.3": [-2, 0, 0],
						"0.6": [-2, 0, 0],
						"0.7": [-2, 0, 0],
						"0.8": [-2, 0, -1]
					}
				},
				"lowerlarm": {
					"rotation": {
						"0.0": [-10, 0, 0],
						"0.8": [-25, 0, 0]
					}
				},
				"rightArm": {
					"rotation": {
						"0.0": [-20.79586, -46.18183, 16.51073],
						"0.3": [26.14986, 5.81478, 87.70202],
						"0.6": [33.64986, 5.81478, 87.70202],
						"0.7": [33.64986, 5.81478, 87.70202],
						"0.8": [-26.35014, 5.81478, 87.70202]
					},
					"position": {
						"0.0": [0, 0, 0],
						"0.3": [1, 0, -1],
						"0.6": [1, 0, -1],
						"0.7": [1, 0, -1]
					}
				},
				"lowerrarm": {
					"rotation": {
						"0.0": [-42.5, 0, 0],
						"0.3": [-115, 0, 0],
						"0.6": [-115, 0, 0],
						"0.7": [-115, 0, 0],
						"0.8": [-57.5, 0, 0]
					}
				},
				"rightItem": {
					"rotation": {
						"0.3": [20, 0, 0],
						"0.6": [20, 0, 0],
						"0.7": [20, 0, 0],
						"0.8": [132.5, 0, 0]
					},
					"position": {
						"0.0": [0, -1, -2],
						"0.8": [0, -1, 0]
					}
				},
				"longsword_back_main": {
					"scale": 0
				},
				"longsword_back_offhand": {
					"scale": 0
				}
			}
		},
		"animation.fast_paced_longsword.ability_guard": {
			"animation_length": 0.72,
			"bones": {
				"root": {
					"rotation": ["variable.is_first_person ? (math.cos(query.life_time * 100.0) * 0.200) + 0.200 : 0", "variable.is_first_person ? 180 : 0", 0],
					"position": ["variable.is_first_person ? 2 : 0", "variable.is_first_person ? -4 : -1", "variable.is_first_person ? 12 : 0"]
				},
				"waist": {
					"rotation": {
						"0.0": [20.56715, 49.65952, 4.61374],
						"0.24": [4.62614, 25.76381, -4.87511],
						"0.4": [4.62614, 25.76381, -4.87511],
						"0.72": [20.56715, 49.65952, 4.61374]
					}
				},
				"leftArm": {
					"rotation": {
						"0.0": [-32.6169, 36.26265, 24.72666],
						"0.08": [-83.76832, 56.52315, -27.07409],
						"0.16": [-132.44336, 53.81621, -62.72297],
						"0.24": [-144.05718, -1.15106, -58.21658],
						"0.4": [-144.05718, -1.15106, -58.21658],
						"0.44": [-148.40358, 15.97407, -66.90954],
						"0.48": [-146.86263, 18.87244, -53.81865],
						"0.56": [-133.64906, 49.64723, -59.25065],
						"0.64": [-73.13048, 72.44908, -5.8274],
						"0.72": [-32.6169, 36.26265, 24.72666]
					}
				},
				"lowerlarm": {
					"rotation": {
						"0.0": [-10, 0, 0],
						"0.72": [-10, 0, 0]
					}
				},
				"rightArm": {
					"rotation": {
						"0.0": [-20.79586, -46.18183, 16.51073],
						"0.24": [-16.5322, 39.11761, 160.19679],
						"0.4": [-16.5322, 39.11761, 160.19679],
						"0.72": [-20.79586, -46.18183, 16.51073]
					}
				},
				"lowerrarm": {
					"rotation": {
						"0.0": [-42.5, 0, 0],
						"0.24": [-52.5, 0, 0],
						"0.4": [-52.5, 0, 0],
						"0.72": [-42.5, 0, 0]
					}
				},
				"rightItem": {
					"position": {
						"0.0": [0, -1, -2],
						"0.72": [0, -1, -2]
					}
				},
				"longsword_back_main": {
					"scale": 0
				},
				"longsword_back_offhand": {
					"scale": 0
				}
			}
		},
		"animation.fast_paced_longsword.charge_slash": {
			"loop": true,
			"animation_length": 10000,
			"override_previous_animation": true,
			"bones": {
				"root": {
					"rotation": {
						"0.0": ["variable.is_first_person ? (math.cos(query.life_time * 100.0) * 0.200) + 0.200 : 0", "variable.is_first_person ? 200 : 20", 0],
						"0.28": ["variable.is_first_person ? (math.cos(query.life_time * 100.0) * 0.200) + 0.200 : 0", "variable.is_first_person ? 222.5 : 42.5", 0],
						"0.96": ["variable.is_first_person ? (math.cos(query.life_time * 100.0) * 0.200) + 0.200 : 0", "variable.is_first_person ? 250 : 70", 0]
					},
					"position": {
						"0.0": ["variable.is_first_person ? 2 : 0", "variable.is_first_person ? -5 : -2", "variable.is_first_person ? 12 : 0"],
						"0.96": ["variable.is_first_person ? 2 : 0", "variable.is_first_person ? -4 : -1", "variable.is_first_person ? 12 : 0"]
					}
				},
				"leftleg": {
					"rotation": {
						"0.0": [-45.68112, -22.93909, -1.56304],
						"0.96": [-26.62013, -73.4845, 11.68841]
					}
				},
				"lowerlleg": {
					"rotation": {
						"0.0": [37.5, 0, 0],
						"0.96": [10, 0, 0]
					}
				},
				"rightleg": {
					"rotation": {
						"0.0": [-22.30686, 68.62866, 9.74449],
						"0.96": [-20.12613, 66.29764, 12.10499]
					}
				},
				"lowerrleg": {
					"rotation": [25, 0, 0]
				},
				"waist": {
					"rotation": {
						"0.0": [4.25704, 32.22168, 2.63763],
						"0.96": [4.86212, 42.19033, 3.63448]
					}
				},
				"leftArm": {
					"rotation": {
						"0.0": [-80.62102, 28.56101, -39.28213],
						"0.28": [-104.0876, 26.69154, -87.53243],
						"0.96": [-93.93042, 21.70376, -87.14932]
					}
				},
				"lowerlarm": {
					"rotation": [-25, 0, 0]
				},
				"rightArm": {
					"rotation": {
						"0.0": [-70.50383, -45.19805, 10.24195],
						"0.28": [-35.7499, 1.65658, -78.61216],
						"0.96": [-30.7499, 1.65658, -78.61216]
					}
				},
				"lowerrarm": {
					"rotation": [-62.5, 0, 0]
				},
				"rightItem": {
					"rotation": {
						"0.0": [0, 0, 2.5],
						"0.96": [-22.5, 0, 2.5]
					},
					"position": [0, -1, 2]
				},
				"longsword_back_main": {
					"scale": 0
				},
				"longsword_back_offhand": {
					"scale": 0
				}
			}
		},
		"animation.fast_paced_longsword.ability_slash": {
			"loop": "hold_on_last_frame",
			"animation_length": 1,
			"override_previous_animation": true,
			"bones": {
				"root": {
					"rotation": {
						"0.0": ["variable.is_first_person ? (math.cos(query.life_time * 100.0) * 0.200) + 0.200 : 0", "variable.is_first_person ? 250 : 70", 0],
						"0.1": ["variable.is_first_person ? (math.cos(query.life_time * 100.0) * 0.200) + 0.200 : 0", "variable.is_first_person ? 195 : 15", 0],
						"0.2": ["variable.is_first_person ? (math.cos(query.life_time * 100.0) * 0.200) + 0.200 : 0", "variable.is_first_person ? 237.5 : -57.5", 0]
					},
					"position": ["variable.is_first_person ? 2 : 0", "variable.is_first_person ? -4 : -1", "variable.is_first_person ? 12 : 0"]
				},
				"leftleg": {
					"rotation": {
						"0.0": [-26.62013, -73.4845, 11.68841],
						"0.2": [-41.62013, -73.4845, 11.68841]
					}
				},
				"lowerlleg": {
					"rotation": {
						"0.0": [10, 0, 0],
						"0.2": [27.5, 0, 0]
					}
				},
				"rightleg": {
					"rotation": {
						"0.0": [-20.12613, 66.29764, 12.10499],
						"0.1": [-91.76292, -10.14143, 11.21193],
						"0.2": [-30.69423, 65.7167, 5.98013]
					}
				},
				"lowerrleg": {
					"rotation": {
						"0.0": [25, 0, 0],
						"0.1": [80, 0, 0],
						"0.2": [35, 0, 0]
					}
				},
				"waist": {
					"rotation": {
						"0.0": [4.86212, 42.19033, 3.63448],
						"0.2": [5.61496, -50.0713, -3.94668]
					}
				},
				"leftArm": {
					"rotation": {
						"0.0": [-93.93042, 21.70376, -87.14932],
						"0.2": [-38.93042, 21.70376, -87.14932]
					}
				},
				"lowerlarm": {
					"rotation": {
						"0.0": [-25, 0, 0],
						"0.2": [-87.5, 0, 0]
					}
				},
				"rightArm": {
					"rotation": {
						"0.0": [-30.7499, 1.65658, -78.61216],
						"0.2": [-49.88828, 10.70432, -93.69611]
					}
				},
				"lowerrarm": {
					"rotation": {
						"0.0": [-62.5, 0, 0],
						"0.2": [-12.5, 0, 0]
					}
				},
				"rightItem": {
					"rotation": {
						"0.0": [-22.5, 0, 2.5],
						"0.2": [-2.5, 0, 2.5]
					},
					"position": [0, -1, 2]
				},
				"longsword_back_main": {
					"scale": 0
				},
				"longsword_back_offhand": {
					"scale": 0
				}
			}
		},
		"animation.fast_paced_longsword.riding_pose": {
			"loop": true,
			"override_previous_animation": true,
			"bones": {
				"leftleg": {
					"rotation": [-65.43798, -22.9824, -12.61783]
				},
				"lowerlleg": {
					"rotation": [62.5, 0, 0]
				},
				"rightleg": {
					"rotation": [-78.71587, 27.37204, 7.66261]
				},
				"lowerrleg": {
					"rotation": [70, 0, 0]
				},
				"waist": {
					"rotation": [2.5, 0, 0]
				},
				"leftArm": {
					"rotation": [-51.55241, 33.39974, -50.86873]
				},
				"lowerlarm": {
					"rotation": [-27.58957, -4.43385, 2.31336]
				},
				"rightArm": {
					"rotation": [-18.29975, 58.80863, -2.59599]
				},
				"lowerrarm": {
					"rotation": [-12.5, 0, 0]
				},
				"root": {
					"rotation": ["variable.is_first_person ? (math.cos(query.life_time * 100.0) * 0.200) + 0.200 : 0", "variable.is_first_person ? 180 : 0", 0],
					"position": ["variable.is_first_person ? 2 : 0", "variable.is_first_person ? -3 : 0", "variable.is_first_person ? 12 : 0"]
				},
				"trail_lance": {
					"scale": 0
				},
				"longsword_back_main": {
					"scale": 0
				},
				"longsword_back_offhand": {
					"scale": 0
				}
			}
		},
		"animation.fast_paced_longsword.attack_riding_pose": {
			"loop": "hold_on_last_frame",
			"animation_length": 0.3,
			"override_previous_animation": true,
			"bones": {
				"root": {
					"rotation": ["variable.is_first_person ? (math.cos(query.life_time * 100.0) * 0.200) + 0.200 : 0", "variable.is_first_person ? 180 : 0", 0],
					"position": ["variable.is_first_person ? 2 : 0", "variable.is_first_person ? -3 : 0", "variable.is_first_person ? 12 : 0"]
				},
				"leftleg": {
					"rotation": [-65.43798, -22.9824, -12.61783]
				},
				"lowerlleg": {
					"rotation": [62.5, 0, 0]
				},
				"rightleg": {
					"rotation": [-78.71587, 27.37204, 7.66261]
				},
				"lowerrleg": {
					"rotation": [70, 0, 0]
				},
				"waist": {
					"rotation": [2.5, 0, 0]
				},
				"leftArm": {
					"rotation": [-51.55241, 33.39974, -50.86873]
				},
				"lowerlarm": {
					"rotation": [-27.58957, -4.43385, 2.31336]
				},
				"rightArm": {
					"rotation": {
						"0.0": [-18.29975, 58.80863, -2.59599],
						"0.2": [66.6816, -15.65477, 85.26889],
						"0.3": [-53.3184, -15.65477, 85.26889]
					}
				},
				"lowerrarm": {
					"rotation": {
						"0.0": [-12.5, 0, 0],
						"0.2": [-70, 0, 0],
						"0.3": [-20, 0, 0]
					}
				},
				"rightItem": {
					"rotation": {
						"0.0": [0, 0, 0],
						"0.2": [0, 0, 0],
						"0.3": [72.5, 0, 0]
					}
				},
				"longsword_back_main": {
					"scale": 0
				},
				"longsword_back_offhand": {
					"scale": 0
				}
			}
		},
		"animation.fast_paced_longsword.unsheathe": {
			"loop": "hold_on_last_frame",
			"animation_length": 0.4,
			"bones": {
				"leftArm": {
					"rotation": {
						"0.0": [-141.33099, -11.14485, 13.57875],
						"0.12": [-141.33099, -11.14485, 13.57875],
						"0.24": [3.66901, -11.14485, 13.57875],
						"0.32": [-20.49807, 30.82594, -43.3448]
					}
				},
				"lowerlarm": {
					"rotation": {
						"0.0": [-105, 0, 0],
						"0.12": [-80, 0, 0],
						"0.24": [-80, 0, 0],
						"0.32": [-22.5, 0, 0]
					}
				},
				"rightArm": {
					"rotation": {
						"0.0": [-148.15593, 15.35793, -23.09454],
						"0.12": [-148.15593, 15.35793, -23.09454],
						"0.24": [-43.15593, 15.35793, -23.09454],
						"0.32": [28.99833, 5.20816, 23.81247]
					}
				},
				"lowerrarm": {
					"rotation": {
						"0.0": [-87.5, 0, 0],
						"0.12": [-42.5, 0, 0],
						"0.24": [-42.5, 0, 0],
						"0.32": [-25, 0, 0]
					}
				},
				"longsword_back_offhand": {
					"rotation": {
						"0.0": [0, 0, 0],
						"0.12": [0, -15, 0]
					},
					"position": {
						"0.0": [0, 0, 0],
						"0.12": [2.5, 2, 1.25]
					},
					"scale": {
						"0.12": [1, 1, 1],
						"0.16": [0, 0, 0],
						"0.32": [0, 0, 0]
					}
				},
				"longsword_back_main": {
					"rotation": {
						"0.0": [0, 0, 0],
						"0.12": [-149.12346, -33.20628, -152.06579]
					},
					"position": {
						"0.0": [0, 0, 0],
						"0.12": [-3, 4, 2]
					},
					"scale": {
						"0.12": [1, 1, 1],
						"0.16": [0, 0, 0],
						"0.32": [0, 0, 0]
					}
				},
				"rightItem": {
					"rotation": {
						"0.24": [0, 0, 90],
						"0.32": [0, 0, 0]
					},
					"scale": {
						"0.12": [0, 0, 0],
						"0.16": [1, 1, 1]
					}
				},
				"leftItem": {
					"rotation": {
						"0.24": [0, 0, -82.5],
						"0.32": [0, 0, 0]
					},
					"scale": {
						"0.12": [0, 0, 0],
						"0.16": [1, 1, 1]
					}
				},
				"longsword_sheath_off_hand": {
					"rotation": {
						"0.0": [0, 0, 0],
						"0.12": [0, -15, 0],
						"0.32": [0, 0, 0]
					},
					"position": {
						"0.0": [0, 0, 0],
						"0.12": [1, 0, 2],
						"0.32": [0, 0, 0]
					}
				},
				"longsword_sheath": {
					"rotation": {
						"0.0": [0, 0, 0],
						"0.12": [-149.12346, -33.20628, -152.06579],
						"0.32": [0, 0, 0]
					},
					"position": {
						"0.0": [0, 0, 0],
						"0.12": [-3, 4, 2],
						"0.32": [0, 0, 0]
					}
				},
				"root": {
					"rotation": ["variable.is_first_person ? (math.cos(query.life_time * 100.0) * 0.200) + 0.200 : 0", "variable.is_first_person ? 180 : 0", 0],
					"position": ["variable.is_first_person ? 2 : 0", "variable.is_first_person ? -4 : -1", "variable.is_first_person ? 12 : 0"]
				},
				"leftleg": {
					"rotation": [-12.5, 0, 0]
				},
				"lowerlleg": {
					"rotation": [12.5, 0, 0]
				},
				"rightleg": {
					"rotation": [15, 0, 0]
				},
				"lowerrleg": {
					"rotation": [10, 0, 0]
				},
				"waist": {
					"rotation": [7.5, 10, 0]
				}
			}
		},
		"animation.fast_paced_longsword.unsheathe_one": {
			"loop": "hold_on_last_frame",
			"animation_length": 0.52,
			"bones": {
				"leftArm": {
					"rotation": {
						"0.0": [0, 0, 0],
						"0.24": [0, 0, 0],
						"0.52": [-80.62102, 28.56101, -39.28213]
					},
					"position": {
						"0.0": [0, 0, 0],
						"0.24": [0, 0, 0],
						"0.52": [1, 0, -2]
					}
				},
				"lowerlarm": {
					"rotation": {
						"0.0": [0, 0, 0],
						"0.24": [0, 0, 0],
						"0.52": [-25, 0, 0]
					}
				},
				"rightArm": {
					"rotation": {
						"0.0": [-148.15593, 15.35793, -23.09454],
						"0.12": [-148.15593, 15.35793, -23.09454],
						"0.24": [-43.15593, 15.35793, -23.09454],
						"0.52": [-70.50383, -45.19805, 10.24195]
					},
					"position": [1, 0, -2]
				},
				"lowerrarm": {
					"rotation": {
						"0.0": [-87.5, 0, 0],
						"0.12": [-42.5, 0, 0],
						"0.24": [-42.5, 0, 0],
						"0.52": [-62.5, 0, 0]
					}
				},
				"longsword_back_main": {
					"rotation": {
						"0.0": [0, 0, 0],
						"0.12": [-149.12346, -33.20628, -152.06579],
						"0.24": [0, 0, 0]
					},
					"position": {
						"0.0": [0, 0, 0],
						"0.12": [-3, 4, 2],
						"0.24": [0, 0, 0]
					},
					"scale": {
						"0.12": [1, 1, 1],
						"0.16": [0, 0, 0],
						"0.52": [0, 0, 0]
					}
				},
				"rightItem": {
					"rotation": {
						"0.24": [0, 0, 90],
						"0.52": [0, 0, 2.5]
					},
					"position": {
						"0.0": [1, 0, 0],
						"0.52": [0, -1, 2]
					},
					"scale": {
						"0.12": [0, 0, 0],
						"0.16": [1, 1, 1]
					}
				},
				"longsword_sheath": {
					"rotation": {
						"0.0": [0, 0, 0],
						"0.12": [-149.12346, -33.20628, -152.06579],
						"0.32": [0, 0, 0]
					},
					"position": {
						"0.0": [0, 0, 0],
						"0.12": [-3, 4, 2],
						"0.32": [0, 0, 0]
					}
				},
				"root": {
					"rotation": {
						"0.0": [0, 0, 0],
						"0.24": [0, 0, 0],
						"0.52": ["variable.is_first_person ? (math.cos(query.life_time * 100.0) * 0.200) + 0.200 : 0", "variable.is_first_person ? 200 : 20", 0]
					},
					"position": {
						"0.0": [0, 0, 0],
						"0.24": [0, 0, 0],
						"0.52": ["variable.is_first_person ? 2 : 0", "variable.is_first_person ? -5 : -2", "variable.is_first_person ? 12 : 0"]
					}
				},
				"leftleg": {
					"rotation": {
						"0.0": [0, 0, 0],
						"0.24": [0, 0, 0],
						"0.52": [-45.68112, -22.93909, -1.56304]
					}
				},
				"lowerlleg": {
					"rotation": {
						"0.0": [0, 0, 0],
						"0.24": [0, 0, 0],
						"0.52": [37.5, 0, 0]
					}
				},
				"rightleg": {
					"rotation": {
						"0.0": [0, 0, 0],
						"0.24": [0, 0, 0],
						"0.52": [-22.30686, 68.62866, 9.74449]
					}
				},
				"lowerrleg": {
					"rotation": {
						"0.0": [0, 0, 0],
						"0.24": [0, 0, 0],
						"0.52": [25, 0, 0]
					}
				},
				"waist": {
					"rotation": {
						"0.0": [0, 0, 0],
						"0.24": [0, 0, 0],
						"0.52": [4.25704, 32.22168, 2.63763]
					}
				},
				"longsword_back_offhand": {
					"scale": 0
				}
			}
		},
		"animation.fast_paced_longsword.unsheathe_shield": {
			"loop": "hold_on_last_frame",
			"animation_length": 0.52,
			"bones": {
				"leftArm": {
					"rotation": {
						"0.0": [0, 0, 0],
						"0.12": [46.64743, -7.43547, 13.06431],
						"0.24": [-35.94859, -8.09747, -4.58645],
						"0.52": [-16.67167, 26.24466, -21.60577]
					},
					"position": [0, 0, 0]
				},
				"lowerlarm": {
					"rotation": {
						"0.0": [0, 0, 0],
						"0.12": [-45, 0, 0],
						"0.24": [0, 0, 0],
						"0.52": [-42.39409, 29.4987, 28.34077]
					}
				},
				"rightArm": {
					"rotation": {
						"0.0": [-148.15593, 15.35793, -23.09454],
						"0.12": [-148.15593, 15.35793, -23.09454],
						"0.24": [-43.15593, 15.35793, -23.09454],
						"0.52": [15.03866, -1.09985, 11.48201]
					}
				},
				"lowerrarm": {
					"rotation": {
						"0.0": [-87.5, 0, 0],
						"0.12": [-42.5, 0, 0],
						"0.24": [-42.5, 0, 0],
						"0.52": [-5, 0, 0]
					}
				},
				"longsword_back_main": {
					"rotation": {
						"0.0": [0, 0, 0],
						"0.12": [-149.12346, -33.20628, -152.06579],
						"0.24": [0, 0, 0]
					},
					"position": {
						"0.0": [0, 0, -1],
						"0.12": [-3, 4, 1],
						"0.24": [0, 0, 0]
					},
					"scale": {
						"0.12": [1, 1, 1],
						"0.16": [0, 0, 0]
					}
				},
				"rightItem": {
					"rotation": {
						"0.24": [0, 0, 90],
						"0.52": [0, 0, 0]
					},
					"scale": {
						"0.12": [0, 0, 0],
						"0.16": [1, 1, 1]
					}
				},
				"longsword_sheath": {
					"rotation": {
						"0.0": [0, 0, 0],
						"0.12": [-149.12346, -33.20628, -152.06579],
						"0.32": [0, 0, 0]
					},
					"position": {
						"0.0": [0, 0, 0],
						"0.12": [-3, 4, 2],
						"0.32": [0, 0, 0]
					}
				},
				"root": {
					"rotation": {
						"0.0": [0, 0, 0],
						"0.24": [0, 0, 0],
						"0.52": ["variable.is_first_person ? (math.cos(query.life_time * 100.0) * 0.200) + 0.200 : 0", "variable.is_first_person ? 180 : 0", 0]
					},
					"position": {
						"0.0": [0, 0, 0],
						"0.24": [0, 0, 0],
						"0.52": ["variable.is_first_person ? 2 : 0", "variable.is_first_person ? -3 : 0", "variable.is_first_person ? 12 : 0"]
					}
				},
				"waist": {
					"rotation": {
						"0.0": [0, 0, 0],
						"0.24": [0, 0, 0],
						"0.52": [2.42591, 7.54001, -0.54815]
					}
				},
				"leftItem": {
					"scale": {
						"0.12": [0, 0, 0],
						"0.16": [1, 1, 1],
						"0.52": [1, 1, 1]
					}
				},
				"leftleg": {
					"rotation": [-7.51153, -2.4407, -4.45857]
				},
				"lowerlleg": {
					"rotation": [7.5, 0, 0]
				},
				"rightleg": {
					"rotation": [-4.85107, 2.73775, 7.26542]
				},
				"lowerrleg": {
					"rotation": [7.5, 0, 0]
				},
				"shield_back": {
					"rotation": {
						"0.0": [0, 0, 0],
						"0.12": [-122.95098, -23.44849, -120.73838],
						"0.24": [-113.91199, -32.27476, -110.55024]
					},
					"position": {
						"0.0": [0, 0, 0],
						"0.12": [2, 0, 0],
						"0.24": [5, 0, 0]
					},
					"scale": {
						"0.12": [1, 1, 1],
						"0.16": [0, 0, 0]
					}
				}
			}
		},
		"animation.fast_paced_longsword.unsheathe_dagger": {
			"loop": "hold_on_last_frame",
			"animation_length": 1.12,
			"bones": {
				"leftArm": {
					"rotation": {
						"0.0": [0, 0, 0],
						"0.12": [46.64743, -7.43547, 13.06431],
						"0.16": [-27.14233, 4.59902, 8.88927],
						"0.24": [-35.94859, -8.09747, -4.58645],
						"0.4": [-27.14233, 4.59902, 8.88927],
						"0.52": [-16.67167, 26.24466, -21.60577],
						"0.56": [-117.14233, 4.59902, 8.88927],
						"0.72": [-10.31193, 31.72139, -4.2099],
						"1.12": [-40.45622, 39.96621, -35.53599]
					},
					"position": [0, 0, 0]
				},
				"lowerlarm": {
					"rotation": {
						"0.0": [0, 0, 0],
						"0.12": [-45, 0, 0],
						"0.16": [-15, 0, 0],
						"0.24": [0, 0, 0],
						"0.4": [-15, 0, 0],
						"0.52": [-42.39409, 29.4987, 28.34077],
						"0.72": [-75, 0, 0],
						"1.12": [-37.5, 0, 0]
					}
				},
				"rightArm": {
					"rotation": {
						"0.0": [-148.15593, 15.35793, -23.09454],
						"0.12": [-148.15593, 15.35793, -23.09454],
						"0.24": [-43.15593, 15.35793, -23.09454],
						"0.52": [15.03866, -1.09985, 11.48201]
					}
				},
				"lowerrarm": {
					"rotation": {
						"0.0": [-87.5, 0, 0],
						"0.12": [-42.5, 0, 0],
						"0.24": [-42.5, 0, 0],
						"0.52": [-5, 0, 0]
					}
				},
				"longsword_back_main": {
					"rotation": {
						"0.0": [0, 0, 0],
						"0.12": [-149.12346, -33.20628, -152.06579],
						"0.24": [0, 0, 0]
					},
					"position": {
						"0.0": [0, 0, -1],
						"0.12": [-3, 4, 1],
						"0.24": [0, 0, 0]
					},
					"scale": {
						"0.12": [1, 1, 1],
						"0.16": [0, 0, 0]
					}
				},
				"rightItem": {
					"rotation": {
						"0.24": [0, 0, 90],
						"0.52": [0, 0, 0]
					},
					"scale": {
						"0.12": [0, 0, 0],
						"0.16": [1, 1, 1]
					}
				},
				"longsword_sheath": {
					"rotation": {
						"0.0": [0, 0, 0],
						"0.12": [-149.12346, -33.20628, -152.06579],
						"0.32": [0, 0, 0]
					},
					"position": {
						"0.0": [0, 0, 0],
						"0.12": [-3, 4, 2],
						"0.32": [0, 0, 0]
					}
				},
				"root": {
					"rotation": {
						"0.0": [0, 0, 0],
						"0.24": [0, 0, 0],
						"0.52": ["variable.is_first_person ? (math.cos(query.life_time * 100.0) * 0.200) + 0.200 : 0", "variable.is_first_person ? 180 : 0", 0]
					},
					"position": {
						"0.0": [0, 0, 0],
						"0.24": [0, 0, 0],
						"0.52": ["variable.is_first_person ? 2 : 0", "variable.is_first_person ? -3 : 0", "variable.is_first_person ? 12 : 0"]
					}
				},
				"waist": {
					"rotation": {
						"0.0": [0, 0, 0],
						"0.24": [0, 0, 0],
						"0.52": [2.42591, 7.54001, -0.54815]
					}
				},
				"leftItem": {
					"rotation": {
						"0.16": [180, 0, 0],
						"0.4": [180, 0, 0],
						"0.44": [210, 0, 0],
						"0.52": [180, 0, 0],
						"0.72": [25, 0, 0],
						"1.12": [30, 0, 0]
					},
					"scale": {
						"0.0": [0, 0, 0],
						"0.12": [0, 0, 0],
						"0.16": [1, 1, 1],
						"0.4": [0, 0, 0],
						"0.44": [1, 1, 1],
						"0.52": [1, 1, 1],
						"0.72": [1, 1, 1]
					}
				},
				"leftleg": {
					"rotation": [-7.51153, -2.4407, -4.45857]
				},
				"lowerlleg": {
					"rotation": [7.5, 0, 0]
				},
				"rightleg": {
					"rotation": [-4.85107, 2.73775, 7.26542]
				},
				"lowerrleg": {
					"rotation": [7.5, 0, 0]
				},
				"shield_back": {
					"rotation": {
						"0.0": [0, 0, 0],
						"0.12": [-122.95098, -23.44849, -120.73838],
						"0.24": [-113.91199, -32.27476, -110.55024]
					},
					"position": {
						"0.0": [0, 0, 0],
						"0.12": [2, 0, 0],
						"0.24": [5, 0, 0]
					},
					"scale": {
						"0.12": [1, 1, 1],
						"0.16": [0, 0, 0]
					}
				},
				"dagger_sheathed2": {
					"scale": {
						"0.4": [1, 1, 1],
						"0.44": [0, 0, 0]
					}
				}
			}
		}
	}
}