{
	"format_version": "1.8.0",
	"animations": {
		"animation.fast_paced_dagger.base_pose": {
			"loop": true,
			"override_previous_animation": true,
			"bones": {
				"rightArm": {
					"rotation": [-108.08965, -45.9099, 131.77032]
				},
				"lowerrarm": {
					"rotation": [-32.5, 0, 0]
				},
				"rightitem": {
					"rotation": [182.5, 0, 0]
				},
				"trail_dagger": {
					"scale": [1, 0, 1]
				},
				"root": {
					"rotation": ["variable.is_first_person ? (math.cos(query.life_time * 100.0) * 0.200) + 0.200 : 0", "variable.is_first_person ? 135 : -45", 0],
					"position": ["variable.is_first_person ? 2 : 0", "variable.is_first_person ? -4 : -1", "variable.is_first_person ? 12 : 0"]
				},
				"leftleg": {
					"rotation": [30, 47.5, 0]
				},
				"rightleg": {
					"rotation": [-37.5, 50, 0]
				},
				"lowerrleg": {
					"rotation": [37.5, 0, 0]
				},
				"waist": {
					"rotation": [17.5, 0, 0]
				},
				"leftArm": {
					"rotation": [18.49031, 43.54537, -29.8509]
				},
				"lowerlarm": {
					"rotation": [-67.5, 0, 0]
				},
				"dagger_sheathed2": {
					"scale": 0
				},
				"dagger_sheathed": {
					"scale": 0
				}
			}
		},
		"animation.fast_paced_dagger.attack_stab": {
			"animation_length": 0.9,
			"override_previous_animation": true,
			"bones": {
				"rightArm": {
					"rotation": {
						"0.0": [-108.08965, -45.9099, 131.77032],
						"0.2": [-138.27811, 10.83622, 70.24855],
						"0.3": [-138.27811, 10.83622, 70.24855],
						"0.4": [9.22189, 10.83622, 70.24855],
						"0.7": [9.22189, 10.83622, 70.24855],
						"0.9": [-108.08965, -45.9099, 131.77032]
					}
				},
				"lowerrarm": {
					"rotation": {
						"0.0": [-32.5, 0, 0],
						"0.2": [-32.5, 0, 0],
						"0.7": [-32.5, 0, 0],
						"0.9": [-32.5, 0, 0]
					}
				},
				"rightitem": {
					"rotation": {
						"0.0": [182.5, 0, 0],
						"0.2": [182.5, 0, 0],
						"0.7": [182.5, 0, 0],
						"0.9": [182.5, 0, 0]
					}
				},
				"trail_dagger": {
					"scale": {
						"0.0": [1, 0, 1],
						"0.2": [1, 0, 1],
						"0.4": [1, 1, 1],
						"0.5": [1, 0, 1],
						"0.7": [1, 0, 1],
						"0.9": [1, 0, 1]
					}
				},
				"waist": {
					"rotation": {
						"0.0": [17.5, 0, 0],
						"0.2": [17.75313, -9.53274, -3.03513],
						"0.3": [17.75313, -9.53274, -3.03513],
						"0.4": [27.47872, 26.32885, -2.42467],
						"0.7": [27.47872, 26.32885, -2.42467],
						"0.9": [17.5, 0, 0]
					}
				},
				"leftArm": {
					"rotation": {
						"0.0": [18.49031, 43.54537, -29.8509],
						"0.2": [18.49031, 43.54537, -29.8509],
						"0.3": [18.49031, 43.54537, -29.8509],
						"0.4": [13.30257, 2.49447, -42.23491],
						"0.7": [13.30257, 2.49447, -42.23491],
						"0.9": [18.49031, 43.54537, -29.8509]
					}
				},
				"lowerlarm": {
					"rotation": {
						"0.0": [-67.5, 0, 0],
						"0.2": [-2.5, 0, 0],
						"0.3": [-2.5, 0, 0],
						"0.7": [-2.5, 0, 0],
						"0.9": [-67.5, 0, 0]
					}
				},
				"root": {
					"rotation": {
						"0.0": ["variable.is_first_person ? (math.cos(query.life_time * 100.0) * 0.200) + 0.200 : 0", "variable.is_first_person ? 135 : -45", 0],
						"0.2": ["variable.is_first_person ? (math.cos(query.life_time * 100.0) * 0.200) + 0.200 : 0", "variable.is_first_person ? 127.5 : -52.5", 0],
						"0.3": ["variable.is_first_person ? (math.cos(query.life_time * 100.0) * 0.200) + 0.200 : 0", "variable.is_first_person ? 127.5 : -52.5", 0],
						"0.4": ["variable.is_first_person ? (math.cos(query.life_time * 100.0) * 0.200) + 0.200 : 0", "variable.is_first_person ? 170 : -10", 0],
						"0.7": ["variable.is_first_person ? (math.cos(query.life_time * 100.0) * 0.200) + 0.200 : 0", "variable.is_first_person ? 170 : -10", 0],
						"0.9": ["variable.is_first_person ? (math.cos(query.life_time * 100.0) * 0.200) + 0.200 : 0", "variable.is_first_person ? 135 : -45", 0]
					},
					"position": {
						"0.0": ["variable.is_first_person ? 2 : 0", "variable.is_first_person ? -4 : -1", "variable.is_first_person ? 12 : 0"],
						"0.2": ["variable.is_first_person ? 2 : 0", "variable.is_first_person ? -4 : -1", "variable.is_first_person ? 12 : 0"],
						"0.3": ["variable.is_first_person ? 2 : 0", "variable.is_first_person ? -4 : -1", "variable.is_first_person ? 12 : 0"],
						"0.4": ["variable.is_first_person ? 2 : 0", "variable.is_first_person ? -4 : -1", "variable.is_first_person ? 9 : -3"],
						"0.7": ["variable.is_first_person ? 2 : 0", "variable.is_first_person ? -4 : -1", "variable.is_first_person ? 9 : -3"],
						"0.9": ["variable.is_first_person ? 2 : 0", "variable.is_first_person ? -4 : -1", "variable.is_first_person ? 12 : 0"]
					}
				},
				"leftleg": {
					"rotation": {
						"0.0": [30, 47.5, 0],
						"0.2": [32.5, 47.5, 0],
						"0.3": [32.5, 47.5, 0],
						"0.4": [-33.52607, 5.88953, -5.06962],
						"0.7": [-33.52607, 5.88953, -5.06962],
						"0.9": [30, 47.5, 0]
					}
				},
				"lowerlleg": {
					"rotation": {
						"0.2": [2.5, 0, 0],
						"0.3": [2.5, 0, 0],
						"0.4": [35, 0, 0],
						"0.7": [35, 0, 0]
					}
				},
				"rightleg": {
					"rotation": {
						"0.0": [-37.5, 50, 0],
						"0.2": [-35.03325, 51.47935, 3.18527],
						"0.3": [-35.03325, 51.47935, 3.18527],
						"0.4": [26.99718, 3.78242, 6.56218],
						"0.7": [26.99718, 3.78242, 6.56218],
						"0.9": [-37.5, 50, 0]
					}
				},
				"lowerrleg": {
					"rotation": {
						"0.0": [37.5, 0, 0],
						"0.2": [35, 0, 0],
						"0.3": [35, 0, 0],
						"0.4": [12.5, 0, 0],
						"0.7": [12.5, 0, 0],
						"0.9": [37.5, 0, 0]
					}
				},
				"dagger_sheathed2": {
					"scale": 0
				},
				"dagger_sheathed": {
					"scale": 0
				}
			}
		},
		"animation.fast_paced_dagger.attack_swing_right": {
			"animation_length": 0.9,
			"override_previous_animation": true,
			"bones": {
				"rightArm": {
					"rotation": {
						"0.0": [-108.08965, -45.9099, 131.77032],
						"0.2": [9.22189, 10.83622, 70.24855],
						"0.3": [-105.77811, 10.83622, 70.24855],
						"0.6": [-105.77811, 10.83622, 70.24855],
						"0.9": [-108.08965, -45.9099, 131.77032]
					}
				},
				"lowerrarm": {
					"rotation": {
						"0.0": [-32.5, 0, 0],
						"0.2": [-40, 0, 0],
						"0.6": [-40, 0, 0],
						"0.9": [-32.5, 0, 0]
					}
				},
				"rightitem": {
					"rotation": {
						"0.0": [182.5, 0, 0],
						"0.2": [187.5, 0, 0],
						"0.6": [187.5, 0, 0],
						"0.9": [182.5, 0, 0]
					}
				},
				"trail_dagger": {
					"scale": {
						"0.0": [1, 0, 1],
						"0.2": [1, 0, 1],
						"0.3": [1, -1, 1],
						"0.4": [1, 0, 1],
						"0.6": [1, 0, 1],
						"0.9": [1, 0, 1]
					}
				},
				"waist": {
					"rotation": {
						"0.0": [17.5, 0, 0],
						"0.2": [39.56568, 49.51431, 16.73238],
						"0.3": [26.78043, -23.38788, -26.74307],
						"0.6": [26.78043, -23.38788, -26.74307],
						"0.9": [17.5, 0, 0]
					}
				},
				"leftArm": {
					"rotation": {
						"0.0": [18.49031, 43.54537, -29.8509],
						"0.2": [35.80257, 2.49447, -42.23491],
						"0.6": [35.80257, 2.49447, -42.23491],
						"0.9": [18.49031, 43.54537, -29.8509]
					}
				},
				"lowerlarm": {
					"rotation": {
						"0.0": [-67.5, 0, 0],
						"0.2": [-17.5, 0, 0],
						"0.6": [-17.5, 0, 0],
						"0.9": [-67.5, 0, 0]
					}
				},
				"root": {
					"rotation": {
						"0.0": ["variable.is_first_person ? (math.cos(query.life_time * 100.0) * 0.200) + 0.200 : 0", "variable.is_first_person ? 135 : -45", 0],
						"0.2": ["variable.is_first_person ? (math.cos(query.life_time * 100.0) * 0.200) + 0.200 : 0", "variable.is_first_person ? 202.5 : 22.5", 0],
						"0.3": ["variable.is_first_person ? (math.cos(query.life_time * 100.0) * 0.200) + 0.200 : 0", "variable.is_first_person ? 155 : -25", 0],
						"0.6": ["variable.is_first_person ? (math.cos(query.life_time * 100.0) * 0.200) + 0.200 : 0", "variable.is_first_person ? 155 : -25", 0],
						"0.9": ["variable.is_first_person ? (math.cos(query.life_time * 100.0) * 0.200) + 0.200 : 0", "variable.is_first_person ? 135 : -45", 0]
					},
					"position": {
						"0.0": ["variable.is_first_person ? 2 : 0", "variable.is_first_person ? -4 : -1", "variable.is_first_person ? 12 : 0"],
						"0.2": ["variable.is_first_person ? 2 : 0", "variable.is_first_person ? -4 : -1", "variable.is_first_person ? 12 : 0"],
						"0.3": ["variable.is_first_person ? 2 : 0", "variable.is_first_person ? -4 : -1", "variable.is_first_person ? 6 : -6"],
						"0.6": ["variable.is_first_person ? 2 : 0", "variable.is_first_person ? -4 : -1", "variable.is_first_person ? 6 : -6"],
						"0.9": ["variable.is_first_person ? 2 : 0", "variable.is_first_person ? -4 : -1", "variable.is_first_person ? 12 : 0"]
					}
				},
				"leftleg": {
					"rotation": {
						"0.0": [30, 47.5, 0],
						"0.2": [-33.52607, 5.88953, -5.06962],
						"0.3": [26.47393, 5.88953, -5.06962],
						"0.6": [26.47393, 5.88953, -5.06962],
						"0.9": [30, 47.5, 0]
					}
				},
				"lowerlleg": {
					"rotation": {
						"0.2": [35, 0, 0],
						"0.3": [5, 0, 0],
						"0.6": [5, 0, 0]
					}
				},
				"rightleg": {
					"rotation": {
						"0.0": [-37.5, 50, 0],
						"0.2": [26.99718, 3.78242, 6.56218],
						"0.3": [-24.49267, -1.41436, 7.85569],
						"0.6": [-24.49267, -1.41436, 7.85569],
						"0.9": [-37.5, 50, 0]
					}
				},
				"lowerrleg": {
					"rotation": {
						"0.0": [37.5, 0, 0],
						"0.2": [12.5, 0, 0],
						"0.6": [12.5, 0, 0],
						"0.9": [37.5, 0, 0]
					}
				},
				"dagger_sheathed2": {
					"scale": 0
				},
				"dagger_sheathed": {
					"scale": 0
				}
			}
		},
		"animation.fast_paced_dagger.attack_stab_left": {
			"animation_length": 0.9,
			"override_previous_animation": true,
			"bones": {
				"rightArm": {
					"rotation": {
						"0.0": [-135.937, 46.55373, 30.92215],
						"0.1": [29.84626, -3.01193, 32.18556],
						"0.5": [29.84626, -3.01193, 32.18556],
						"0.8": [-108.08965, -45.9099, 131.77032]
					}
				},
				"lowerrarm": {
					"rotation": {
						"0.0": [-40, 0, 0],
						"0.1": [-20, 0, 0],
						"0.5": [-20, 0, 0],
						"0.8": [-32.5, 0, 0]
					}
				},
				"rightitem": {
					"rotation": {
						"0.0": [187.5, 0, 0],
						"0.5": [187.5, 0, 0],
						"0.8": [182.5, 0, 0]
					}
				},
				"trail_dagger": {
					"scale": {
						"0.0": [1, 0, 1],
						"0.1": [1, 1, 1],
						"0.2": [1, 0, 1],
						"0.5": [1, 0, 1],
						"0.8": [1, 0, 1]
					}
				},
				"waist": {
					"rotation": {
						"0.0": [13.31763, 2.28847, 5.85347],
						"0.1": [13.41314, 7.15322, 7.01286],
						"0.5": [13.41314, 7.15322, 7.01286],
						"0.8": [17.5, 0, 0]
					}
				},
				"leftArm": {
					"rotation": {
						"0.0": [35.80257, 2.49447, -42.23491],
						"0.1": [33.89144, 12.54774, -56.70363],
						"0.5": [33.89144, 12.54774, -56.70363],
						"0.8": [18.49031, 43.54537, -29.8509]
					}
				},
				"lowerlarm": {
					"rotation": {
						"0.0": [-17.5, 0, 0],
						"0.5": [-17.5, 0, 0],
						"0.8": [-67.5, 0, 0]
					}
				},
				"root": {
					"rotation": {
						"0.0": ["variable.is_first_person ? (math.cos(query.life_time * 100.0) * 0.200) + 0.200 : 0", "variable.is_first_person ? 120 : -60", 0],
						"0.1": ["variable.is_first_person ? (math.cos(query.life_time * 100.0) * 0.200) + 0.200 : 0", "variable.is_first_person ? 192.5 : 12.5", 0],
						"0.5": ["variable.is_first_person ? (math.cos(query.life_time * 100.0) * 0.200) + 0.200 : 0", "variable.is_first_person ? 192.5 : 12.5", 0],
						"0.8": ["variable.is_first_person ? (math.cos(query.life_time * 100.0) * 0.200) + 0.200 : 0", "variable.is_first_person ? 135 : -45", 0]
					},
					"position": {
						"0.0": ["variable.is_first_person ? 2 : 0", "variable.is_first_person ? -4 : -1", "variable.is_first_person ? 12 : 0"],
						"0.1": ["variable.is_first_person ? 2 : 0", "variable.is_first_person ? -4 : -1", "variable.is_first_person ? 12 : 0"],
						"0.5": ["variable.is_first_person ? 2 : 0", "variable.is_first_person ? -4 : -1", "variable.is_first_person ? 12 : 0"],
						"0.8": ["variable.is_first_person ? 2 : 0", "variable.is_first_person ? -4 : -1", "variable.is_first_person ? 12 : 0"]
					}
				},
				"leftleg": {
					"rotation": {
						"0.0": [26.47393, 5.88953, -5.06962],
						"0.1": [-35.55343, -4.56609, -6.76262],
						"0.5": [-35.55343, -4.56609, -6.76262],
						"0.8": [30, 47.5, 0]
					}
				},
				"lowerlleg": {
					"rotation": {
						"0.0": [5, 0, 0],
						"0.1": [30, 0, 0]
					}
				},
				"rightleg": {
					"rotation": {
						"0.0": [-24.49267, -1.41436, 7.85569],
						"0.1": [28.00733, -1.41436, 7.85569],
						"0.5": [28.00733, -1.41436, 7.85569],
						"0.8": [-37.5, 50, 0]
					}
				},
				"lowerrleg": {
					"rotation": {
						"0.0": [12.5, 0, 0],
						"0.5": [12.5, 0, 0],
						"0.8": [37.5, 0, 0]
					}
				},
				"dagger_sheathed2": {
					"scale": 0
				},
				"dagger_sheathed": {
					"scale": 0
				}
			}
		},
		"animation.fast_paced_dagger.move": {
			"loop": true,
			"animation_length": 1.04,
			"override_previous_animation": true,
			"bones": {
				"leftleg": {
					"rotation": {
						"0.0": [22.5, 0, -2.5],
						"0.16": [0.76923, 0, -2.5],
						"0.36": [-67.4359, 0, -2.5],
						"0.52": [-50, 0, -2.5],
						"0.72": [-9.61538, 0, -2.5],
						"0.88": [13.94231, 0, -2.5],
						"1.04": [22.5, 0, -2.5]
					}
				},
				"lowerlleg": {
					"rotation": {
						"0.0": [52.5, 0, 0],
						"0.16": [76.92, 0, 0],
						"0.36": [104.46, 0, 0],
						"0.52": [50, 0, 0],
						"0.72": [9.23, 0, 0],
						"0.88": [13.37, 0, 0],
						"1.04": [52.5, 0, 0]
					}
				},
				"rightleg": {
					"rotation": {
						"0.0": [-49.99294, 0.32621, 2.47864],
						"0.16": [-14.41602, 0.32621, 2.47864],
						"0.36": [25.81903, 0.32621, 2.47864],
						"0.52": [17.50706, 0.32621, 2.47864],
						"0.72": [-4.22371, 0.32621, 2.47864],
						"0.88": [-84.60832, 0.32621, 2.47864],
						"1.04": [-49.99294, 0.32621, 2.47864]
					}
				},
				"lowerrleg": {
					"rotation": {
						"0.0": [50, 0, 0],
						"0.16": [13.46, 0, 0],
						"0.36": [12.09, 0, 0],
						"0.52": [65, 0, 0],
						"0.72": [82.12, 0, 0],
						"0.88": [118.56, 0, 0],
						"1.04": [50, 0, 0]
					}
				},
				"waist": {
					"rotation": {
						"0.0": [9.40828, -8.23239, 3.66432],
						"0.52": [9.40828, 8.23239, -3.66432],
						"1.04": [9.40828, -8.23239, 3.66432]
					}
				},
				"leftArm": {
					"rotation": {
						"0.0": [-7.3639, -1.83432, -9.81564],
						"0.52": [32.41079, 3.74764, -5.53807],
						"1.04": [-7.3639, -1.83432, -9.81564]
					}
				},
				"lowerlarm": {
					"rotation": {
						"0.0": [-45, 0, 0],
						"0.52": [-25, 0, 0],
						"1.04": [-45, 0, 0]
					}
				},
				"rightArm": {
					"rotation": {
						"0.0": [22.61265, 19.26576, 6.71166],
						"0.52": [13.24834, 14.7179, 8.88498],
						"1.04": [22.61265, 19.26576, 6.71166]
					}
				},
				"lowerrarm": {
					"rotation": {
						"0.0": [-25, 0, 0],
						"0.52": [-30, 0, 0],
						"1.04": [-25, 0, 0]
					}
				},
				"root": {
					"rotation": ["variable.is_first_person ? (math.cos(query.life_time * 100.0) * 0.200) + 0.200 : 0", "variable.is_first_person ? 180 : 0", 0],
					"position": {
						"0.0": ["variable.is_first_person ? 2 : 0", "variable.is_first_person ? -5 : -2", "variable.is_first_person ? 12 : 0"],
						"0.16": ["variable.is_first_person ? 2 : 0", "variable.is_first_person ? -3 : 0", "variable.is_first_person ? 12 : 0"],
						"0.52": ["variable.is_first_person ? 2 : 0", "variable.is_first_person ? -5 : -2", "variable.is_first_person ? 12 : 0"],
						"0.72": ["variable.is_first_person ? 2 : 0", "variable.is_first_person ? -3 : 0", "variable.is_first_person ? 12 : 0"],
						"1.04": ["variable.is_first_person ? 2 : 0", "variable.is_first_person ? -5 : -2", "variable.is_first_person ? 12 : 0"]
					}
				},
				"trail_sabre": {
					"scale": [1, 0, 1]
				},
				"trail_dagger": {
					"scale": 0
				},
				"rightitem": {
					"rotation": [177.5, 0, 0]
				},
				"dagger_sheathed2": {
					"scale": 0
				},
				"dagger_sheathed": {
					"scale": 0
				}
			}
		},
		"animation.fast_paced_dagger.sprint": {
			"loop": true,
			"animation_length": 0.56,
			"override_previous_animation": true,
			"bones": {
				"leftleg": {
					"rotation": {
						"0.0": [45, 0, -2.5],
						"0.12": [-84.64286, 0, -2.5],
						"0.28": [-47.5, 0, -2.5],
						"0.4": [57.14286, 0, -2.5],
						"0.56": [45, 0, -2.5]
					}
				},
				"lowerlleg": {
					"rotation": {
						"0.0": [62.5, 0, 0],
						"0.12": [98.57, 0, 0],
						"0.28": [47.5, 0, 0],
						"0.4": [26.43, 0, 0],
						"0.56": [62.5, 0, 0]
					}
				},
				"rightleg": {
					"rotation": {
						"0.0": [-44.99294, 0.32621, 2.47864],
						"0.12": [58.57849, 0.32621, 2.47864],
						"0.28": [27.50706, 0.32621, 2.47864],
						"0.4": [-93.56437, 0.32621, 2.47864],
						"0.56": [-44.99294, 0.32621, 2.47864]
					}
				},
				"lowerrleg": {
					"rotation": {
						"0.0": [45, 0, 0],
						"0.12": [21.79, 0, 0],
						"0.28": [72.5, 0, 0],
						"0.4": [103.21, 0, 0],
						"0.56": [45, 0, 0]
					}
				},
				"waist": {
					"rotation": {
						"0.0": [15.4435, -4.86634, -2.73417],
						"0.28": [17.92356, 4.64922, 7.72777],
						"0.56": [15.4435, -4.86634, -2.73417]
					}
				},
				"leftArm": {
					"rotation": {
						"0.0": [-45, 0, 0],
						"0.12": [-20, 0, 0],
						"0.28": [60, 0, 0],
						"0.44": [-2.5, 0, 0],
						"0.56": [-45, 0, 0]
					}
				},
				"lowerlarm": {
					"rotation": {
						"0.0": [-72.5, 0, 0],
						"0.12": [-46.79, 0, 0],
						"0.28": [-17.5, 0, 0],
						"0.44": [-1.07, 0, 0],
						"0.56": [-72.5, 0, 0]
					}
				},
				"rightArm": {
					"rotation": {
						"0.0": [70.84095, -6.55711, 6.0473],
						"0.28": [-61.65905, -6.55711, 6.0473],
						"0.56": [70.84095, -6.55711, 6.0473]
					}
				},
				"lowerrarm": {
					"rotation": {
						"0.0": [-57.5, 0, 0],
						"0.28": [-87.5, 0, 0],
						"0.56": [-57.5, 0, 0]
					}
				},
				"trail_lance": {
					"scale": 0
				},
				"root": {
					"rotation": {
						"0.0": ["variable.is_first_person ? (math.cos(query.life_time * 100.0) * 0.200) + 0.200 : 0", "variable.is_first_person ? 180 : 0", 0],
						"0.28": ["variable.is_first_person ? (math.cos(query.life_time * 100.0) * 0.200) + 0.200 : 0", "variable.is_first_person ? 180 : 0", 0],
						"0.56": ["variable.is_first_person ? (math.cos(query.life_time * 100.0) * 0.200) + 0.200 : 0", "variable.is_first_person ? 180 : 0", 0]
					},
					"position": {
						"0.0": ["variable.is_first_person ? 2 : 0", "variable.is_first_person ? -5 : -2", "variable.is_first_person ? 12 : 0"],
						"0.12": ["variable.is_first_person ? 2 : 0", "variable.is_first_person ? -3 : 0", "variable.is_first_person ? 12 : 0"],
						"0.28": ["variable.is_first_person ? 2 : 0", "variable.is_first_person ? -5 : -2", "variable.is_first_person ? 12 : 0"],
						"0.4": ["variable.is_first_person ? 2 : 0", "variable.is_first_person ? -3 : 0", "variable.is_first_person ? 12 : 0"],
						"0.56": ["variable.is_first_person ? 2 : 0", "variable.is_first_person ? -5 : -2", "variable.is_first_person ? 12 : 0"]
					}
				},
				"trail_sabre": {
					"scale": [1, 0, 1]
				},
				"trail_dagger": {
					"scale": 0
				},
				"rightitem": {
					"rotation": [182.5, 0, 0]
				},
				"dagger_sheathed2": {
					"scale": 0
				},
				"dagger_sheathed": {
					"scale": 0
				}
			}
		},
		"animation.fast_paced_dagger.sneak_move": {
			"loop": true,
			"animation_length": 1.04,
			"override_previous_animation": true,
			"bones": {
				"root": {
					"rotation": ["variable.is_first_person ? (math.cos(query.life_time * 100.0) * 0.200) + 0.200 : 0", "variable.is_first_person ? 177.5 : -2.5", -2.5],
					"position": {
						"0.0": ["variable.is_first_person ? 2 : 0", "variable.is_first_person ? -7 : -4", "variable.is_first_person ? 12 : 0"],
						"0.24": ["variable.is_first_person ? 2 : 0", "variable.is_first_person ? -8 : -5", "variable.is_first_person ? 12 : 0"],
						"0.52": ["variable.is_first_person ? 2 : 0", "variable.is_first_person ? -7 : -4", "variable.is_first_person ? 12 : 0"],
						"0.8": ["variable.is_first_person ? 2 : 0", "variable.is_first_person ? -9 : -6", "variable.is_first_person ? 12 : 0"],
						"1.04": ["variable.is_first_person ? 2 : 0", "variable.is_first_person ? -7 : -4", "variable.is_first_person ? 12 : 0"]
					}
				},
				"leftleg": {
					"rotation": {
						"0.0": [-74.9299, 1.70818, -0.30014],
						"0.52": [-2.4299, 1.70818, -0.30014],
						"0.8": [-111.26229, 1.23927, 0.51927],
						"1.04": [-74.9299, 1.70818, -0.30014]
					}
				},
				"lowerlleg": {
					"rotation": {
						"0.0": [72.5, 0, 0],
						"0.24": [118.46, 0, 0],
						"0.52": [80, 0, 0],
						"0.8": [100.96, 0, 0],
						"1.04": [72.5, 0, 0]
					}
				},
				"rightleg": {
					"rotation": {
						"0.0": [-0.14068, -2.24944, 7.15656],
						"0.24": [-98.33018, 0.42156, 5.28399],
						"0.52": [-77.46793, 3.53773, 3.09932],
						"0.8": [-25.83018, 0.42156, 5.28399],
						"1.04": [-0.14068, -2.24944, 7.15656]
					}
				},
				"lowerrleg": {
					"rotation": {
						"0.0": [77.5, 0, 0],
						"0.24": [100, 0, 0],
						"0.52": [72.5, 0, 0],
						"0.8": [112.69, 0, 0],
						"1.04": [77.5, 0, 0]
					}
				},
				"waist": {
					"rotation": {
						"0.0": [33.88762, -18.37521, -5.64208],
						"0.52": [38.21428, 18.54765, 6.35431],
						"1.04": [33.88762, -18.37521, -5.64208]
					}
				},
				"leftArm": {
					"rotation": {
						"0.0": [-29.57545, 14.02739, -59.11424],
						"0.52": [-62.07545, 14.02739, -59.11424],
						"1.04": [-29.57545, 14.02739, -59.11424]
					}
				},
				"lowerlarm": {
					"rotation": {
						"0.0": [-22.5, 0, 0],
						"0.52": [-62.5, 0, 0],
						"1.04": [-22.5, 0, 0]
					}
				},
				"rightArm": {
					"rotation": {
						"0.0": [-40.5889, 6.03046, 57.77225],
						"0.52": [14.69322, -3.47471, 16.09595],
						"1.04": [-40.5889, 6.03046, 57.77225]
					}
				},
				"lowerrarm": {
					"rotation": {
						"0.0": [-40, 0, 0],
						"1.04": [-40, 0, 0]
					}
				},
				"rightitem": {
					"rotation": [187.5, 0, 0],
					"position": [0, 0, -1]
				},
				"trail_lance": {
					"scale": 0
				},
				"trail_sabre": {
					"scale": [1, 0, 1]
				},
				"trail_dagger": {
					"scale": 0
				},
				"dagger_sheathed2": {
					"scale": 0
				},
				"dagger_sheathed": {
					"scale": 0
				}
			}
		},
		"animation.fast_paced_dagger.sneak": {
			"loop": true,
			"override_previous_animation": true,
			"bones": {
				"root": {
					"rotation": ["variable.is_first_person ? (math.cos(query.life_time * 100.0) * 0.200) + 0.200 : 0", "variable.is_first_person ? 177.5 : -2.5", -2.5],
					"position": ["variable.is_first_person ? 2 : 0", "variable.is_first_person ? -7 : -4", "variable.is_first_person ? 12 : 0"]
				},
				"leftleg": {
					"rotation": [-74.9299, 1.70818, -0.30014]
				},
				"lowerlleg": {
					"rotation": [72.5, 0, 0]
				},
				"rightleg": {
					"rotation": [-0.14068, -2.24944, 7.15656]
				},
				"lowerrleg": {
					"rotation": [77.5, 0, 0]
				},
				"waist": {
					"rotation": [33.88762, -18.37521, -5.64208]
				},
				"leftArm": {
					"rotation": [-13.69359, 8.85072, -18.59627]
				},
				"lowerlarm": {
					"rotation": [-22.5, 0, 0]
				},
				"rightArm": {
					"rotation": [-90.24045, 6.76867, 82.92078]
				},
				"lowerrarm": {
					"rotation": [-40, 0, 0]
				},
				"rightitem": {
					"rotation": [187.5, 0, 0],
					"position": [0, 0, -1]
				},
				"trail_lance": {
					"scale": 0
				},
				"trail_sabre": {
					"scale": [1, 0, 1]
				},
				"trail_dagger": {
					"scale": 0
				},
				"dagger_sheathed2": {
					"scale": 0
				},
				"dagger_sheathed": {
					"scale": 0
				}
			}
		},
		"animation.fast_paced_dagger.jump": {
			"loop": "hold_on_last_frame",
			"animation_length": 0.48,
			"override_previous_animation": true,
			"bones": {
				"leftleg": {
					"rotation": {
						"0.0": [30, 47.5, 0],
						"0.16": [-84.78974, -4.77628, -5.71489],
						"0.48": [-10, 0, -2.5]
					}
				},
				"lowerlleg": {
					"rotation": {
						"0.0": [2.5, 0, 0],
						"0.16": [92.5, 0, 0],
						"0.48": [12.5, 0, 0]
					}
				},
				"rightleg": {
					"rotation": {
						"0.0": [-37.5, 50, 0],
						"0.16": [-84.18208, 35.70811, 1.42648],
						"0.48": [-25.00238, -0.10901, 2.49762]
					}
				},
				"lowerrleg": {
					"rotation": {
						"0.0": [37.5, 0, 0],
						"0.16": [97.5, 0, 0],
						"0.48": [12.5, 0, 0]
					}
				},
				"waist": {
					"rotation": {
						"0.0": [17.5, 0, 0],
						"0.16": [7.97532, 19.82169, 2.71994],
						"0.48": [12.5, 0, 0]
					}
				},
				"leftArm": {
					"rotation": {
						"0.0": [18.49031, 43.54537, -29.8509],
						"0.48": [5.11091, -0.75258, -14.97955]
					}
				},
				"lowerlarm": {
					"rotation": {
						"0.0": [-67.5, 0, 0],
						"0.48": [-2.5, 0, 0]
					}
				},
				"rightArm": {
					"rotation": {
						"0.0": [-108.08965, -45.9099, 131.77032],
						"0.24": [-71.34952, 13.99842, 65.6981],
						"0.48": [-28.2075, -17.54739, 38.4052]
					}
				},
				"lowerrarm": {
					"rotation": {
						"0.0": [-32.5, 0, 0],
						"0.24": [-37.5, 0, 0],
						"0.48": [-71.41403, -7.52076, 21.26765]
					}
				},
				"rightitem": {
					"rotation": [182.5, 0, 0]
				},
				"trail_lance": {
					"scale": 0
				},
				"root": {
					"rotation": {
						"0.0": ["variable.is_first_person ? (math.cos(query.life_time * 100.0) * 0.200) + 0.200 : 0", "variable.is_first_person ? 135 : -45", 0],
						"0.48": ["variable.is_first_person ? (math.cos(query.life_time * 100.0) * 0.200) + 0.200 : 0", "variable.is_first_person ? 180 : 0", 0]
					},
					"position": {
						"0.0": ["variable.is_first_person ? 2 : 0", "variable.is_first_person ? -4 : -1", "variable.is_first_person ? 12 : 0"],
						"0.16": ["variable.is_first_person ? 2 : 0", "variable.is_first_person ? -8 : -5", "variable.is_first_person ? 12 : 0"],
						"0.48": ["variable.is_first_person ? 2 : 0", "variable.is_first_person ? -3 : 0", "variable.is_first_person ? 12 : 0"]
					}
				},
				"trail_sabre": {
					"scale": [1, 0, 1]
				},
				"trail_dagger": {
					"scale": [1, 0, 1]
				},
				"dagger_sheathed2": {
					"scale": 0
				},
				"dagger_sheathed": {
					"scale": 0
				}
			}
		},
		"animation.fast_paced_dagger.land": {
			"loop": "hold_on_last_frame",
			"animation_length": 0.56,
			"override_previous_animation": true,
			"bones": {
				"leftleg": {
					"rotation": {
						"0.0": [-84.78974, -4.77628, -5.71489],
						"0.36": [0, 0, -2.5],
						"0.48": [30, 47.5, 0]
					}
				},
				"lowerlleg": {
					"rotation": {
						"0.0": [92.5, 0, 0],
						"0.36": [2.5, 0, 0]
					}
				},
				"rightleg": {
					"rotation": {
						"0.0": [-84.18208, 35.70811, 1.42648],
						"0.36": [-7.49294, 0.32621, 2.47864],
						"0.48": [-37.5, 50, 0]
					}
				},
				"lowerrleg": {
					"rotation": {
						"0.0": [97.5, 0, 0],
						"0.36": [7.5, 0, 0],
						"0.48": [37.5, 0, 0]
					}
				},
				"waist": {
					"rotation": {
						"0.0": [7.97532, 19.82169, 2.71994],
						"0.36": [2.5, 0, 0],
						"0.48": [17.5, 0, 0]
					}
				},
				"leftArm": {
					"rotation": {
						"0.0": [-2.49527, -0.21782, -2.4905],
						"0.48": [18.49031, 43.54537, -29.8509]
					}
				},
				"lowerlarm": {
					"rotation": {
						"0.0": [-7.5, 0, 0],
						"0.48": [-67.5, 0, 0]
					}
				},
				"rightArm": {
					"rotation": {
						"0.0": [23.36058, -2.53807, 25.56446],
						"0.48": [-108.08965, -45.9099, 131.77032]
					}
				},
				"lowerrarm": {
					"rotation": {
						"0.0": [-37.5, 0, 0],
						"0.36": [-60, 0, 0],
						"0.48": [-32.5, 0, 0]
					}
				},
				"rightitem": {
					"rotation": {
						"0.0": [20, 0, 0],
						"0.48": [182.5, 0, 0]
					},
					"position": [0, 0, -1]
				},
				"root": {
					"rotation": {
						"0.16": ["variable.is_first_person ? (math.cos(query.life_time * 100.0) * 0.200) + 0.200 : 0", "variable.is_first_person ? 180 : 0", 0],
						"0.48": ["variable.is_first_person ? (math.cos(query.life_time * 100.0) * 0.200) + 0.200 : 0", "variable.is_first_person ? 135 : -45", 0]
					},
					"position": {
						"0.0": [0, -5, 0],
						"0.36": ["variable.is_first_person ? 2 : 0", "variable.is_first_person ? -3 : 0", "variable.is_first_person ? 12 : 0"],
						"0.48": ["variable.is_first_person ? 2 : 0", "variable.is_first_person ? -4 : -1", "variable.is_first_person ? 12 : 0"]
					}
				},
				"saber_sheathed": {
					"scale": 0
				},
				"trail_sabre": {
					"scale": {
						"0.0": [1, 0, 1],
						"0.48": [1, 0, 1]
					}
				},
				"trail_dagger": {
					"scale": {
						"0.0": [0, 0, 0],
						"0.48": [1, 0, 1]
					}
				},
				"dagger_sheathed2": {
					"scale": 0
				},
				"dagger_sheathed": {
					"scale": 0
				}
			}
		},
		"animation.fast_paced_dagger.charge_slash": {
			"animation_length": 10000,
			"override_previous_animation": true,
			"bones": {
				"root": {
					"rotation": {
						"0.0": ["variable.is_first_person ? (math.cos(query.life_time * 100.0) * 0.200) + 0.200 : 0", "variable.is_first_person ? 135 : -45", 0],
						"0.3": ["variable.is_first_person ? (math.cos(query.life_time * 100.0) * 0.200) + 0.200 : 0", "variable.is_first_person ? 80 : -100", 0]
					},
					"position": ["variable.is_first_person ? 2 : 0", "variable.is_first_person ? -4 : -1", "variable.is_first_person ? 12 : 0"]
				},
				"leftleg": {
					"rotation": {
						"0.0": [9.89187, 37.82945, -10.18001],
						"0.3": [4.00454, 38.73922, -19.66871]
					}
				},
				"rightleg": {
					"rotation": {
						"0.0": [-13.30843, 42.60313, -2.29919],
						"0.3": [-6.45338, 58.66894, 5.20982]
					}
				},
				"lowerrleg": {
					"rotation": [10, 0, 0]
				},
				"waist": {
					"rotation": {
						"0.0": [0, -2.5, 0],
						"0.3": [0, -10, 0],
						"0.6": [0, -30, 0]
					}
				},
				"leftArm": {
					"rotation": {
						"0.0": [5.59195, 28.25626, -7.38357],
						"0.3": [6.14223, 30.3565, -21.52458]
					}
				},
				"lowerlarm": {
					"rotation": [-12.5, 0, 0]
				},
				"rightArm": {
					"rotation": {
						"0.0": [-50.14785, 38.90525, 3.90949],
						"0.3": [-80.87926, -5.20254, 77.4058]
					}
				},
				"lowerrarm": {
					"rotation": {
						"0.0": [-7.5, 0, 0],
						"0.3": [-20, 0, 0],
						"0.6": [-32.5, 0, 0]
					}
				},
				"saber_sheathed": {
					"scale": 0
				},
				"rightitem": {
					"rotation": {
						"0.0": [167.5, 0, 0],
						"0.3": [172.5, 0, 0]
					}
				},
				"trail_sabre": {
					"scale": [1, 0, 1]
				},
				"trail_dagger": {
					"scale": 0
				},
				"dagger_sheathed2": {
					"scale": 0
				},
				"dagger_sheathed": {
					"scale": 0
				}
			}
		},
		"animation.fast_paced_dagger.ability_slash": {
			"animation_length": 0.7,
			"override_previous_animation": true,
			"bones": {
				"root": {
					"rotation": {
						"0.0": ["variable.is_first_person ? (math.cos(query.life_time * 100.0) * 0.200) + 0.200 : 0", "variable.is_first_person ? 80 : -100", 0],
						"0.1": ["variable.is_first_person ? (math.cos(query.life_time * 100.0) * 0.200) + 0.200 : 0", "variable.is_first_person ? 182.5 : 2.5", 0]
					},
					"position": ["variable.is_first_person ? 2 : 0", "variable.is_first_person ? -4 : -1", "variable.is_first_person ? 12 : 0"]
				},
				"leftleg": {
					"rotation": {
						"0.0": [4.00454, 38.73922, -19.66871],
						"0.1": [0, 0, 0]
					}
				},
				"rightleg": {
					"rotation": {
						"0.0": [-6.45338, 58.66894, 5.20982],
						"0.1": [0, 0, 0]
					}
				},
				"lowerrleg": {
					"rotation": [10, 0, 0]
				},
				"waist": {
					"rotation": {
						"0.0": [0, -10, 0],
						"0.1": [0, 47.5, 0]
					}
				},
				"leftArm": {
					"rotation": [6.14223, 30.3565, -21.52458]
				},
				"lowerlarm": {
					"rotation": [-12.5, 0, 0]
				},
				"rightArm": {
					"rotation": {
						"0.0": [-80.87926, -5.20254, 77.4058],
						"0.1": [76.62074, -5.20254, 77.4058]
					}
				},
				"lowerrarm": {
					"rotation": [-20, 0, 0]
				},
				"rightitem": {
					"rotation": [165, 0, 0]
				},
				"trail_dagger": {
					"scale": {
						"0.0": [0, 0, 0],
						"0.1": [1, 1, 1],
						"0.2": [0, 0, 0]
					}
				},
				"dagger_sheathed2": {
					"scale": 0
				},
				"dagger_sheathed": {
					"scale": 0
				}
			}
		},
		"animation.fast_paced_dagger.charge_stab": {
			"animation_length": 10000,
			"override_previous_animation": true,
			"bones": {
				"rightArm": {
					"rotation": {
						"0.0": [-46.08063, -21.50083, 41.37834],
						"0.3": [73.8621, -9.35734, 91.73686],
						"0.6": [23.8621, -9.35734, 91.73686]
					}
				},
				"lowerrarm": {
					"rotation": {
						"0.0": [-40, 0, 0],
						"0.3": [-105, 0, 0]
					}
				},
				"rightitem": {
					"rotation": {
						"0.0": [10, 0, 0],
						"0.3": [10, 0, 0]
					}
				},
				"trail_dagger": {
					"scale": {
						"0.0": [1, 0, 1],
						"0.3": [1, 0, 1]
					}
				},
				"waist": {
					"rotation": {
						"0.0": [0, 0, 0],
						"0.3": [0, 45, 0]
					}
				},
				"leftArm": {
					"rotation": [9.40804, -3.40487, -7.78025]
				},
				"lowerlarm": {
					"rotation": [-7.5, 0, 0]
				},
				"root": {
					"rotation": ["variable.is_first_person ? (math.cos(query.life_time * 100.0) * 0.200) + 0.200 : 0", "variable.is_first_person ? 225 : 45", 0],
					"position": ["variable.is_first_person ? 2 : 0", "variable.is_first_person ? -4 : -1", "variable.is_first_person ? 12 : 0"]
				},
				"dagger_sheathed2": {
					"scale": 0
				},
				"dagger_sheathed": {
					"scale": 0
				}
			}
		},
		"animation.fast_paced_dagger.ability_stab": {
			"animation_length": 0.7,
			"override_previous_animation": true,
			"bones": {
				"rightArm": {
					"rotation": {
						"0.0": [23.8621, -9.35734, 91.73686],
						"0.1": [-43.6379, -9.35734, 91.73686]
					}
				},
				"lowerrarm": {
					"rotation": {
						"0.0": [-105, 0, 0],
						"0.1": [-12.5, 0, 0]
					}
				},
				"rightitem": {
					"rotation": {
						"0.0": [10, 0, 0],
						"0.1": [100, 0, 0]
					}
				},
				"trail_dagger": {
					"scale": [1, 0, 1]
				},
				"waist": {
					"rotation": [0, 45, 0]
				},
				"leftArm": {
					"rotation": [9.40804, -3.40487, -7.78025]
				},
				"lowerlarm": {
					"rotation": [-7.5, 0, 0]
				},
				"root": {
					"rotation": {
						"0.0": ["variable.is_first_person ? (math.cos(query.life_time * 100.0) * 0.200) + 0.200 : 0", "variable.is_first_person ? 225 : 45", 0],
						"0.1": ["variable.is_first_person ? (math.cos(query.life_time * 100.0) * 0.200) + 0.200 : 0", "variable.is_first_person ? 92.5 : -87.5", 0]
					},
					"position": ["variable.is_first_person ? 2 : 0", "variable.is_first_person ? -4 : -1", "variable.is_first_person ? 12 : 0"]
				},
				"dagger_sheathed2": {
					"scale": 0
				},
				"dagger_sheathed": {
					"scale": 0
				}
			}
		},
		"animation.fast_paced_dagger.unsheathe": {
			"animation_length": 1.12,
			"override_previous_animation": true,
			"bones": {
				"waist": {
					"rotation": {
						"0.0": [0, 0, 0],
						"0.16": [-5.17544, -14.94159, 1.3378],
						"0.4": [-5.17544, -14.94159, 1.3378],
						"0.56": [0, 0, 0],
						"0.72": [9.92648, -7.24008, -3.01725],
						"0.92": [17.5, 0, 0]
					}
				},
				"rightArm": {
					"rotation": {
						"0.0": [0, 0, 0],
						"0.16": [-24.40842, -6.21271, -10.86815],
						"0.4": [-24.40842, -6.21271, -10.86815],
						"0.56": [-91.90842, -6.21271, -10.86815],
						"0.72": [-25.46051, -33.73776, 74.03089],
						"0.92": [-108.08965, -45.9099, 131.77032]
					}
				},
				"lowerrarm": {
					"rotation": {
						"0.0": [0, 0, 0],
						"0.16": [-25, 0, 0],
						"0.4": [-25, 0, 0],
						"0.72": [-75, 0, 0],
						"0.92": [-32.5, 0, 0]
					}
				},
				"rightitem": {
					"rotation": {
						"0.0": [0, 0, 0],
						"0.16": [180, 0, 0],
						"0.4": [180, 0, 0],
						"0.44": [210, 0, 0],
						"0.52": [180, 0, 0],
						"0.72": [2.5, 0, 0],
						"0.92": [182.5, 0, 0]
					},
					"position": {
						"0.0": [0, 0, 0],
						"0.72": [0, 0, 0]
					},
					"scale": {
						"0.0": [0, 0, 0],
						"0.4": [0, 0, 0],
						"0.44": [1, 1, 1]
					}
				},
				"dagger_sheathe_main": {
					"rotation": {
						"0.4": [0, 0, 0],
						"0.52": [-12.5, 0, 0],
						"0.92": [0, 0, 0]
					},
					"position": {
						"0.4": [0, 0, 0],
						"0.52": [0, -2, 0],
						"0.92": [0, 0, 0]
					}
				},
				"dagger_sheathed": {
					"scale": {
						"0.4": [1, 1, 1],
						"0.44": [0, 0, 0]
					}
				},
				"root": {
					"rotation": ["variable.is_first_person ? (math.cos(query.life_time * 100.0) * 0.200) + 0.200 : 0", "variable.is_first_person ? 135 : -45", 0],
					"position": ["variable.is_first_person ? 2 : 0", "variable.is_first_person ? -4 : -1", "variable.is_first_person ? 12 : 0"]
				},
				"leftleg": {
					"rotation": [30, 47.5, 0]
				},
				"rightleg": {
					"rotation": [-37.5, 50, 0]
				},
				"lowerrleg": {
					"rotation": [37.5, 0, 0]
				},
				"leftArm": {
					"rotation": [18.49031, 43.54537, -29.8509]
				},
				"lowerlarm": {
					"rotation": [-67.5, 0, 0]
				},
				"trail_dagger": {
					"scale": [1, 0, 1]
				}
			}
		},
		"animation.fast_paced_dagger.unsheathe_two": {
			"animation_length": 1.04,
			"override_previous_animation": true,
			"bones": {
				"waist": {
					"rotation": {
						"0.0": [0, 0, 0],
						"0.16": [-5, 0, 0],
						"0.4": [-5, 0, 0],
						"0.56": [0, 0, 0],
						"0.72": [2.41709, 2.51141, -0.54146]
					}
				},
				"leftArm": {
					"rotation": {
						"0.0": [0, 0, 0],
						"0.16": [-27.14233, 4.59902, 8.88927],
						"0.4": [-27.14233, 4.59902, 8.88927],
						"0.56": [-117.14233, 4.59902, 8.88927],
						"0.72": [-10.31193, 31.72139, -4.2099]
					}
				},
				"lowerlarm": {
					"rotation": {
						"0.0": [0, 0, 0],
						"0.16": [-15, 0, 0],
						"0.4": [-15, 0, 0],
						"0.72": [-75, 0, 0]
					}
				},
				"rightArm": {
					"rotation": {
						"0.0": [0, 0, 0],
						"0.16": [-24.40842, -6.21271, -10.86815],
						"0.4": [-24.40842, -6.21271, -10.86815],
						"0.56": [-91.90842, -6.21271, -10.86815],
						"0.72": [-65.09078, 32.49572, 22.61041]
					}
				},
				"lowerrarm": {
					"rotation": {
						"0.0": [0, 0, 0],
						"0.16": [-25, 0, 0],
						"0.4": [-25, 0, 0],
						"0.72": [-15, 0, 0]
					}
				},
				"rightitem": {
					"rotation": {
						"0.0": [0, 0, 0],
						"0.16": [180, 0, 0],
						"0.4": [180, 0, 0],
						"0.44": [210, 0, 0],
						"0.52": [180, 0, 0],
						"0.72": [70, 0, 0]
					},
					"position": [0, 0, 0],
					"scale": {
						"0.0": [0, 0, 0],
						"0.4": [0, 0, 0],
						"0.44": [1, 1, 1]
					}
				},
				"dagger_sheathe_main": {
					"rotation": {
						"0.4": [0, 0, 0],
						"0.52": [-12.5, 0, 0],
						"0.92": [0, 0, 0]
					},
					"position": {
						"0.4": [0, 0, 0],
						"0.52": [0, -2, 0],
						"0.92": [0, 0, 0]
					}
				},
				"dagger_sheathe": {
					"rotation": {
						"0.4": [0, 0, 0],
						"0.52": [-12.5, 0, 0],
						"0.92": [0, 0, 0]
					},
					"position": {
						"0.4": [0, 0, 0],
						"0.52": [0, -2, 0],
						"0.92": [0, 0, 0]
					}
				},
				"dagger_sheathed2": {
					"scale": {
						"0.4": [1, 1, 1],
						"0.44": [0, 0, 0]
					}
				},
				"dagger_sheathed": {
					"scale": {
						"0.4": [1, 1, 1],
						"0.44": [0, 0, 0]
					}
				},
				"leftitem": {
					"rotation": {
						"0.16": [180, 0, 0],
						"0.4": [180, 0, 0],
						"0.44": [210, 0, 0],
						"0.52": [180, 0, 0],
						"0.72": [25, 0, 0]
					},
					"scale": {
						"0.0": [0, 0, 0],
						"0.4": [0, 0, 0],
						"0.44": [1, 1, 1],
						"0.72": [1, 1, 1]
					}
				},
				"root": {
					"rotation": ["variable.is_first_person ? (math.cos(query.life_time * 100.0) * 0.200) + 0.200 : 0", "variable.is_first_person ? 137.5 : -42.5", 0],
					"position": ["variable.is_first_person ? 2 : 0", "variable.is_first_person ? -3 : 0", "variable.is_first_person ? 12 : 0"]
				},
				"leftleg": {
					"rotation": [-7.88182, -46.58647, -10.52183]
				},
				"lowerlleg": {
					"rotation": [10, 0, 0]
				},
				"rightleg": {
					"rotation": [-11.68945, 39.09239, 2.04849]
				},
				"lowerrleg": {
					"rotation": [7.5, 0, 0]
				},
				"trail_dagger2": {
					"scale": [1, 0, 1]
				},
				"trail_dagger": {
					"scale": [1, 0, 1]
				}
			}
		}
	}
}