{
	"format_version": "1.8.0",
	"animations": {
		"animation.fast_paced_sabre.base_pose": {
			"loop": true,
			"override_previous_animation": true,
			"bones": {
				"root": {
					"rotation": ["variable.is_first_person ? (math.cos(query.life_time * 100.0) * 0.200) + 0.200 : 0", "variable.is_first_person ? 140 : -40", 0],
					"position": ["variable.is_first_person ? 2 : 0", "variable.is_first_person ? -3 : 0", "variable.is_first_person ? 12 : 0"]
				},
				"leftleg": {
					"rotation": [9.89187, 37.82945, -10.18001]
				},
				"rightleg": {
					"rotation": [-13.30843, 42.60313, -2.29919]
				},
				"lowerrleg": {
					"rotation": [10, 0, 0]
				},
				"waist": {
					"rotation": [0, -2.5, 0]
				},
				"leftArm": {
					"rotation": [5.59195, 28.25626, -7.38357]
				},
				"lowerlarm": {
					"rotation": [-12.5, 0, 0]
				},
				"rightArm": {
					"rotation": [-50.14785, 38.90525, 3.90949]
				},
				"lowerrarm": {
					"rotation": [-7.5, 0, 0]
				},
				"saber_sheathed": {
					"scale": 0
				},
				"rightitem": {
					"rotation": [20, 0, 0]
				},
				"trail_sabre": {
					"scale": [1, 0, 1]
				}
			}
		},
		"animation.fast_paced_sabre.attack_left_swing_up": {
			"loop": "hold_on_last_frame",
			"animation_length": 1,
			"override_previous_animation": true,
			"bones": {
				"root": {
					"rotation": {
						"0.0": ["variable.is_first_person ? (math.cos(query.life_time * 100.0) * 0.200) + 0.200 : 0", "variable.is_first_person ? 140 : -40", 0],
						"0.2": ["variable.is_first_person ? (math.cos(query.life_time * 100.0) * 0.200) + 0.200 : 0", "variable.is_first_person ? 140 : -40", 0],
						"0.3": ["variable.is_first_person ? (math.cos(query.life_time * 100.0) * 0.200) + 0.200 : 0", "variable.is_first_person ? 140 : -40", 0],
						"0.4": ["variable.is_first_person ? (math.cos(query.life_time * 100.0) * 0.200) + 0.200 : 0", "variable.is_first_person ? 170 : -10", 0],
						"0.6": ["variable.is_first_person ? (math.cos(query.life_time * 100.0) * 0.200) + 0.200 : 0", "variable.is_first_person ? 170 : -10", 0],
						"0.9": ["variable.is_first_person ? (math.cos(query.life_time * 100.0) * 0.200) + 0.200 : 0", "variable.is_first_person ? 140 : -40", 0]
					},
					"position": {
						"0.0": ["variable.is_first_person ? 2 : 0", "variable.is_first_person ? -3 : 0", "variable.is_first_person ? 12 : 0"],
						"0.2": ["variable.is_first_person ? 2 : 0", "variable.is_first_person ? -4 : -1", "variable.is_first_person ? 12 : 0"],
						"0.3": ["variable.is_first_person ? 2 : 0", "variable.is_first_person ? -4 : -1", "variable.is_first_person ? 12 : 0"],
						"0.4": ["variable.is_first_person ? 2 : 0", "variable.is_first_person ? -4 : -1", "variable.is_first_person ? 12 : 0"],
						"0.6": ["variable.is_first_person ? 2 : 0", "variable.is_first_person ? -4 : -1", "variable.is_first_person ? 12 : 0"],
						"0.9": ["variable.is_first_person ? 2 : 0", "variable.is_first_person ? -3 : 0", "variable.is_first_person ? 12 : 0"]
					}
				},
				"leftleg": {
					"rotation": {
						"0.0": [9.89187, 37.82945, -10.18001],
						"0.2": [22.39187, 37.82945, -10.18001],
						"0.3": [22.39187, 37.82945, -10.18001],
						"0.4": [-36.22346, 19.47562, -4.56553],
						"0.6": [-36.22346, 19.47562, -4.56553],
						"0.9": [9.89187, 37.82945, -10.18001]
					}
				},
				"rightleg": {
					"rotation": {
						"0.0": [-13.30843, 42.60313, -2.29919],
						"0.2": [-22.57992, 33.65945, 6.23356],
						"0.3": [-22.57992, 33.65945, 6.23356],
						"0.4": [27.5, 22.5, 0],
						"0.6": [27.5, 22.5, 0],
						"0.9": [-13.30843, 42.60313, -2.29919]
					}
				},
				"lowerrleg": {
					"rotation": {
						"0.0": [10, 0, 0],
						"0.2": [25, 0, 0],
						"0.3": [25, 0, 0],
						"0.4": [7.5, 0, 0],
						"0.6": [7.5, 0, 0],
						"0.9": [10, 0, 0]
					}
				},
				"waist": {
					"rotation": {
						"0.0": [0, -2.5, 0],
						"0.2": [12.53612, -9.99278, -0.33124],
						"0.4": [20.7724, 52.93433, 18.71792],
						"0.6": [20.7724, 52.93433, 18.71792],
						"0.9": [0, -2.5, 0]
					}
				},
				"leftArm": {
					"rotation": {
						"0.0": [5.59195, 28.25626, -7.38357],
						"0.2": [30.21357, 20.34177, 9.77459],
						"0.4": [21.11098, 8.52541, -32.30849],
						"0.6": [21.11098, 8.52541, -32.30849],
						"0.9": [5.59195, 28.25626, -7.38357]
					}
				},
				"lowerlarm": {
					"rotation": {
						"0.0": [-12.5, 0, 0],
						"0.9": [-12.5, 0, 0]
					}
				},
				"rightArm": {
					"rotation": {
						"0.0": [-50.14785, 38.90525, 3.90949],
						"0.2": [-111.57478, -50.23825, 104.42079],
						"0.4": [21.26395, -14.09998, 117.60715],
						"0.6": [21.26395, -14.09998, 117.60715],
						"0.9": [-50.14785, 38.90525, 3.90949]
					}
				},
				"lowerrarm": {
					"rotation": {
						"0.0": [-7.5, 0, 0],
						"0.2": [-25, 0, 0],
						"0.3": [-25, 0, 0],
						"0.6": [-25, 0, 0],
						"0.9": [-7.5, 0, 0]
					}
				},
				"saber_sheathed": {
					"scale": {
						"0.0": [0, 0, 0],
						"0.9": [0, 0, 0]
					}
				},
				"rightitem": {
					"rotation": {
						"0.0": [20, 0, 0],
						"0.9": [20, 0, 0]
					}
				},
				"trail_sabre": {
					"scale": {
						"0.0": [1, 0, 1],
						"0.2": [1, 0, 1],
						"0.3": [1, 1, 1],
						"0.4": [1, 1, 1],
						"0.5": [1, 0, 1],
						"0.6": [1, 0, 1],
						"0.9": [1, 0, 1]
					}
				},
				"lowerlleg": {
					"rotation": {
						"0.2": [5, 0, 0],
						"0.3": [5, 0, 0],
						"0.4": [32.5, 0, 0],
						"0.6": [32.5, 0, 0],
						"0.9": [5, 0, 0]
					}
				}
			}
		},
		"animation.fast_paced_sabre.attack_left_swing": {
			"animation_length": 1.2,
			"override_previous_animation": true,
			"bones": {
				"root": {
					"rotation": {
						"0.0": ["variable.is_first_person ? (math.cos(query.life_time * 100.0) * 0.200) + 0.200 : 0", "variable.is_first_person ? 140 : -40", 0],
						"0.2": ["variable.is_first_person ? (math.cos(query.life_time * 100.0) * 0.200) + 0.200 : 0", "variable.is_first_person ? 120 : -60", 0],
						"0.3": ["variable.is_first_person ? (math.cos(query.life_time * 100.0) * 0.200) + 0.200 : 0", "variable.is_first_person ? 120 : -60", 0],
						"0.5": ["variable.is_first_person ? (math.cos(query.life_time * 100.0) * 0.200) + 0.200 : 0", "variable.is_first_person ? 182.5 : 2.5", 0],
						"1.2": ["variable.is_first_person ? (math.cos(query.life_time * 100.0) * 0.200) + 0.200 : 0", "variable.is_first_person ? 140 : -40", 0]
					},
					"position": {
						"0.0": ["variable.is_first_person ? 2 : 0", "variable.is_first_person ? -3 : 0", "variable.is_first_person ? 12 : 0"],
						"0.2": ["variable.is_first_person ? 2 : 0", "variable.is_first_person ? -3 : 0", "variable.is_first_person ? 12 : 0"],
						"0.3": ["variable.is_first_person ? 2 : 0", "variable.is_first_person ? -3 : 0", "variable.is_first_person ? 12 : 0"],
						"0.5": ["variable.is_first_person ? 2 : 0", "variable.is_first_person ? -3 : 0", "variable.is_first_person ? 12 : 0"],
						"1.2": ["variable.is_first_person ? 2 : 0", "variable.is_first_person ? -3 : 0", "variable.is_first_person ? 12 : 0"]
					}
				},
				"leftleg": {
					"rotation": {
						"0.0": [9.89187, 37.82945, -10.18001],
						"0.2": [4.00454, 38.73922, -19.66871],
						"0.3": [4.00454, 38.73922, -19.66871],
						"0.5": [-20.02077, -3.05264, -1.58747],
						"1.2": [9.89187, 37.82945, -10.18001]
					}
				},
				"rightleg": {
					"rotation": {
						"0.0": [-13.30843, 42.60313, -2.29919],
						"0.2": [-6.45338, 58.66894, 5.20982],
						"0.3": [-6.45338, 58.66894, 5.20982],
						"0.5": [17.02226, -4.21484, 1.98447],
						"1.2": [-13.30843, 42.60313, -2.29919]
					}
				},
				"lowerrleg": {
					"rotation": {
						"0.0": [10, 0, 0],
						"1.2": [10, 0, 0]
					}
				},
				"waist": {
					"rotation": {
						"0.0": [0, -2.5, 0],
						"0.2": [0, -10, 0],
						"0.3": [0, -10, 0],
						"0.5": [0, 25, 0],
						"1.2": [0, -2.5, 0]
					}
				},
				"leftArm": {
					"rotation": {
						"0.0": [5.59195, 28.25626, -7.38357],
						"0.2": [6.14223, 30.3565, -21.52458],
						"0.3": [6.14223, 30.3565, -21.52458],
						"1.2": [5.59195, 28.25626, -7.38357]
					}
				},
				"lowerlarm": {
					"rotation": {
						"0.0": [-12.5, 0, 0],
						"1.2": [-12.5, 0, 0]
					}
				},
				"rightArm": {
					"rotation": {
						"0.0": [-50.14785, 38.90525, 3.90949],
						"0.2": [-74.1271, 8.31354, 50.55023],
						"0.3": [-74.1271, 8.31354, 50.55023],
						"0.5": [52.90863, -11.80368, 65.47691],
						"1.2": [-50.14785, 38.90525, 3.90949]
					}
				},
				"lowerrarm": {
					"rotation": {
						"0.0": [-7.5, 0, 0],
						"0.2": [-37.5, 0, 0],
						"0.3": [-37.5, 0, 0],
						"0.5": [-20, 0, 0],
						"1.2": [-7.5, 0, 0]
					}
				},
				"saber_sheathed": {
					"scale": {
						"0.0": [0, 0, 0],
						"1.2": [0, 0, 0]
					}
				},
				"rightitem": {
					"rotation": {
						"0.0": [20, 0, 0],
						"0.2": [-15, 0, 0],
						"0.3": [-15, 0, 0],
						"0.5": [60, 0, 0],
						"1.2": [20, 0, 0]
					}
				},
				"trail_sabre": {
					"scale": {
						"0.0": [1, 0, 1],
						"0.3": [1, 0, 1],
						"0.4": [1, 1, 1],
						"0.5": [1, 1, 1],
						"0.6": [1, 0, 1],
						"1.2": [1, 0, 1]
					}
				},
				"lowerlleg": {
					"rotation": [22.5, 0, 0]
				}
			}
		},
		"animation.fast_paced_sabre.attack_right_swing": {
			"animation_length": 1.2,
			"override_previous_animation": true,
			"bones": {
				"root": {
					"rotation": {
						"0.0": ["variable.is_first_person ? (math.cos(query.life_time * 100.0) * 0.200) + 0.200 : 0", "variable.is_first_person ? 140 : -40", 0],
						"0.2": ["variable.is_first_person ? (math.cos(query.life_time * 100.0) * 0.200) + 0.200 : 0", "variable.is_first_person ? 185 : 15", 0],
						"0.3": ["variable.is_first_person ? (math.cos(query.life_time * 100.0) * 0.200) + 0.200 : 0", "variable.is_first_person ? 185 : 15", 0],
						"0.5": ["variable.is_first_person ? (math.cos(query.life_time * 100.0) * 0.200) + 0.200 : 0", "variable.is_first_person ? 162.5 : -17.5", 0],
						"0.7": ["variable.is_first_person ? (math.cos(query.life_time * 100.0) * 0.200) + 0.200 : 0", "variable.is_first_person ? 162.5 : -17.5", 0],
						"1.1": ["variable.is_first_person ? (math.cos(query.life_time * 100.0) * 0.200) + 0.200 : 0", "variable.is_first_person ? 140 : -40", 0]
					},
					"position": {
						"0.0": ["variable.is_first_person ? 2 : 0", "variable.is_first_person ? -3 : 0", "variable.is_first_person ? 12 : 0"],
						"0.2": ["variable.is_first_person ? 2 : 0", "variable.is_first_person ? -3 : 0", "variable.is_first_person ? 12 : 0"],
						"1.1": ["variable.is_first_person ? 2 : 0", "variable.is_first_person ? -3 : 0", "variable.is_first_person ? 12 : 0"]
					}
				},
				"leftleg": {
					"rotation": {
						"0.0": [9.89187, 37.82945, -10.18001],
						"0.2": [-14.31911, -6.73333, -5.99458],
						"0.3": [-14.31911, -6.73333, -5.99458],
						"0.5": [19.34689, 14.57218, -6.13429],
						"0.7": [19.34689, 14.57218, -6.13429],
						"1.1": [9.89187, 37.82945, -10.18001]
					}
				},
				"rightleg": {
					"rotation": {
						"0.0": [-13.30843, 42.60313, -2.29919],
						"0.2": [12.39638, -1.61888, 7.32417],
						"0.3": [12.39638, -1.61888, 7.32417],
						"0.5": [-30.10362, -1.61888, 7.32417],
						"0.7": [-30.10362, -1.61888, 7.32417],
						"1.1": [-13.30843, 42.60313, -2.29919]
					}
				},
				"lowerrleg": {
					"rotation": {
						"0.0": [10, 0, 0],
						"0.5": [30, 0, 0],
						"0.7": [30, 0, 0],
						"1.1": [10, 0, 0]
					}
				},
				"waist": {
					"rotation": {
						"0.0": [0, -2.5, 0],
						"0.2": [0, 52.5, 0],
						"0.3": [0, 52.5, 0],
						"0.5": [36.49352, -42.87254, -11.89509],
						"0.7": [36.49352, -42.87254, -11.89509],
						"1.1": [0, -2.5, 0]
					}
				},
				"leftArm": {
					"rotation": {
						"0.0": [5.59195, 28.25626, -7.38357],
						"1.1": [5.59195, 28.25626, -7.38357]
					}
				},
				"lowerlarm": {
					"rotation": {
						"0.0": [-12.5, 0, 0],
						"1.1": [-12.5, 0, 0]
					}
				},
				"rightArm": {
					"rotation": {
						"0.0": [-50.14785, 38.90525, 3.90949],
						"0.2": [-208.5668, 1.02894, -40.0531],
						"0.3": [-208.5668, 1.02894, -40.0531],
						"0.5": [-66.5711, -3.46809, -63.28838],
						"0.7": [-66.5711, -3.46809, -63.28838],
						"1.1": [-50.14785, 38.90525, 3.90949]
					}
				},
				"lowerrarm": {
					"rotation": {
						"0.0": [-7.5, 0, 0],
						"0.2": [-35, 0, 0],
						"0.3": [-35, 0, 0],
						"0.5": [-7.5, 0, 0],
						"0.7": [-7.5, 0, 0],
						"1.1": [-7.5, 0, 0]
					}
				},
				"saber_sheathed": {
					"scale": {
						"0.0": [0, 0, 0],
						"1.1": [0, 0, 0]
					}
				},
				"rightitem": {
					"rotation": {
						"0.0": [20, 0, 0],
						"0.3": [0, 0, 0],
						"0.5": [70, 0, 0],
						"0.7": [70, 0, 0],
						"1.1": [20, 0, 0]
					}
				},
				"trail_sabre": {
					"scale": {
						"0.0": [1, 0, 1],
						"0.3": [1, 0, 1],
						"0.4": [1, 1, 1],
						"0.5": [1, 1, 1],
						"0.6": [1, 0, 1],
						"0.7": [1, 0, 1],
						"1.1": [1, 0, 1]
					}
				},
				"lowerlleg": {
					"rotation": {
						"0.2": [22.5, 0, 0],
						"0.3": [22.5, 0, 0],
						"1.1": [5, 0, 0]
					}
				}
			}
		},
		"animation.fast_paced_sabre.move": {
			"loop": true,
			"animation_length": 1.04,
			"override_previous_animation": true,
			"bones": {
				"leftleg": {
					"rotation": {
						"0.0": [22.5, 0, -2.5],
						"0.16": [0.76923, 0, -2.5],
						"0.36": [-67.4359, 0, -2.5],
						"0.52": [-50, 0, -2.5],
						"0.72": [-9.61538, 0, -2.5],
						"0.88": [13.94231, 0, -2.5],
						"1.04": [22.5, 0, -2.5]
					}
				},
				"lowerlleg": {
					"rotation": {
						"0.0": [52.5, 0, 0],
						"0.16": [76.92, 0, 0],
						"0.36": [104.46, 0, 0],
						"0.52": [50, 0, 0],
						"0.72": [9.23, 0, 0],
						"0.88": [13.37, 0, 0],
						"1.04": [52.5, 0, 0]
					}
				},
				"rightleg": {
					"rotation": {
						"0.0": [-49.99294, 0.32621, 2.47864],
						"0.16": [-14.41602, 0.32621, 2.47864],
						"0.36": [25.81903, 0.32621, 2.47864],
						"0.52": [17.50706, 0.32621, 2.47864],
						"0.72": [-4.22371, 0.32621, 2.47864],
						"0.88": [-84.60832, 0.32621, 2.47864],
						"1.04": [-49.99294, 0.32621, 2.47864]
					}
				},
				"lowerrleg": {
					"rotation": {
						"0.0": [50, 0, 0],
						"0.16": [13.46, 0, 0],
						"0.36": [12.09, 0, 0],
						"0.52": [65, 0, 0],
						"0.72": [82.12, 0, 0],
						"0.88": [118.56, 0, 0],
						"1.04": [50, 0, 0]
					}
				},
				"waist": {
					"rotation": {
						"0.0": [9.40828, -8.23239, 3.66432],
						"0.52": [9.40828, 8.23239, -3.66432],
						"1.04": [9.40828, -8.23239, 3.66432]
					}
				},
				"leftArm": {
					"rotation": {
						"0.0": [-7.3639, -1.83432, -9.81564],
						"0.52": [32.41079, 3.74764, -5.53807],
						"1.04": [-7.3639, -1.83432, -9.81564]
					}
				},
				"lowerlarm": {
					"rotation": {
						"0.0": [-45, 0, 0],
						"0.52": [-25, 0, 0],
						"1.04": [-45, 0, 0]
					}
				},
				"rightArm": {
					"rotation": {
						"0.0": [55.11265, 19.26576, 6.71166],
						"0.52": [13.24834, 14.7179, 8.88498],
						"1.04": [55.11265, 19.26576, 6.71166]
					}
				},
				"lowerrarm": {
					"rotation": {
						"0.0": [-22.5, 0, 0],
						"0.52": [-30, 0, 0],
						"1.04": [-22.5, 0, 0]
					}
				},
				"root": {
					"rotation": ["variable.is_first_person ? (math.cos(query.life_time * 100.0) * 0.200) + 0.200 : 0", "variable.is_first_person ? 180 : 0", 0],
					"position": {
						"0.0": ["variable.is_first_person ? 2 : 0", "variable.is_first_person ? -5 : -2", "variable.is_first_person ? 12 : 0"],
						"0.16": ["variable.is_first_person ? 2 : 0", "variable.is_first_person ? -3 : 0", "variable.is_first_person ? 12 : 0"],
						"0.52": ["variable.is_first_person ? 2 : 0", "variable.is_first_person ? -5 : -2", "variable.is_first_person ? 12 : 0"],
						"0.72": ["variable.is_first_person ? 2 : 0", "variable.is_first_person ? -3 : 0", "variable.is_first_person ? 12 : 0"],
						"1.04": ["variable.is_first_person ? 2 : 0", "variable.is_first_person ? -5 : -2", "variable.is_first_person ? 12 : 0"]
					}
				},
				"trail_sabre": {
					"scale": [1, 0, 1]
				},
				"saber_sheathed": {
					"scale": 0
				}
			}
		},
		"animation.fast_paced_sabre.sprint": {
			"loop": true,
			"animation_length": 0.56,
			"override_previous_animation": true,
			"bones": {
				"leftleg": {
					"rotation": {
						"0.0": [45, 0, -2.5],
						"0.12": [-84.64286, 0, -2.5],
						"0.28": [-47.5, 0, -2.5],
						"0.4": [57.14286, 0, -2.5],
						"0.56": [45, 0, -2.5]
					}
				},
				"lowerlleg": {
					"rotation": {
						"0.0": [62.5, 0, 0],
						"0.12": [98.57, 0, 0],
						"0.28": [47.5, 0, 0],
						"0.4": [26.43, 0, 0],
						"0.56": [62.5, 0, 0]
					}
				},
				"rightleg": {
					"rotation": {
						"0.0": [-44.99294, 0.32621, 2.47864],
						"0.12": [58.57849, 0.32621, 2.47864],
						"0.28": [27.50706, 0.32621, 2.47864],
						"0.4": [-93.56437, 0.32621, 2.47864],
						"0.56": [-44.99294, 0.32621, 2.47864]
					}
				},
				"lowerrleg": {
					"rotation": {
						"0.0": [45, 0, 0],
						"0.12": [21.79, 0, 0],
						"0.28": [72.5, 0, 0],
						"0.4": [103.21, 0, 0],
						"0.56": [45, 0, 0]
					}
				},
				"waist": {
					"rotation": {
						"0.0": [15.4435, -4.86634, -2.73417],
						"0.28": [17.92356, 4.64922, 7.72777],
						"0.56": [15.4435, -4.86634, -2.73417]
					}
				},
				"leftArm": {
					"rotation": {
						"0.0": [-45, 0, 0],
						"0.12": [-20, 0, 0],
						"0.28": [60, 0, 0],
						"0.44": [-2.5, 0, 0],
						"0.56": [-45, 0, 0]
					}
				},
				"lowerlarm": {
					"rotation": {
						"0.0": [-72.5, 0, 0],
						"0.12": [-46.79, 0, 0],
						"0.28": [-17.5, 0, 0],
						"0.44": [-1.07, 0, 0],
						"0.56": [-72.5, 0, 0]
					}
				},
				"rightArm": {
					"rotation": {
						"0.0": [10.27833, 22.10114, 45.92465],
						"0.28": [-27.9702, 17.65239, 36.39678],
						"0.56": [10.27833, 22.10114, 45.92465]
					}
				},
				"lowerrarm": {
					"rotation": {
						"0.0": [-57.5, 0, 0],
						"0.28": [-57.5, 0, 0],
						"0.56": [-57.5, 0, 0]
					}
				},
				"trail_lance": {
					"scale": 0
				},
				"root": {
					"rotation": ["variable.is_first_person ? (math.cos(query.life_time * 100.0) * 0.200) + 0.200 : 0", "variable.is_first_person ? 180 : 0", 0],
					"position": {
						"0.0": ["variable.is_first_person ? 2 : 0", "variable.is_first_person ? -5 : -2", "variable.is_first_person ? 12 : 0"],
						"0.12": ["variable.is_first_person ? 2 : 0", "variable.is_first_person ? -3 : 0", "variable.is_first_person ? 12 : 0"],
						"0.28": ["variable.is_first_person ? 2 : 0", "variable.is_first_person ? -5 : -2", "variable.is_first_person ? 12 : 0"],
						"0.4": ["variable.is_first_person ? 2 : 0", "variable.is_first_person ? -3 : 0", "variable.is_first_person ? 12 : 0"],
						"0.56": ["variable.is_first_person ? 2 : 0", "variable.is_first_person ? -5 : -2", "variable.is_first_person ? 12 : 0"]
					}
				},
				"trail_sabre": {
					"scale": [1, 0, 1]
				},
				"saber_sheathed": {
					"scale": 0
				}
			}
		},
		"animation.fast_paced_sabre.sneak": {
			"loop": true,
			"override_previous_animation": true,
			"bones": {
				"root": {
					"rotation": ["variable.is_first_person ? (math.cos(query.life_time * 100.0) * 0.200) + 0.200 : 0", "variable.is_first_person ? 180 : 0", 0],
					"position": ["variable.is_first_person ? 2 : 0", "variable.is_first_person ? -8 : -5", "variable.is_first_person ? 12 : 0"]
				},
				"leftleg": {
					"rotation": [10, 0, -2.5]
				},
				"lowerlleg": {
					"rotation": [75, 0, 0]
				},
				"rightleg": {
					"rotation": [-79.99294, 0.32621, 2.47864]
				},
				"lowerrleg": {
					"rotation": [80, 0, 0]
				},
				"waist": {
					"rotation": [14.55824, -31.47016, -8.82764]
				},
				"leftArm": {
					"rotation": [5.39605, 37.35953, -26.0511]
				},
				"lowerlarm": {
					"rotation": [-42.5, 0, 0]
				},
				"rightArm": {
					"rotation": [-40.5889, 6.03046, 57.77225]
				},
				"lowerrarm": {
					"rotation": [-40, 0, 0]
				},
				"rightitem": {
					"rotation": [-20, 0, 0],
					"position": [0, 0, -1]
				},
				"trail_lance": {
					"scale": 0
				},
				"trail_sabre": {
					"scale": [1, 0, 1]
				},
				"saber_sheathed": {
					"scale": 0
				}
			}
		},
		"animation.fast_paced_sabre.sneak_move": {
			"loop": true,
			"animation_length": 1.04,
			"override_previous_animation": true,
			"bones": {
				"root": {
					"rotation": ["variable.is_first_person ? (math.cos(query.life_time * 100.0) * 0.200) + 0.200 - 2.5 : 0", "variable.is_first_person ? 177.5 : -2.5", 0],
					"position": {
						"0.0": ["variable.is_first_person ? 2 : 0", "variable.is_first_person ? -7 : -4", "variable.is_first_person ? 12 : 0"],
						"0.24": ["variable.is_first_person ? 2 : 0", "variable.is_first_person ? -8 : -5", "variable.is_first_person ? 12 : 0"],
						"0.52": ["variable.is_first_person ? 2 : 0", "variable.is_first_person ? -7 : -4", "variable.is_first_person ? 12 : 0"],
						"0.8": ["variable.is_first_person ? 2 : 0", "variable.is_first_person ? -8 : -5", "variable.is_first_person ? 12 : 0"],
						"1.04": ["variable.is_first_person ? 2 : 0", "variable.is_first_person ? -7 : -4", "variable.is_first_person ? 12 : 0"]
					}
				},
				"leftleg": {
					"rotation": {
						"0.0": [-74.9299, 1.70818, -0.30014],
						"0.52": [-2.4299, 1.70818, -0.30014],
						"0.8": [-111.26229, 1.23927, 0.51927],
						"1.04": [-74.9299, 1.70818, -0.30014]
					}
				},
				"lowerlleg": {
					"rotation": {
						"0.0": [72.5, 0, 0],
						"0.24": [118.46, 0, 0],
						"0.52": [80, 0, 0],
						"0.8": [100.96, 0, 0],
						"1.04": [72.5, 0, 0]
					}
				},
				"rightleg": {
					"rotation": {
						"0.0": [-0.14068, -2.24944, 7.15656],
						"0.24": [-98.33018, 0.42156, 5.28399],
						"0.52": [-77.46793, 3.53773, 3.09932],
						"0.8": [-25.83018, 0.42156, 5.28399],
						"1.04": [-0.14068, -2.24944, 7.15656]
					}
				},
				"lowerrleg": {
					"rotation": {
						"0.0": [77.5, 0, 0],
						"0.24": [100, 0, 0],
						"0.52": [72.5, 0, 0],
						"0.8": [112.69, 0, 0],
						"1.04": [77.5, 0, 0]
					}
				},
				"waist": {
					"rotation": {
						"0.0": [33.88762, -18.37521, -5.64208],
						"0.52": [31.46927, 5.85241, -1.83919],
						"1.04": [33.88762, -18.37521, -5.64208]
					}
				},
				"leftArm": {
					"rotation": {
						"0.0": [-29.57545, 14.02739, -59.11424],
						"0.52": [-62.07545, 14.02739, -59.11424],
						"1.04": [-29.57545, 14.02739, -59.11424]
					}
				},
				"lowerlarm": {
					"rotation": {
						"0.0": [-22.5, 0, 0],
						"0.52": [-62.5, 0, 0],
						"1.04": [-22.5, 0, 0]
					}
				},
				"rightArm": {
					"rotation": {
						"0.0": [-40.5889, 6.03046, 57.77225],
						"0.52": [14.69322, -3.47471, 16.09595],
						"1.04": [-40.5889, 6.03046, 57.77225]
					}
				},
				"lowerrarm": {
					"rotation": {
						"0.0": [-40, 0, 0],
						"1.04": [-40, 0, 0]
					}
				},
				"rightitem": {
					"rotation": [-20, 0, 0],
					"position": [0, 0, -1]
				},
				"trail_lance": {
					"scale": 0
				},
				"trail_sabre": {
					"scale": [1, 0, 1]
				},
				"saber_sheathed": {
					"scale": 0
				}
			}
		},
		"animation.fast_paced_sabre.jump": {
			"loop": "hold_on_last_frame",
			"animation_length": 0.48,
			"override_previous_animation": true,
			"bones": {
				"leftleg": {
					"rotation": {
						"0.0": [0, 0, -2.5],
						"0.16": [-84.78974, -4.77628, -5.71489],
						"0.48": [-10, 0, -2.5]
					}
				},
				"lowerlleg": {
					"rotation": {
						"0.0": [2.5, 0, 0],
						"0.16": [92.5, 0, 0],
						"0.48": [12.5, 0, 0]
					}
				},
				"rightleg": {
					"rotation": {
						"0.0": [-7.49294, 0.32621, 2.47864],
						"0.16": [-84.18208, 35.70811, 1.42648],
						"0.48": [-25.00238, -0.10901, 2.49762]
					}
				},
				"lowerrleg": {
					"rotation": {
						"0.0": [7.5, 0, 0],
						"0.16": [97.5, 0, 0],
						"0.48": [12.5, 0, 0]
					}
				},
				"waist": {
					"rotation": {
						"0.0": [2.5, 0, 0],
						"0.16": [7.97532, 19.82169, 2.71994],
						"0.48": [12.5, 0, 0]
					}
				},
				"leftArm": {
					"rotation": {
						"0.0": [-2.49527, -0.21782, -2.4905],
						"0.48": [5.11091, -0.75258, -14.97955]
					}
				},
				"lowerlarm": {
					"rotation": {
						"0.0": [-7.5, 0, 0],
						"0.48": [-2.5, 0, 0]
					}
				},
				"rightArm": {
					"rotation": {
						"0.0": [-55.80817, 25.77945, 3.74282],
						"0.24": [-71.34952, 13.99842, 65.6981],
						"0.48": [-28.2075, -17.54739, 38.4052]
					}
				},
				"lowerrarm": {
					"rotation": {
						"0.0": [-37.5, 0, 0],
						"0.24": [-37.5, 0, 0],
						"0.48": [-71.41403, -7.52076, 21.26765]
					}
				},
				"rightitem": {
					"position": [0, 0, -1]
				},
				"trail_lance": {
					"scale": 0
				},
				"root": {
					"rotation": ["variable.is_first_person ? (math.cos(query.life_time * 100.0) * 0.200) + 0.200 : 0", "variable.is_first_person ? 180 : 0", 0],
					"position": {
						"0.0": ["variable.is_first_person ? 2 : 0", "variable.is_first_person ? -3 : 0", "variable.is_first_person ? 12 : 0"],
						"0.16": ["variable.is_first_person ? 2 : 0", "variable.is_first_person ? -8 : -5", "variable.is_first_person ? 12 : 0"],
						"0.48": ["variable.is_first_person ? 2 : 0", "variable.is_first_person ? -1 : 2", "variable.is_first_person ? 12 : 0"]
					}
				},
				"trail_sabre": {
					"scale": [1, 0, 1]
				},
				"saber_sheathed": {
					"scale": 0
				}
			}
		},
		"animation.fast_paced_sabre.land": {
			"loop": "hold_on_last_frame",
			"animation_length": 0.56,
			"override_previous_animation": true,
			"bones": {
				"leftleg": {
					"rotation": {
						"0.0": [-84.78974, -4.77628, -5.71489],
						"0.36": [0, 0, -2.5],
						"0.48": [9.89187, 37.82945, -10.18001]
					}
				},
				"lowerlleg": {
					"rotation": {
						"0.0": [92.5, 0, 0],
						"0.36": [2.5, 0, 0]
					}
				},
				"rightleg": {
					"rotation": {
						"0.0": [-84.18208, 35.70811, 1.42648],
						"0.36": [-7.49294, 0.32621, 2.47864],
						"0.48": [-13.30843, 42.60313, -2.29919]
					}
				},
				"lowerrleg": {
					"rotation": {
						"0.0": [97.5, 0, 0],
						"0.36": [7.5, 0, 0],
						"0.48": [10, 0, 0]
					}
				},
				"waist": {
					"rotation": {
						"0.0": [7.97532, 19.82169, 2.71994],
						"0.36": [2.5, 0, 0],
						"0.48": [0, -2.5, 0]
					}
				},
				"leftArm": {
					"rotation": {
						"0.0": [-2.49527, -0.21782, -2.4905],
						"0.48": [5.59195, 28.25626, -7.38357]
					}
				},
				"lowerlarm": {
					"rotation": {
						"0.0": [-7.5, 0, 0],
						"0.48": [-12.5, 0, 0]
					}
				},
				"rightArm": {
					"rotation": {
						"0.0": [23.36058, -2.53807, 25.56446],
						"0.36": [-88.30817, 25.77945, 3.74282],
						"0.48": [-50.14785, 38.90525, 3.90949]
					}
				},
				"lowerrarm": {
					"rotation": {
						"0.0": [-37.5, 0, 0],
						"0.36": [-60, 0, 0],
						"0.48": [-7.5, 0, 0]
					}
				},
				"rightitem": {
					"rotation": [20, 0, 0],
					"position": [0, 0, -1]
				},
				"root": {
					"rotation": {
						"0.0": ["variable.is_first_person ? (math.cos(query.life_time * 100.0) * 0.200) + 0.200 : 0", "variable.is_first_person ? 180 : 0", 0],
						"0.16": ["variable.is_first_person ? (math.cos(query.life_time * 100.0) * 0.200) + 0.200 : 0", "variable.is_first_person ? 180 : 0", 0],
						"0.48": ["variable.is_first_person ? (math.cos(query.life_time * 100.0) * 0.200) + 0.200 : 0", "variable.is_first_person ? 140 : -40", 0]
					},
					"position": {
						"0.0": ["variable.is_first_person ? 2 : 0", "variable.is_first_person ? -8 : -5", "variable.is_first_person ? 12 : 0"],
						"0.36": ["variable.is_first_person ? 2 : 0", "variable.is_first_person ? -3 : 0", "variable.is_first_person ? 12 : 0"]
					}
				},
				"saber_sheathed": {
					"scale": 0
				},
				"trail_sabre": {
					"scale": {
						"0.0": [1, 0, 1],
						"0.48": [1, 0, 1]
					}
				}
			}
		},
		"animation.fast_paced_sabre.ability_guard": {
			"animation_length": 0.6,
			"override_previous_animation": true,
			"bones": {
				"root": {
					"rotation": {
						"0.0": ["variable.is_first_person ? (math.cos(query.life_time * 100.0) * 0.200) + 0.200 : 0", "variable.is_first_person ? 140 : -40", 0],
						"0.6": ["variable.is_first_person ? (math.cos(query.life_time * 100.0) * 0.200) + 0.200 : 0", "variable.is_first_person ? 140 : -40", 0]
					},
					"position": {
						"0.0": ["variable.is_first_person ? 2 : 0", "variable.is_first_person ? -3 : 0", "variable.is_first_person ? 12 : 0"],
						"0.6": ["variable.is_first_person ? 2 : 0", "variable.is_first_person ? -3 : 0", "variable.is_first_person ? 12 : 0"]
					}
				},
				"leftleg": {
					"rotation": {
						"0.0": [9.89187, 37.82945, -10.18001],
						"0.2": [5.99524, 38.52127, -16.48049],
						"0.4": [5.99524, 38.52127, -16.48049],
						"0.6": [9.89187, 37.82945, -10.18001]
					}
				},
				"rightleg": {
					"rotation": {
						"0.0": [-13.30843, 42.60313, -2.29919],
						"0.2": [-6.34357, 43.8872, 7.85194],
						"0.4": [-6.34357, 43.8872, 7.85194],
						"0.6": [-13.30843, 42.60313, -2.29919]
					}
				},
				"lowerrleg": {
					"rotation": {
						"0.0": [10, 0, 0],
						"0.6": [10, 0, 0]
					}
				},
				"waist": {
					"rotation": {
						"0.0": [0, -2.5, 0],
						"0.2": [0, 17.5, 0],
						"0.4": [0, 17.5, 0],
						"0.6": [0, -2.5, 0]
					}
				},
				"leftArm": {
					"rotation": {
						"0.0": [5.59195, 28.25626, -7.38357],
						"0.6": [5.59195, 28.25626, -7.38357]
					}
				},
				"lowerlarm": {
					"rotation": {
						"0.0": [-12.5, 0, 0],
						"0.6": [-12.5, 0, 0]
					}
				},
				"rightArm": {
					"rotation": {
						"0.0": [-50.14785, 38.90525, 3.90949],
						"0.2": [-14.90761, -20.0205, 47.76547],
						"0.4": [-14.90761, -20.0205, 47.76547],
						"0.6": [-50.14785, 38.90525, 3.90949]
					}
				},
				"lowerrarm": {
					"rotation": {
						"0.0": [-7.5, 0, 0],
						"0.2": [-65, 0, 0],
						"0.4": [-65, 0, 0],
						"0.6": [-7.5, 0, 0]
					}
				},
				"saber_sheathed": {
					"scale": {
						"0.0": [0, 0, 0],
						"0.6": [0, 0, 0]
					}
				},
				"rightitem": {
					"rotation": {
						"0.0": [20, 0, 0],
						"0.2": [-10, 0, 0],
						"0.4": [-10, 0, 0],
						"0.6": [20, 0, 0]
					}
				},
				"trail_sabre": {
					"scale": {
						"0.0": [1, 0, 1],
						"0.6": [1, 0, 1]
					}
				}
			}
		},
		"animation.fast_paced_sabre.charge_slash": {
			"animation_length": 10000,
			"override_previous_animation": true,
			"bones": {
				"root": {
					"rotation": {
						"0.0": ["variable.is_first_person ? (math.cos(query.life_time * 100.0) * 0.200) + 0.200 : 0", "variable.is_first_person ? 140 : -40", 0],
						"0.3": ["variable.is_first_person ? (math.cos(query.life_time * 100.0) * 0.200) + 0.200 : 0", "variable.is_first_person ? 80 : -100", 0]
					},
					"position": {
						"0.0": ["variable.is_first_person ? 2 : 0", "variable.is_first_person ? -3 : 0", "variable.is_first_person ? 12 : 0"],
						"0.3": ["variable.is_first_person ? 2 : 0", "variable.is_first_person ? -3 : 0", "variable.is_first_person ? 12 : 0"]
					}
				},
				"leftleg": {
					"rotation": {
						"0.0": [9.89187, 37.82945, -10.18001],
						"0.3": [4.00454, 38.73922, -19.66871]
					}
				},
				"rightleg": {
					"rotation": {
						"0.0": [-13.30843, 42.60313, -2.29919],
						"0.3": [-6.45338, 58.66894, 5.20982]
					}
				},
				"lowerrleg": {
					"rotation": [10, 0, 0]
				},
				"waist": {
					"rotation": {
						"0.0": [0, -2.5, 0],
						"0.3": [0, -10, 0],
						"0.6": [0, -30, 0]
					}
				},
				"leftArm": {
					"rotation": {
						"0.0": [5.59195, 28.25626, -7.38357],
						"0.3": [6.14223, 30.3565, -21.52458]
					}
				},
				"lowerlarm": {
					"rotation": [-12.5, 0, 0]
				},
				"rightArm": {
					"rotation": {
						"0.0": [-50.14785, 38.90525, 3.90949],
						"0.3": [-80.87926, -5.20254, 77.4058]
					}
				},
				"lowerrarm": {
					"rotation": {
						"0.0": [-7.5, 0, 0],
						"0.3": [-20, 0, 0],
						"0.6": [-32.5, 0, 0]
					}
				},
				"saber_sheathed": {
					"scale": 0
				},
				"rightitem": {
					"rotation": {
						"0.0": [20, 0, 0],
						"0.3": [-15, 0, 0]
					}
				},
				"trail_sabre": {
					"scale": [1, 0, 1]
				}
			}
		},
		"animation.fast_paced_sabre.ability_slash": {
			"animation_length": 0.7,
			"override_previous_animation": true,
			"bones": {
				"root": {
					"rotation": {
						"0.0": ["variable.is_first_person ? (math.cos(query.life_time * 100.0) * 0.200) + 0.200 : 0", "variable.is_first_person ? 80 : -100", 0],
						"0.2": ["variable.is_first_person ? (math.cos(query.life_time * 100.0) * 0.200) + 0.200 : 0", "variable.is_first_person ? 177.5 : 2.5", 0]
					},
					"position": {
						"0.0": ["variable.is_first_person ? 2 : 0", "variable.is_first_person ? -3 : 0", "variable.is_first_person ? 12 : 0"],
						"0.2": ["variable.is_first_person ? 2 : 0", "variable.is_first_person ? -3 : 0", "variable.is_first_person ? 12 : 0"]
					}
				},
				"leftleg": {
					"rotation": {
						"0.0": [4.00454, 38.73922, -19.66871],
						"0.2": [0, 0, 0]
					}
				},
				"rightleg": {
					"rotation": {
						"0.0": [-6.45338, 58.66894, 5.20982],
						"0.2": [0, 0, 0]
					}
				},
				"lowerrleg": {
					"rotation": [10, 0, 0]
				},
				"waist": {
					"rotation": {
						"0.0": [0, -10, 0],
						"0.2": [0, 47.5, 0]
					}
				},
				"leftArm": {
					"rotation": [6.14223, 30.3565, -21.52458]
				},
				"lowerlarm": {
					"rotation": [-12.5, 0, 0]
				},
				"rightArm": {
					"rotation": {
						"0.0": [-80.87926, -5.20254, 77.4058],
						"0.2": [76.62074, -5.20254, 77.4058]
					}
				},
				"lowerrarm": {
					"rotation": [-20, 0, 0]
				},
				"saber_sheathed": {
					"scale": 0
				},
				"rightitem": {
					"rotation": [-15, 0, 0]
				},
				"trail_sabre": {
					"scale": [1, 0, 1]
				}
			}
		},
		"animation.fast_paced_sabre.unsheathe": {
			"animation_length": 1.36,
			"bones": {
				"waist": {
					"rotation": {
						"0.0": [0, 0, 0],
						"0.16": [15, -35, 0],
						"0.68": [-7.7832, 12.34947, -0.97657],
						"0.76": [-7.96802, -17.38019, 3.09209],
						"1.04": [-7.96802, -17.38019, 3.09209],
						"1.12": [0, -2.5, 0]
					}
				},
				"leftArm": {
					"rotation": {
						"0.0": [0, 0, -12.5],
						"1.12": [5.59195, 28.25626, -7.38357]
					}
				},
				"lowerlarm": {
					"rotation": {
						"0.0": [0, 0, 12.5],
						"1.12": [-12.5, 0, 0]
					}
				},
				"rightArm": {
					"rotation": {
						"0.16": [-150.00569, 3.60526, 137.05755],
						"0.28": [24.99431, 3.60526, 137.05755],
						"0.76": [253.84721, 58.58025, 359.20343],
						"1.04": [255.49553, 75.67465, 340.13946],
						"1.12": [306.18918, 40.85464, 367.68541]
					},
					"position": [1, 0, 0]
				},
				"lowerrarm": {
					"rotation": {
						"0.0": [0, 0, 0],
						"0.16": [-12.5, 0, 0],
						"1.04": [-13.75, 0, 0],
						"1.12": [-7.5, 0, 0]
					}
				},
				"rightitem": {
					"rotation": {
						"0.68": [0, 0, 0],
						"0.76": [62.5, 0, 0],
						"1.04": [62.5, 0, 0],
						"1.12": [20, 0, 0]
					},
					"scale": {
						"0.0": [0, 0, 0],
						"0.16": [0, 0, 0],
						"0.28": [1, 1, 1]
					}
				},
				"saber_sheathe": {
					"rotation": {
						"0.0": [0, 0, 0],
						"0.16": [40.43246, -7.64427, -6.46635]
					}
				},
				"saber_sheathed": {
					"scale": {
						"0.24": [1, 1, 1],
						"0.28": [0, 0, 0],
						"1.12": [0, 0, 0]
					}
				},
				"root": {
					"rotation": ["variable.is_first_person ? (math.cos(query.life_time * 100.0) * 0.200) + 0.200 : 0", "variable.is_first_person ? 140 : -40", 0],
					"position": ["variable.is_first_person ? 2 : 0", "variable.is_first_person ? -3 : 0", "variable.is_first_person ? 12 : 0"]
				},
				"leftleg": {
					"rotation": [9.89187, 37.82945, -10.18001]
				},
				"rightleg": {
					"rotation": [-13.30843, 42.60313, -2.29919]
				},
				"lowerrleg": {
					"rotation": [10, 0, 0]
				},
				"trail_sabre": {
					"scale": {
						"0.0": [1, 0, 1],
						"1.12": [1, 0, 1]
					}
				}
			}
		},
		"animation.fast_paced_sabre.attack_riding_pose": {
			"loop": "hold_on_last_frame",
			"animation_length": 0.3,
			"override_previous_animation": true,
			"bones": {
				"trail_lance": {
					"scale": 0
				},
				"trail_katana": {
					"scale": [1, 0, 1]
				},
				"trail_wakizashi_offhand": {
					"scale": [1, 0, 1]
				},
				"root": {
					"rotation": ["variable.is_first_person ? (math.cos(query.life_time * 100.0) * 0.200) + 0.200 : 0", "variable.is_first_person ? 180 : 0", 0],
					"position": ["variable.is_first_person ? 2 : 0", "variable.is_first_person ? -12 : -9", "variable.is_first_person ? 12 : 0"]
				},
				"leftleg": {
					"rotation": [-65.43798, -22.9824, -12.61783]
				},
				"lowerlleg": {
					"rotation": [62.5, 0, 0]
				},
				"rightleg": {
					"rotation": [-78.71587, 27.37204, 7.66261]
				},
				"lowerrleg": {
					"rotation": [70, 0, 0]
				},
				"waist": {
					"rotation": [2.5, 0, 0]
				},
				"leftArm": {
					"rotation": [-51.55241, 33.39974, -50.86873]
				},
				"lowerlarm": {
					"rotation": [-27.58957, -4.43385, 2.31336]
				},
				"rightArm": {
					"rotation": {
						"0.0": [44.33383, 14.3313, 72.58827],
						"0.1": [66.6816, -15.65477, 85.26889],
						"0.2": [-53.3184, -15.65477, 85.26889]
					}
				},
				"lowerrarm": {
					"rotation": {
						"0.0": [-12.5, 0, 0],
						"0.1": [-70, 0, 0],
						"0.2": [-20, 0, 0]
					}
				},
				"rightitem": {
					"rotation": {
						"0.0": [0, 0, 0],
						"0.1": [0, 0, 0],
						"0.2": [72.5, 0, 0]
					}
				},
				"trail_sabre": {
					"scale": [1, 0, 1]
				}
			}
		},
		"animation.fast_paced_sabre.riding_pose": {
			"loop": true,
			"override_previous_animation": true,
			"bones": {
				"trail_lance": {
					"scale": 0
				},
				"trail_katana": {
					"scale": [1, 0, 1]
				},
				"trail_wakizashi_offhand": {
					"scale": [1, 0, 1]
				},
				"root": {
					"rotation": ["variable.is_first_person ? (math.cos(query.life_time * 100.0) * 0.200) + 0.200 : 0", "variable.is_first_person ? 180 : 0", 0],
					"position": ["variable.is_first_person ? 2 : 0", "variable.is_first_person ? -12 : -9", "variable.is_first_person ? 12 : 0"]
				},
				"leftleg": {
					"rotation": [-65.43798, -22.9824, -12.61783]
				},
				"lowerlleg": {
					"rotation": [62.5, 0, 0]
				},
				"rightleg": {
					"rotation": [-78.71587, 27.37204, 7.66261]
				},
				"lowerrleg": {
					"rotation": [70, 0, 0]
				},
				"waist": {
					"rotation": [2.5, 0, 0]
				},
				"leftArm": {
					"rotation": [-51.55241, 33.39974, -50.86873]
				},
				"lowerlarm": {
					"rotation": [-27.58957, -4.43385, 2.31336]
				},
				"rightArm": {
					"rotation": [44.33383, 14.3313, 72.58827]
				},
				"lowerrarm": {
					"rotation": [-12.5, 0, 0]
				},
				"trail_sabre": {
					"scale": [1, 0, 1]
				}
			}
		}
	}
}