{
	"format_version": "1.8.0",
	"animations": {
		"animation.fast_paced_odachi.base_pose": {
			"loop": true,
			"override_previous_animation": true,
			"bones": {
				"root": {
					"rotation": ["variable.is_first_person ? (math.cos(query.life_time * 100.0) * 0.200) + 0.200 : 0", "variable.is_first_person ? 182.5 : 2.55", 0],
					"position": ["variable.is_first_person ? 2 : 0", "variable.is_first_person ? -3 : 0", "variable.is_first_person ? 12 : 0"]
				},
				"leftleg": {
					"rotation": [-22.5, 0, 0]
				},
				"lowerlleg": {
					"rotation": [22.5, 0, 0]
				},
				"rightleg": {
					"rotation": [17.5, 0, 0]
				},
				"waist": {
					"rotation": [11.50501, 31.79029, 8.30597]
				},
				"leftArm": {
					"rotation": [-84.02418, 34.39723, -55.72613]
				},
				"lowerlarm": {
					"rotation": [-32.5, 0, 0]
				},
				"rightArm": {
					"rotation": [-73.13792, -39.28691, -1.3541]
				},
				"lowerrarm": {
					"rotation": [-35, 0, 0]
				},
				"rightitem": {
					"rotation": [-5, 0, 0]
				},
				"trail_odachi": {
					"scale": [1, 0, 1]
				},
				"rightitem2": {
					"scale": 0
				}
			}
		},
		"animation.fast_paced_odachi.attack_swing_left": {
			"animation_length": 1.5,
			"override_previous_animation": true,
			"bones": {
				"root": {
					"rotation": {
						"0.0": ["variable.is_first_person ? (math.cos(query.life_time * 100.0) * 0.200) + 0.200 : 0", "variable.is_first_person ? 182.5 : 2.55", 0],
						"0.4": ["variable.is_first_person ? (math.cos(query.life_time * 100.0) * 0.200) + 0.200 : 0", "variable.is_first_person ? 167.5 : -12.5", 0],
						"0.6": ["variable.is_first_person ? (math.cos(query.life_time * 100.0) * 0.200) + 0.200 : 0", "variable.is_first_person ? 167.5 : -12.5", 0],
						"0.8": ["variable.is_first_person ? (math.cos(query.life_time * 100.0) * 0.200) + 0.200 : 0", "variable.is_first_person ? 222.5 : 42.5", 0],
						"0.9": ["variable.is_first_person ? (math.cos(query.life_time * 100.0) * 0.200) + 0.200 : 0", "variable.is_first_person ? 242.5 : 62.5", 0],
						"1.5": ["variable.is_first_person ? (math.cos(query.life_time * 100.0) * 0.200) + 0.200 : 0", "variable.is_first_person ? 182.5 : 2.55", 0]
					},
					"position": {
						"0.0": ["variable.is_first_person ? 2 : 0", "variable.is_first_person ? -3 : 0", "variable.is_first_person ? 12 : 0"],
						"0.4": ["variable.is_first_person ? 2 : 0", "variable.is_first_person ? -4 : -1", "variable.is_first_person ? 12 : 0"],
						"0.6": ["variable.is_first_person ? 2 : 0", "variable.is_first_person ? -4 : -1", "variable.is_first_person ? 12 : 0"],
						"1.5": ["variable.is_first_person ? 2 : 0", "variable.is_first_person ? -3 : 0", "variable.is_first_person ? 12 : 0"]
					}
				},
				"waist": {
					"rotation": {
						"0.0": [11.50501, 31.79029, 8.30597],
						"0.4": [10.99364, -27.25231, -2.89783],
						"0.6": [10.99364, -27.25231, -2.89783],
						"0.8": [11.83362, 34.23864, 8.90895],
						"0.9": [11.83362, 34.23864, 8.90895],
						"1.5": [11.50501, 31.79029, 8.30597]
					}
				},
				"leftArm": {
					"rotation": {
						"0.0": [-84.02418, 34.39723, -55.72613],
						"0.4": [-68.08775, 51.18144, 18.72206],
						"0.6": [-68.08775, 51.18144, 18.72206],
						"0.8": [-21.21852, -3.59284, 89.96056],
						"0.9": [-21.21852, -3.59284, 89.96056],
						"1.5": [-84.02418, 34.39723, -55.72613]
					}
				},
				"lowerlarm": {
					"rotation": {
						"0.0": [-32.5, 0, 0],
						"0.4": [-32.5, 0, 0],
						"0.6": [-32.5, 0, 0],
						"0.8": [0, 0, 0],
						"0.9": [0, 0, 0],
						"1.5": [-32.5, 0, 0]
					}
				},
				"rightArm": {
					"rotation": {
						"0.0": [-73.13792, -39.28691, -1.3541],
						"0.4": [-130.21438, 3.73443, 66.7183],
						"0.6": [-130.21438, 3.73443, 66.7183],
						"0.8": [-49.43126, -11.57953, 94.62637],
						"0.9": [-39.43126, -11.57953, 94.62637],
						"1.5": [-73.13792, -39.28691, -1.3541]
					}
				},
				"lowerrarm": {
					"rotation": {
						"0.0": [-35, 0, 0],
						"0.4": [-35, 0, 0],
						"0.6": [-35, 0, 0],
						"0.8": [-80, 0, 0],
						"0.9": [-97.5, 0, 0],
						"1.5": [-35, 0, 0]
					}
				},
				"rightitem": {
					"rotation": {
						"0.0": [-5, 0, 0],
						"0.4": [32.5, 0, 0],
						"0.6": [32.5, 0, 0],
						"0.8": [150, 0, 0],
						"0.9": [150, 0, 0],
						"1.5": [-5, 0, 0]
					}
				},
				"trail_odachi": {
					"scale": {
						"0.0": [1, 0, 1],
						"0.4": [1, 0, 1],
						"0.6": [1, 0, 1],
						"0.7": [1, 1, 1],
						"0.9": [1, 0, 1],
						"1.5": [1, 0, 1]
					}
				},
				"rightitem2": {
					"scale": {
						"0.0": [0, 0, 0],
						"0.4": [0, 0, 0],
						"0.6": [0, 0, 0],
						"0.9": [0, 0, 0],
						"1.5": [0, 0, 0]
					}
				},
				"leftleg": {
					"rotation": {
						"0.0": [-22.5, 0, 0],
						"0.4": [22.17431, 13.31514, 1.90383],
						"0.6": [22.17431, 13.31514, 1.90383],
						"0.7": [-96.28104, -27.34505, 9.7712],
						"0.8": [-27.83993, -38.45728, -10.13491],
						"0.9": [-31.78501, -59.55156, -4.9977],
						"1.5": [-22.5, 0, 0]
					}
				},
				"lowerlleg": {
					"rotation": {
						"0.0": [22.5, 0, 0],
						"0.4": [0.36, 0, 0],
						"0.6": [0.36, 0, 0],
						"0.7": [97.5, 0, 0],
						"0.8": [25, 0, 0],
						"1.5": [22.5, 0, 0]
					}
				},
				"rightleg": {
					"rotation": {
						"0.0": [17.5, 0, 0],
						"0.4": [-28.51188, 11.25676, 5.2364],
						"0.6": [-28.51188, 11.25676, 5.2364],
						"0.8": [8.96634, -16.23903, 5.72303],
						"0.9": [2.63225, -52.04228, 13.36064],
						"1.5": [17.5, 0, 0]
					}
				},
				"lowerrleg": {
					"rotation": {
						"0.4": [30, 0, 0],
						"0.6": [30, 0, 0]
					}
				}
			}
		},
		"animation.fast_paced_odachi.attack_swing_right": {
			"animation_length": 1.5,
			"override_previous_animation": true,
			"bones": {
				"root": {
					"rotation": {
						"0.0": ["variable.is_first_person ? (math.cos(query.life_time * 100.0) * 0.200) + 0.200 : 0", "variable.is_first_person ? 182.5 : 2.55", 0],
						"0.4": ["variable.is_first_person ? (math.cos(query.life_time * 100.0) * 0.200) + 0.200 : 0", "variable.is_first_person ? 222.5 : 42.5", 0],
						"0.6": ["variable.is_first_person ? (math.cos(query.life_time * 100.0) * 0.200) + 0.200 : 0", "variable.is_first_person ? 222.5 : 42.5", 0],
						"0.8": ["variable.is_first_person ? (math.cos(query.life_time * 100.0) * 0.200) + 0.200 : 0", "variable.is_first_person ? 142.5 : -37.5", 0],
						"0.9": ["variable.is_first_person ? (math.cos(query.life_time * 100.0) * 0.200) + 0.200 : 0", "variable.is_first_person ? 142.5 : -37.5", 0],
						"1.1": ["variable.is_first_person ? (math.cos(query.life_time * 100.0) * 0.200) + 0.200 : 0", "variable.is_first_person ? 142.5 : -37.5", 0],
						"1.5": ["variable.is_first_person ? (math.cos(query.life_time * 100.0) * 0.200) + 0.200 : 0", "variable.is_first_person ? 182.5 : 2.55", 0]
					},
					"position": {
						"0.0": ["variable.is_first_person ? 2 : 0", "variable.is_first_person ? -3 : 0", "variable.is_first_person ? 12 : 0"],
						"1.5": ["variable.is_first_person ? 2 : 0", "variable.is_first_person ? -3 : 0", "variable.is_first_person ? 12 : 0"]
					}
				},
				"waist": {
					"rotation": {
						"0.0": [11.50501, 31.79029, 8.30597],
						"0.4": [9.2369, 46.42165, 12.60065],
						"0.6": [9.2369, 46.42165, 12.60065],
						"0.8": [8.35505, -40.40304, 0.44379],
						"0.9": [36.86851, -66.16957, -15.46413],
						"1.1": [36.86851, -66.16957, -15.46413],
						"1.5": [11.50501, 31.79029, 8.30597]
					}
				},
				"leftArm": {
					"rotation": {
						"0.0": [-84.02418, 34.39723, -55.72613],
						"0.4": [-118.57676, 6.9764, -86.19445],
						"0.6": [-118.57676, 6.9764, -86.19445],
						"0.8": [-73.48282, 11.9446, -85.62342],
						"0.9": [-73.48282, 11.9446, -85.62342],
						"1.1": [-73.48282, 11.9446, -85.62342],
						"1.5": [-84.02418, 34.39723, -55.72613]
					}
				},
				"lowerlarm": {
					"rotation": {
						"0.0": [-32.5, 0, 0],
						"0.4": [-5, 0, 0],
						"0.6": [-5, 0, 0],
						"0.8": [-55, 0, 0],
						"0.9": [-55, 0, 0],
						"1.1": [-55, 0, 0],
						"1.5": [-32.5, 0, 0]
					}
				},
				"rightArm": {
					"rotation": {
						"0.0": [-73.13792, -39.28691, -1.3541],
						"0.4": [-44.03362, -15.80449, -79.28878],
						"0.6": [-44.03362, -15.80449, -79.28878],
						"0.8": [-53.77798, -5.75042, -93.8918],
						"0.9": [-53.77798, -5.75042, -93.8918],
						"1.1": [-53.77798, -5.75042, -93.8918],
						"1.5": [-73.13792, -39.28691, -1.3541]
					}
				},
				"lowerrarm": {
					"rotation": {
						"0.0": [-35, 0, 0],
						"0.4": [-62.5, 0, 0],
						"0.6": [-62.5, 0, 0],
						"0.8": [-27.5, 0, 0],
						"0.9": [-27.5, 0, 0],
						"1.1": [-27.5, 0, 0],
						"1.5": [-35, 0, 0]
					}
				},
				"rightitem": {
					"rotation": {
						"0.0": [-5, 0, 0],
						"0.4": [-5, 0, 0],
						"0.6": [-5, 0, 0],
						"0.8": [10, 0, 0],
						"0.9": [10, 0, 0],
						"1.1": [10, 0, 0],
						"1.5": [-5, 0, 0]
					}
				},
				"trail_odachi": {
					"scale": {
						"0.0": [1, 0, 1],
						"0.4": [1, 0, 1],
						"0.6": [1, 0, 1],
						"0.7": [1, 1, 1],
						"0.8": [1, 1, 1],
						"0.9": [1, 0, 1],
						"1.0": [1, 0, 1],
						"1.1": [1, 0, 1],
						"1.5": [1, 0, 1]
					}
				},
				"rightitem2": {
					"scale": {
						"0.0": [0, 0, 0],
						"0.4": [0, 0, 0],
						"0.6": [0, 0, 0],
						"1.5": [0, 0, 0]
					}
				},
				"leftleg": {
					"rotation": {
						"0.0": [-22.5, 0, 0],
						"0.4": [-25.20039, -38.35007, -5.00926],
						"0.6": [-25.20039, -38.35007, -5.00926],
						"0.8": [6.29156, 44.13891, -11.70946],
						"0.9": [6.29156, 44.13891, -11.70946],
						"1.1": [6.29156, 44.13891, -11.70946],
						"1.5": [-22.5, 0, 0]
					}
				},
				"lowerlleg": {
					"rotation": {
						"0.0": [22.5, 0, 0],
						"0.4": [22.5, 0, 0],
						"0.6": [22.5, 0, 0],
						"1.5": [22.5, 0, 0]
					}
				},
				"rightleg": {
					"rotation": {
						"0.0": [17.5, 0, 0],
						"0.4": [17.5408, -25.49066, 8.6454],
						"0.6": [17.5408, -25.49066, 8.6454],
						"0.8": [-27.5, 45, 0],
						"0.9": [-27.5, 45, 0],
						"1.1": [-27.5, 45, 0],
						"1.5": [17.5, 0, 0]
					}
				},
				"lowerrleg": {
					"rotation": [22.5, 0, 0]
				}
			}
		},
		"animation.fast_paced_odachi.attack_top": {
			"animation_length": 1.2,
			"override_previous_animation": true,
			"bones": {
				"root": {
					"rotation": {
						"0.0": ["variable.is_first_person ? (math.cos(query.life_time * 100.0) * 0.200) + 0.200 : 0", "variable.is_first_person ? 182.5 : 2.5", 0],
						"0.3": ["variable.is_first_person ? (math.cos(query.life_time * 100.0) * 0.200) + 0.200 : 0", "variable.is_first_person ? 182.5 : 2.5", 0],
						"0.6": ["variable.is_first_person ? (math.cos(query.life_time * 100.0) * 0.200) + 0.200 : 0", "variable.is_first_person ? 132.5 : -47.5", 0],
						"0.9": ["variable.is_first_person ? (math.cos(query.life_time * 100.0) * 0.200) + 0.200 : 0", "variable.is_first_person ? 132.5 : -47.5", 0],
						"1.1": ["variable.is_first_person ? (math.cos(query.life_time * 100.0) * 0.200) + 0.200 : 0", "variable.is_first_person ? 182.5 : 2.55", 0]
					},
					"position": {
						"0.0": ["variable.is_first_person ? 2 : 0", "variable.is_first_person ? -4 : -1", "variable.is_first_person ? 12 : 0"],
						"0.3": ["variable.is_first_person ? 2 : 0", "variable.is_first_person ? -4 : -1", "variable.is_first_person ? 12 : 0"],
						"0.9": ["variable.is_first_person ? 2 : 0", "variable.is_first_person ? -4 : -1", "variable.is_first_person ? 12 : 0"],
						"1.1": ["variable.is_first_person ? 2 : 0", "variable.is_first_person ? -3 : -1", "variable.is_first_person ? 12 : 0"]
					}
				},
				"leftleg": {
					"rotation": {
						"0.0": [-22.5, 0, 0],
						"0.3": [-35, 0, 0],
						"0.6": [-1.93255, 34.39275, -12.14787],
						"0.9": [-1.93255, 34.39275, -12.14787],
						"1.1": [-22.5, 0, 0]
					}
				},
				"lowerlleg": {
					"rotation": {
						"0.0": [22.5, 0, 0],
						"0.3": [32.5, 0, 0],
						"0.9": [32.5, 0, 0],
						"1.1": [22.5, 0, 0]
					}
				},
				"rightleg": {
					"rotation": {
						"0.0": [17.5, 0, 0],
						"0.3": [12.5, 0, 0],
						"0.5": [-83.00953, 27.5117, 7.47861],
						"0.6": [-10.7643, 41.26755, 11.21792],
						"0.9": [-10.7643, 41.26755, 11.21792],
						"1.1": [17.5, 0, 0]
					}
				},
				"lowerrleg": {
					"rotation": {
						"0.0": [7.5, 0, 0],
						"0.3": [7.5, 0, 0],
						"0.5": [77.5, 0, 0],
						"0.6": [17.5, 0, 0],
						"0.9": [17.5, 0, 0],
						"1.1": [7.5, 0, 0]
					}
				},
				"waist": {
					"rotation": {
						"0.0": [11.50501, 31.79029, 8.30597],
						"0.2": [10.95478, 25.3405, 1.63468],
						"0.4": [-9.04522, 25.3405, 1.63468],
						"0.5": [-9.04522, 25.3405, 1.63468],
						"0.6": [52.59714, 19.48939, -7.14465],
						"0.9": [52.59714, 19.48939, -7.14465],
						"1.1": [11.50501, 31.79029, 8.30597]
					}
				},
				"leftArm": {
					"rotation": {
						"0.0": [-84.02418, 34.39723, -55.72613],
						"0.2": [-112.74262, -7.56083, -57.43121],
						"0.3": [-112.74262, -7.56083, -57.43121],
						"0.4": [-103.03436, 12.43934, -28.63596],
						"0.5": [-43.00448, 44.35242, 22.8634],
						"0.6": [-8.73483, 29.95262, 28.18212],
						"0.9": [-8.73483, 29.95262, 28.18212],
						"1.1": [-84.02418, 34.39723, -55.72613]
					}
				},
				"rightArm": {
					"rotation": {
						"0.0": [-73.13792, -39.28691, -1.3541],
						"0.2": [-134.80688, -34.51509, 10.08288],
						"0.3": [-134.80688, -34.51509, 10.08288],
						"0.4": [-136.40671, -25.22401, 34.11274],
						"0.6": [-45.02383, -16.92009, -30.88381],
						"0.9": [-45.02383, -16.92009, -30.88381],
						"1.1": [-73.13792, -39.28691, -1.3541]
					}
				},
				"lowerrarm": {
					"rotation": {
						"0.0": [-35, 0, 0],
						"0.3": [-35, 0, 0],
						"0.6": [-15, 0, 0],
						"0.9": [-15, 0, 0],
						"1.1": [-35, 0, 0]
					}
				},
				"rightitem": {
					"rotation": {
						"0.0": [-5, 0, 0],
						"0.3": [-5, 0, 0],
						"0.4": [-14.97479, 10.02727, 25.8534],
						"0.5": [50.01261, 5.01363, 12.9267],
						"0.6": [18.58597, -7.52076, 21.26765],
						"0.9": [18.58597, -7.52076, 21.26765],
						"1.1": [-5, 0, 0]
					}
				},
				"trail3": {
					"rotation": {
						"0.0": [0, 20, 90],
						"0.3": [0, 20, 90]
					},
					"position": {
						"0.0": [-2, 7, -6],
						"0.3": [-2, 7, -6]
					}
				},
				"lowerlarm": {
					"rotation": {
						"0.0": [-32.5, 0, 0],
						"0.3": [-32.5, 0, 0],
						"1.1": [-32.5, 0, 0]
					}
				},
				"trail": {
					"scale": {
						"0.0": [0, 0, 0],
						"0.3": [0, 0, 0]
					}
				},
				"trail_odachi": {
					"scale": {
						"0.0": [0, 0, 0],
						"0.3": [0, 0, 0],
						"0.4": [0, 0, 0],
						"0.5": [1, 1, 1],
						"0.6": [1, 1, 1],
						"0.7": [0, 0, 0],
						"0.9": [0, 0, 0],
						"1.1": [1, 0, 1]
					}
				},
				"rightitem2": {
					"scale": {
						"0.0": [0, 0, 0],
						"0.3": [0, 0, 0],
						"0.9": [0, 0, 0],
						"1.1": [0, 0, 0]
					}
				}
			}
		},
		"animation.fast_paced_odachi.sneak": {
			"loop": true,
			"override_previous_animation": true,
			"bones": {
				"root": {
					"rotation": ["variable.is_first_person ? (math.cos(query.life_time * 100.0) * 0.200) + 0.200 : 0", "variable.is_first_person ? 180 : 0", 0],
					"position": ["variable.is_first_person ? 2 : 0", "variable.is_first_person ? -7 : -4", "variable.is_first_person ? 12 : 0"]
				},
				"leftleg": {
					"rotation": [-74.9299, 1.70818, -0.30014]
				},
				"lowerlleg": {
					"rotation": [72.5, 0, 0]
				},
				"rightleg": {
					"rotation": [-0.14068, -2.24944, 7.15656]
				},
				"lowerrleg": {
					"rotation": [77.5, 0, 0]
				},
				"waist": {
					"rotation": [11.50501, 31.79029, 8.30597]
				},
				"leftArm": {
					"rotation": [-96.90918, 5.18164, -76.00647]
				},
				"rightArm": {
					"rotation": [-68.13792, -39.28691, -1.3541]
				},
				"lowerrarm": {
					"rotation": [-85, 0, 0]
				},
				"rightitem": {
					"rotation": [0, 0, 0]
				},
				"trail": {
					"scale": 0
				},
				"lowerlarm": {
					"rotation": [-32.5, 0, 0]
				},
				"trail_odachi": {
					"scale": [1, 0, 1]
				},
				"rightitem2": {
					"scale": 0
				}
			}
		},
		"animation.fast_paced_odachi.sneak_move": {
			"loop": true,
			"animation_length": 1.04,
			"override_previous_animation": true,
			"bones": {
				"root": {
					"rotation": ["variable.is_first_person ? (math.cos(query.life_time * 100.0) * 0.200) + 0.200 : 0", "variable.is_first_person ? 180 : 0", 0],
					"position": {
						"0.0": ["variable.is_first_person ? 2 : 0", "variable.is_first_person ? -7 : -4", "variable.is_first_person ? 12 : 0"],
						"0.24": ["variable.is_first_person ? 2 : 0", "variable.is_first_person ? -8 : -5", "variable.is_first_person ? 12 : 0"],
						"0.52": ["variable.is_first_person ? 2 : 0", "variable.is_first_person ? -7 : -4", "variable.is_first_person ? 12 : 0"],
						"0.8": ["variable.is_first_person ? 2 : 0", "variable.is_first_person ? -9 : -6", "variable.is_first_person ? 12 : 0"],
						"1.04": ["variable.is_first_person ? 2 : 0", "variable.is_first_person ? -7 : -4", "variable.is_first_person ? 12 : 0"]
					}
				},
				"leftleg": {
					"rotation": {
						"0.0": [-74.9299, 1.70818, -0.30014],
						"0.52": [-2.4299, 1.70818, -0.30014],
						"0.8": [-111.26229, 1.23927, 0.51927],
						"1.04": [-74.9299, 1.70818, -0.30014]
					}
				},
				"lowerlleg": {
					"rotation": {
						"0.0": [72.5, 0, 0],
						"0.24": [118.46, 0, 0],
						"0.52": [80, 0, 0],
						"0.8": [100.96, 0, 0],
						"1.04": [72.5, 0, 0]
					}
				},
				"rightleg": {
					"rotation": {
						"0.0": [-0.14068, -2.24944, 7.15656],
						"0.24": [-98.33018, 0.42156, 5.28399],
						"0.52": [-77.46793, 3.53773, 3.09932],
						"0.8": [-25.83018, 0.42156, 5.28399],
						"1.04": [-0.14068, -2.24944, 7.15656]
					}
				},
				"lowerrleg": {
					"rotation": {
						"0.0": [77.5, 0, 0],
						"0.24": [100, 0, 0],
						"0.52": [72.5, 0, 0],
						"0.8": [112.69, 0, 0],
						"1.04": [77.5, 0, 0]
					}
				},
				"waist": {
					"rotation": {
						"0.0": [11.50501, 31.79029, 8.30597],
						"0.52": [11.50501, 31.79029, 8.30597],
						"1.04": [11.50501, 31.79029, 8.30597]
					}
				},
				"leftArm": {
					"rotation": {
						"0.0": [-84.02418, 34.39723, -55.72613],
						"0.52": [-84.02418, 34.39723, -55.72613],
						"1.04": [-84.02418, 34.39723, -55.72613]
					}
				},
				"rightArm": {
					"rotation": {
						"0.0": [-73.13792, -39.28691, -1.3541],
						"0.52": [-73.13792, -39.28691, -1.3541],
						"1.04": [-73.13792, -39.28691, -1.3541]
					}
				},
				"lowerrarm": {
					"rotation": {
						"0.0": [-35, 0, 0],
						"0.52": [-35, 0, 0],
						"1.04": [-35, 0, 0]
					}
				},
				"rightitem": {
					"rotation": {
						"0.0": [0, 0, 0],
						"1.04": [0, 0, 0]
					}
				},
				"trail": {
					"scale": {
						"0.0": [0, 0, 0],
						"1.04": [0, 0, 0]
					}
				},
				"lowerlarm": {
					"rotation": {
						"0.0": [-32.5, 0, 0],
						"0.52": [-32.5, 0, 0],
						"1.04": [-32.5, 0, 0]
					}
				},
				"trail_odachi": {
					"scale": {
						"0.0": [1, 0, 1],
						"1.04": [1, 0, 1]
					}
				},
				"rightitem2": {
					"scale": {
						"0.0": [0, 0, 0],
						"1.04": [0, 0, 0]
					}
				}
			}
		},
		"animation.fast_paced_odachi.jump": {
			"loop": "hold_on_last_frame",
			"animation_length": 0.2,
			"override_previous_animation": true,
			"bones": {
				"root": {
					"rotation": ["variable.is_first_person ? (math.cos(query.life_time * 100.0) * 0.200) + 0.200 : 0", "variable.is_first_person ? 180 : 0", 0],
					"position": {
						"0.0": ["variable.is_first_person ? 2 : 0", "variable.is_first_person ? -5 : -2", "variable.is_first_person ? 12 : 0"],
						"0.1": ["variable.is_first_person ? 2 : 0", "variable.is_first_person ? 2 : 1", "variable.is_first_person ? 12 : 0"],
						"0.2": ["variable.is_first_person ? 2 : 0", "variable.is_first_person ? 2 : 1", "variable.is_first_person ? 12 : 0"]
					}
				},
				"leftleg": {
					"rotation": {
						"0.0": [-42.4299, 1.70818, -0.30014],
						"0.1": [-2.4299, 1.70818, -0.30014],
						"0.2": [-2.4299, 1.70818, -0.30014]
					}
				},
				"lowerlleg": {
					"rotation": {
						"0.0": [55, 0, 0],
						"0.1": [10, 0, 0],
						"0.2": [10, 0, 0]
					}
				},
				"rightleg": {
					"rotation": {
						"0.0": [-30.14068, -2.24944, 7.15656],
						"0.1": [2.35932, -2.24944, 7.15656],
						"0.2": [2.35932, -2.24944, 7.15656]
					}
				},
				"lowerrleg": {
					"rotation": {
						"0.0": [57.5, 0, 0],
						"0.1": [7.5, 0, 0],
						"0.2": [7.5, 0, 0]
					}
				},
				"waist": {
					"rotation": {
						"0.0": [11.50501, 31.79029, 8.30597],
						"0.1": [21.21534, 44.33222, 8.60696]
					}
				},
				"leftArm": {
					"rotation": [-84.02418, 34.39723, -55.72613]
				},
				"rightArm": {
					"rotation": [-73.13792, -39.28691, -1.3541]
				},
				"lowerrarm": {
					"rotation": [-35, 0, 0]
				},
				"rightitem": {
					"rotation": [10, 0, 0]
				},
				"trail3": {
					"scale": 0
				},
				"trail": {
					"scale": 0
				},
				"lowerlarm": {
					"rotation": [-32.5, 0, 0]
				},
				"trail_odachi": {
					"scale": [1, 0, 1]
				}
			}
		},
		"animation.fast_paced_odachi.land": {
			"loop": "hold_on_last_frame",
			"animation_length": 0.2,
			"override_previous_animation": true,
			"bones": {
				"root": {
					"rotation": ["variable.is_first_person ? (math.cos(query.life_time * 100.0) * 0.200) + 0.200 : 0", "variable.is_first_person ? 180 : 0", 0],
					"position": {
						"0.0": ["variable.is_first_person ? 2 : 0", "variable.is_first_person ? -5 : -2", "variable.is_first_person ? 12 : 0"],
						"0.1": ["variable.is_first_person ? 2 : 0", "variable.is_first_person ? -3 : 0", "variable.is_first_person ? 12 : 0"],
						"0.2": ["variable.is_first_person ? 2 : 0", "variable.is_first_person ? -3 : 0", "variable.is_first_person ? 12 : 0"]
					}
				},
				"leftleg": {
					"rotation": {
						"0.0": [-57.29262, -3.06358, -11.85766],
						"0.1": [-7.29262, -3.06358, -11.85766],
						"0.2": [-29.9299, 1.70818, -0.30014]
					}
				},
				"lowerlleg": {
					"rotation": {
						"0.0": [65, 0, 0],
						"0.1": [12.5, 0, 0],
						"0.2": [30, 0, 0]
					}
				},
				"rightleg": {
					"rotation": {
						"0.0": [4.72104, 0.03499, 14.30199],
						"0.1": [-5.80395, 5.22755, 2.91557],
						"0.2": [17.35932, -2.24944, 7.15656]
					}
				},
				"lowerrleg": {
					"rotation": {
						"0.0": [42.5, 0, 0],
						"0.1": [17.5, 0, 0],
						"0.2": [7.5, 0, 0]
					}
				},
				"waist": {
					"rotation": {
						"0.0": [11.50501, 31.79029, 8.30597],
						"0.2": [10.9953, 27.22672, 4.00801]
					}
				},
				"leftArm": {
					"rotation": [-84.02418, 34.39723, -55.72613]
				},
				"rightArm": {
					"rotation": [-73.13792, -39.28691, -1.3541]
				},
				"lowerrarm": {
					"rotation": [-35, 0, 0]
				},
				"rightitem": {
					"rotation": [10, 0, 0]
				},
				"trail": {
					"scale": 0
				},
				"lowerlarm": {
					"rotation": [-32.5, 0, 0]
				},
				"trail_odachi": {
					"scale": [1, 0, 1]
				}
			}
		},
		"animation.fast_paced_odachi.move": {
			"loop": true,
			"animation_length": 1.04,
			"override_previous_animation": true,
			"bones": {
				"root": {
					"rotation": {
						"0.0": ["variable.is_first_person ? (math.cos(query.life_time * 100.0) * 0.200) + 0.200 + 10 : 10", "variable.is_first_person ? 180 : 0", 0],
						"1.04": ["variable.is_first_person ? (math.cos(query.life_time * 100.0) * 0.200) + 0.200 + 10 : 10", "variable.is_first_person ? 180 : 0", 0]
					},
					"position": {
						"0.0": ["variable.is_first_person ? 2 : 0", "variable.is_first_person ? -5 : -2", "variable.is_first_person ? 12 : 0"],
						"0.24": ["variable.is_first_person ? 2 : 0", "variable.is_first_person ? -3 : 0", "variable.is_first_person ? 12 : 0"],
						"0.52": ["variable.is_first_person ? 2 : 0", "variable.is_first_person ? -5 : -2", "variable.is_first_person ? 12 : 0"],
						"0.8": ["variable.is_first_person ? 2 : 0", "variable.is_first_person ? -3 : 0", "variable.is_first_person ? 12 : 0"],
						"1.04": ["variable.is_first_person ? 2 : 0", "variable.is_first_person ? -5 : -2", "variable.is_first_person ? 12 : 0"]
					}
				},
				"leftleg": {
					"rotation": {
						"0.0": [-54.9299, 1.70818, -0.30014],
						"0.52": [22.5701, 1.70818, -0.30014],
						"0.8": [-79.73759, 1.70818, -0.30014],
						"1.04": [-54.9299, 1.70818, -0.30014]
					}
				},
				"lowerlleg": {
					"rotation": {
						"0.0": [35, 0, 0],
						"0.52": [7.5, 0, 0],
						"0.72": [119.78, 0, 0],
						"0.92": [65.58, 0, 0],
						"1.04": [35, 0, 0]
					}
				},
				"rightleg": {
					"rotation": {
						"0.0": [24.85639, 2.3056, 1.19667],
						"0.28": [-79.9513, 2.3056, 1.19667],
						"0.52": [-60.14361, 2.3056, 1.19667],
						"1.04": [24.85639, 2.3056, 1.19667]
					}
				},
				"lowerrleg": {
					"rotation": {
						"0.0": [7.5, 0, 0],
						"0.24": [134.62, 0, 0],
						"0.4": [61.41, 0, 0],
						"0.52": [50, 0, 0],
						"1.04": [7.5, 0, 0]
					}
				},
				"waist": {
					"rotation": {
						"0.0": [11.50501, 31.79029, 8.30597],
						"0.52": [10.36186, 19.51483, 5.68086],
						"1.04": [11.50501, 31.79029, 8.30597]
					}
				},
				"leftArm": {
					"rotation": {
						"0.0": [-84.02418, 34.39723, -55.72613],
						"0.52": [-84.02418, 34.39723, -55.72613],
						"1.04": [-84.02418, 34.39723, -55.72613]
					}
				},
				"rightArm": {
					"rotation": {
						"0.0": [-73.13792, -39.28691, -1.3541],
						"0.52": [-73.13792, -39.28691, -1.3541],
						"1.04": [-73.13792, -39.28691, -1.3541]
					}
				},
				"lowerrarm": {
					"rotation": {
						"0.0": [-35, 0, 0],
						"0.52": [-35, 0, 0],
						"1.04": [-35, 0, 0]
					}
				},
				"rightitem": {
					"rotation": [10, 0, 0]
				},
				"trail": {
					"scale": 0
				},
				"lowerlarm": {
					"rotation": {
						"0.0": [-32.5, 0, 0],
						"0.52": [-32.5, 0, 0],
						"1.04": [-32.5, 0, 0]
					}
				},
				"trail_odachi": {
					"scale": [1, 0, 1]
				}
			}
		},
		"animation.fast_paced_odachi.sprinting": {
			"loop": true,
			"animation_length": 0.56,
			"override_previous_animation": true,
			"bones": {
				"root": {
					"rotation": ["variable.is_first_person ? (math.cos(query.life_time * 100.0) * 0.200) + 0.200 : 0", "variable.is_first_person ? 180 : 0", 0],
					"position": {
						"0.0": ["variable.is_first_person ? 2 : 0", "variable.is_first_person ? -4 : -1", "variable.is_first_person ? 12 : 0"],
						"0.16": ["variable.is_first_person ? 2 : 0", "variable.is_first_person ? -4 : -1", "variable.is_first_person ? 12 : 0"],
						"0.28": ["variable.is_first_person ? 2 : 0", "variable.is_first_person ? -4 : -1", "variable.is_first_person ? 12 : 0"],
						"0.44": ["variable.is_first_person ? 2 : 0", "variable.is_first_person ? -4 : -1", "variable.is_first_person ? 12 : 0"],
						"0.56": ["variable.is_first_person ? 2 : 0", "variable.is_first_person ? -4 : -1", "variable.is_first_person ? 12 : 0"]
					}
				},
				"leftleg": {
					"rotation": {
						"0.0": [-64.9299, 1.70818, -0.30014],
						"0.16": [32.92724, 1.70818, -0.30014],
						"0.28": [27.5701, 1.70818, -0.30014],
						"0.44": [-95.28704, 1.70818, -0.30014],
						"0.56": [-64.9299, 1.70818, -0.30014]
					}
				},
				"lowerlleg": {
					"rotation": {
						"0.0": [47.5, 0, 0],
						"0.16": [10, 0, 0],
						"0.44": [96.25, 0, 0],
						"0.56": [47.5, 0, 0]
					}
				},
				"rightleg": {
					"rotation": {
						"0.0": [24.85639, 2.3056, 1.19667],
						"0.16": [-99.42932, 2.3056, 1.19667],
						"0.28": [-72.64361, 2.3056, 1.19667],
						"0.44": [28.07068, 2.3056, 1.19667],
						"0.56": [24.85639, 2.3056, 1.19667]
					}
				},
				"lowerrleg": {
					"rotation": {
						"0.0": [60, 0, 0],
						"0.16": [94.64, 0, 0],
						"0.28": [55, 0, 0],
						"0.44": [17.86, 0, 0],
						"0.56": [60, 0, 0]
					}
				},
				"waist": {
					"rotation": {
						"0.0": [20.99364, -27.25231, -2.89783],
						"0.28": [14.70361, -15.19405, 0.64507],
						"0.56": [20.99364, -27.25231, -2.89783]
					}
				},
				"leftArm": {
					"rotation": {
						"0.0": [-68.08775, 51.18144, 18.72206],
						"0.28": [-68.08775, 51.18144, 18.72206],
						"0.56": [-68.08775, 51.18144, 18.72206]
					}
				},
				"rightArm": {
					"rotation": {
						"0.0": [-130.21438, 3.73443, 66.7183],
						"0.28": [-130.21438, 3.73443, 66.7183],
						"0.56": [-130.21438, 3.73443, 66.7183]
					}
				},
				"lowerrarm": {
					"rotation": {
						"0.0": [-35, 0, 0],
						"0.28": [-35, 0, 0],
						"0.56": [-35, 0, 0]
					}
				},
				"rightitem": {
					"rotation": {
						"0.0": [35, 0, 0],
						"0.28": [35, 0, 0],
						"0.56": [35, 0, 0]
					}
				},
				"trail": {
					"scale": 0
				},
				"lowerlarm": {
					"rotation": {
						"0.0": [-32.5, 0, 0],
						"0.28": [-32.5, 0, 0],
						"0.56": [-32.5, 0, 0]
					}
				},
				"trail_odachi": {
					"scale": [1, 0, 1]
				},
				"rightitem2": {
					"scale": 0
				}
			}
		},
		"animation.fast_paced_odachi.ability_overhead_slash": {
			"loop": "hold_on_last_frame",
			"animation_length": 1,
			"override_previous_animation": true,
			"bones": {
				"root": {
					"rotation": {
						"0.0": ["variable.is_first_person ? (math.cos(query.life_time * 100.0) * 0.200) + 0.200 : 0", "variable.is_first_person ? 180 : 0", 0],
						"0.6": ["variable.is_first_person ? (math.cos(query.life_time * 100.0) * 0.200) + 0.200 : 0", "variable.is_first_person ? 182.5 : 2.55", 0]
					},
					"position": {
						"0.0": ["variable.is_first_person ? 2 : 0", "variable.is_first_person ? -4 : -1", "variable.is_first_person ? 12 : 0"],
						"0.6": ["variable.is_first_person ? 2 : 0", "variable.is_first_person ? -3 : -1", "variable.is_first_person ? 12 : 0"]
					}
				},
				"leftleg": {
					"rotation": {
						"0.0": [-0.52909, 0.39598, -10.21557],
						"0.2": [16.97091, 0.39598, -10.21557],
						"0.6": [-22.5, 0, 0]
					}
				},
				"lowerlleg": {
					"rotation": {
						"0.0": [20, 0, 0],
						"0.2": [30, 0, 0],
						"0.6": [22.5, 0, 0]
					}
				},
				"rightleg": {
					"rotation": {
						"0.0": [-5.14068, -2.24944, 7.15656],
						"0.2": [9.85932, -2.24944, 7.15656],
						"0.6": [17.5, 0, 0]
					}
				},
				"lowerrleg": {
					"rotation": {
						"0.0": [15, 0, 0],
						"0.2": [0, 0, 0],
						"0.6": [7.5, 0, 0]
					}
				},
				"waist": {
					"rotation": {
						"0.0": [-47.7014, -4.76883, -1.8944],
						"0.1": [-20.2014, -4.76883, -1.8944],
						"0.2": [82.2986, -4.76883, -1.8944],
						"0.6": [11.50501, 31.79029, 8.30597]
					}
				},
				"leftArm": {
					"rotation": {
						"0.0": [-149.30334, 21.19205, -34.12094],
						"0.1": [-135.43986, 46.45548, -25.80923],
						"0.2": [-32.42662, 44.98511, 12.13611],
						"0.6": [-84.02418, 34.39723, -55.72613]
					}
				},
				"rightArm": {
					"rotation": {
						"0.0": [-179.93228, -3.26342, 49.09909],
						"0.1": [-163.5249, -22.86199, 33.73834],
						"0.2": [-68.0645, -34.39441, -6.95687],
						"0.6": [-73.13792, -39.28691, -1.3541]
					}
				},
				"lowerrarm": {
					"rotation": {
						"0.0": [-37.5, 0, 0],
						"0.2": [0, 0, 0],
						"0.6": [-35, 0, 0]
					}
				},
				"rightitem": {
					"rotation": {
						"0.0": [33.64808, -25.58336, 27.24851],
						"0.1": [14.39223, -24.56657, 32.87162],
						"0.2": [2.69473, 9.70934, 37.09915],
						"0.6": [-5, 0, 0]
					},
					"position": [1, -1, 0]
				},
				"lowerlarm": {
					"rotation": {
						"0.0": [-32.5, 0, 0],
						"0.1": [-32.5, 0, 0],
						"0.6": [-32.5, 0, 0]
					}
				},
				"trail": {
					"scale": {
						"0.0": [0, 0, 0],
						"0.1": [1, 1, 1],
						"0.2": [0, 0, 0]
					}
				},
				"trail_odachi": {
					"scale": {
						"0.0": [1, 0, 1],
						"0.1": [1, 1, 1],
						"0.2": [1, 1, 1],
						"0.3": [1, 0, 1],
						"0.6": [1, 0, 1]
					}
				},
				"rightitem2": {
					"scale": {
						"0.0": [0, 0, 0],
						"0.6": [0, 0, 0]
					}
				}
			}
		},
		"animation.fast_paced_odachi.ability_slash": {
			"loop": "hold_on_last_frame",
			"animation_length": 1,
			"override_previous_animation": true,
			"bones": {
				"root": {
					"rotation": {
						"0.1": ["variable.is_first_person ? (math.cos(query.life_time * 100.0) * 0.200) + 0.200 : 0", "variable.is_first_person ? 180 : 0", 0],
						"0.2": ["variable.is_first_person ? (math.cos(query.life_time * 100.0) * 0.200) + 0.200 : 0", "variable.is_first_person ? 140 : -40", 0],
						"0.8": ["variable.is_first_person ? (math.cos(query.life_time * 100.0) * 0.200) + 0.200 : 0", "variable.is_first_person ? 182.5 : 2.55", 0]
					},
					"position": {
						"0.0": ["variable.is_first_person ? 2 : 0", "variable.is_first_person ? -4 : -1", "variable.is_first_person ? 12 : 0"],
						"0.1": ["variable.is_first_person ? 2 : 0", "variable.is_first_person ? -4 : -1", "variable.is_first_person ? 12 : 0"],
						"0.2": ["variable.is_first_person ? 2 : 0", "variable.is_first_person ? -4 : -1", "variable.is_first_person ? 12 : 0"],
						"0.8": ["variable.is_first_person ? 2 : 0", "variable.is_first_person ? -3 : -1", "variable.is_first_person ? 12 : 0"]
					}
				},
				"leftleg": {
					"rotation": {
						"0.0": [-42.6666, 2.92983, -6.33981],
						"0.1": [41.58405, 6.08224, -13.49624],
						"0.2": [10.51407, 6.87111, -15.88044],
						"0.8": [-22.5, 0, 0]
					}
				},
				"lowerlleg": {
					"rotation": {
						"0.0": [40, 0, 0],
						"0.1": [14.17, 0, 0],
						"0.2": [5, 0, 0],
						"0.8": [22.5, 0, 0]
					}
				},
				"rightleg": {
					"rotation": {
						"0.0": [7.0865, 9.21787, 16.13847],
						"0.1": [-32.57093, 3.50556, -2.07985],
						"0.2": [-27.34796, 15.70543, 8.11351],
						"0.8": [17.5, 0, 0]
					}
				},
				"lowerrleg": {
					"rotation": {
						"0.0": [25, 0, 0],
						"0.1": [36.67, 0, 0],
						"0.2": [27.5, 0, 0],
						"0.8": [7.5, 0, 0]
					}
				},
				"waist": {
					"rotation": {
						"0.0": [-17.80692, 79.06957, -26.35519],
						"0.1": [1.0196, -83.91843, -3.3359],
						"0.8": [11.50501, 31.79029, 8.30597]
					}
				},
				"leftArm": {
					"rotation": {
						"0.0": [-99.25262, 27.6584, -68.82929],
						"0.8": [-84.02418, 34.39723, -55.72613]
					}
				},
				"rightArm": {
					"rotation": {
						"0.0": [-50.80578, -7.3848, -74.23519],
						"0.1": [-70.04386, 8.42355, -98.50777],
						"0.8": [-73.13792, -39.28691, -1.3541]
					}
				},
				"lowerrarm": {
					"rotation": {
						"0.0": [-62.5, 0, 0],
						"0.1": [-17.5, 0, 0],
						"0.8": [-35, 0, 0]
					}
				},
				"rightitem": {
					"rotation": {
						"0.0": [17.5, 0, 0],
						"0.1": [-4.1934, -7.84329, -4.43995],
						"0.2": [37.5, 0, 0],
						"0.8": [-5, 0, 0]
					}
				},
				"trail_odachi": {
					"scale": {
						"0.0": [0, 0, 0],
						"0.1": [1, 1, 1],
						"0.2": [0, 0, 0],
						"0.8": [1, 0, 1]
					}
				},
				"lowerlarm": {
					"rotation": [-32.5, 0, 0]
				},
				"rightitem2": {
					"scale": 0
				}
			}
		},
		"animation.fast_paced_odachi.charge_slash": {
			"loop": "hold_on_last_frame",
			"animation_length": 10000,
			"override_previous_animation": true,
			"bones": {
				"root": {
					"rotation": ["variable.is_first_person ? (math.cos(query.life_time * 100.0) * 0.200) + 0.200 : 0", "variable.is_first_person ? 182.5 : 2.55", 0],
					"position": {
						"0.0": ["variable.is_first_person ? 2 : 0", "variable.is_first_person ? -3 : 0", "variable.is_first_person ? 12 : 0"],
						"0.2": ["variable.is_first_person ? 2 : 0", "variable.is_first_person ? -6 : -3", "variable.is_first_person ? 12 : 0"],
						"0.52": ["variable.is_first_person ? 2 : 0", "variable.is_first_person ? -4 : -1", "variable.is_first_person ? 12 : 0"]
					}
				},
				"leftleg": {
					"rotation": {
						"0.0": [-22.5, 0, 0],
						"0.2": [-59.9299, 1.70818, -0.30014],
						"0.52": [-42.6666, 2.92983, -6.33981]
					}
				},
				"lowerlleg": {
					"rotation": {
						"0.0": [22.5, 0, 0],
						"0.2": [60, 0, 0],
						"0.52": [40, 0, 0]
					}
				},
				"rightleg": {
					"rotation": {
						"0.0": [17.5, 0, 0],
						"0.2": [22.35932, -2.24944, 7.15656],
						"0.52": [7.0865, 9.21787, 16.13847]
					}
				},
				"lowerrleg": {
					"rotation": {
						"0.0": [7.5, 0, 0],
						"0.2": [40, 0, 0],
						"0.52": [25, 0, 0]
					}
				},
				"waist": {
					"rotation": {
						"0.0": [11.50501, 31.79029, 8.30597],
						"0.2": [41.90014, 54.65009, 19.21765],
						"0.52": [-17.80692, 79.06957, -26.35519]
					}
				},
				"leftArm": {
					"rotation": {
						"0.0": [-84.02418, 34.39723, -55.72613],
						"0.2": [-121.22115, 16.96496, -97.41859],
						"0.52": [-99.25262, 27.6584, -68.82929]
					}
				},
				"rightArm": {
					"rotation": {
						"0.0": [-73.13792, -39.28691, -1.3541],
						"0.2": [-107.19739, -2.46475, -114.28927],
						"0.52": [-50.80578, -7.3848, -74.23519]
					}
				},
				"lowerrarm": {
					"rotation": {
						"0.0": [-35, 0, 0],
						"0.52": [-62.5, 0, 0]
					}
				},
				"rightitem": {
					"rotation": {
						"0.0": [-5, 0, 0],
						"0.2": [30, 0, 0],
						"0.52": [17.5, 0, 0]
					}
				},
				"trail": {
					"scale": 0
				},
				"lowerlarm": {
					"rotation": [-32.5, 0, 0]
				},
				"trail_odachi": {
					"scale": [1, 0, 1]
				},
				"rightitem2": {
					"scale": 0
				}
			}
		},
		"animation.fast_paced_odachi.charge_overhead_slash": {
			"loop": "hold_on_last_frame",
			"animation_length": 10000,
			"override_previous_animation": true,
			"bones": {
				"root": {
					"rotation": ["variable.is_first_person ? (math.cos(query.life_time * 100.0) * 0.200) + 0.200 : 0", "variable.is_first_person ? 182.5 : 2.55", 0],
					"position": {
						"0.0": ["variable.is_first_person ? 2 : 0", "variable.is_first_person ? -3 : 0", "variable.is_first_person ? 12 : 0"],
						"0.6": ["variable.is_first_person ? 2 : 0", "variable.is_first_person ? -4 : -1", "variable.is_first_person ? 12 : 0"],
						"1.0": ["variable.is_first_person ? 2 : 0", "variable.is_first_person ? -8 : -5", "variable.is_first_person ? 12 : 0"],
						"1.5": ["variable.is_first_person ? 2 : 0", "variable.is_first_person ? -4 : -1", "variable.is_first_person ? 12 : 0"]
					}
				},
				"leftleg": {
					"rotation": {
						"0.0": [-22.5, 0, 0],
						"0.4": [-7.61243, 0.39598, -10.21557],
						"0.6": [-12.61243, 0.39598, -10.21557],
						"1.0": [-82.61243, 0.39598, -10.21557],
						"1.5": [-0.52909, 0.39598, -10.21557]
					}
				},
				"lowerlleg": {
					"rotation": {
						"0.0": [22.5, 0, 0],
						"0.6": [16, 0, 0],
						"1.0": [102.5, 0, 0],
						"1.5": [20, 0, 0]
					}
				},
				"rightleg": {
					"rotation": {
						"0.0": [17.5, 0, 0],
						"0.4": [-22.64068, -2.24944, 7.15656],
						"0.6": [-22.64068, -2.24944, 7.15656],
						"1.0": [-77.64068, -2.24944, 7.15656],
						"1.5": [-5.14068, -2.24944, 7.15656]
					}
				},
				"lowerrleg": {
					"rotation": {
						"0.0": [7.5, 0, 0],
						"0.4": [27.5, 0, 0],
						"0.6": [27.5, 0, 0],
						"1.0": [97.5, 0, 0],
						"1.5": [15, 0, 0]
					}
				},
				"waist": {
					"rotation": {
						"0.0": [11.50501, 31.79029, 8.30597],
						"0.4": [9.7986, -4.76883, -1.8944],
						"1.0": [42.2986, -4.76883, -1.8944],
						"1.5": [-25.2014, -4.76883, -1.8944]
					}
				},
				"leftArm": {
					"rotation": {
						"0.0": [-84.02418, 34.39723, -55.72613],
						"0.4": [-23.16783, 34.49016, 35.02621],
						"0.6": [-81.37452, 55.66523, -13.16988],
						"1.0": [-54.72408, 51.33324, -18.5429],
						"1.5": [-149.30334, 21.19205, -34.12094]
					}
				},
				"rightArm": {
					"rotation": {
						"0.0": [-73.13792, -39.28691, -1.3541],
						"0.4": [-36.14748, -0.54546, -38.97099],
						"0.6": [-68.15782, -12.8139, -25.95487],
						"1.0": [-41.30338, -27.4219, -25.79842],
						"1.2": [-140.6987, -24.40127, 28.04495],
						"1.5": [-179.93228, -3.26342, 49.09909]
					}
				},
				"lowerrarm": {
					"rotation": {
						"0.0": [-35, 0, 0],
						"0.6": [-37.5, 0, 0],
						"1.0": [-37.5, 0, 0],
						"1.5": [0, 0, 0]
					}
				},
				"rightitem": {
					"rotation": {
						"0.0": [-5, 0, 0],
						"0.6": [8.72149, -28.68488, 36.22118],
						"1.0": [33.64808, -25.58336, 27.24851],
						"1.5": [14.43643, -6.12256, 51.14001]
					}
				},
				"trail3": {
					"rotation": [0, 20, 90],
					"position": [-2, 7, -6],
					"scale": 0
				},
				"lowerlarm": {
					"rotation": {
						"0.0": [-32.5, 0, 0],
						"0.6": [-10, 0, 0],
						"1.0": [-32.5, 0, 0]
					}
				},
				"trail": {
					"scale": 0
				},
				"trail_odachi": {
					"scale": [1, 0, 1]
				},
				"rightitem2": {
					"scale": 0
				}
			}
		}
	}
}