{
	"format_version": "1.8.0",
	"animations": {
		"animation.hand_blaster.base_pose": {
			"loop": true,
			"override_previous_animation": true,
			"bones": {
				"root": {
					"position": [0, 0, 0]
				},
				"leftleg": {
					"rotation": [-2.5, 0, -5]
				},
				"lowerlleg": {
					"rotation": [5, 0, 0]
				},
				"rightleg": {
					"rotation": [-2.49762, 0.10901, 2.49762]
				},
				"lowerrleg": {
					"rotation": [5, 0, 0]
				},
				"waist": {
					"rotation": [7.25057, 2.60258, -1.62055]
				},
				"leftArm": {
					"rotation": [-2.47636, -0.43461, -4.97634]
				},
				"lowerlarm": {
					"rotation": [-10, 0, 0]
				},
				"rightArm": {
					"rotation": [25, 0, 10]
				},
				"lowerrarm": {
					"rotation": [-35, 0, 0]
				}
			}
		},
		"animation.hand_blaster.attack_pose": {
			"animation_length": 0.9,
			"override_previous_animation": true,
			"bones": {
				"root": {
					"position": {
						"0.0": [0, 0, 0],
						"0.2": [0, 0, 0]
					}
				},
				"leftleg": {
					"rotation": {
						"0.0": [-2.5, 0, -5],
						"0.2": [-7.5, 0, -5],
						"0.3": [-12.5, 0, -5]
					}
				},
				"lowerlleg": {
					"rotation": {
						"0.0": [5, 0, 0],
						"0.2": [5, 0, 0],
						"0.3": [12.5, 0, 0]
					}
				},
				"rightleg": {
					"rotation": {
						"0.0": [-2.49762, 0.10901, 2.49762],
						"0.2": [17.50238, 0.10901, 2.49762],
						"0.3": [10.00238, 0.10901, 2.49762]
					}
				},
				"lowerrleg": {
					"rotation": {
						"0.0": [5, 0, 0],
						"0.2": [5, 0, 0],
						"0.3": [12.5, 0, 0]
					}
				},
				"waist": {
					"rotation": {
						"0.0": [7.25057, 2.60258, -1.62055],
						"0.2": [9.4368, 39.73929, 4.11374],
						"0.3": [0.32574, 39.29262, -2.3431],
						"0.4": [9.4368, 39.73929, 4.11374],
						"0.5": [0.32574, 39.29262, -2.3431],
						"0.6": [9.4368, 39.73929, 4.11374]
					}
				},
				"leftArm": {
					"rotation": {
						"0.0": [-2.47636, -0.43461, -4.97634],
						"0.2": [-69.88659, -8.10595, -90.25627]
					}
				},
				"lowerlarm": {
					"rotation": {
						"0.0": [-10, 0, 0],
						"0.2": [-77.5, 0, 0]
					}
				},
				"rightArm": {
					"rotation": {
						"0.0": [25, 0, 10],
						"0.2": [-98.02654, -38.56726, 3.42289],
						"0.3": [-65.52654, -38.56726, 3.42289],
						"0.4": [-90.52654, -38.56726, 3.42289],
						"0.5": [-65.52654, -38.56726, 3.42289],
						"0.6": [-90.52654, -38.56726, 3.42289]
					}
				},
				"lowerrarm": {
					"rotation": {
						"0.0": [-35, 0, 0],
						"0.2": [-5, 0, 0],
						"0.3": [-50, 0, 0],
						"0.4": [-10, 0, 0],
						"0.5": [-50, 0, 0],
						"0.6": [-10, 0, 0]
					}
				}
			}
		},
		"animation.hand_blaster.sneak": {
			"loop": true,
			"override_previous_animation": true,
			"bones": {
				"root": {
					"rotation": ["variable.is_first_person ? (math.cos(query.life_time * 100.0) * 0.200) + 0.200 : 0", "variable.is_first_person ? 180 : 0", 0],
					"position": ["variable.is_first_person ? 2 : 0", "variable.is_first_person ? -8 : -5", "variable.is_first_person ? 12 : 0"]
				},
				"leftleg": {
					"rotation": [10, 0, -2.5]
				},
				"lowerlleg": {
					"rotation": [75, 0, 0]
				},
				"rightleg": {
					"rotation": [-79.99294, 0.32621, 2.47864]
				},
				"lowerrleg": {
					"rotation": [80, 0, 0]
				},
				"waist": {
					"rotation": [12.67995, 12.39135, 1.6575]
				},
				"leftArm": {
					"rotation": [-44.57545, 14.02739, -59.11424]
				},
				"lowerlarm": {
					"rotation": [-42.5, 0, 0]
				},
				"rightArm": {
					"rotation": [6.55297, 7.18441, 16.54348]
				},
				"lowerrarm": {
					"rotation": [-30, 0, 0]
				},
				"trail_lance": {
					"scale": 0
				}
			}
		},
		"animation.hand_blaster.sneak_move": {
			"loop": true,
			"animation_length": 1.04,
			"override_previous_animation": true,
			"bones": {
				"root": {
					"rotation": ["variable.is_first_person ? (math.cos(query.life_time * 100.0) * 0.200) + 0.200 : 0", "variable.is_first_person ? 177.5 : -2.5", -2.5],
					"position": {
						"0.0": ["variable.is_first_person ? 2 : 0", "variable.is_first_person ? -7 : -4", "variable.is_first_person ? 12 : 0"],
						"0.24": ["variable.is_first_person ? 2 : 0", "variable.is_first_person ? -8 : -5", "variable.is_first_person ? 12 : 0"],
						"0.52": ["variable.is_first_person ? 2 : 0", "variable.is_first_person ? -7 : -4", "variable.is_first_person ? 12 : 0"],
						"0.8": ["variable.is_first_person ? 2 : 0", "variable.is_first_person ? -9 : -6", "variable.is_first_person ? 12 : 0"],
						"1.04": ["variable.is_first_person ? 2 : 0", "variable.is_first_person ? -7 : -4", "variable.is_first_person ? 12 : 0"]
					}
				},
				"leftleg": {
					"rotation": {
						"0.0": [-74.9299, 1.70818, -0.30014],
						"0.52": [-2.4299, 1.70818, -0.30014],
						"0.8": [-111.26229, 1.23927, 0.51927],
						"1.04": [-74.9299, 1.70818, -0.30014]
					}
				},
				"lowerlleg": {
					"rotation": {
						"0.0": [72.5, 0, 0],
						"0.24": [118.46, 0, 0],
						"0.52": [80, 0, 0],
						"0.8": [100.96, 0, 0],
						"1.04": [72.5, 0, 0]
					}
				},
				"rightleg": {
					"rotation": {
						"0.0": [-0.14068, -2.24944, 7.15656],
						"0.24": [-98.33018, 0.42156, 5.28399],
						"0.52": [-77.46793, 3.53773, 3.09932],
						"0.8": [-25.83018, 0.42156, 5.28399],
						"1.04": [-0.14068, -2.24944, 7.15656]
					}
				},
				"lowerrleg": {
					"rotation": {
						"0.0": [77.5, 0, 0],
						"0.24": [100, 0, 0],
						"0.52": [72.5, 0, 0],
						"0.8": [112.69, 0, 0],
						"1.04": [77.5, 0, 0]
					}
				},
				"waist": {
					"rotation": {
						"0.0": [33.88762, -18.37521, -5.64208],
						"0.52": [31.46927, 5.85241, -1.83919],
						"1.04": [33.88762, -18.37521, -5.64208]
					}
				},
				"leftArm": {
					"rotation": {
						"0.0": [-29.57545, 14.02739, -59.11424],
						"0.52": [-62.07545, 14.02739, -59.11424],
						"1.04": [-29.57545, 14.02739, -59.11424]
					}
				},
				"lowerlarm": {
					"rotation": {
						"0.0": [-22.5, 0, 0],
						"0.52": [-62.5, 0, 0],
						"1.04": [-22.5, 0, 0]
					}
				},
				"rightArm": {
					"rotation": {
						"0.0": [16.69183, 25.77945, 3.74282],
						"0.52": [14.69322, -3.47471, 16.09595],
						"1.04": [16.69183, 25.77945, 3.74282]
					}
				},
				"lowerrarm": {
					"rotation": [-47.5, 0, 0]
				},
				"trail_lance": {
					"scale": 0
				}
			}
		},
		"animation.hand_blaster.move": {
			"loop": true,
			"animation_length": 1.04,
			"override_previous_animation": true,
			"bones": {
				"leftleg": {
					"rotation": {
						"0.0": [22.5, 0, -2.5],
						"0.16": [0.76923, 0, -2.5],
						"0.36": [-67.4359, 0, -2.5],
						"0.52": [-50, 0, -2.5],
						"0.72": [-9.61538, 0, -2.5],
						"0.88": [13.94231, 0, -2.5],
						"1.04": [22.5, 0, -2.5]
					}
				},
				"lowerlleg": {
					"rotation": {
						"0.0": [52.5, 0, 0],
						"0.16": [76.92, 0, 0],
						"0.36": [104.46, 0, 0],
						"0.52": [50, 0, 0],
						"0.72": [9.23, 0, 0],
						"0.88": [13.37, 0, 0],
						"1.04": [52.5, 0, 0]
					}
				},
				"rightleg": {
					"rotation": {
						"0.0": [-49.99294, 0.32621, 2.47864],
						"0.16": [-14.41602, 0.32621, 2.47864],
						"0.36": [25.81903, 0.32621, 2.47864],
						"0.52": [17.50706, 0.32621, 2.47864],
						"0.72": [-4.22371, 0.32621, 2.47864],
						"0.88": [-84.60832, 0.32621, 2.47864],
						"1.04": [-49.99294, 0.32621, 2.47864]
					}
				},
				"lowerrleg": {
					"rotation": {
						"0.0": [50, 0, 0],
						"0.16": [13.46, 0, 0],
						"0.36": [12.09, 0, 0],
						"0.52": [65, 0, 0],
						"0.72": [82.12, 0, 0],
						"0.88": [118.56, 0, 0],
						"1.04": [50, 0, 0]
					}
				},
				"waist": {
					"rotation": {
						"0.0": [9.40828, -8.23239, 3.66432],
						"0.52": [9.40828, 8.23239, -3.66432],
						"1.04": [9.40828, -8.23239, 3.66432]
					}
				},
				"leftArm": {
					"rotation": {
						"0.0": [-7.3639, -1.83432, -9.81564],
						"0.52": [32.41079, 3.74764, -5.53807],
						"1.04": [-7.3639, -1.83432, -9.81564]
					}
				},
				"lowerlarm": {
					"rotation": {
						"0.0": [-45, 0, 0],
						"0.52": [-25, 0, 0],
						"1.04": [-45, 0, 0]
					}
				},
				"rightArm": {
					"rotation": {
						"0.0": [32.61265, 19.26576, 6.71166],
						"0.52": [13.24834, 14.7179, 8.88498],
						"1.04": [32.61265, 19.26576, 6.71166]
					}
				},
				"lowerrarm": {
					"rotation": {
						"0.0": [-37.5, 0, 0],
						"0.52": [-30, 0, 0],
						"1.04": [-37.5, 0, 0]
					}
				},
				"trail_lance": {
					"scale": 0
				},
				"root": {
					"rotation": ["variable.is_first_person ? (math.cos(query.life_time * 100.0) * 0.200) + 0.200 : 0", "variable.is_first_person ? 180 : 0", 0],
					"position": {
						"0.0": ["variable.is_first_person ? 2 : 0", "variable.is_first_person ? -5 : -2", "variable.is_first_person ? 12 : 0"],
						"0.16": ["variable.is_first_person ? 2 : 0", "variable.is_first_person ? -3 : 0", "variable.is_first_person ? 12 : 0"],
						"0.52": ["variable.is_first_person ? 2 : 0", "variable.is_first_person ? -5 : -2", "variable.is_first_person ? 12 : 0"],
						"0.72": ["variable.is_first_person ? 2 : 0", "variable.is_first_person ? -3 : 0", "variable.is_first_person ? 12 : 0"],
						"1.04": ["variable.is_first_person ? 2 : 0", "variable.is_first_person ? -5 : -2", "variable.is_first_person ? 12 : 0"]
					}
				}
			}
		},
		"animation.hand_blaster.land": {
			"loop": "hold_on_last_frame",
			"animation_length": 0.56,
			"override_previous_animation": true,
			"bones": {
				"leftleg": {
					"rotation": {
						"0.0": [-84.78974, -4.77628, -5.71489],
						"0.36": [0, 0, -2.5],
						"0.56": [-2.5, 0, -5]
					}
				},
				"lowerlleg": {
					"rotation": {
						"0.0": [92.5, 0, 0],
						"0.36": [2.5, 0, 0],
						"0.56": [5, 0, 0]
					}
				},
				"rightleg": {
					"rotation": {
						"0.0": [-84.18208, 35.70811, 1.42648],
						"0.36": [-7.49294, 0.32621, 2.47864],
						"0.56": [-2.49762, 0.10901, 2.49762]
					}
				},
				"lowerrleg": {
					"rotation": {
						"0.0": [97.5, 0, 0],
						"0.36": [7.5, 0, 0],
						"0.56": [5, 0, 0]
					}
				},
				"waist": {
					"rotation": {
						"0.0": [7.97532, 19.82169, 2.71994],
						"0.36": [2.5, 0, 0],
						"0.56": [7.25057, 2.60258, -1.62055]
					}
				},
				"leftArm": {
					"rotation": {
						"0.0": [-2.49527, -0.21782, -2.4905],
						"0.56": [-2.47636, -0.43461, -4.97634]
					}
				},
				"lowerlarm": {
					"rotation": {
						"0.0": [-7.5, 0, 0],
						"0.56": [-10, 0, 0]
					}
				},
				"rightArm": {
					"rotation": {
						"0.0": [23.36058, -2.53807, 25.56446],
						"0.36": [-88.30817, 25.77945, 3.74282],
						"0.44": [-88.30817, 25.77945, 3.74282],
						"0.56": [25, 0, 10]
					}
				},
				"lowerrarm": {
					"rotation": {
						"0.0": [-37.5, 0, 0],
						"0.36": [-60, 0, 0],
						"0.44": [-60, 0, 0],
						"0.56": [-35, 0, 0]
					}
				},
				"trail_lance": {
					"scale": 0
				},
				"root": {
					"rotation": ["variable.is_first_person ? (math.cos(query.life_time * 100.0) * 0.200) + 0.200 : 0", "variable.is_first_person ? 180 : 0", 0],
					"position": {
						"0.0": ["variable.is_first_person ? 2 : 0", "variable.is_first_person ? -8 : -5", "variable.is_first_person ? 12 : 0"],
						"0.36": ["variable.is_first_person ? 2 : 0", "variable.is_first_person ? -3 : 0", "variable.is_first_person ? 12 : 0"]
					}
				}
			}
		},
		"animation.hand_blaster.jump": {
			"loop": "hold_on_last_frame",
			"animation_length": 0.48,
			"override_previous_animation": true,
			"bones": {
				"leftleg": {
					"rotation": {
						"0.0": [0, 0, -2.5],
						"0.16": [-84.78974, -4.77628, -5.71489],
						"0.48": [-10, 0, -2.5]
					}
				},
				"lowerlleg": {
					"rotation": {
						"0.0": [2.5, 0, 0],
						"0.16": [92.5, 0, 0],
						"0.48": [12.5, 0, 0]
					}
				},
				"rightleg": {
					"rotation": {
						"0.0": [-7.49294, 0.32621, 2.47864],
						"0.16": [-84.18208, 35.70811, 1.42648],
						"0.48": [-25.00238, -0.10901, 2.49762]
					}
				},
				"lowerrleg": {
					"rotation": {
						"0.0": [7.5, 0, 0],
						"0.16": [97.5, 0, 0],
						"0.48": [12.5, 0, 0]
					}
				},
				"waist": {
					"rotation": {
						"0.0": [2.5, 0, 0],
						"0.16": [7.97532, 19.82169, 2.71994],
						"0.48": [12.5, 0, 0]
					}
				},
				"leftArm": {
					"rotation": {
						"0.0": [-2.49527, -0.21782, -2.4905],
						"0.48": [5.11091, -0.75258, -14.97955]
					}
				},
				"lowerlarm": {
					"rotation": {
						"0.0": [-7.5, 0, 0],
						"0.48": [-2.5, 0, 0]
					}
				},
				"rightArm": {
					"rotation": {
						"0.0": [-55.80817, 25.77945, 3.74282],
						"0.24": [41.15048, 13.99842, 65.6981],
						"0.48": [57.17154, -0.69513, 66.6686]
					}
				},
				"lowerrarm": {
					"rotation": {
						"0.0": [-37.5, 0, 0],
						"0.24": [-37.5, 0, 0],
						"0.48": [-5.93873, 2.78308, -2.38466]
					}
				},
				"trail_lance": {
					"scale": 0
				},
				"root": {
					"rotation": ["variable.is_first_person ? (math.cos(query.life_time * 100.0) * 0.200) + 0.200 : 0", "variable.is_first_person ? 180 : 0", 0],
					"position": {
						"0.0": ["variable.is_first_person ? 2 : 0", "variable.is_first_person ? -3 : 0", "variable.is_first_person ? 12 : 0"],
						"0.16": ["variable.is_first_person ? 2 : 0", "variable.is_first_person ? -8 : -5", "variable.is_first_person ? 12 : 0"],
						"0.48": ["variable.is_first_person ? 2 : 0", "variable.is_first_person ? -1 : 2", "variable.is_first_person ? 12 : 0"]
					}
				}
			}
		},
		"animation.hand_blaster.sprint": {
			"loop": true,
			"animation_length": 0.56,
			"override_previous_animation": true,
			"bones": {
				"leftleg": {
					"rotation": {
						"0.0": [45, 0, -2.5],
						"0.12": [-84.64286, 0, -2.5],
						"0.28": [-47.5, 0, -2.5],
						"0.4": [57.14286, 0, -2.5],
						"0.56": [45, 0, -2.5]
					}
				},
				"lowerlleg": {
					"rotation": {
						"0.0": [62.5, 0, 0],
						"0.12": [98.57, 0, 0],
						"0.28": [47.5, 0, 0],
						"0.4": [26.43, 0, 0],
						"0.56": [62.5, 0, 0]
					}
				},
				"rightleg": {
					"rotation": {
						"0.0": [-44.99294, 0.32621, 2.47864],
						"0.12": [58.57849, 0.32621, 2.47864],
						"0.28": [27.50706, 0.32621, 2.47864],
						"0.4": [-93.56437, 0.32621, 2.47864],
						"0.56": [-44.99294, 0.32621, 2.47864]
					}
				},
				"lowerrleg": {
					"rotation": {
						"0.0": [45, 0, 0],
						"0.12": [21.79, 0, 0],
						"0.28": [72.5, 0, 0],
						"0.4": [103.21, 0, 0],
						"0.56": [45, 0, 0]
					}
				},
				"waist": {
					"rotation": {
						"0.0": [15.4435, -4.86634, -2.73417],
						"0.28": [17.92356, 4.64922, 7.72777],
						"0.56": [15.4435, -4.86634, -2.73417]
					}
				},
				"leftArm": {
					"rotation": {
						"0.0": [-45, 0, 0],
						"0.12": [-20, 0, 0],
						"0.28": [60, 0, 0],
						"0.44": [-2.5, 0, 0],
						"0.56": [-45, 0, 0]
					}
				},
				"lowerlarm": {
					"rotation": {
						"0.0": [-72.5, 0, 0],
						"0.12": [-46.79, 0, 0],
						"0.28": [-17.5, 0, 0],
						"0.44": [-1.07, 0, 0],
						"0.56": [-72.5, 0, 0]
					}
				},
				"rightArm": {
					"rotation": {
						"0.0": [27.25128, -6.83783, 26.69375],
						"0.28": [9.90932, -12.82515, 19.4126],
						"0.56": [27.25128, -6.83783, 26.69375]
					}
				},
				"lowerrarm": {
					"rotation": {
						"0.0": [-32.5, 0, 0],
						"0.28": [-37.5, 0, 0],
						"0.56": [-32.5, 0, 0]
					}
				},
				"trail_lance": {
					"scale": 0
				},
				"root": {
					"rotation": ["variable.is_first_person ? (math.cos(query.life_time * 100.0) * 0.200) + 0.200 : 0", "variable.is_first_person ? 180 : 0", 0],
					"position": {
						"0.0": ["variable.is_first_person ? 2 : 0", "variable.is_first_person ? -5 : -2", "variable.is_first_person ? 12 : 0"],
						"0.12": ["variable.is_first_person ? 2 : 0", "variable.is_first_person ? -3 : 0", "variable.is_first_person ? 12 : 0"],
						"0.28": ["variable.is_first_person ? 2 : 0", "variable.is_first_person ? -5 : -2", "variable.is_first_person ? 12 : 0"],
						"0.4": ["variable.is_first_person ? 2 : 0", "variable.is_first_person ? -3 : 0", "variable.is_first_person ? 12 : 0"],
						"0.56": ["variable.is_first_person ? 2 : 0", "variable.is_first_person ? -5 : -2", "variable.is_first_person ? 12 : 0"]
					}
				}
			}
		}
	}
}