{
	"format_version": "1.8.0",
	"animations": {
		"animation.katana_wakizashi.sneak": {
			"loop": true,
			"override_previous_animation": true,
			"bones": {
				"root": {
					"rotation": ["variable.is_first_person ? (math.cos(query.life_time * 100.0) * 0.200) + 0.200 : 0", "variable.is_first_person ? 152.5 : -27.5", 0],
					"position": ["variable.is_first_person ? 2 : 0", "variable.is_first_person ? -8 : -5", "variable.is_first_person ? 12 : 0"]
				},
				"leftleg": {
					"rotation": [30.08778, 25.61207, -4.2542]
				},
				"lowerlleg": {
					"rotation": [37.5, 0, 0]
				},
				"rightleg": {
					"rotation": [-74.60562, 23.59621, 6.37662]
				},
				"lowerrleg": {
					"rotation": [82.5, 0, 0]
				},
				"waist": {
					"rotation": [7.5, 0, 0]
				},
				"leftArm": {
					"rotation": [12.5, 7.5, -12.5]
				},
				"lowerlarm": {
					"rotation": [-20, 0, 0]
				},
				"rightArm": {
					"rotation": [4.88207, 12.39353, 17.55725]
				},
				"lowerrarm": {
					"rotation": [-17.5, 0, 0]
				},
				"katana": {
					"rotation": [-47.5, 0, 0],
					"position": [0.25, 0, 0]
				},
				"trail_katana": {
					"scale": 0
				},
				"swordright": {
					"scale": 0
				},
				"katana_left": {
					"rotation": [-7.5, -7.5, 0],
					"position": [-0.05, -1, 0]
				},
				"leftitem2": {
					"scale": 0
				},
				"trail_wakizashi_offhand": {
					"scale": [1, 0, 1]
				}
			}
		},
		"animation.katana_wakizashi.sneak_move": {
			"loop": true,
			"animation_length": 1.04,
			"override_previous_animation": true,
			"bones": {
				"root": {
					"rotation": [0, -2.5, -2.5],
					"position": {
						"0.0": ["variable.is_first_person ? 2 : 0", "variable.is_first_person ? -7 : -4", "variable.is_first_person ? 12 : 0"],
						"0.24": ["variable.is_first_person ? 2 : 0", "variable.is_first_person ? -8 : -5", "variable.is_first_person ? 12 : 0"],
						"0.52": ["variable.is_first_person ? 2 : 0", "variable.is_first_person ? -7 : -4", "variable.is_first_person ? 12 : 0"],
						"0.8": ["variable.is_first_person ? 2 : 0", "variable.is_first_person ? -9 : -6", "variable.is_first_person ? 12 : 0"],
						"1.04": ["variable.is_first_person ? 2 : 0", "variable.is_first_person ? -7 : -4", "variable.is_first_person ? 12 : 0"]
					}
				},
				"leftleg": {
					"rotation": {
						"0.0": [-74.9299, 1.70818, -0.30014],
						"0.52": [-2.4299, 1.70818, -0.30014],
						"0.8": [-111.26229, 1.23927, 0.51927],
						"1.04": [-74.9299, 1.70818, -0.30014]
					}
				},
				"lowerlleg": {
					"rotation": {
						"0.0": [72.5, 0, 0],
						"0.24": [118.46, 0, 0],
						"0.52": [80, 0, 0],
						"0.8": [100.96, 0, 0],
						"1.04": [72.5, 0, 0]
					}
				},
				"rightleg": {
					"rotation": {
						"0.0": [-0.14068, -2.24944, 7.15656],
						"0.24": [-98.33018, 0.42156, 5.28399],
						"0.52": [-77.46793, 3.53773, 3.09932],
						"0.8": [-25.83018, 0.42156, 5.28399],
						"1.04": [-0.14068, -2.24944, 7.15656]
					}
				},
				"lowerrleg": {
					"rotation": {
						"0.0": [77.5, 0, 0],
						"0.24": [100, 0, 0],
						"0.52": [72.5, 0, 0],
						"0.8": [112.69, 0, 0],
						"1.04": [77.5, 0, 0]
					}
				},
				"waist": {
					"rotation": {
						"0.0": [22.5, 0, 0],
						"0.52": [7.5, 0, 0],
						"1.04": [22.5, 0, 0]
					}
				},
				"leftArm": {
					"rotation": {
						"0.0": [40, 7.5, -12.5],
						"0.52": [2.11538, 7.5, -12.5],
						"1.04": [40, 7.5, -12.5]
					}
				},
				"lowerlarm": {
					"rotation": {
						"0.0": [-47.5, 0, 0],
						"0.52": [-22.5, 0, 0],
						"1.04": [-47.5, 0, 0]
					}
				},
				"rightArm": {
					"rotation": {
						"0.0": [-15.11793, 12.39353, 17.55725],
						"0.52": [28.34361, 12.39353, 17.55725],
						"1.04": [-15.11793, 12.39353, 17.55725]
					}
				},
				"lowerrarm": {
					"rotation": {
						"0.0": [-17.5, 0, 0],
						"0.52": [-32.5, 0, 0],
						"1.04": [-17.5, 0, 0]
					}
				},
				"katana": {
					"rotation": {
						"0.0": [-47.5, 0, 0],
						"0.52": [-47.5, 0, 0],
						"1.04": [-47.5, 0, 0]
					},
					"position": {
						"0.0": [0.25, 0, 0],
						"0.52": [0.25, 0, 0],
						"1.04": [0.25, 0, 0]
					}
				},
				"trail_katana": {
					"scale": {
						"0.0": [0, 0, 0],
						"0.52": [0, 0, 0],
						"1.04": [0, 0, 0]
					}
				},
				"swordright": {
					"scale": {
						"0.0": [0, 0, 0],
						"0.52": [0, 0, 0],
						"1.04": [0, 0, 0]
					}
				},
				"katana_left": {
					"rotation": {
						"0.0": [-7.5, -7.5, 0],
						"0.52": [-7.5, -7.5, 0],
						"1.04": [-7.5, -7.5, 0]
					},
					"position": {
						"0.0": [-0.05, -1, 0],
						"0.52": [-0.05, -1, 0],
						"1.04": [-0.05, -1, 0]
					}
				},
				"leftitem2": {
					"scale": {
						"0.0": [0, 0, 0],
						"0.52": [0, 0, 0],
						"1.04": [0, 0, 0]
					}
				},
				"trail_wakizashi_offhand": {
					"scale": {
						"0.0": [1, 0, 1],
						"1.04": [1, 0, 1]
					}
				}
			}
		},
		"animation.katana_wakizashi.base_pose": {
			"loop": true,
			"override_previous_animation": true,
			"bones": {
				"leftleg": {
					"rotation": [2.5, 0, -2.5]
				},
				"lowerlleg": {
					"rotation": [2.5, 0, 0]
				},
				"rightleg": {
					"rotation": [-15, 0, 2.5]
				},
				"lowerrleg": {
					"rotation": [20, 0, 0]
				},
				"waist": {
					"rotation": [7.5, 0, 0]
				},
				"leftArm": {
					"rotation": [12.5, 7.5, -12.5]
				},
				"lowerlarm": {
					"rotation": [-20, 0, 0]
				},
				"rightArm": {
					"rotation": [5, -17.5, 15]
				},
				"lowerrarm": {
					"rotation": [-17.5, 0, 0]
				},
				"trail_katana": {
					"scale": [1, 0, 1]
				},
				"katana": {
					"rotation": [-47.5, 0, 0],
					"position": [0.25, 0, 0]
				},
				"swordright": {
					"scale": 0
				},
				"katana_left": {
					"rotation": [-7.5, -7.5, 0],
					"position": [-0.05, -1, 0]
				},
				"leftitem2": {
					"scale": 0
				},
				"trail_wakizashi_offhand": {
					"scale": [1, 0, 1]
				},
				"root": {
					"rotation": ["variable.is_first_person ? (math.cos(query.life_time * 100.0) * 0.200) + 0.200 : 0", "variable.is_first_person ? 180 : 0", 0],
					"position": ["variable.is_first_person ? 2 : 0", "variable.is_first_person ? -3 : 0", "variable.is_first_person ? 12 : 0"]
				}
			}
		},
		"animation.katana_wakizashi.attack_slash_opening": {
			"animation_length": 0.8,
			"override_previous_animation": true,
			"bones": {
				"leftleg": {
					"rotation": {
						"0.0": [2.5, 0, -2.5],
						"0.1": [-53.76564, 0.75155, -4.88443],
						"0.2": [-53.76564, 0.75155, -4.88443],
						"0.3": [-25.01564, 0.75155, -4.88443]
					}
				},
				"lowerlleg": {
					"rotation": {
						"0.0": [2.5, 0, 0],
						"0.1": [60, 0, 0],
						"0.2": [60, 0, 0],
						"0.3": [27.5, 0, 0]
					}
				},
				"rightleg": {
					"rotation": {
						"0.0": [-15, 0, 2.5],
						"0.1": [7.5, 0, 2.5],
						"0.2": [7.5, 0, 2.5],
						"0.3": [10, 0, 2.5]
					}
				},
				"lowerrleg": {
					"rotation": {
						"0.0": [20, 0, 0],
						"0.1": [25, 0, 0],
						"0.2": [25, 0, 0]
					}
				},
				"waist": {
					"rotation": {
						"0.0": [7.5, 0, 0],
						"0.1": [27.5, 0, 0],
						"0.2": [27.5, 0, 0],
						"0.3": [2.5, 0, 0]
					}
				},
				"leftArm": {
					"rotation": {
						"0.0": [12.5, 7.5, -12.5],
						"0.1": [-141.94674, 4.03392, -74.79769],
						"0.2": [-141.94674, 4.03392, -74.79769],
						"0.3": [36.41044, 2.67965, -102.3131]
					}
				},
				"lowerlarm": {
					"rotation": {
						"0.0": [-20, 0, 0],
						"0.1": [-20, 0, 0],
						"0.2": [-20, 0, 0]
					}
				},
				"rightArm": {
					"rotation": {
						"0.0": [5, -17.5, 15],
						"0.1": [-101.47276, -3.14715, 111.19874],
						"0.2": [-101.47276, -3.14715, 111.19874],
						"0.3": [31.02724, -3.14715, 111.19874]
					}
				},
				"lowerrarm": {
					"rotation": {
						"0.0": [-17.5, 0, 0],
						"0.1": [-37.5, 0, 0],
						"0.2": [-37.5, 0, 0],
						"0.3": [-17.5, 0, 0]
					}
				},
				"trail_katana": {
					"scale": {
						"0.0": [1, 0, 1],
						"0.1": [1, 1, 1],
						"0.2": [1, 1, 1],
						"0.4": [1, 0, 1]
					}
				},
				"katana": {
					"rotation": {
						"0.0": [-47.5, 0, 0],
						"0.1": [-47.5, 0, 0],
						"0.2": [-47.5, 0, 0]
					},
					"position": {
						"0.0": [0.25, 0, 0],
						"0.1": [0.25, 0, 0],
						"0.2": [0.25, 0, 0]
					}
				},
				"swordright": {
					"scale": {
						"0.0": [0, 0, 0],
						"0.1": [0, 0, 0],
						"0.2": [0, 0, 0]
					}
				},
				"katana_left": {
					"rotation": {
						"0.0": [-7.5, -7.5, 0],
						"0.1": [-7.5, -7.5, 0],
						"0.2": [-7.5, -7.5, 0]
					},
					"position": {
						"0.0": [-0.05, -1, 0],
						"0.1": [-0.05, -1, 0],
						"0.2": [-0.05, -1, 0]
					}
				},
				"leftitem2": {
					"scale": {
						"0.0": [0, 0, 0],
						"0.1": [0, 0, 0],
						"0.2": [0, 0, 0]
					}
				},
				"trail_wakizashi_offhand": {
					"scale": {
						"0.0": [1, 0, 1],
						"0.1": [1, 1, 1],
						"0.2": [1, 1, 1],
						"0.4": [1, 0, 1]
					}
				},
				"root": {
					"rotation": ["variable.is_first_person ? (math.cos(query.life_time * 100.0) * 0.200) + 0.200 : 0", "variable.is_first_person ? 180 : 0", 0],
					"position": ["variable.is_first_person ? 2 : 0", "variable.is_first_person ? -3 : 0", "variable.is_first_person ? 12 : 0"]
				}
			}
		},
		"animation.katana_wakizashi.attack_slash_closing": {
			"animation_length": 0.8,
			"override_previous_animation": true,
			"bones": {
				"leftleg": {
					"rotation": [2.5, 0, -2.5]
				},
				"lowerlleg": {
					"rotation": [2.5, 0, 0]
				},
				"rightleg": {
					"rotation": [-15, 0, 2.5]
				},
				"lowerrleg": {
					"rotation": [20, 0, 0]
				},
				"waist": {
					"rotation": {
						"0.0": [7.5, 0, 0],
						"0.2": [-2.5, 0, 0],
						"0.3": [5, 0, 0]
					}
				},
				"leftArm": {
					"rotation": {
						"0.0": [12.5, 7.5, -12.5],
						"0.2": [-190.69463, -11.43512, 63.09079],
						"0.3": [-41.00059, -8.47367, 105.50476]
					}
				},
				"lowerlarm": {
					"rotation": {
						"0.0": [-20, 0, 0],
						"0.3": [0, 0, 0]
					}
				},
				"rightArm": {
					"rotation": {
						"0.0": [5, -17.5, 15],
						"0.2": [-216.95487, 9.80155, -87.26113],
						"0.3": [-32.7166, 24.58704, -73.10898]
					}
				},
				"lowerrarm": {
					"rotation": {
						"0.0": [-17.5, 0, 0],
						"0.3": [-2.5, 0, 0]
					}
				},
				"trail_katana": {
					"scale": {
						"0.0": [1, 0, 1],
						"0.1": [1, 0, 1],
						"0.2": [1, 1, 1],
						"0.4": [1, 0, 1]
					}
				},
				"katana": {
					"rotation": [-47.5, 0, 0],
					"position": [0.25, 0, 0]
				},
				"swordright": {
					"scale": 0
				},
				"katana_left": {
					"rotation": [-7.5, -7.5, 0],
					"position": [-0.05, -1, 0]
				},
				"leftitem2": {
					"scale": 0
				},
				"trail_wakizashi_offhand": {
					"scale": {
						"0.0": [1, 0, 1],
						"0.1": [1, 0, 1],
						"0.2": [1, 1, 1],
						"0.4": [1, 0, 1]
					}
				},
				"rightitem": {
					"rotation": [47.5, 0, 0]
				},
				"leftitem": {
					"rotation": [40, 0, 0]
				},
				"root": {
					"rotation": ["variable.is_first_person ? (math.cos(query.life_time * 100.0) * 0.200) + 0.200 : 0", "variable.is_first_person ? 180 : 0", 0],
					"position": ["variable.is_first_person ? 2 : 0", "variable.is_first_person ? -3 : 0", "variable.is_first_person ? 12 : 0"]
				}
			}
		},
		"animation.katana_wakizashi.attack_slash_x": {
			"animation_length": 0.8,
			"override_previous_animation": true,
			"bones": {
				"leftleg": {
					"rotation": {
						"0.0": [2.5, 0, -2.5],
						"0.1": [-53.76564, 0.75155, -4.88443],
						"0.2": [-53.76564, 0.75155, -4.88443],
						"0.3": [-25.01564, 0.75155, -4.88443]
					}
				},
				"lowerlleg": {
					"rotation": {
						"0.0": [2.5, 0, 0],
						"0.1": [60, 0, 0],
						"0.2": [60, 0, 0],
						"0.3": [27.5, 0, 0]
					}
				},
				"rightleg": {
					"rotation": {
						"0.0": [-15, 0, 2.5],
						"0.1": [7.5, 0, 2.5],
						"0.2": [7.5, 0, 2.5],
						"0.3": [10, 0, 2.5]
					}
				},
				"lowerrleg": {
					"rotation": {
						"0.0": [20, 0, 0],
						"0.1": [25, 0, 0],
						"0.2": [25, 0, 0]
					}
				},
				"waist": {
					"rotation": {
						"0.0": [7.5, 0, 0],
						"0.1": [27.5, 0, 0],
						"0.2": [27.5, 0, 0],
						"0.3": [2.5, 0, 0]
					}
				},
				"leftArm": {
					"rotation": {
						"0.0": [12.5, 7.5, -12.5],
						"0.1": [-122.07232, -37.0911, -114.06859],
						"0.2": [-122.07232, -37.0911, -114.06859],
						"0.3": [15.94962, -31.7853, -130.8815]
					}
				},
				"lowerlarm": {
					"rotation": {
						"0.0": [-20, 0, 0],
						"0.1": [0, 0, 0],
						"0.2": [0, 0, 0]
					}
				},
				"rightArm": {
					"rotation": {
						"0.0": [5, -17.5, 15],
						"0.1": [-161.89065, -0.09327, 125.89222],
						"0.2": [-161.89065, -0.09327, 125.89222],
						"0.3": [23.98462, 11.12733, 135.14614]
					}
				},
				"lowerrarm": {
					"rotation": {
						"0.0": [-17.5, 0, 0],
						"0.1": [-2.5, 0, 0],
						"0.2": [-2.5, 0, 0],
						"0.3": [-17.5, 0, 0]
					}
				},
				"trail_katana": {
					"scale": {
						"0.0": [1, 0, 1],
						"0.1": [1, 1, 1],
						"0.2": [1, 1, 1],
						"0.4": [1, 0, 1]
					}
				},
				"katana": {
					"rotation": {
						"0.0": [-47.5, 0, 0],
						"0.1": [-47.5, 0, 0],
						"0.2": [-47.5, 0, 0]
					},
					"position": {
						"0.0": [0.25, 0, 0],
						"0.1": [0.25, 0, 0],
						"0.2": [0.25, 0, 0]
					}
				},
				"swordright": {
					"scale": {
						"0.0": [0, 0, 0],
						"0.1": [0, 0, 0],
						"0.2": [0, 0, 0]
					}
				},
				"katana_left": {
					"rotation": {
						"0.0": [-7.5, -7.5, 0],
						"0.1": [-7.5, -7.5, 0],
						"0.2": [-7.5, -7.5, 0]
					},
					"position": {
						"0.0": [-0.05, -1, 0],
						"0.1": [-0.05, -1, 0],
						"0.2": [-0.05, -1, 0]
					}
				},
				"leftitem2": {
					"scale": {
						"0.0": [0, 0, 0],
						"0.1": [0, 0, 0],
						"0.2": [0, 0, 0]
					}
				},
				"trail_wakizashi_offhand": {
					"scale": {
						"0.0": [1, 0, 1],
						"0.1": [1, 1, 1],
						"0.2": [1, 1, 1],
						"0.4": [1, 0, 1]
					}
				},
				"rightitem": {
					"rotation": {
						"0.1": [35, 0, 0],
						"0.2": [35, 0, 0]
					}
				},
				"root": {
					"rotation": ["variable.is_first_person ? (math.cos(query.life_time * 100.0) * 0.200) + 0.200 : 0", "variable.is_first_person ? 180 : 0", 0],
					"position": ["variable.is_first_person ? 2 : 0", "variable.is_first_person ? -3 : 0", "variable.is_first_person ? 12 : 0"]
				}
			}
		},
		"animation.katana_wakizashi.unsheathed_move": {
			"loop": true,
			"animation_length": 1.04,
			"override_previous_animation": true,
			"bones": {
				"root": {
					"rotation": ["variable.is_first_person ? (math.cos(query.life_time * 100.0) * 0.200) + 0.200 : 0", "variable.is_first_person ? 180 : 0", 0],
					"position": {
						"0.0": ["variable.is_first_person ? 2 : 0", "variable.is_first_person ? -5 : -2", "variable.is_first_person ? 12 : 0"],
						"0.24": ["variable.is_first_person ? 2 : 0", "variable.is_first_person ? -3.46 : -0.46", "variable.is_first_person ? 12 : 0"],
						"0.52": ["variable.is_first_person ? 2 : 0", "variable.is_first_person ? -5 : -2", "variable.is_first_person ? 12 : 0"],
						"0.8": ["variable.is_first_person ? 2 : 0", "variable.is_first_person ? -3 : 0", "variable.is_first_person ? 12 : 0"],
						"1.04": ["variable.is_first_person ? 2 : 0", "variable.is_first_person ? -5 : -2", "variable.is_first_person ? 12 : 0"]
					}
				},
				"leftleg": {
					"rotation": {
						"0.0": [-37.5, 0, 0],
						"0.24": [-10.96, 0, 0],
						"0.52": [30, 0, 0],
						"0.8": [-15.96, 0, 0],
						"1.04": [-37.5, 0, 0]
					}
				},
				"lowerlleg": {
					"rotation": {
						"0.0": [37.5, 0, 0],
						"0.24": [0.96, 0, 0],
						"0.52": [2.5, 0, 0],
						"0.8": [90.58, 0, 0],
						"1.04": [37.5, 0, 0]
					}
				},
				"rightleg": {
					"rotation": {
						"0.0": [35, 0, 0],
						"0.24": [-28.65, 0, 0],
						"0.52": [-47.5, 0, 0],
						"1.04": [35, 0, 0]
					}
				},
				"lowerrleg": {
					"rotation": {
						"0.0": [15, 0, 0],
						"0.24": [110.58, 0, 0],
						"0.52": [47.5, 0, 0],
						"0.8": [0.96, 0, 0],
						"1.04": [15, 0, 0]
					}
				},
				"waist": {
					"rotation": {
						"0.0": [12.90582, 6.76919, 4.08904],
						"0.52": [12.68664, -9.76061, -2.18558],
						"1.04": [12.90582, 6.76919, 4.08904]
					}
				},
				"leftArm": {
					"rotation": {
						"0.0": [19.33019, -10.34567, -8.18071],
						"0.52": [-4.23702, 7.53673, -9.00429],
						"1.04": [19.33019, -10.34567, -8.18071]
					}
				},
				"lowerlarm": {
					"rotation": {
						"0.0": [-20, 0, 0],
						"0.52": [-10, 0, 0],
						"1.04": [-20, 0, 0]
					}
				},
				"rightArm": {
					"rotation": {
						"0.0": [-4.0198, -10.60238, -353.49914],
						"0.52": [27.47405, 6.12382, -353.05928],
						"1.04": [-4.0198, -10.60238, -353.49914]
					}
				},
				"lowerrarm": {
					"rotation": {
						"0.0": [-22.5, 0, 0],
						"1.04": [-22.5, 0, 0]
					}
				},
				"katana": {
					"rotation": {
						"0.0": [-47.5, 0, 0],
						"0.52": [-47.5, 0, 0],
						"1.04": [-47.5, 0, 0]
					},
					"position": {
						"0.0": [0.25, 0, 0],
						"0.52": [0.25, 0, 0],
						"1.04": [0.25, 0, 0]
					}
				},
				"rightitem": {
					"scale": {
						"0.0": [1, 1, 1],
						"1.04": [1, 1, 1]
					}
				},
				"swordright": {
					"scale": {
						"0.0": [0, 0, 0],
						"0.52": [0, 0, 0],
						"1.04": [0, 0, 0]
					}
				},
				"trail_katana": {
					"scale": 0
				},
				"trail_wakizashi": {
					"scale": 0
				},
				"rightitem2": {
					"scale": 0
				},
				"katana_left": {
					"rotation": {
						"0.0": [-7.5, -7.5, 0],
						"0.52": [-7.5, -7.5, 0],
						"1.04": [-7.5, -7.5, 0]
					},
					"position": {
						"0.0": [-0.05, -1, 0],
						"0.52": [-0.05, -1, 0],
						"1.04": [-0.05, -1, 0]
					}
				},
				"leftitem2": {
					"scale": {
						"0.0": [0, 0, 0],
						"0.52": [0, 0, 0],
						"1.04": [0, 0, 0]
					}
				},
				"trail_wakizashi_offhand": {
					"scale": [1, 0, 1]
				}
			}
		},
		"animation.katana_wakizashi.unsheathed_sprint": {
			"loop": true,
			"animation_length": 0.64,
			"override_previous_animation": true,
			"bones": {
				"root": {
					"rotation": {
						"0.0": ["variable.is_first_person ? (math.cos(query.life_time * 100.0) * 0.200) + 0.200 + 7.5: 7.5", "variable.is_first_person ? 180 : 0", 0],
						"0.16": ["variable.is_first_person ? (math.cos(query.life_time * 100.0) * 0.200) + 0.200 - 5: -5", "variable.is_first_person ? 180 : 0", 0],
						"0.32": ["variable.is_first_person ? (math.cos(query.life_time * 100.0) * 0.200) + 0.200 + 7.5: 7.5", "variable.is_first_person ? 180 : 0", 0],
						"0.48": ["variable.is_first_person ? (math.cos(query.life_time * 100.0) * 0.200) + 0.200 - 5: -5", "variable.is_first_person ? 180 : 0", 0],
						"0.64": ["variable.is_first_person ? (math.cos(query.life_time * 100.0) * 0.200) + 0.200 + 7.5: 7.5", "variable.is_first_person ? 180 : 0", 0]
					},
					"position": {
						"0.0": ["variable.is_first_person ? 2 : 0", "variable.is_first_person ? -5 : -2", "variable.is_first_person ? 12 : 0"],
						"0.16": ["variable.is_first_person ? 2 : 0", "variable.is_first_person ? -4 : -1", "variable.is_first_person ? 12 : 0"],
						"0.32": ["variable.is_first_person ? 2 : 0", "variable.is_first_person ? -5 : -2", "variable.is_first_person ? 12 : 0"],
						"0.48": ["variable.is_first_person ? 2 : 0", "variable.is_first_person ? -4 : -1", "variable.is_first_person ? 12 : 0"],
						"0.64": ["variable.is_first_person ? 2 : 0", "variable.is_first_person ? -5 : -2", "variable.is_first_person ? 12 : 0"]
					}
				},
				"leftleg": {
					"rotation": {
						"0.0": [-50, 0, 0],
						"0.16": [51.54, 0, 0],
						"0.32": [37.5, 0, 0],
						"0.48": [-73.46, 0, 0],
						"0.64": [-50, 0, 0]
					}
				},
				"lowerlleg": {
					"rotation": {
						"0.0": [45, 0, 0],
						"0.16": [0.96, 0, 0],
						"0.32": [42.5, 0, 0],
						"0.48": [98.08, 0, 0],
						"0.64": [45, 0, 0]
					}
				},
				"rightleg": {
					"rotation": {
						"0.0": [35, 0, 0],
						"0.16": [-61.25, 0, 0],
						"0.32": [-57.5, 0, 0],
						"0.48": [72.19, 0, 0],
						"0.64": [35, 0, 0]
					}
				},
				"lowerrleg": {
					"rotation": {
						"0.0": [40, 0, 0],
						"0.16": [103.08, 0, 0],
						"0.32": [55, 0, 0],
						"0.48": [18.41395, 0.14521, -0.45198],
						"0.64": [40, 0, 0]
					}
				},
				"waist": {
					"rotation": {
						"0.0": [36.69146, 16.27014, 11.79198],
						"0.16": [44.32667, 6.38948, 6.00421],
						"0.32": [53.04993, -18.86486, -16.4296],
						"0.48": [45.06012, -4.83615, -5.85672],
						"0.64": [36.69146, 16.27014, 11.79198]
					}
				},
				"leftArm": {
					"rotation": {
						"0.0": [-11.16048, -29.3966, -51.03804],
						"0.32": [32.7012, -22.65733, -40.52221],
						"0.64": [-11.16048, -29.3966, -51.03804]
					}
				},
				"lowerlarm": {
					"rotation": {
						"0.0": [-50, 0, 0],
						"0.32": [-25, 0, 0],
						"0.64": [-50, 0, 0]
					}
				},
				"rightArm": {
					"rotation": {
						"0.0": [13.58434, -8.71179, -316.14471],
						"0.32": [-23.83578, 9.96875, -308.96829],
						"0.64": [13.58434, -8.71179, -316.14471]
					}
				},
				"lowerrarm": {
					"rotation": {
						"0.0": [-5, 0, 0],
						"0.32": [-65, 0, 0],
						"0.64": [-5, 0, 0]
					}
				},
				"katana": {
					"rotation": [-47.5, 0, 0],
					"position": [0.25, 0, 0]
				},
				"rightitem": {
					"scale": 1
				},
				"swordright": {
					"scale": 0
				},
				"trail_katana": {
					"scale": 0
				},
				"trail_wakizashi": {
					"scale": 0
				},
				"rightitem2": {
					"scale": 0
				},
				"katana_left": {
					"rotation": [-7.5, -7.5, 0],
					"position": [-0.05, -1, 0]
				},
				"leftitem2": {
					"scale": 0
				},
				"trail_wakizashi_offhand": {
					"scale": [1, 0, 1]
				}
			}
		}
	}
}