{
	"format_version": "1.8.0",
	"animations": {
		"animation.lance_shield.blocking": {
			"loop": true,
			"override_previous_animation": true,
			"bones": {
				"waist": {
					"rotation": [7.81047, 27.45551, 0.73455]
				},
				"leftArm": {
					"rotation": [-78.22239, -12.67673, 1.62135]
				},
				"lowerlarm": {
					"rotation": [-7.09597, 18.74724, 68.82717]
				},
				"rightArm": {
					"rotation": [11.79756, -21.6835, 19.37846]
				},
				"lowerrarm": {
					"rotation": [-30, 0, 0]
				},
				"trail_lance": {
					"scale": 0
				},
				"root": {
					"rotation": ["variable.is_first_person ? (math.cos(query.life_time * 100.0) * 0.200) + 0.200 : 0", "variable.is_first_person ? 180 : 0", 0],
					"position": ["variable.is_first_person ? 2 : 0", "variable.is_first_person ? -3 : 0", "variable.is_first_person ? 12 : 0"]
				},
				"lance_back_main": {
					"scale": 0
				}
			}
		},
		"animation.lance_shield.base_pose": {
			"loop": true,
			"override_previous_animation": true,
			"bones": {
				"root": {
					"rotation": ["variable.is_first_person ? (math.cos(query.life_time * 100.0) * 0.200) + 0.200 : 0", "variable.is_first_person ? 180 : 0", 0],
					"position": ["variable.is_first_person ? 2 : 0", "variable.is_first_person ? -3 : 0", "variable.is_first_person ? 12 : 0"]
				},
				"waist": {
					"rotation": [0, 22.5, 0]
				},
				"leftArm": {
					"rotation": [-11.5946, 3.10075, -5.31717]
				},
				"lowerlarm": {
					"rotation": [-20, 0, 0]
				},
				"rightArm": {
					"rotation": [20.10891, -21.67795, 10.87228]
				},
				"lowerrarm": {
					"rotation": [-30, 0, 0]
				},
				"trail_lance": {
					"scale": 0
				},
				"lance_back_main": {
					"scale": 0
				}
			}
		},
		"animation.lance_shield.attack_thrust_0": {
			"animation_length": 0.9,
			"override_previous_animation": true,
			"bones": {
				"waist": {
					"rotation": {
						"0.0": [0, 22.5, 0],
						"0.2": [0, 25, 0],
						"0.3": [10, 30, 0],
						"0.4": [10, 30, 0],
						"0.5": [9.04363, -16.91817, -7.6903]
					}
				},
				"leftArm": {
					"rotation": {
						"0.0": [-11.5946, 3.10075, -5.31717],
						"0.3": [15.61888, 12.8927, -7.36899],
						"0.4": [15.61888, 12.8927, -7.36899]
					}
				},
				"lowerlarm": {
					"rotation": {
						"0.0": [-20, 0, 0],
						"0.3": [-92.5, 0, 0],
						"0.4": [-92.5, 0, 0]
					}
				},
				"rightArm": {
					"rotation": {
						"0.0": [20.10891, -21.67795, 10.87228],
						"0.2": [43.90687, -33.44053, 31.8713],
						"0.3": [47.58789, -36.094, 42.35484],
						"0.4": [47.58789, -36.094, 42.35484],
						"0.5": [-61.69184, 24.39391, 4.45797]
					}
				},
				"lowerrarm": {
					"rotation": {
						"0.0": [-30, 0, 0],
						"0.2": [-65, 0, 0],
						"0.3": [-80, 0, 0],
						"0.4": [-80, 0, 0],
						"0.5": [-30, 0, 0]
					}
				},
				"trail_lance": {
					"scale": {
						"0.0": [0, 0, 0],
						"0.3": [0, 0, 0],
						"0.5": [1, 1, 1],
						"0.6": [0, 0, 0]
					}
				},
				"root": {
					"rotation": {
						"0.0": ["variable.is_first_person ? (math.cos(query.life_time * 100.0) * 0.200) + 0.200 : 0", "variable.is_first_person ? 180 : 0", 0],
						"0.2": ["variable.is_first_person ? (math.cos(query.life_time * 100.0) * 0.200) + 0.200 : 0", "variable.is_first_person ? 205 : 25", 0],
						"0.4": ["variable.is_first_person ? (math.cos(query.life_time * 100.0) * 0.200) + 0.200 : 0", "variable.is_first_person ? 205 : 25", 0],
						"0.5": ["variable.is_first_person ? (math.cos(query.life_time * 100.0) * 0.200) + 0.200 : 0", "variable.is_first_person ? 165 : -15", 0]
					},
					"position": ["variable.is_first_person ? 2 : 0", "variable.is_first_person ? -3 : 0", "variable.is_first_person ? 12 : 0"]
				},
				"rightItem": {
					"rotation": {
						"0.4": [0, 0, 0],
						"0.5": [85, 0, 0]
					}
				},
				"lance_back_main": {
					"scale": 0
				}
			}
		},
		"animation.lance_shield.attack_thrust_1": {
			"animation_length": 0.9,
			"override_previous_animation": true,
			"bones": {
				"waist": {
					"rotation": {
						"0.0": [0, 22.5, 0],
						"0.2": [0, 25, 0],
						"0.3": [10, 30, 0],
						"0.4": [10, 30, 0],
						"0.5": [9.04363, -16.91817, -7.6903]
					}
				},
				"leftArm": {
					"rotation": {
						"0.0": [-11.5946, 3.10075, -5.31717],
						"0.3": [15.61888, 12.8927, -7.36899],
						"0.4": [15.61888, 12.8927, -7.36899]
					}
				},
				"lowerlarm": {
					"rotation": {
						"0.0": [-20, 0, 0],
						"0.3": [-92.5, 0, 0],
						"0.4": [-92.5, 0, 0]
					}
				},
				"rightArm": {
					"rotation": {
						"0.0": [20.10891, -21.67795, 10.87228],
						"0.2": [35.59146, -6.11802, 55.45242],
						"0.3": [64.24279, 4.22923, 78.32347],
						"0.4": [64.24279, 4.22923, 78.32347],
						"0.5": [-38.29075, 1.43578, 90.56878]
					}
				},
				"lowerrarm": {
					"rotation": {
						"0.0": [-30, 0, 0],
						"0.2": [-65, 0, 0],
						"0.3": [-117.5, 0, 0],
						"0.4": [-117.5, 0, 0],
						"0.5": [-30, 0, 0]
					}
				},
				"trail_lance": {
					"scale": {
						"0.0": [0, 0, 0],
						"0.3": [0, 0, 0],
						"0.5": [1, 1, 1],
						"0.6": [0, 0, 0]
					}
				},
				"root": {
					"rotation": {
						"0.0": ["variable.is_first_person ? (math.cos(query.life_time * 100.0) * 0.200) + 0.200 : 0", "variable.is_first_person ? 180 : 0", 0],
						"0.2": ["variable.is_first_person ? (math.cos(query.life_time * 100.0) * 0.200) + 0.200 : 0", "variable.is_first_person ? 205 : 25", 0],
						"0.4": ["variable.is_first_person ? (math.cos(query.life_time * 100.0) * 0.200) + 0.200 : 0", "variable.is_first_person ? 205 : 25", 0],
						"0.5": ["variable.is_first_person ? (math.cos(query.life_time * 100.0) * 0.200) + 0.200 : 0", "variable.is_first_person ? 165 : -15", 0]
					},
					"position": ["variable.is_first_person ? 2 : 0", "variable.is_first_person ? -3 : 0", "variable.is_first_person ? 12 : 0"]
				},
				"rightItem": {
					"rotation": {
						"0.3": [0, 0, 0],
						"0.4": [0, 0, 0],
						"0.5": [85, 0, 0]
					}
				},
				"lance_back_main": {
					"scale": 0
				}
			}
		},
		"animation.lance_shield.attack_thrust_2": {
			"animation_length": 0.9,
			"override_previous_animation": true,
			"bones": {
				"waist": {
					"rotation": {
						"0.0": [0, 22.5, 0],
						"0.2": [0, 25, 0],
						"0.3": [30.84271, 38.74063, 5.90037],
						"0.4": [30.84271, 38.74063, 5.90037],
						"0.5": [9.04363, -16.91817, -7.6903]
					}
				},
				"leftArm": {
					"rotation": {
						"0.0": [-11.5946, 3.10075, -5.31717],
						"0.3": [48.11888, 12.8927, -7.36899],
						"0.4": [48.11888, 12.8927, -7.36899]
					}
				},
				"lowerlarm": {
					"rotation": {
						"0.0": [-20, 0, 0],
						"0.3": [-17.5, 0, 0],
						"0.4": [-17.5, 0, 0]
					}
				},
				"rightArm": {
					"rotation": {
						"0.0": [20.10891, -21.67795, 10.87228],
						"0.2": [43.90687, -33.44053, 31.8713],
						"0.3": [65.10078, -42.96699, 46.25446],
						"0.4": [65.10078, -42.96699, 46.25446],
						"0.5": [-61.69184, 24.39391, 4.45797]
					}
				},
				"lowerrarm": {
					"rotation": {
						"0.0": [-30, 0, 0],
						"0.2": [-65, 0, 0],
						"0.3": [-107.5, 0, 0],
						"0.4": [-107.5, 0, 0],
						"0.5": [-30, 0, 0]
					}
				},
				"trail_lance": {
					"scale": {
						"0.0": [0, 0, 0],
						"0.3": [0, 0, 0],
						"0.5": [1, 1, 1],
						"0.6": [0, 0, 0]
					}
				},
				"root": {
					"rotation": {
						"0.0": ["variable.is_first_person ? (math.cos(query.life_time * 100.0) * 0.200) + 0.200 : 0", "variable.is_first_person ? 180 : 0", 0],
						"0.2": ["variable.is_first_person ? (math.cos(query.life_time * 100.0) * 0.200) + 0.200 : 0", "variable.is_first_person ? 205 : 25", 0],
						"0.4": ["variable.is_first_person ? (math.cos(query.life_time * 100.0) * 0.200) + 0.200 : 0", "variable.is_first_person ? 205 : 25", 0],
						"0.5": ["variable.is_first_person ? (math.cos(query.life_time * 100.0) * 0.200) + 0.200 : 0", "variable.is_first_person ? 165 : -15", 0]
					},
					"position": ["variable.is_first_person ? 2 : 0", "variable.is_first_person ? -3 : 0", "variable.is_first_person ? 12 : 0"]
				},
				"rightItem": {
					"rotation": {
						"0.4": [0, 0, 0],
						"0.5": [85, 0, 0]
					}
				},
				"lance_back_main": {
					"scale": 0
				}
			}
		},
		"animation.lance_shield.sneak": {
			"loop": true,
			"override_previous_animation": true,
			"bones": {
				"root": {
					"rotation": ["variable.is_first_person ? (math.cos(query.life_time * 100.0) * 0.200) + 0.200 : 0", "variable.is_first_person ? 180 : 0", 0],
					"position": ["variable.is_first_person ? 2 : 0", "variable.is_first_person ? -8 : -5", "variable.is_first_person ? 12 : 0"]
				},
				"leftleg": {
					"rotation": [10, 0, -2.5]
				},
				"lowerlleg": {
					"rotation": [75, 0, 0]
				},
				"rightleg": {
					"rotation": [-79.99294, 0.32621, 2.47864]
				},
				"lowerrleg": {
					"rotation": [80, 0, 0]
				},
				"waist": {
					"rotation": [7.81047, 27.45551, 0.73455]
				},
				"leftArm": {
					"rotation": [-78.22239, -12.67673, 1.62135]
				},
				"lowerlarm": {
					"rotation": [-7.09597, 18.74724, 68.82717]
				},
				"rightArm": {
					"rotation": [11.79756, -21.6835, 19.37846]
				},
				"lowerrarm": {
					"rotation": [-30, 0, 0]
				},
				"rightItem": {
					"position": [0, 0, -1]
				},
				"trail_lance": {
					"scale": 0
				},
				"lance_back_main": {
					"scale": 0
				}
			}
		},
		"animation.lance_shield.sneak_move": {
			"loop": true,
			"animation_length": 1.04,
			"override_previous_animation": true,
			"bones": {
				"root": {
					"rotation": ["variable.is_first_person ? (math.cos(query.life_time * 100.0) * 0.200) + 0.200 : 0", "variable.is_first_person ? 177.5 : -2.5", -2.5],
					"position": {
						"0.0": ["variable.is_first_person ? 2 : 0", "variable.is_first_person ? -7 : -4", "variable.is_first_person ? 12 : 0"],
						"0.24": ["variable.is_first_person ? 2 : 0", "variable.is_first_person ? -8 : -5", "variable.is_first_person ? 12 : 0"],
						"0.52": ["variable.is_first_person ? 2 : 0", "variable.is_first_person ? -7 : -4", "variable.is_first_person ? 12 : 0"],
						"0.8": ["variable.is_first_person ? 2 : 0", "variable.is_first_person ? -9 : -6", "variable.is_first_person ? 12 : 0"],
						"1.04": ["variable.is_first_person ? 2 : 0", "variable.is_first_person ? -7 : -4", "variable.is_first_person ? 12 : 0"]
					}
				},
				"leftleg": {
					"rotation": {
						"0.0": [-74.9299, 1.70818, -0.30014],
						"0.52": [-2.4299, 1.70818, -0.30014],
						"0.8": [-111.26229, 1.23927, 0.51927],
						"1.04": [-74.9299, 1.70818, -0.30014]
					}
				},
				"lowerlleg": {
					"rotation": {
						"0.0": [72.5, 0, 0],
						"0.24": [118.46, 0, 0],
						"0.52": [80, 0, 0],
						"0.8": [100.96, 0, 0],
						"1.04": [72.5, 0, 0]
					}
				},
				"rightleg": {
					"rotation": {
						"0.0": [-0.14068, -2.24944, 7.15656],
						"0.24": [-98.33018, 0.42156, 5.28399],
						"0.52": [-77.46793, 3.53773, 3.09932],
						"0.8": [-25.83018, 0.42156, 5.28399],
						"1.04": [-0.14068, -2.24944, 7.15656]
					}
				},
				"lowerrleg": {
					"rotation": {
						"0.0": [77.5, 0, 0],
						"0.24": [100, 0, 0],
						"0.52": [72.5, 0, 0],
						"0.8": [112.69, 0, 0],
						"1.04": [77.5, 0, 0]
					}
				},
				"waist": {
					"rotation": {
						"0.0": [7.81047, 27.45551, 0.73455],
						"0.52": [20.31047, 27.45551, 0.73455],
						"1.04": [7.81047, 27.45551, 0.73455]
					}
				},
				"leftArm": {
					"rotation": {
						"0.0": [-78.22239, -12.67673, 1.62135],
						"0.52": [-80.72239, -12.67673, 1.62135],
						"1.04": [-78.22239, -12.67673, 1.62135]
					}
				},
				"lowerlarm": {
					"rotation": {
						"0.0": [-7.09597, 18.74724, 68.82717],
						"0.52": [-4.73404, 34.17631, 72.61386],
						"1.04": [-7.09597, 18.74724, 68.82717]
					}
				},
				"rightArm": {
					"rotation": {
						"0.0": [11.79756, -21.6835, 19.37846],
						"0.52": [29.29756, -21.6835, 19.37846],
						"1.04": [11.79756, -21.6835, 19.37846]
					}
				},
				"lowerrarm": {
					"rotation": {
						"0.0": [-30, 0, 0],
						"0.52": [-40, 0, 0],
						"1.04": [-30, 0, 0]
					}
				},
				"rightItem": {
					"position": [0, 0, -1]
				},
				"trail_lance": {
					"scale": {
						"0.0": [0, 0, 0],
						"0.52": [0, 0, 0],
						"1.04": [0, 0, 0]
					}
				},
				"lance_back_main": {
					"scale": 0
				}
			}
		},
		"animation.lance_shield.move": {
			"loop": true,
			"animation_length": 1.04,
			"override_previous_animation": true,
			"bones": {
				"leftleg": {
					"rotation": {
						"0.0": [22.5, 0, -2.5],
						"0.16": [0.76923, 0, -2.5],
						"0.36": [-67.4359, 0, -2.5],
						"0.52": [-50, 0, -2.5],
						"0.72": [-9.61538, 0, -2.5],
						"0.88": [13.94231, 0, -2.5],
						"1.04": [22.5, 0, -2.5]
					}
				},
				"lowerlleg": {
					"rotation": {
						"0.0": [52.5, 0, 0],
						"0.16": [76.92, 0, 0],
						"0.36": [104.46, 0, 0],
						"0.52": [50, 0, 0],
						"0.72": [9.23, 0, 0],
						"0.88": [13.37, 0, 0],
						"1.04": [52.5, 0, 0]
					}
				},
				"rightleg": {
					"rotation": {
						"0.0": [-49.99294, 0.32621, 2.47864],
						"0.16": [-14.41602, 0.32621, 2.47864],
						"0.36": [25.81903, 0.32621, 2.47864],
						"0.52": [17.50706, 0.32621, 2.47864],
						"0.72": [-4.22371, 0.32621, 2.47864],
						"0.88": [-84.60832, 0.32621, 2.47864],
						"1.04": [-49.99294, 0.32621, 2.47864]
					}
				},
				"lowerrleg": {
					"rotation": {
						"0.0": [50, 0, 0],
						"0.16": [13.46, 0, 0],
						"0.36": [12.09, 0, 0],
						"0.52": [65, 0, 0],
						"0.72": [82.12, 0, 0],
						"0.88": [118.56, 0, 0],
						"1.04": [50, 0, 0]
					}
				},
				"waist": {
					"rotation": {
						"0.0": [9.40828, -8.23239, 3.66432],
						"0.52": [9.40828, 8.23239, -3.66432],
						"1.04": [9.40828, -8.23239, 3.66432]
					}
				},
				"leftArm": {
					"rotation": {
						"0.0": [-9.32787, 37.78054, -15.79896],
						"0.52": [3.0541, 26.04656, -11.83751],
						"1.04": [-9.32787, 37.78054, -15.79896]
					}
				},
				"lowerlarm": {
					"rotation": {
						"0.0": [-45, 0, 0],
						"0.52": [-25, 0, 0],
						"1.04": [-45, 0, 0]
					}
				},
				"rightArm": {
					"rotation": {
						"0.0": [32.61265, 19.26576, 6.71166],
						"0.52": [13.24834, 14.7179, 8.88498],
						"1.04": [32.61265, 19.26576, 6.71166]
					}
				},
				"lowerrarm": {
					"rotation": {
						"0.0": [-37.5, 0, 0],
						"0.52": [-30, 0, 0],
						"1.04": [-37.5, 0, 0]
					}
				},
				"rightItem": {
					"position": {
						"0.0": [0, 0, -3],
						"1.04": [0, 0, -3]
					}
				},
				"trail_lance": {
					"scale": 0
				},
				"root": {
					"rotation": ["variable.is_first_person ? (math.cos(query.life_time * 100.0) * 0.200) + 0.200 : 0", "variable.is_first_person ? 180 : 0", 0],
					"position": {
						"0.0": ["variable.is_first_person ? 2 : 0", "variable.is_first_person ? -5 : -2", "variable.is_first_person ? 12 : 0"],
						"0.16": ["variable.is_first_person ? 2 : 0", "variable.is_first_person ? -3 : 0", "variable.is_first_person ? 12 : 0"],
						"0.52": ["variable.is_first_person ? 2 : 0", "variable.is_first_person ? -5 : -2", "variable.is_first_person ? 12 : 0"],
						"0.72": ["variable.is_first_person ? 2 : 0", "variable.is_first_person ? -3 : 0", "variable.is_first_person ? 12 : 0"],
						"1.04": ["variable.is_first_person ? 2 : 0", "variable.is_first_person ? -5 : -2", "variable.is_first_person ? 12 : 0"]
					}
				},
				"lance_back_main": {
					"scale": 0
				}
			}
		},
		"animation.lance_shield.sprint": {
			"loop": true,
			"animation_length": 0.56,
			"override_previous_animation": true,
			"bones": {
				"leftleg": {
					"rotation": {
						"0.0": [45, 0, -2.5],
						"0.12": [-84.64286, 0, -2.5],
						"0.28": [-47.5, 0, -2.5],
						"0.4": [57.14286, 0, -2.5],
						"0.56": [45, 0, -2.5]
					}
				},
				"lowerlleg": {
					"rotation": {
						"0.0": [62.5, 0, 0],
						"0.12": [98.57, 0, 0],
						"0.28": [47.5, 0, 0],
						"0.4": [26.43, 0, 0],
						"0.56": [62.5, 0, 0]
					}
				},
				"rightleg": {
					"rotation": {
						"0.0": [-44.99294, 0.32621, 2.47864],
						"0.12": [58.57849, 0.32621, 2.47864],
						"0.28": [27.50706, 0.32621, 2.47864],
						"0.4": [-93.56437, 0.32621, 2.47864],
						"0.56": [-44.99294, 0.32621, 2.47864]
					}
				},
				"lowerrleg": {
					"rotation": {
						"0.0": [45, 0, 0],
						"0.12": [21.79, 0, 0],
						"0.28": [72.5, 0, 0],
						"0.4": [103.21, 0, 0],
						"0.56": [45, 0, 0]
					}
				},
				"waist": {
					"rotation": {
						"0.0": [16.31813, 19.20852, 4.1102],
						"0.28": [16.31813, 19.20852, 4.1102],
						"0.56": [16.31813, 19.20852, 4.1102]
					}
				},
				"leftArm": {
					"rotation": {
						"0.0": [-78.22239, -12.67673, 1.62135],
						"0.28": [-78.22239, -12.67673, 1.62135],
						"0.56": [-78.09542, -15.12355, 1.09292]
					}
				},
				"lowerlarm": {
					"rotation": {
						"0.0": [-2.36411, 27.31622, 83.31806],
						"0.28": [-2.36411, 27.31622, 83.31806],
						"0.56": [-2.36411, 27.31622, 83.31806]
					}
				},
				"rightArm": {
					"rotation": {
						"0.0": [33.72062, 2.26052, 1.67437],
						"0.28": [13.2845, -9.2792, 1.94615],
						"0.56": [33.72062, 2.26052, 1.67437]
					}
				},
				"lowerrarm": {
					"rotation": {
						"0.0": [-45, 0, 0],
						"0.28": [-37.5, 0, 0],
						"0.56": [-45, 0, 0]
					}
				},
				"rightItem": {
					"position": {
						"0.0": [0, 0, -9],
						"0.56": [0, 0, -9]
					}
				},
				"trail_lance": {
					"scale": 0
				},
				"root": {
					"rotation": ["variable.is_first_person ? (math.cos(query.life_time * 100.0) * 0.200) + 0.200 : 0", "variable.is_first_person ? 180 : 0", 0],
					"position": {
						"0.0": ["variable.is_first_person ? 2 : 0", "variable.is_first_person ? -5 : -2", "variable.is_first_person ? 12 : 0"],
						"0.12": ["variable.is_first_person ? 2 : 0", "variable.is_first_person ? -3 : 0", "variable.is_first_person ? 12 : 0"],
						"0.28": ["variable.is_first_person ? 2 : 0", "variable.is_first_person ? -5 : -2", "variable.is_first_person ? 12 : 0"],
						"0.4": ["variable.is_first_person ? 2 : 0", "variable.is_first_person ? -3 : 0", "variable.is_first_person ? 12 : 0"],
						"0.56": ["variable.is_first_person ? 2 : 0", "variable.is_first_person ? -5 : -2", "variable.is_first_person ? 12 : 0"]
					}
				},
				"lance_back_main": {
					"scale": 0
				}
			}
		}
	}
}