{
	"format_version": "1.8.0",
	"animations": {
		"animation.longsword_shield.blocking": {
			"loop": true,
			"override_previous_animation": true,
			"bones": {
				"root": {
					"rotation": ["variable.is_first_person ? (math.cos(query.life_time * 100.0) * 0.200) + 0.200 : 0", "variable.is_first_person ? 192.5 : 12.5", 0],
					"position": ["variable.is_first_person ? 2 : 0", "variable.is_first_person ? -4 : -1", "variable.is_first_person ? 12 : 0"]
				},
				"leftleg": {
					"rotation": [-30, 0, -5]
				},
				"lowerlleg": {
					"rotation": [25, 0, 0]
				},
				"rightleg": {
					"rotation": [10.08378, -9.71722, 8.32945]
				},
				"lowerrleg": {
					"rotation": [7.5, 0, 0]
				},
				"waist": {
					"rotation": [7.74315, 17.43395, 1.02321]
				},
				"leftArm": {
					"rotation": [-57.66039, -17.82841, 12.12681]
				},
				"lowerlarm": {
					"rotation": [0, 45, 67.5]
				},
				"rightArm": {
					"rotation": [34.31579, -7.44246, 22.14732]
				},
				"lowerrarm": {
					"rotation": [-27.5, 0, 0]
				},
				"leftitem": {
					"scale": 1
				}
			}
		},
		"animation.longsword_shield.base_pose": {
			"loop": true,
			"override_previous_animation": true,
			"bones": {
				"root": {
					"rotation": ["variable.is_first_person ? (math.cos(query.life_time * 100.0) * 0.200) + 0.200 : 0", "variable.is_first_person ? 180 : 0", 0],
					"position": ["variable.is_first_person ? 2 : 0", "variable.is_first_person ? -3 : 0", "variable.is_first_person ? 12 : 0"]
				},
				"leftleg": {
					"rotation": [-7.51153, -2.4407, -4.45857]
				},
				"lowerlleg": {
					"rotation": [7.5, 0, 0]
				},
				"rightleg": {
					"rotation": [-4.85107, 2.73775, 7.26542]
				},
				"lowerrleg": {
					"rotation": [7.5, 0, 0]
				},
				"waist": {
					"rotation": [2.42591, 7.54001, -0.54815]
				},
				"leftArm": {
					"rotation": [-16.67167, 26.24466, -21.60577]
				},
				"rightArm": {
					"rotation": [15.03866, -1.09985, 11.48201]
				},
				"lowerrarm": {
					"rotation": [-5, 0, 0]
				},
				"leftitem": {
					"scale": 1
				}
			}
		},
		"animation.longsword_shield.attack_slash_left": {
			"loop": "hold_on_last_frame",
			"animation_length": 1.7,
			"override_previous_animation": true,
			"bones": {
				"root": {
					"rotation": {
						"0.0": ["variable.is_first_person ? (math.cos(query.life_time * 100.0) * 0.200) + 0.200 : 0", "variable.is_first_person ? 180 : 0", 0],
						"0.3": ["variable.is_first_person ? (math.cos(query.life_time * 100.0) * 0.200) + 0.200 : 0", "variable.is_first_person ? 145 : -35", 0],
						"0.5": ["variable.is_first_person ? (math.cos(query.life_time * 100.0) * 0.200) + 0.200 : 0", "variable.is_first_person ? 192.5 : 12.5", 0],
						"0.9": ["variable.is_first_person ? (math.cos(query.life_time * 100.0) * 0.200) + 0.200 : 0", "variable.is_first_person ? 192.5 : 12.5", 0],
						"1.3": ["variable.is_first_person ? (math.cos(query.life_time * 100.0) * 0.200) + 0.200 : 0", "variable.is_first_person ? 180 : 0", 0]
					},
					"position": {
						"0.0": ["variable.is_first_person ? 2 : 0", "variable.is_first_person ? -3 : 0", "variable.is_first_person ? 12 : 0"],
						"0.3": ["variable.is_first_person ? 2 : 0", "variable.is_first_person ? -4 : -1", "variable.is_first_person ? 12 : 0"],
						"0.5": ["variable.is_first_person ? 2 : 0", "variable.is_first_person ? -4 : -1", "variable.is_first_person ? 12 : -3"],
						"0.9": ["variable.is_first_person ? 2 : 0", "variable.is_first_person ? -4 : -1", "variable.is_first_person ? 12 : -3"],
						"1.3": ["variable.is_first_person ? 2 : 0", "variable.is_first_person ? -3 : 0", "variable.is_first_person ? 12 : 0"]
					}
				},
				"leftleg": {
					"rotation": {
						"0.0": [-7.51153, -2.4407, -4.45857],
						"0.2": [24.98847, -2.4407, -4.45857],
						"0.3": [25.99458, 22.14979, -3.77064],
						"0.4": [-98.25847, 9.85455, -4.11461],
						"0.5": [-37.51153, -2.4407, -4.45857],
						"0.9": [-37.51153, -2.4407, -4.45857],
						"1.3": [-7.51153, -2.4407, -4.45857]
					}
				},
				"lowerlleg": {
					"rotation": {
						"0.0": [7.5, 0, 0],
						"0.3": [7.5, 0, 0],
						"0.4": [85, 0, 0],
						"0.5": [37.5, 0, 0],
						"0.9": [37.5, 0, 0],
						"1.3": [7.5, 0, 0]
					}
				},
				"rightleg": {
					"rotation": {
						"0.0": [-4.85107, 2.73775, 7.26542],
						"0.2": [-29.66387, 0.5736, 4.03753],
						"0.3": [-27.62668, 28.69591, 8.669],
						"0.5": [15.33613, 0.5736, 4.03753],
						"0.9": [15.33613, 0.5736, 4.03753],
						"1.3": [-4.85107, 2.73775, 7.26542]
					}
				},
				"lowerrleg": {
					"rotation": {
						"0.0": [7.5, 0, 0],
						"0.2": [27.5, 0, 0],
						"0.3": [27.5, 0, 0],
						"1.3": [7.5, 0, 0]
					}
				},
				"waist": {
					"rotation": {
						"0.0": [2.42591, 7.54001, -0.54815],
						"0.2": [22.82896, -54.77179, -5.78493],
						"0.3": [22.82896, -54.77179, -5.78493],
						"0.5": [18.49383, 24.47879, -6.9143],
						"0.9": [18.49383, 24.47879, -6.9143],
						"1.3": [2.42591, 7.54001, -0.54815]
					}
				},
				"leftArm": {
					"rotation": {
						"0.0": [-16.67167, 26.24466, -21.60577],
						"0.2": [43.32833, 26.24466, -21.60577],
						"0.3": [43.32833, 26.24466, -21.60577],
						"0.5": [-11.25915, 28.61504, -20.71048],
						"0.9": [-11.25915, 28.61504, -20.71048],
						"1.3": [-16.67167, 26.24466, -21.60577]
					}
				},
				"rightArm": {
					"rotation": {
						"0.0": [15.03866, -1.09985, 11.48201],
						"0.2": [-83.5146, -2.92076, 57.67151],
						"0.3": [-84.06737, 8.43343, 68.91639],
						"0.5": [32.82997, 4.32406, 86.55173],
						"0.9": [32.82997, 4.32406, 86.55173],
						"1.3": [15.03866, -1.09985, 11.48201]
					}
				},
				"lowerrarm": {
					"rotation": {
						"0.0": [-5, 0, 0],
						"0.2": [-30, 0, 0],
						"0.3": [-30, 0, 0],
						"0.5": [-5, 0, 0],
						"0.9": [-5, 0, 0],
						"1.3": [-5, 0, 0]
					}
				},
				"lowerlarm": {
					"rotation": {
						"0.1": [-30, 0, 0],
						"0.2": [-50, 0, 0],
						"0.3": [-50, 0, 0],
						"0.5": [-25, 0, 0]
					}
				},
				"leftitem": {
					"scale": 1
				}
			}
		},
		"animation.longsword_shield.attack_slash_right": {
			"loop": "hold_on_last_frame",
			"animation_length": 1.7,
			"override_previous_animation": true,
			"bones": {
				"root": {
					"rotation": {
						"0.0": ["variable.is_first_person ? (math.cos(query.life_time * 100.0) * 0.200) + 0.200 : 0", "variable.is_first_person ? 192.5 : 12.5", 0],
						"0.5": ["variable.is_first_person ? (math.cos(query.life_time * 100.0) * 0.200) + 0.200 : 0", "variable.is_first_person ? 162.5 : -17.5", 0],
						"0.9": ["variable.is_first_person ? (math.cos(query.life_time * 100.0) * 0.200) + 0.200 : 0", "variable.is_first_person ? 162.5 : -17.5", 0],
						"1.3": ["variable.is_first_person ? (math.cos(query.life_time * 100.0) * 0.200) + 0.200 : 0", "variable.is_first_person ? 180 : 0", 0]
					},
					"position": {
						"0.0": ["variable.is_first_person ? 2 : 0", "variable.is_first_person ? -4 : -1", "variable.is_first_person ? 12 : 0"],
						"0.2": ["variable.is_first_person ? 2 : 0", "variable.is_first_person ? -3 : 0", "variable.is_first_person ? 12 : 0"],
						"0.5": ["variable.is_first_person ? 2 : 0", "variable.is_first_person ? -4 : -1", "variable.is_first_person ? 12 : -3"],
						"0.9": ["variable.is_first_person ? 2 : 0", "variable.is_first_person ? -4 : -1", "variable.is_first_person ? 12 : -3"],
						"1.3": ["variable.is_first_person ? 2 : 0", "variable.is_first_person ? -3 : 0", "variable.is_first_person ? 12 : 0"]
					}
				},
				"leftleg": {
					"rotation": {
						"0.0": [-37.51153, -2.4407, -4.45857],
						"0.2": [-7.51153, -2.4407, -4.45857],
						"0.3": [-17.51153, -2.4407, -4.45857],
						"0.5": [16.40931, 25.06412, -8.40621],
						"0.9": [16.40931, 25.06412, -8.40621],
						"1.3": [-7.51153, -2.4407, -4.45857]
					}
				},
				"lowerlleg": {
					"rotation": {
						"0.0": [37.5, 0, 0],
						"0.2": [5, 0, 0],
						"0.3": [22.5, 0, 0],
						"0.9": [22.5, 0, 0],
						"1.3": [7.5, 0, 0]
					}
				},
				"rightleg": {
					"rotation": {
						"0.0": [15.33613, 0.5736, 4.03753],
						"0.2": [5.33613, 0.5736, 4.03753],
						"0.3": [10.33613, 0.5736, 4.03753],
						"0.4": [-73.99858, 8.86964, 5.13419],
						"0.5": [-30.83329, 17.16567, 6.23084],
						"0.9": [-30.83329, 17.16567, 6.23084],
						"1.3": [-4.85107, 2.73775, 7.26542]
					}
				},
				"lowerrleg": {
					"rotation": {
						"0.0": [7.5, 0, 0],
						"0.4": [75, 0, 0],
						"0.5": [32.5, 0, 0],
						"0.9": [32.5, 0, 0],
						"1.3": [7.5, 0, 0]
					}
				},
				"waist": {
					"rotation": {
						"0.0": [18.49383, 24.47879, -6.9143],
						"0.2": [-4.42241, 34.45196, -7.75728],
						"0.3": [-19.42241, 34.45196, -7.75728],
						"0.5": [48.21031, -45.63498, -18.33137],
						"0.9": [48.21031, -45.63498, -18.33137],
						"1.3": [2.42591, 7.54001, -0.54815]
					}
				},
				"leftArm": {
					"rotation": {
						"0.0": [-11.25915, 28.61504, -20.71048],
						"0.3": [13.74085, 28.61504, -20.71048],
						"0.5": [11.93196, -2.41456, -7.45048],
						"0.9": [11.93196, -2.41456, -7.45048],
						"1.3": [-16.67167, 26.24466, -21.60577]
					}
				},
				"rightArm": {
					"rotation": {
						"0.0": [32.82997, 4.32406, 86.55173],
						"0.2": [-167.43359, -34.21811, 1.48093],
						"0.3": [-149.10657, -18.38105, -27.08523],
						"0.5": [-42.2168, -3.78379, -55.66777],
						"0.9": [-42.2168, -3.78379, -55.66777],
						"1.3": [15.03866, -1.09985, 11.48201]
					}
				},
				"lowerrarm": {
					"rotation": {
						"0.0": [-5, 0, 0],
						"0.2": [-52.5, 0, 0],
						"0.3": [-57.5, 0, 0],
						"0.5": [-10, 0, 0],
						"0.9": [-10, 0, 0],
						"1.3": [-5, 0, 0]
					}
				},
				"lowerlarm": {
					"rotation": {
						"0.0": [-25, 0, 0],
						"0.3": [-12.5, 0, 0],
						"0.5": [-45, 0, 0],
						"0.9": [-45, 0, 0]
					}
				},
				"leftitem": {
					"scale": 1
				}
			}
		},
		"animation.longsword_shield.attack_shield_bash": {
			"loop": "hold_on_last_frame",
			"animation_length": 1.7,
			"override_previous_animation": true,
			"bones": {
				"root": {
					"rotation": {
						"0.0": ["variable.is_first_person ? (math.cos(query.life_time * 100.0) * 0.200) + 0.200 : 0", "variable.is_first_person ? 162.5 : -17.5", 0],
						"0.3": ["variable.is_first_person ? (math.cos(query.life_time * 100.0) * 0.200) + 0.200 : 0", "variable.is_first_person ? 180 : 0", 0],
						"1.6": ["variable.is_first_person ? (math.cos(query.life_time * 100.0) * 0.200) + 0.200 : 0", "variable.is_first_person ? 180 : 0", 0]
					},
					"position": {
						"0.0": ["variable.is_first_person ? 2 : 0", "variable.is_first_person ? -4 : -1", "variable.is_first_person ? 12 : -3"],
						"0.2": ["variable.is_first_person ? 2 : 0", "variable.is_first_person ? -4 : -1", "variable.is_first_person ? 12 : 0"],
						"0.3": ["variable.is_first_person ? 2 : 0", "variable.is_first_person ? -6 : -3", "variable.is_first_person ? 12 : 0"],
						"0.5": ["variable.is_first_person ? 2 : 0", "variable.is_first_person ? -4 : -1", "variable.is_first_person ? 12 : -16"],
						"0.8": ["variable.is_first_person ? 2 : 0", "variable.is_first_person ? -4 : -1", "variable.is_first_person ? 12 : -20"],
						"1.6": ["variable.is_first_person ? 2 : 0", "variable.is_first_person ? -3 : 0", "variable.is_first_person ? 12 : 0"]
					}
				},
				"leftleg": {
					"rotation": {
						"0.0": [16.40931, 25.06412, -8.40621],
						"0.3": [-55.72361, 11.49119, -15.15246],
						"0.5": [-17.1812, 16.3903, -0.5372],
						"0.8": [-17.1812, 16.3903, -0.5372],
						"1.6": [-7.51153, -2.4407, -4.45857]
					}
				},
				"lowerlleg": {
					"rotation": {
						"0.0": [22.5, 0, 0],
						"0.3": [60, 0, 0],
						"0.5": [25, 0, 0],
						"0.8": [25, 0, 0],
						"1.6": [7.5, 0, 0]
					}
				},
				"rightleg": {
					"rotation": {
						"0.0": [-30.83329, 17.16567, 6.23084],
						"0.3": [6.66671, 17.16567, 6.23084],
						"0.5": [34.54628, -3.89463, 5.08666],
						"0.8": [34.54628, -3.89463, 5.08666],
						"1.6": [-4.85107, 2.73775, 7.26542]
					}
				},
				"lowerrleg": {
					"rotation": {
						"0.0": [32.5, 0, 0],
						"0.3": [52.5, 0, 0],
						"0.5": [7.5, 0, 0],
						"0.8": [7.5, 0, 0],
						"1.6": [7.5, 0, 0]
					}
				},
				"waist": {
					"rotation": {
						"0.0": [48.21031, -45.63498, -18.33137],
						"0.2": [31.28056, 5.40951, 3.09966],
						"0.3": [36.01192, 28.45646, 18.92473],
						"0.8": [36.01192, 28.45646, 18.92473],
						"1.6": [2.42591, 7.54001, -0.54815]
					}
				},
				"leftArm": {
					"rotation": {
						"0.0": [11.93196, -2.41456, -7.45048],
						"0.2": [-62.60293, 55.08928, -66.58215],
						"0.3": [-64.82244, 40.2804, -51.25318],
						"0.8": [-64.82244, 40.2804, -51.25318],
						"1.6": [-16.67167, 26.24466, -21.60577]
					}
				},
				"rightArm": {
					"rotation": {
						"0.0": [-42.2168, -3.78379, -55.66777],
						"0.2": [-26.47992, 34.3499, -2.94733],
						"0.3": [35.43796, 13.3089, 18.15941],
						"1.6": [15.03866, -1.09985, 11.48201]
					}
				},
				"lowerrarm": {
					"rotation": {
						"0.0": [-10, 0, 0],
						"0.3": [-45, 0, 0],
						"1.6": [-5, 0, 0]
					}
				},
				"lowerlarm": {
					"rotation": {
						"0.0": [-45, 0, 0],
						"0.3": [-65, 0, 0],
						"0.8": [-65, 0, 0]
					}
				},
				"leftitem": {
					"scale": 1
				}
			}
		},
		"animation.longsword_shield.attack_shield_basher": {
			"loop": "hold_on_last_frame",
			"animation_length": 1.7,
			"override_previous_animation": true,
			"bones": {
				"root": {
					"rotation": {
						"0.0": ["variable.is_first_person ? (math.cos(query.life_time * 100.0) * 0.200) + 0.200 : 0", "variable.is_first_person ? 162.5 : -17.5", 0],
						"0.3": ["variable.is_first_person ? (math.cos(query.life_time * 100.0) * 0.200) + 0.200 : 0", "variable.is_first_person ? 180 : 0", 0],
						"1.6": ["variable.is_first_person ? (math.cos(query.life_time * 100.0) * 0.200) + 0.200 : 0", "variable.is_first_person ? 180 : 0", 0]
					},
					"position": {
						"0.0": ["variable.is_first_person ? 2 : 0", "variable.is_first_person ? -4 : -1", "variable.is_first_person ? 12 : -3"],
						"0.2": ["variable.is_first_person ? 2 : 0", "variable.is_first_person ? -4 : -1", "variable.is_first_person ? 12 : 0"],
						"0.3": ["variable.is_first_person ? 2 : 0", "variable.is_first_person ? -6 : -3", "variable.is_first_person ? 12 : 0"],
						"0.5": ["variable.is_first_person ? 2 : 0", "variable.is_first_person ? -4 : -1", "variable.is_first_person ? 12 : -16"],
						"0.8": ["variable.is_first_person ? 2 : 0", "variable.is_first_person ? -4 : -1", "variable.is_first_person ? 12 : -20"],
						"1.6": ["variable.is_first_person ? 2 : 0", "variable.is_first_person ? -3 : 0", "variable.is_first_person ? 12 : 0"]
					}
				},
				"leftleg": {
					"rotation": {
						"0.0": [16.40931, 25.06412, -8.40621],
						"0.3": [-55.72361, 11.49119, -15.15246],
						"0.5": [-17.1812, 16.3903, -0.5372],
						"0.8": [-17.1812, 16.3903, -0.5372],
						"1.0": [35.23622, 11.68255, -1.51754],
						"1.6": [-7.51153, -2.4407, -4.45857]
					}
				},
				"lowerlleg": {
					"rotation": {
						"0.0": [22.5, 0, 0],
						"0.3": [60, 0, 0],
						"0.5": [25, 0, 0],
						"0.8": [25, 0, 0],
						"1.6": [7.5, 0, 0]
					}
				},
				"rightleg": {
					"rotation": {
						"0.0": [-30.83329, 17.16567, 6.23084],
						"0.3": [6.66671, 17.16567, 6.23084],
						"0.5": [34.54628, -3.89463, 5.08666],
						"0.8": [34.54628, -3.89463, 5.08666],
						"1.0": [-15.30306, -2.23653, 5.63135],
						"1.6": [-4.85107, 2.73775, 7.26542]
					}
				},
				"lowerrleg": {
					"rotation": {
						"0.0": [32.5, 0, 0],
						"0.3": [52.5, 0, 0],
						"0.5": [7.5, 0, 0],
						"0.8": [7.5, 0, 0],
						"1.0": [17.5, 0, 0],
						"1.6": [7.5, 0, 0]
					}
				},
				"waist": {
					"rotation": {
						"0.0": [48.21031, -45.63498, -18.33137],
						"0.2": [31.28056, 5.40951, 3.09966],
						"0.3": [36.01192, 28.45646, 18.92473],
						"0.8": [36.01192, 28.45646, 18.92473],
						"1.0": [17.83213, -16.21221, -2.15549],
						"1.6": [2.42591, 7.54001, -0.54815]
					}
				},
				"leftArm": {
					"rotation": {
						"0.0": [11.93196, -2.41456, -7.45048],
						"0.2": [-62.60293, 55.08928, -66.58215],
						"0.3": [-64.82244, 40.2804, -51.25318],
						"0.8": [-64.82244, 40.2804, -51.25318],
						"1.0": [-37.19183, -65.63092, -7.13767],
						"1.6": [-16.67167, 26.24466, -21.60577]
					}
				},
				"rightArm": {
					"rotation": {
						"0.0": [-42.2168, -3.78379, -55.66777],
						"0.2": [-26.47992, 34.3499, -2.94733],
						"0.3": [35.43796, 13.3089, 18.15941],
						"1.6": [15.03866, -1.09985, 11.48201]
					}
				},
				"lowerrarm": {
					"rotation": {
						"0.0": [-10, 0, 0],
						"0.3": [-45, 0, 0],
						"1.6": [-5, 0, 0]
					}
				},
				"lowerlarm": {
					"rotation": {
						"0.0": [-45, 0, 0],
						"0.3": [-65, 0, 0],
						"0.8": [-65, 0, 0]
					}
				},
				"leftitem": {
					"scale": 1
				}
			}
		},
		"animation.longsword_shield.sneak": {
			"loop": true,
			"override_previous_animation": true,
			"bones": {
				"root": {
					"rotation": ["variable.is_first_person ? (math.cos(query.life_time * 100.0) * 0.200) + 0.200 : 0", "variable.is_first_person ? 180 : 0", 0],
					"position": ["variable.is_first_person ? 2 : 0", "variable.is_first_person ? -8 : -5", "variable.is_first_person ? 12 : 0"]
				},
				"leftleg": {
					"rotation": [10, 0, -2.5]
				},
				"lowerlleg": {
					"rotation": [75, 0, 0]
				},
				"rightleg": {
					"rotation": [-79.99294, 0.32621, 2.47864]
				},
				"lowerrleg": {
					"rotation": [80, 0, 0]
				},
				"waist": {
					"rotation": [12.67995, 12.39135, 1.6575]
				},
				"leftArm": {
					"rotation": [-9.5463, 15.3917, -11.72676]
				},
				"lowerlarm": {
					"rotation": [-7.5, 0, 0]
				},
				"rightArm": {
					"rotation": [53.55707, 25.28286, 22.93074]
				},
				"lowerrarm": {
					"rotation": [-30, 0, 0]
				},
				"rightItem": {
					"position": [0, 0, -1]
				},
				"trail_lance": {
					"scale": 0
				},
				"leftitem": {
					"scale": 1
				}
			}
		},
		"animation.longsword_shield.sneak_move": {
			"loop": true,
			"animation_length": 1.04,
			"override_previous_animation": true,
			"bones": {
				"root": {
					"rotation": ["variable.is_first_person ? (math.cos(query.life_time * 100.0) * 0.200) + 0.200 : 0", "variable.is_first_person ? 177.5 : -2.5", -2.5],
					"position": {
						"0.0": ["variable.is_first_person ? 2 : 0", "variable.is_first_person ? -7 : -4", "variable.is_first_person ? 12 : 0"],
						"0.24": ["variable.is_first_person ? 2 : 0", "variable.is_first_person ? -8 : -5", "variable.is_first_person ? 12 : 0"],
						"0.52": ["variable.is_first_person ? 2 : 0", "variable.is_first_person ? -7 : -4", "variable.is_first_person ? 12 : 0"],
						"0.8": ["variable.is_first_person ? 2 : 0", "variable.is_first_person ? -9 : -6", "variable.is_first_person ? 12 : 0"],
						"1.04": ["variable.is_first_person ? 2 : 0", "variable.is_first_person ? -7 : -4", "variable.is_first_person ? 12 : 0"]
					}
				},
				"leftleg": {
					"rotation": {
						"0.0": [-74.9299, 1.70818, -0.30014],
						"0.52": [-2.4299, 1.70818, -0.30014],
						"0.8": [-111.26229, 1.23927, 0.51927],
						"1.04": [-74.9299, 1.70818, -0.30014]
					}
				},
				"lowerlleg": {
					"rotation": {
						"0.0": [72.5, 0, 0],
						"0.24": [118.46, 0, 0],
						"0.52": [80, 0, 0],
						"0.8": [100.96, 0, 0],
						"1.04": [72.5, 0, 0]
					}
				},
				"rightleg": {
					"rotation": {
						"0.0": [-0.14068, -2.24944, 7.15656],
						"0.24": [-98.33018, 0.42156, 5.28399],
						"0.52": [-77.46793, 3.53773, 3.09932],
						"0.8": [-25.83018, 0.42156, 5.28399],
						"1.04": [-0.14068, -2.24944, 7.15656]
					}
				},
				"lowerrleg": {
					"rotation": {
						"0.0": [77.5, 0, 0],
						"0.24": [100, 0, 0],
						"0.52": [72.5, 0, 0],
						"0.8": [112.69, 0, 0],
						"1.04": [77.5, 0, 0]
					}
				},
				"waist": {
					"rotation": {
						"0.0": [31.95998, -1.53466, 5.35548],
						"0.52": [32.09877, 12.23033, 2.15886],
						"1.04": [31.95998, -1.53466, 5.35548]
					}
				},
				"leftArm": {
					"rotation": {
						"0.0": [-14.04108, 29.56942, -19.11711],
						"0.52": [-14.04108, 29.56942, -19.11711],
						"1.04": [-14.04108, 29.56942, -19.11711]
					}
				},
				"lowerlarm": {
					"rotation": {
						"0.0": [-22.5, 0, 0],
						"0.52": [-35, 0, 0],
						"1.04": [-22.5, 0, 0]
					}
				},
				"rightArm": {
					"rotation": {
						"0.0": [-16.65881, 8.06179, 29.35691],
						"0.52": [14.69322, -3.47471, 16.09595],
						"1.04": [-16.65881, 8.06179, 29.35691]
					}
				},
				"lowerrarm": {
					"rotation": [-37.5, 0, 0]
				},
				"rightItem": {
					"position": [0, 0, -1]
				},
				"trail_lance": {
					"scale": 0
				},
				"leftitem": {
					"scale": 1
				}
			}
		},
		"animation.longsword_shield.walk": {
			"loop": true,
			"animation_length": 1.04,
			"override_previous_animation": true,
			"bones": {
				"root": {
					"rotation": ["variable.is_first_person ? (math.cos(query.life_time * 100.0) * 0.200) + 0.200 : 0", "variable.is_first_person ? 180 : 0", 0],
					"position": {
						"0.0": ["variable.is_first_person ? 2 : 0", "variable.is_first_person ? -5 : -2", "variable.is_first_person ? 12 : 0"],
						"0.2": ["variable.is_first_person ? 2 : 0", "variable.is_first_person ? -3 : 0", "variable.is_first_person ? 12 : 0"],
						"0.36": ["variable.is_first_person ? 2 : 0", "variable.is_first_person ? -4 : -1", "variable.is_first_person ? 12 : 0"],
						"0.52": ["variable.is_first_person ? 2 : 0", "variable.is_first_person ? -5 : -2", "variable.is_first_person ? 12 : 0"],
						"0.72": ["variable.is_first_person ? 2 : 0", "variable.is_first_person ? -3 : 0", "variable.is_first_person ? 12 : 0"],
						"1.04": ["variable.is_first_person ? 2 : 0", "variable.is_first_person ? -5 : -2", "variable.is_first_person ? 12 : 0"]
					}
				},
				"leftleg": {
					"rotation": {
						"0.0": [-42.5, 0, 0],
						"0.2": [-1.73, 0, 0],
						"0.36": [22.88, 0, 0],
						"0.52": [40, 0, 0],
						"0.72": [5.81, 0, 0],
						"0.88": [-86.54, 0, 0],
						"1.04": [-42.5, 0, 0]
					}
				},
				"lowerlleg": {
					"rotation": {
						"0.0": [40, 0, 0],
						"0.2": [2.12, 0, 0],
						"0.36": [3.56, 0, 0],
						"0.52": [12.5, 0, 0],
						"0.72": [72.88, 0, 0],
						"0.88": [91.44, 0, 0],
						"1.04": [40, 0, 0]
					}
				},
				"rightleg": {
					"rotation": {
						"0.0": [32.5, 0, 0],
						"0.2": [0.58, 0, 0],
						"0.36": [-78.46, 0, 0],
						"0.52": [-45, 0, 0],
						"0.72": [-0.19, 0, 0],
						"1.04": [32.5, 0, 0]
					}
				},
				"lowerrleg": {
					"rotation": {
						"0.0": [0, 0, 0],
						"0.2": [87.31, 0, 0],
						"0.36": [82.41, 0, 0],
						"0.52": [47.5, 0, 0],
						"0.72": [1.73, 0, 0],
						"1.04": [0, 0, 0]
					}
				},
				"waist": {
					"rotation": {
						"0.0": [2.18386, 2.34481, 4.22177],
						"0.52": [2.31214, 7.64297, -3.05851],
						"1.04": [2.18386, 2.34481, 4.22177]
					}
				},
				"leftArm": {
					"rotation": {
						"0.0": [14.50683, 14.30487, -13.57685],
						"0.52": [-25.45304, 33.40624, -24.17676],
						"1.04": [14.50683, 14.30487, -13.57685]
					}
				},
				"lowerlarm": {
					"rotation": {
						"0.0": [-22.5, 0, 0],
						"0.52": [-27.5, 0, 0],
						"1.04": [-22.5, 0, 0]
					}
				},
				"rightArm": {
					"rotation": {
						"0.0": [-2.7378, -16.16947, 20.72079],
						"0.52": [25.03866, -1.09985, 11.48201],
						"1.04": [-2.7378, -16.16947, 20.72079]
					}
				},
				"lowerrarm": {
					"rotation": {
						"0.0": [-22.5, 0, 0],
						"0.52": [-20, 0, 0],
						"1.04": [-22.5, 0, 0]
					}
				},
				"leftitem": {
					"scale": 1
				}
			}
		},
		"animation.longsword_shield.sprint": {
			"loop": true,
			"animation_length": 0.64,
			"override_previous_animation": true,
			"bones": {
				"root": {
					"rotation": {
						"0.0": ["variable.is_first_person ? (math.cos(query.life_time * 100.0) * 0.200) + 0.200 + 7.5 : 7.5", "variable.is_first_person ? 180 : 0", 0],
						"0.32": ["variable.is_first_person ? (math.cos(query.life_time * 100.0) * 0.200) + 0.200 + 17.5 : 17.5", "variable.is_first_person ? 180 : 0", 0],
						"0.64": ["variable.is_first_person ? (math.cos(query.life_time * 100.0) * 0.200) + 0.200 + 7.5 : 7.5", "variable.is_first_person ? 180 : 0", 0]
					},
					"position": {
						"0.0": ["variable.is_first_person ? 2 : 0", "variable.is_first_person ? -5 : -2", "variable.is_first_person ? 12 : 0"],
						"0.16": ["variable.is_first_person ? 2 : 0", "variable.is_first_person ? -2 : 1", "variable.is_first_person ? 12 : 0"],
						"0.32": ["variable.is_first_person ? 2 : 0", "variable.is_first_person ? -5 : -2", "variable.is_first_person ? 12 : 0"],
						"0.48": ["variable.is_first_person ? 2 : 0", "variable.is_first_person ? -3 : 0", "variable.is_first_person ? 12 : 0"],
						"0.64": ["variable.is_first_person ? 2 : 0", "variable.is_first_person ? -5 : -2", "variable.is_first_person ? 12 : 0"]
					}
				},
				"leftleg": {
					"rotation": {
						"0.0": [-50, 0, 0],
						"0.16": [41.54, 0, 0],
						"0.32": [17.5, 0, 0],
						"0.48": [-91.97, 0, 0],
						"0.64": [-50, 0, 0]
					}
				},
				"lowerlleg": {
					"rotation": {
						"0.0": [45, 0, 0],
						"0.16": [0.96, 0, 0],
						"0.32": [55, 0, 0],
						"0.48": [102.93, 0, 0],
						"0.64": [45, 0, 0]
					}
				},
				"rightleg": {
					"rotation": {
						"0.0": [30, 0, 0],
						"0.16": [-83.75, 0, 0],
						"0.32": [-57.5, 0, 0],
						"0.48": [38.75, 0, 0],
						"0.64": [30, 0, 0]
					}
				},
				"lowerrleg": {
					"rotation": {
						"0.0": [75, 0, 0],
						"0.16": [85.58, 0, 0],
						"0.32": [40, 0, 0],
						"0.48": [0.96, 0, 0],
						"0.64": [75, 0, 0]
					}
				},
				"waist": {
					"rotation": {
						"0.0": [8.51947, 29.80954, 2.94919],
						"0.32": [-4.39438, 32.32251, 2.10167],
						"0.64": [8.51947, 29.80954, 2.94919]
					}
				},
				"leftArm": {
					"rotation": {
						"0.0": [-57.66039, -17.82841, 12.12681],
						"0.32": [-57.66039, -17.82841, 12.12681],
						"0.64": [-57.66039, -17.82841, 12.12681]
					}
				},
				"lowerlarm": {
					"rotation": {
						"0.0": [0, 45, 67.5],
						"0.32": [0, 45, 67.5],
						"0.64": [0, 45, 67.5]
					}
				},
				"rightArm": {
					"rotation": {
						"0.0": [29.96419, -8.33644, 42.39901],
						"0.32": [33.97837, -6.72994, 54.8808],
						"0.64": [29.96419, -8.33644, 42.39901]
					}
				},
				"lowerrarm": {
					"rotation": {
						"0.0": [-27.5, 0, 0],
						"0.32": [-42.5, 0, 0],
						"0.64": [-27.5, 0, 0]
					}
				},
				"rightItem": {
					"rotation": [15, 0, 0]
				},
				"leftitem": {
					"scale": 1
				}
			}
		},
		"animation.longsword_shield.land": {
			"loop": "hold_on_last_frame",
			"animation_length": 0.36,
			"override_previous_animation": true,
			"bones": {
				"leftleg": {
					"rotation": {
						"0.0": [-84.78974, -4.77628, -5.71489],
						"0.36": [-7.51153, -2.4407, -4.45857]
					}
				},
				"lowerlleg": {
					"rotation": {
						"0.0": [92.5, 0, 0],
						"0.36": [7.5, 0, 0]
					}
				},
				"rightleg": {
					"rotation": {
						"0.0": [-84.18208, 35.70811, 1.42648],
						"0.36": [-4.85107, 2.73775, 7.26542]
					}
				},
				"lowerrleg": {
					"rotation": {
						"0.0": [97.5, 0, 0],
						"0.36": [7.5, 0, 0]
					}
				},
				"waist": {
					"rotation": {
						"0.0": [7.97532, 19.82169, 2.71994],
						"0.36": [2.42591, 7.54001, -0.54815]
					}
				},
				"leftArm": {
					"rotation": {
						"0.0": [-2.49527, -0.21782, -2.4905],
						"0.36": [-16.67167, 26.24466, -21.60577]
					}
				},
				"lowerlarm": {
					"rotation": {
						"0.0": [-7.5, 0, 0],
						"0.36": [-10, 0, 0]
					}
				},
				"rightArm": {
					"rotation": {
						"0.0": [23.36058, -2.53807, 25.56446],
						"0.36": [15.03866, -1.09985, 11.48201]
					}
				},
				"lowerrarm": {
					"rotation": {
						"0.0": [-37.5, 0, 0],
						"0.36": [-5, 0, 0]
					}
				},
				"rightItem": {
					"position": {
						"0.0": [0, 0, -1],
						"0.36": [0, -1, -2]
					}
				},
				"trail_lance": {
					"scale": 0
				},
				"root": {
					"rotation": {
						"0.0": ["variable.is_first_person ? (math.cos(query.life_time * 100.0) * 0.200) + 0.200 : 0", "variable.is_first_person ? 180 : 0", 0],
						"0.36": ["variable.is_first_person ? (math.cos(query.life_time * 100.0) * 0.200) + 0.200 : 0", "variable.is_first_person ? 180 : 0", 0]
					},
					"position": {
						"0.0": ["variable.is_first_person ? 2 : 0", "variable.is_first_person ? -8 : -5", "variable.is_first_person ? 12 : 0"],
						"0.36": ["variable.is_first_person ? 2 : 0", "variable.is_first_person ? -3 : 0", "variable.is_first_person ? 12 : 0"]
					}
				},
				"leftitem": {
					"scale": 1
				}
			}
		},
		"animation.longsword_shield.jump": {
			"loop": "hold_on_last_frame",
			"animation_length": 0.48,
			"override_previous_animation": true,
			"bones": {
				"leftleg": {
					"rotation": {
						"0.0": [-7.51153, -2.4407, -4.45857],
						"0.16": [-84.78974, -4.77628, -5.71489],
						"0.48": [-10, 0, -2.5]
					}
				},
				"lowerlleg": {
					"rotation": {
						"0.0": [7.5, 0, 0],
						"0.16": [92.5, 0, 0],
						"0.48": [12.5, 0, 0]
					}
				},
				"rightleg": {
					"rotation": {
						"0.0": [-4.85107, 2.73775, 7.26542],
						"0.16": [-84.18208, 35.70811, 1.42648],
						"0.48": [-25.00238, -0.10901, 2.49762]
					}
				},
				"lowerrleg": {
					"rotation": {
						"0.0": [7.5, 0, 0],
						"0.16": [97.5, 0, 0],
						"0.48": [12.5, 0, 0]
					}
				},
				"waist": {
					"rotation": {
						"0.0": [2.42591, 7.54001, -0.54815],
						"0.16": [7.97532, 19.82169, 2.71994],
						"0.48": [12.51153, -2.4407, -0.54143]
					}
				},
				"leftArm": {
					"rotation": {
						"0.0": [-16.67167, 26.24466, -21.60577],
						"0.16": [-22.23155, 34.95137, 58.20465],
						"0.48": [-86.82711, 23.28142, -9.39935]
					}
				},
				"lowerlarm": {
					"rotation": {
						"0.0": [-10, 0, 0],
						"0.48": [-1.2506, 2.16489, 59.97637]
					}
				},
				"rightArm": {
					"rotation": {
						"0.0": [15.03866, -1.09985, 11.48201],
						"0.24": [41.15048, 13.99842, 65.6981],
						"0.48": [26.01283, 14.81662, 37.79333]
					}
				},
				"lowerrarm": {
					"rotation": {
						"0.0": [-5, 0, 0],
						"0.24": [-37.5, 0, 0],
						"0.48": [-12.51753, -0.85481, 2.3494]
					}
				},
				"rightItem": {
					"position": [0, -1, -2]
				},
				"trail_lance": {
					"scale": 0
				},
				"root": {
					"rotation": ["variable.is_first_person ? (math.cos(query.life_time * 100.0) * 0.200) + 0.200 : 0", "variable.is_first_person ? 180 : 0", 0],
					"position": {
						"0.0": ["variable.is_first_person ? 2 : 0", "variable.is_first_person ? -3 : 0", "variable.is_first_person ? 12 : 0"],
						"0.16": ["variable.is_first_person ? 2 : 0", "variable.is_first_person ? -8 : -5", "variable.is_first_person ? 12 : 0"],
						"0.48": ["variable.is_first_person ? 2 : 0", "variable.is_first_person ? -1 : 2", "variable.is_first_person ? 12 : 0"]
					}
				},
				"leftitem": {
					"scale": 1
				}
			}
		},
		"animation.longsword_shield.ability_guard": {
			"loop": "hold_on_last_frame",
			"animation_length": 0.72,
			"override_previous_animation": true,
			"bones": {
				"root": {
					"rotation": {
						"0.0": ["variable.is_first_person ? (math.cos(query.life_time * 100.0) * 0.200) + 0.200 : 0", "variable.is_first_person ? 180 : 0", 0],
						"0.24": ["variable.is_first_person ? (math.cos(query.life_time * 100.0) * 0.200) + 0.200 : 0", "variable.is_first_person ? 192.5 : 12.5", 0]
					},
					"position": {
						"0.0": ["variable.is_first_person ? 2 : 0", "variable.is_first_person ? -3 : 0", "variable.is_first_person ? 12 : 0"],
						"0.24": ["variable.is_first_person ? 2 : 0", "variable.is_first_person ? -4 : -1", "variable.is_first_person ? 12 : 0"]
					}
				},
				"waist": {
					"rotation": {
						"0.0": [2.42591, 7.54001, -0.54815],
						"0.24": [7.74315, 17.43395, 1.02321]
					}
				},
				"leftArm": {
					"rotation": {
						"0.0": [-16.67167, 26.24466, -21.60577],
						"0.24": [-57.66039, -17.82841, 12.12681]
					}
				},
				"lowerlarm": {
					"rotation": {
						"0.0": [0, 0, 0],
						"0.24": [0, 45, 67.5]
					}
				},
				"rightArm": {
					"rotation": {
						"0.0": [15.03866, -1.09985, 11.48201],
						"0.24": [34.31579, -7.44246, 22.14732]
					}
				},
				"lowerrarm": {
					"rotation": {
						"0.0": [-5, 0, 0],
						"0.24": [-27.5, 0, 0]
					}
				},
				"leftleg": {
					"rotation": {
						"0.0": [-7.51153, -2.4407, -4.45857],
						"0.24": [-30, 0, -5]
					}
				},
				"lowerlleg": {
					"rotation": {
						"0.0": [7.5, 0, 0],
						"0.24": [25, 0, 0]
					}
				},
				"rightleg": {
					"rotation": {
						"0.0": [-4.85107, 2.73775, 7.26542],
						"0.24": [10.08378, -9.71722, 8.32945]
					}
				},
				"lowerrleg": {
					"rotation": {
						"0.0": [7.5, 0, 0],
						"0.24": [7.5, 0, 0]
					}
				},
				"leftitem": {
					"scale": 1
				}
			}
		}
	}
}