{
	"format_version": "1.8.0",
	"animations": {
		"animation.longsword_dagger.base_pose": {
			"loop": true,
			"override_previous_animation": true,
			"bones": {
				"root": {
					"rotation": ["variable.is_first_person ? (math.cos(query.life_time * 100.0) * 0.200) + 0.200 : 0", "variable.is_first_person ? 180 : 0", 0],
					"position": ["variable.is_first_person ? 2 : 0", "variable.is_first_person ? -3 : 0", "variable.is_first_person ? 12 : 0"]
				},
				"leftleg": {
					"rotation": [4.8423, 2.55868, -7.05239]
				},
				"lowerlleg": {
					"rotation": [12.5, 0, 0]
				},
				"rightleg": {
					"rotation": [-12.43745, 1.50179, 4.76968]
				},
				"lowerrleg": {
					"rotation": [12.5, 0, 0]
				},
				"waist": {
					"rotation": [5, -22.5, 0]
				},
				"leftArm": {
					"rotation": [15.91952, 23.16724, -14.04699]
				},
				"lowerlarm": {
					"rotation": [-27.5, 0, 0]
				},
				"rightArm": {
					"rotation": [-31.25079, -21.62371, 38.84129]
				},
				"lowerrarm": {
					"rotation": [-35, 0, 0]
				},
				"leftItem": {
					"scale": 1
				},
				"trail_dagger": {
					"scale": [1, 0, 1]
				},
				"longsword_back_main": {
					"scale": 0
				},
				"dagger_sheathed2": {
					"scale": 0
				}
			}
		},
		"animation.longsword_dagger.attack_swing_right": {
			"animation_length": 0.9,
			"override_previous_animation": true,
			"bones": {
				"root": {
					"rotation": {
						"0.0": ["variable.is_first_person ? (math.cos(query.life_time * 100.0) * 0.200) + 0.200 : 0", "variable.is_first_person ? 180 : 0", 0],
						"0.4": ["variable.is_first_person ? (math.cos(query.life_time * 100.0) * 0.200) + 0.200 : 0", "variable.is_first_person ? 182.5 : 2.5", 0],
						"0.5": ["variable.is_first_person ? (math.cos(query.life_time * 100.0) * 0.200) + 0.200 : 0", "variable.is_first_person ? 147.5 : -32.5", 0]
					},
					"position": {
						"0.0": ["variable.is_first_person ? 2 : 0", "variable.is_first_person ? -3 : -1", "variable.is_first_person ? 12 : 0"],
						"0.2": ["variable.is_first_person ? 2 : 0", "variable.is_first_person ? -3 : -1", "variable.is_first_person ? 12 : 0"],
						"0.4": ["variable.is_first_person ? 2 : 0", "variable.is_first_person ? -3 : -1", "variable.is_first_person ? 12 : 0"]
					}
				},
				"leftleg": {
					"rotation": {
						"0.0": [4.8423, 2.55868, -7.05239],
						"0.2": [-17.6577, 2.55868, -7.05239],
						"0.4": [-17.6577, 2.55868, -7.05239],
						"0.5": [3.78439, 19.19771, -12.59489]
					}
				},
				"lowerlleg": {
					"rotation": [12.5, 0, 0]
				},
				"rightleg": {
					"rotation": {
						"0.0": [-12.43745, 1.50179, 4.76968],
						"0.2": [12.56255, 1.50179, 4.76968],
						"0.4": [12.56255, 1.50179, 4.76968],
						"0.5": [-10.81503, 27.45349, 5.73966]
					}
				},
				"lowerrleg": {
					"rotation": [12.5, 0, 0]
				},
				"waist": {
					"rotation": {
						"0.0": [5, -22.5, 0],
						"0.2": [0.62695, 34.79287, 5.13535],
						"0.4": [-2.00187, 39.79002, 4.92293],
						"0.5": [17.39954, -39.79086, -9.39378]
					}
				},
				"leftArm": {
					"rotation": {
						"0.0": [15.91952, 23.16724, -14.04699],
						"0.2": [15.91952, 23.16724, -14.04699],
						"0.4": [14.77956, 8.69583, -18.1653],
						"0.5": [54.77956, 8.69583, -18.1653]
					}
				},
				"lowerlarm": {
					"rotation": {
						"0.0": [-27.5, 0, 0],
						"0.5": [-47.5, 0, 0]
					}
				},
				"rightArm": {
					"rotation": {
						"0.0": [-31.25079, -21.62371, 38.84129],
						"0.2": [-193.65438, 24.40541, -85.83357],
						"0.4": [-201.15438, 24.40541, -85.83357],
						"0.5": [-57.30731, 7.52986, -80.99251]
					}
				},
				"lowerrarm": {
					"rotation": {
						"0.0": [-35, 0, 0],
						"0.2": [-57.5, 0, 0],
						"0.4": [-57.5, 0, 0],
						"0.5": [-5, 0, 0]
					}
				},
				"trail_dagger": {
					"scale": [1, 0, 1]
				},
				"leftItem": {
					"scale": 1
				},
				"longsword_back_main": {
					"scale": 0
				},
				"dagger_sheathed2": {
					"scale": 0
				}
			}
		},
		"animation.longsword_dagger.attack_slash_left": {
			"animation_length": 0.9,
			"override_previous_animation": true,
			"bones": {
				"root": {
					"rotation": {
						"0.0": ["variable.is_first_person ? (math.cos(query.life_time * 100.0) * 0.200) + 0.200 : 0", "variable.is_first_person ? 147.5 : -32.5", 0],
						"0.2": ["variable.is_first_person ? (math.cos(query.life_time * 100.0) * 0.200) + 0.200 : 0", "variable.is_first_person ? 170 : -10", 0],
						"0.4": ["variable.is_first_person ? (math.cos(query.life_time * 100.0) * 0.200) + 0.200 : 0", "variable.is_first_person ? 167.5 : -12.5", 0],
						"0.5": ["variable.is_first_person ? (math.cos(query.life_time * 100.0) * 0.200) + 0.200 : 0", "variable.is_first_person ? 187.5 : 7.5", 0]
					},
					"position": ["variable.is_first_person ? 2 : 0", "variable.is_first_person ? -3 : -1", "variable.is_first_person ? 12 : 0"]
				},
				"leftleg": {
					"rotation": {
						"0.0": [3.78439, 19.19771, -12.59489],
						"0.2": [17.3423, 2.55868, -7.05239],
						"0.4": [2.3423, 2.55868, -7.05239],
						"0.5": [-18.23611, 14.45508, -10.93996]
					}
				},
				"lowerlleg": {
					"rotation": [12.5, 0, 0]
				},
				"rightleg": {
					"rotation": {
						"0.0": [-10.81503, 27.45349, 5.73966],
						"0.2": [-14.93745, 1.50179, 4.76968],
						"0.4": [-22.43745, 1.50179, 4.76968],
						"0.5": [12.80873, 11.2589, 6.97672]
					}
				},
				"lowerrleg": {
					"rotation": [12.5, 0, 0]
				},
				"waist": {
					"rotation": {
						"0.0": [17.39954, -39.79086, -9.39378],
						"0.2": [5, -22.5, 0],
						"0.4": [-7.5, -22.5, 0],
						"0.5": [30.72166, 36.06277, 10.04071]
					}
				},
				"leftArm": {
					"rotation": {
						"0.0": [54.77956, 8.69583, -18.1653],
						"0.2": [-163.36491, -16.83845, 21.48282],
						"0.4": [-163.36491, -16.83845, 21.48282],
						"0.5": [-52.44672, 3.57042, 42.55039]
					}
				},
				"lowerlarm": {
					"rotation": {
						"0.0": [-47.5, 0, 0],
						"0.5": [-2.5, 0, 0]
					}
				},
				"rightArm": {
					"rotation": {
						"0.0": [-57.30731, 7.52986, -80.99251],
						"0.2": [6.16372, 57.41239, 11.5039],
						"0.4": [29.94864, 51.83022, 40.43588],
						"0.5": [47.44864, 51.83022, 40.43588]
					}
				},
				"lowerrarm": {
					"rotation": {
						"0.0": [-5, 0, 0],
						"0.5": [-32.5, 0, 0]
					}
				},
				"trail_dagger": {
					"scale": {
						"0.0": [1, 0, 1],
						"0.4": [1, 0, 1],
						"0.5": [1, 1, 1],
						"0.6": [1, 0, 1]
					}
				},
				"leftItem": {
					"scale": 1
				},
				"longsword_back_main": {
					"scale": 0
				},
				"dagger_sheathed2": {
					"scale": 0
				}
			}
		},
		"animation.longsword_dagger.attack_slash_right": {
			"animation_length": 0.9,
			"override_previous_animation": true,
			"bones": {
				"root": {
					"rotation": {
						"0.0": ["variable.is_first_person ? (math.cos(query.life_time * 100.0) * 0.200) + 0.200 : 0", "variable.is_first_person ? 187.5 : 7.5", 0],
						"0.2": ["variable.is_first_person ? (math.cos(query.life_time * 100.0) * 0.200) + 0.200 : 0", "variable.is_first_person ? 175 : -5", 0],
						"0.3": ["variable.is_first_person ? (math.cos(query.life_time * 100.0) * 0.200) + 0.200 : 0", "variable.is_first_person ? 175 : -5", 0],
						"0.5": ["variable.is_first_person ? (math.cos(query.life_time * 100.0) * 0.200) + 0.200 : 0", "variable.is_first_person ? 125 : -55", 0]
					},
					"position": ["variable.is_first_person ? 2 : 0", "variable.is_first_person ? -3 : -1", "variable.is_first_person ? 12 : 0"]
				},
				"leftleg": {
					"rotation": {
						"0.0": [-18.23611, 14.45508, -10.93996],
						"0.2": [-23.23611, 14.45508, -10.93996],
						"0.3": [-23.23611, 14.45508, -10.93996],
						"0.5": [8.75342, 35.92392, -20.07309]
					}
				},
				"lowerlleg": {
					"rotation": [12.5, 0, 0]
				},
				"rightleg": {
					"rotation": {
						"0.0": [12.80873, 11.2589, 6.97672],
						"0.2": [9.1121, 8.35011, -0.03965],
						"0.3": [21.6121, 8.35011, -0.03965],
						"0.4": [-64.3471, 24.93073, 6.28502],
						"0.5": [-10.3063, 41.51136, 12.60969]
					}
				},
				"lowerrleg": {
					"rotation": {
						"0.0": [12.5, 0, 0],
						"0.3": [12.5, 0, 0],
						"0.4": [67.5, 0, 0],
						"0.5": [15, 0, 0]
					}
				},
				"waist": {
					"rotation": {
						"0.0": [30.72166, 36.06277, 10.04071],
						"0.2": [-12.95593, 27.07034, -6.17338],
						"0.4": [-20.76111, 29.50522, -6.81721],
						"0.5": [27.09347, -0.4889, -7.64852]
					}
				},
				"leftArm": {
					"rotation": {
						"0.0": [-52.44672, 3.57042, 42.55039],
						"0.2": [-26.12245, -36.14484, 5.76639],
						"0.5": [25.53826, -16.32663, -2.34882]
					}
				},
				"lowerlarm": {
					"rotation": [-2.5, 0, 0]
				},
				"rightArm": {
					"rotation": {
						"0.0": [47.44864, 51.83022, 40.43588],
						"0.2": [-161.49136, -2.70409, -15.45914],
						"0.4": [-186.49136, -2.70409, -15.45914],
						"0.5": [-38.10173, -4.73947, -49.27971]
					}
				},
				"lowerrarm": {
					"rotation": {
						"0.0": [-32.5, 0, 0],
						"0.2": [-42.5, 0, 0],
						"0.5": [-15, 0, 0]
					}
				},
				"trail_dagger": {
					"scale": [1, 0, 1]
				},
				"leftItem": {
					"scale": 1
				},
				"longsword_back_main": {
					"scale": 0
				},
				"dagger_sheathed2": {
					"scale": 0
				}
			}
		},
		"animation.longsword_dagger.attack_swing_left": {
			"animation_length": 0.9,
			"override_previous_animation": true,
			"bones": {
				"root": {
					"rotation": {
						"0.0": ["variable.is_first_person ? (math.cos(query.life_time * 100.0) * 0.200) + 0.200 : 0", "variable.is_first_person ? 125 : -55", 0],
						"0.2": ["variable.is_first_person ? (math.cos(query.life_time * 100.0) * 0.200) + 0.200 : 0", "variable.is_first_person ? 170 : -10", 0],
						"0.4": ["variable.is_first_person ? (math.cos(query.life_time * 100.0) * 0.200) + 0.200 : 0", "variable.is_first_person ? 167.5 : -12.5", 0],
						"0.5": ["variable.is_first_person ? (math.cos(query.life_time * 100.0) * 0.200) + 0.200 : 0", "variable.is_first_person ? 187.5 : 7.5", 0]
					},
					"position": ["variable.is_first_person ? 2 : 0", "variable.is_first_person ? -3 : -1", "variable.is_first_person ? 12 : 0"]
				},
				"leftleg": {
					"rotation": {
						"0.0": [8.75342, 35.92392, -20.07309],
						"0.2": [17.3423, 2.55868, -7.05239],
						"0.4": [14.8423, 2.55868, -7.05239],
						"0.5": [-25.73611, 14.45508, -10.93996]
					}
				},
				"lowerlleg": {
					"rotation": {
						"0.0": [12.5, 0, 0],
						"0.5": [27.5, 0, 0]
					}
				},
				"rightleg": {
					"rotation": {
						"0.0": [-10.3063, 41.51136, 12.60969],
						"0.2": [-14.93745, 1.50179, 4.76968],
						"0.4": [-27.43745, 1.50179, 4.76968],
						"0.5": [12.80873, 11.2589, 6.97672]
					}
				},
				"lowerrleg": {
					"rotation": {
						"0.0": [15, 0, 0],
						"0.4": [32.5, 0, 0],
						"0.5": [10, 0, 0]
					}
				},
				"waist": {
					"rotation": {
						"0.0": [27.09347, -0.4889, -7.64852],
						"0.2": [5, -22.5, 0],
						"0.4": [-7.5, -22.5, 0],
						"0.5": [30.72166, 36.06277, 10.04071]
					}
				},
				"leftArm": {
					"rotation": {
						"0.0": [25.53826, -16.32663, -2.34882],
						"0.2": [-179.60553, -23.49586, 66.38],
						"0.4": [-228.86257, -23.23154, 58.21409],
						"0.5": [-43.5845, 2.25745, 62.54677]
					}
				},
				"lowerlarm": {
					"rotation": {
						"0.0": [-47.5, 0, 0],
						"0.2": [-57, 0, 0],
						"0.4": [-58.17, 0, 0],
						"0.5": [-2.5, 0, 0]
					}
				},
				"rightArm": {
					"rotation": {
						"0.0": [-38.10173, -4.73947, -49.27971],
						"0.2": [6.16372, 57.41239, 11.5039],
						"0.4": [29.94864, 51.83022, 40.43588],
						"0.5": [47.44864, 51.83022, 40.43588]
					}
				},
				"lowerrarm": {
					"rotation": {
						"0.0": [-15, 0, 0],
						"0.5": [-32.5, 0, 0]
					}
				},
				"trail_dagger": {
					"scale": {
						"0.0": [1, 0, 1],
						"0.4": [1, 0, 1],
						"0.5": [1, 1, 1],
						"0.6": [1, 0, 1]
					}
				},
				"leftItem": {
					"scale": 1
				},
				"longsword_back_main": {
					"scale": 0
				},
				"dagger_sheathed2": {
					"scale": 0
				}
			}
		},
		"animation.longsword_dagger.move": {
			"loop": true,
			"animation_length": 1.04,
			"bones": {
				"leftleg": {
					"rotation": {
						"0.0": [-36.95818, 2.30845, -2.83845],
						"0.52": [28.04182, 2.30845, -2.83845],
						"0.92": [-53.30433, 2.30845, -2.83845],
						"1.04": [-36.95818, 2.30845, -2.83845]
					}
				},
				"lowerlleg": {
					"rotation": {
						"0.0": [37.51432, -0.13594, -0.22716],
						"0.52": [10, 0, 0],
						"0.8": [118.46, 0, 0],
						"1.04": [37.51432, -0.13594, -0.22716]
					}
				},
				"rightleg": {
					"rotation": {
						"0.0": [16.06903, -0.85859, 1.022],
						"0.4": [-48.35405, -0.85859, 1.022],
						"0.52": [-33.93097, -0.85859, 1.022],
						"1.04": [16.06903, -0.85859, 1.022]
					}
				},
				"lowerrleg": {
					"rotation": {
						"0.0": [17.5, 0, 0],
						"0.28": [96.5, 0, 0],
						"0.52": [32.5, 0, 0],
						"1.04": [17.5, 0, 0]
					}
				},
				"waist": {
					"rotation": {
						"0.0": [7.4981, 7.27828, 1.08404],
						"0.28": [2.40303, 1.59772, 1.71141],
						"0.52": [7.13625, -4.80585, -2.97095],
						"0.84": [2.23809, 2.94818, -2.95825],
						"1.04": [7.4981, 7.27828, 1.08404]
					}
				},
				"leftArm": {
					"rotation": {
						"0.0": [36.83024, 0.79581, -5.61133],
						"0.52": [9.13026, 4.11024, -12.48531],
						"1.04": [36.83024, 0.79581, -5.61133]
					}
				},
				"lowerlarm": {
					"rotation": {
						"0.0": [-10, 0, 0],
						"0.52": [-22.5, 0, 0],
						"1.04": [-10, 0, 0]
					}
				},
				"rightArm": {
					"rotation": {
						"0.0": [24.30245, 11.47112, 25.35628],
						"0.52": [56.80245, 11.47112, 25.35628],
						"1.04": [24.30245, 11.47112, 25.35628]
					}
				},
				"lowerrarm": {
					"rotation": {
						"0.0": [-30, 0, 0],
						"0.52": [-27.5, 0, 0],
						"1.04": [-30, 0, 0]
					}
				},
				"trail3": {
					"scale": 0
				},
				"root": {
					"rotation": ["variable.is_first_person ? (math.cos(query.life_time * 100.0) * 0.200) + 0.200 : 0", "variable.is_first_person ? 180 : 0", 0],
					"position": {
						"0.0": ["variable.is_first_person ? 2 : 0", "variable.is_first_person ? -4 : -1", "variable.is_first_person ? 12 : 0"],
						"0.28": ["variable.is_first_person ? 2 : 0", "variable.is_first_person ? -3 : 0", "variable.is_first_person ? 12 : 0"],
						"0.52": ["variable.is_first_person ? 2 : 0", "variable.is_first_person ? -4 : -1", "variable.is_first_person ? 12 : 0"],
						"0.76": ["variable.is_first_person ? 2 : 0", "variable.is_first_person ? -3 : 0", "variable.is_first_person ? 12 : 0"],
						"1.04": ["variable.is_first_person ? 2 : 0", "variable.is_first_person ? -4 : -1", "variable.is_first_person ? 12 : 0"]
					}
				},
				"rightItem": {
					"rotation": {
						"0.0": [-5, 0, 0],
						"0.52": [7.5, 0, 0],
						"1.04": [-5, 0, 0]
					}
				},
				"trail_dagger": {
					"scale": [1, 0, 1]
				},
				"trail_dagger2": {
					"scale": [1, 0, 1]
				},
				"longsword_back_main": {
					"scale": 0
				},
				"dagger_sheathed2": {
					"scale": 0
				}
			}
		},
		"animation.longsword_dagger.sprint": {
			"loop": true,
			"animation_length": 0.56,
			"override_previous_animation": true,
			"bones": {
				"leftleg": {
					"rotation": {
						"0.0": [45, 0, -2.5],
						"0.12": [-84.64286, 0, -2.5],
						"0.28": [-47.5, 0, -2.5],
						"0.4": [57.14286, 0, -2.5],
						"0.56": [45, 0, -2.5]
					}
				},
				"lowerlleg": {
					"rotation": {
						"0.0": [62.5, 0, 0],
						"0.12": [98.57, 0, 0],
						"0.28": [47.5, 0, 0],
						"0.4": [26.43, 0, 0],
						"0.56": [62.5, 0, 0]
					}
				},
				"rightleg": {
					"rotation": {
						"0.0": [-44.99294, 0.32621, 2.47864],
						"0.12": [58.57849, 0.32621, 2.47864],
						"0.28": [27.50706, 0.32621, 2.47864],
						"0.4": [-93.56437, 0.32621, 2.47864],
						"0.56": [-44.99294, 0.32621, 2.47864]
					}
				},
				"lowerrleg": {
					"rotation": {
						"0.0": [45, 0, 0],
						"0.12": [21.79, 0, 0],
						"0.28": [72.5, 0, 0],
						"0.4": [103.21, 0, 0],
						"0.56": [45, 0, 0]
					}
				},
				"waist": {
					"rotation": {
						"0.0": [25.73895, 11.99921, 1.96149],
						"0.28": [18.88021, 18.78365, 4.20623],
						"0.56": [25.73895, 11.99921, 1.96149]
					}
				},
				"leftArm": {
					"rotation": {
						"0.0": [-25.86523, -10.00919, -7.10795],
						"0.28": [43.28053, -17.1574, -10.18336],
						"0.56": [-25.86523, -10.00919, -7.10795]
					}
				},
				"lowerlarm": {
					"rotation": {
						"0.0": [-17.5, 0, 0],
						"0.12": [-46.79, 0, 0],
						"0.28": [-17.5, 0, 0],
						"0.44": [-1.07, 0, 0],
						"0.56": [-17.5, 0, 0]
					}
				},
				"rightArm": {
					"rotation": {
						"0.0": [61.4218, 9.64032, 9.36538],
						"0.28": [41.29613, -5.09538, 8.80363],
						"0.56": [61.4218, 9.64032, 9.36538]
					}
				},
				"lowerrarm": {
					"rotation": {
						"0.0": [-30, 0, 0],
						"0.28": [-37.5, 0, 0],
						"0.56": [-30, 0, 0]
					}
				},
				"root": {
					"rotation": ["variable.is_first_person ? (math.cos(query.life_time * 100.0) * 0.200) + 0.200 : 0", "variable.is_first_person ? 180 : 0", 0],
					"position": {
						"0.0": ["variable.is_first_person ? 2 : 0", "variable.is_first_person ? -5 : -2", "variable.is_first_person ? 12 : 0"],
						"0.12": ["variable.is_first_person ? 2 : 0", "variable.is_first_person ? -3 : 0", "variable.is_first_person ? 12 : 0"],
						"0.28": ["variable.is_first_person ? 2 : 0", "variable.is_first_person ? -5 : -2", "variable.is_first_person ? 12 : 0"],
						"0.4": ["variable.is_first_person ? 2 : 0", "variable.is_first_person ? -3 : 0", "variable.is_first_person ? 12 : 0"],
						"0.56": ["variable.is_first_person ? 2 : 0", "variable.is_first_person ? -5 : -2", "variable.is_first_person ? 12 : 0"]
					}
				},
				"trail_rapier": {
					"scale": 0
				},
				"trail_pierce_rapier": {
					"scale": 0
				},
				"trail_dagger": {
					"scale": [1, 0, 1]
				},
				"longsword_back_main": {
					"scale": 0
				},
				"dagger_sheathed2": {
					"scale": 0
				}
			}
		},
		"animation.longsword_dagger.sneak": {
			"loop": true,
			"override_previous_animation": true,
			"bones": {
				"root": {
					"rotation": ["variable.is_first_person ? (math.cos(query.life_time * 100.0) * 0.200) + 0.200 : 0", "variable.is_first_person ? 180 : 0", 0],
					"position": ["variable.is_first_person ? 2 : 0", "variable.is_first_person ? -8 : -5", "variable.is_first_person ? 12 : 0"]
				},
				"leftleg": {
					"rotation": [10, 0, -2.5]
				},
				"lowerlleg": {
					"rotation": [75, 0, 0]
				},
				"rightleg": {
					"rotation": [-79.99294, 0.32621, 2.47864]
				},
				"lowerrleg": {
					"rotation": [80, 0, 0]
				},
				"waist": {
					"rotation": [12.67995, 12.39135, 1.6575]
				},
				"leftArm": {
					"rotation": [-9.32399, -9.28056, -7.65427]
				},
				"lowerlarm": {
					"rotation": [-7.5, 0, 0]
				},
				"rightArm": {
					"rotation": [13.54407, 29.77663, 6.77332]
				},
				"lowerrarm": {
					"rotation": [-30, 0, 0]
				},
				"rightItem": {
					"position": [0, 0, -1]
				},
				"trail_lance": {
					"scale": 0
				},
				"leftItem": {
					"scale": 1
				},
				"trail_dagger": {
					"scale": [1, 0, 1]
				},
				"longsword_back_main": {
					"scale": 0
				},
				"dagger_sheathed2": {
					"scale": 0
				}
			}
		},
		"animation.longsword_dagger.sneak_move": {
			"loop": true,
			"animation_length": 1.04,
			"override_previous_animation": true,
			"bones": {
				"root": {
					"rotation": ["variable.is_first_person ? (math.cos(query.life_time * 100.0) * 0.200) + 0.200 : 0", "variable.is_first_person ? 177.5 : -2.5", -2.5],
					"position": {
						"0.0": ["variable.is_first_person ? 2 : 0", "variable.is_first_person ? -7 : -4", "variable.is_first_person ? 12 : 0"],
						"0.24": ["variable.is_first_person ? 2 : 0", "variable.is_first_person ? -8 : -5", "variable.is_first_person ? 12 : 0"],
						"0.52": ["variable.is_first_person ? 2 : 0", "variable.is_first_person ? -7 : -4", "variable.is_first_person ? 12 : 0"],
						"0.8": ["variable.is_first_person ? 2 : 0", "variable.is_first_person ? -9 : -6", "variable.is_first_person ? 12 : 0"],
						"1.04": ["variable.is_first_person ? 2 : 0", "variable.is_first_person ? -7 : -4", "variable.is_first_person ? 12 : 0"]
					}
				},
				"leftleg": {
					"rotation": {
						"0.0": [-74.9299, 1.70818, -0.30014],
						"0.52": [-2.4299, 1.70818, -0.30014],
						"0.8": [-111.26229, 1.23927, 0.51927],
						"1.04": [-74.9299, 1.70818, -0.30014]
					}
				},
				"lowerlleg": {
					"rotation": {
						"0.0": [72.5, 0, 0],
						"0.24": [118.46, 0, 0],
						"0.52": [80, 0, 0],
						"0.8": [100.96, 0, 0],
						"1.04": [72.5, 0, 0]
					}
				},
				"rightleg": {
					"rotation": {
						"0.0": [-0.14068, -2.24944, 7.15656],
						"0.24": [-98.33018, 0.42156, 5.28399],
						"0.52": [-77.46793, 3.53773, 3.09932],
						"0.8": [-25.83018, 0.42156, 5.28399],
						"1.04": [-0.14068, -2.24944, 7.15656]
					}
				},
				"lowerrleg": {
					"rotation": {
						"0.0": [77.5, 0, 0],
						"0.24": [100, 0, 0],
						"0.52": [72.5, 0, 0],
						"0.8": [112.69, 0, 0],
						"1.04": [77.5, 0, 0]
					}
				},
				"waist": {
					"rotation": {
						"0.0": [31.95998, -1.53466, 5.35548],
						"0.52": [32.09877, 12.23033, 2.15886],
						"1.04": [31.95998, -1.53466, 5.35548]
					}
				},
				"leftArm": {
					"rotation": {
						"0.0": [17.70702, 7.64394, -13.74187],
						"0.52": [-17.35851, -9.07352, -8.54835],
						"1.04": [17.70702, 7.64394, -13.74187]
					}
				},
				"lowerlarm": {
					"rotation": {
						"0.0": [-22.5, 0, 0],
						"0.52": [-35, 0, 0],
						"1.04": [-22.5, 0, 0]
					}
				},
				"rightArm": {
					"rotation": {
						"0.0": [-17.95946, 4.32896, 17.35475],
						"0.52": [14.69322, -3.47471, 16.09595],
						"1.04": [-17.95946, 4.32896, 17.35475]
					}
				},
				"lowerrarm": {
					"rotation": [-27.5, 0, 0]
				},
				"rightItem": {
					"position": [0, 0, -1]
				},
				"trail_lance": {
					"scale": 0
				},
				"leftItem": {
					"scale": 1
				},
				"trail_dagger": {
					"scale": [1, 0, 1]
				},
				"longsword_back_main": {
					"scale": 0
				},
				"dagger_sheathed2": {
					"scale": 0
				}
			}
		}
	}
}