{
	"format_version": "1.8.0",
	"animations": {
		"animation.rapier_dagger.base_pose": {
			"loop": true,
			"override_previous_animation": true,
			"bones": {
				"root": {
					"rotation": ["variable.is_first_person ? (math.cos(query.life_time * 100.0) * 0.200) + 0.200 : 0", "variable.is_first_person ? 140 : -40", 0],
					"position": ["variable.is_first_person ? 2 : 0", "variable.is_first_person ? -4 : -1", "variable.is_first_person ? 12 : 0"]
				},
				"leftleg": {
					"rotation": [-35, -47.5, 0]
				},
				"lowerlleg": {
					"rotation": [35, 0, 0]
				},
				"rightleg": {
					"rotation": [-35, 45, 0]
				},
				"waist": {
					"rotation": [0, -12.5, 0]
				},
				"leftArm": {
					"rotation": [-40.45622, 39.96621, -35.53599]
				},
				"lowerlarm": {
					"rotation": [-37.5, 0, 0]
				},
				"rightArm": {
					"rotation": [-17.39405, 44.49829, 22.07717]
				},
				"lowerrarm": {
					"rotation": [-45, 0, 0]
				},
				"rightitem": {
					"rotation": [35, 0, 0]
				},
				"trail_rapier": {
					"scale": [1, 0, 1]
				},
				"trail_pierce_rapier": {
					"scale": [1, 1, 0]
				},
				"leftitem": {
					"rotation": [30, 0, 0]
				},
				"trail_dagger": {
					"scale": [1, 0, 1]
				},
				"lowerrleg": {
					"rotation": [32.5, 0, 0]
				},
				"swordright": {
					"scale": 0
				},
				"dagger_sheathed2": {
					"scale": 0
				}
			}
		},
		"animation.rapier_dagger.attack_thrust_right": {
			"loop": "hold_on_last_frame",
			"animation_length": 0.7,
			"override_previous_animation": true,
			"bones": {
				"root": {
					"rotation": {
						"0.0": ["variable.is_first_person ? (math.cos(query.life_time * 100.0) * 0.200) + 0.200 : 0", "variable.is_first_person ? 140 : -40", 0],
						"0.2": ["variable.is_first_person ? (math.cos(query.life_time * 100.0) * 0.200) + 0.200 : 0", "variable.is_first_person ? 195 : 15", 0],
						"0.4": ["variable.is_first_person ? (math.cos(query.life_time * 100.0) * 0.200) + 0.200 : 0", "variable.is_first_person ? 150 : -30", 0]
					},
					"position": ["variable.is_first_person ? 2 : 0", "variable.is_first_person ? -4 : -1", "variable.is_first_person ? 12 : 0"]
				},
				"leftleg": {
					"rotation": {
						"0.0": [-35, -47.5, 0],
						"0.2": [-39.00656, -21.32802, 3.64551],
						"0.3": [-31.89545, 6.28666, -3.94573],
						"0.4": [-2.98924, -56.96564, -21.65719]
					}
				},
				"lowerlleg": {
					"rotation": {
						"0.0": [35, 0, 0],
						"0.4": [15, 0, 0]
					}
				},
				"rightleg": {
					"rotation": {
						"0.0": [-35, 45, 0],
						"0.2": [-5.23893, 39.55838, 19.4989],
						"0.3": [-50.75403, 10.13678, 10.16563],
						"0.4": [-13.06588, 33.13788, 8.98946]
					}
				},
				"waist": {
					"rotation": {
						"0.0": [0, -12.5, 0],
						"0.2": [0, 42.5, 0],
						"0.3": [0, 52.5, 0],
						"0.4": [0, -2.5, 0]
					}
				},
				"leftArm": {
					"rotation": {
						"0.0": [-40.45622, 39.96621, -35.53599],
						"0.2": [5.9442, 5.93935, -103.53308],
						"0.3": [18.78862, -4.69252, -72.77502],
						"0.4": [14.26576, 24.388, -16.3443]
					}
				},
				"lowerlarm": {
					"rotation": {
						"0.0": [-37.5, 0, 0],
						"0.4": [-57.5, 0, 0]
					}
				},
				"rightArm": {
					"rotation": {
						"0.0": [-17.39405, 44.49829, 22.07717],
						"0.2": [30.26933, 1.3714, 91.40611],
						"0.4": [-44.73067, 1.3714, 91.40611]
					}
				},
				"lowerrarm": {
					"rotation": {
						"0.0": [-45, 0, 0],
						"0.2": [-82.5, 0, 0],
						"0.3": [-92.5, 0, 0],
						"0.4": [-10, 0, 0]
					}
				},
				"rightitem": {
					"rotation": {
						"0.0": [35, 0, 0],
						"0.2": [7.5, 0, 0],
						"0.4": [85, 0, 0]
					}
				},
				"trail_rapier": {
					"scale": [1, 0, 1]
				},
				"trail_pierce_rapier": {
					"scale": {
						"0.0": [1, 1, 0],
						"0.3": [1, 1, 0],
						"0.4": [1, 1, 1],
						"0.5": [1, 1, 0]
					}
				},
				"leftitem": {
					"rotation": [30, 0, 0]
				},
				"trail_dagger": {
					"scale": [1, 0, 1]
				},
				"lowerrleg": {
					"rotation": {
						"0.0": [32.5, 0, 0],
						"0.3": [50, 0, 0],
						"0.4": [12.5, 0, 0]
					}
				},
				"swordright": {
					"scale": 0
				},
				"dagger_sheathed2": {
					"scale": 0
				}
			}
		},
		"animation.rapier_dagger.attack_thrust_left": {
			"loop": "hold_on_last_frame",
			"animation_length": 0.7,
			"override_previous_animation": true,
			"bones": {
				"root": {
					"rotation": {
						"0.0": ["variable.is_first_person ? (math.cos(query.life_time * 100.0) * 0.200) + 0.200 : 0", "variable.is_first_person ? 150 : -30", 0],
						"0.3": ["variable.is_first_person ? (math.cos(query.life_time * 100.0) * 0.200) + 0.200 : 0", "variable.is_first_person ? 137.5 : -42.5", 0],
						"0.4": ["variable.is_first_person ? (math.cos(query.life_time * 100.0) * 0.200) + 0.200 : 0", "variable.is_first_person ? 225 : 45", 0]
					},
					"position": ["variable.is_first_person ? 2 : 0", "variable.is_first_person ? -4 : -1", "variable.is_first_person ? 12 : 0"]
				},
				"leftleg": {
					"rotation": {
						"0.0": [-2.98924, -56.96564, -21.65719],
						"0.3": [-64.37213, 15.16604, -6.44547],
						"0.4": [-17.16763, -44.8654, -4.94583]
					}
				},
				"lowerlleg": {
					"rotation": {
						"0.0": [15, 0, 0],
						"0.3": [65, 0, 0],
						"0.4": [25, 0, 0]
					}
				},
				"rightleg": {
					"rotation": {
						"0.0": [-13.06588, 33.13788, 8.98946],
						"0.3": [65.23125, 78.482, 89.10415],
						"0.4": [-10.84812, 41.50931, 13.17569]
					}
				},
				"waist": {
					"rotation": {
						"0.0": [0, -2.5, 0],
						"0.2": [7.5, -10, 0],
						"0.3": [7.64591, -14.95645, -0.67467],
						"0.4": [7.39191, 2.39542, 1.6203]
					}
				},
				"leftArm": {
					"rotation": {
						"0.0": [14.26576, 24.388, -16.3443],
						"0.2": [61.76576, 24.388, -16.3443],
						"0.3": [50.03005, 36.90894, -36.49214],
						"0.4": [-79.57495, -45.45927, -3.60175]
					}
				},
				"lowerlarm": {
					"rotation": {
						"0.0": [-57.5, 0, 0],
						"0.2": [-102.5, 0, 0],
						"0.4": [-12.5, 0, 0]
					}
				},
				"rightArm": {
					"rotation": {
						"0.0": [-44.73067, 1.3714, 91.40611],
						"0.2": [-19.13037, -13.22005, 24.41077],
						"0.3": [3.36963, -13.22005, 24.41077],
						"0.4": [35.86963, -13.22005, 24.41077]
					}
				},
				"lowerrarm": {
					"rotation": {
						"0.0": [-10, 0, 0],
						"0.2": [-11.67, 0, 0],
						"0.3": [-35, 0, 0],
						"0.4": [-57.5, 0, 0]
					}
				},
				"rightitem": {
					"rotation": {
						"0.0": [85, 0, 0],
						"0.2": [17.5, 0, 0]
					}
				},
				"trail_rapier": {
					"scale": [1, 0, 1]
				},
				"trail_pierce_rapier": {
					"scale": [1, 1, 0]
				},
				"leftitem": {
					"rotation": {
						"0.0": [30, 0, 0],
						"0.3": [-0.62, 0, 0],
						"0.4": [82.5, 0, 0]
					}
				},
				"trail_dagger": {
					"scale": [1, 0, 1]
				},
				"lowerrleg": {
					"rotation": {
						"0.0": [12.5, 0, 0],
						"0.4": [22.5, 0, 0]
					}
				},
				"swordright": {
					"scale": 0
				},
				"dagger_sheathed2": {
					"scale": 0
				}
			}
		},
		"animation.rapier_dagger.attack_slash_right": {
			"loop": "hold_on_last_frame",
			"animation_length": 0.7,
			"override_previous_animation": true,
			"bones": {
				"root": {
					"rotation": {
						"0.0": ["variable.is_first_person ? (math.cos(query.life_time * 100.0) * 0.200) + 0.200 : 0", "variable.is_first_person ? 225 : 45", 0],
						"0.3": ["variable.is_first_person ? (math.cos(query.life_time * 100.0) * 0.200) + 0.200 : 0", "variable.is_first_person ? 230 : 50", 0],
						"0.4": ["variable.is_first_person ? (math.cos(query.life_time * 100.0) * 0.200) + 0.200 : 0", "variable.is_first_person ? 150 : -30", 0]
					},
					"position": ["variable.is_first_person ? 2 : 0", "variable.is_first_person ? -4 : -1", "variable.is_first_person ? 12 : 0"]
				},
				"leftleg": {
					"rotation": {
						"0.0": [-17.16763, -44.8654, -4.94583],
						"0.2": [-22.16763, -44.8654, -4.94583],
						"0.3": [-24.29622, -49.46122, -2.04567],
						"0.4": [-12.57059, -65.57501, -15.59604]
					}
				},
				"lowerlleg": {
					"rotation": [25, 0, 0]
				},
				"rightleg": {
					"rotation": {
						"0.0": [-10.84812, 41.50931, 13.17569],
						"0.2": [-12.21064, 14.7868, 20.6694],
						"0.3": [-65.26962, -24.46916, 11.73869],
						"0.4": [-32.37326, 29.91486, 1.25142]
					}
				},
				"waist": {
					"rotation": {
						"0.0": [7.39191, 2.39542, 1.6203],
						"0.2": [7.48002, 8.9302, 2.47747],
						"0.3": [12.57713, 11.37069, 3.02837],
						"0.4": [21.27274, -53.95577, -16.9644]
					}
				},
				"leftArm": {
					"rotation": {
						"0.0": [-79.57495, -45.45927, -3.60175],
						"0.2": [-88.72215, -3.54761, -75.74099],
						"0.4": [13.77785, -3.54761, -75.74099]
					}
				},
				"lowerlarm": {
					"rotation": {
						"0.0": [-12.5, 0, 0],
						"0.2": [-55, 0, 0],
						"0.4": [-17.5, 0, 0]
					}
				},
				"rightArm": {
					"rotation": {
						"0.0": [35.86963, -13.22005, 24.41077],
						"0.2": [36.18189, -3.30196, 19.21414],
						"0.3": [11.18189, -3.30196, 19.21414],
						"0.4": [65.60495, 9.47039, 28.81487]
					}
				},
				"lowerrarm": {
					"rotation": {
						"0.0": [-57.5, 0, 0],
						"0.3": [-37.5, 0, 0],
						"0.4": [-77.5, 0, 0]
					}
				},
				"rightitem": {
					"rotation": [17.5, 0, 0]
				},
				"trail_rapier": {
					"scale": [1, 0, 1]
				},
				"trail_pierce_rapier": {
					"scale": [1, 1, 0]
				},
				"leftitem": {
					"rotation": {
						"0.0": [82.5, 0, 0],
						"0.2": [7.5, 0, 0]
					}
				},
				"trail_dagger": {
					"scale": {
						"0.0": [1, 0, 1],
						"0.2": [1, 0, 1],
						"0.4": [1, 0.9, 1],
						"0.5": [1, 0, 1]
					}
				},
				"lowerrleg": {
					"rotation": {
						"0.0": [22.5, 0, 0],
						"0.2": [19.17, 0, 0],
						"0.3": [55, 0, 0],
						"0.4": [32.5, 0, 0]
					}
				},
				"swordright": {
					"scale": 0
				},
				"dagger_sheathed2": {
					"scale": 0
				}
			}
		},
		"animation.rapier_dagger.attack_slash_left": {
			"loop": "hold_on_last_frame",
			"animation_length": 0.7,
			"override_previous_animation": true,
			"bones": {
				"root": {
					"rotation": {
						"0.0": ["variable.is_first_person ? (math.cos(query.life_time * 100.0) * 0.200) + 0.200 : 0", "variable.is_first_person ? 150 : -30", 0],
						"0.4": ["variable.is_first_person ? (math.cos(query.life_time * 100.0) * 0.200) + 0.200 : 0", "variable.is_first_person ? 202.5 : 22.5", 0]
					},
					"position": ["variable.is_first_person ? 2 : 0", "variable.is_first_person ? -4 : -1", "variable.is_first_person ? 12 : 0"]
				},
				"leftleg": {
					"rotation": {
						"0.0": [-12.57059, -65.57501, -15.59604],
						"0.2": [-7.08944, -66.00238, -21.60485],
						"0.3": [-52.77037, 5.56214, -4.77255],
						"0.4": [-36.08553, -21.3749, -6.12164]
					}
				},
				"lowerlleg": {
					"rotation": {
						"0.0": [25, 0, 0],
						"0.3": [45, 0, 0],
						"0.4": [30, 0, 0]
					}
				},
				"rightleg": {
					"rotation": {
						"0.0": [-32.37326, 29.91486, 1.25142],
						"0.2": [-31.1171, 31.23044, 3.72067],
						"0.3": [-31.1171, 31.23044, 3.72067],
						"0.4": [-326.95332, 73.94632, -299.60963]
					}
				},
				"waist": {
					"rotation": {
						"0.0": [21.27274, -53.95577, -16.9644],
						"0.2": [14.42329, -25.0399, -6.09091],
						"0.3": [34.91191, -60.33872, -24.25814],
						"0.4": [16.8318, 12.01179, 10.57986]
					}
				},
				"leftArm": {
					"rotation": {
						"0.0": [13.77785, -3.54761, -75.74099],
						"0.2": [32.54951, -13.30916, -20.90175]
					}
				},
				"lowerlarm": {
					"rotation": {
						"0.0": [-17.5, 0, 0],
						"0.2": [-60, 0, 0]
					}
				},
				"rightArm": {
					"rotation": {
						"0.0": [65.60495, 9.47039, 28.81487],
						"0.2": [-58.9784, 9.49742, 78.80838],
						"0.4": [44.28409, 2.55374, 86.0492]
					}
				},
				"lowerrarm": {
					"rotation": {
						"0.0": [-77.5, 0, 0],
						"0.2": [-65, 0, 0],
						"0.3": [-78.75, 0, 0],
						"0.4": [-7.5, 0, 0]
					}
				},
				"rightitem": {
					"rotation": [17.5, 0, 0]
				},
				"trail_rapier": {
					"scale": {
						"0.0": [1, 0, 1],
						"0.2": [1, 0, 1],
						"0.4": [1, 1, 1],
						"0.5": [1, 0, 1]
					}
				},
				"trail_pierce_rapier": {
					"scale": [1, 1, 0]
				},
				"leftitem": {
					"rotation": {
						"0.0": [82.5, 0, 0],
						"0.2": [20, 0, 0]
					}
				},
				"trail_dagger": {
					"scale": [1, 0, 1]
				},
				"lowerrleg": {
					"rotation": {
						"0.0": [32.5, 0, 0],
						"0.4": [20, 0, 0]
					}
				},
				"swordright": {
					"scale": 0
				},
				"dagger_sheathed2": {
					"scale": 0
				}
			}
		},
		"animation.rapier_dagger.move": {
			"loop": true,
			"animation_length": 1.04,
			"override_previous_animation": true,
			"bones": {
				"root": {
					"rotation": ["variable.is_first_person ? (math.cos(query.life_time * 100.0) * 0.200) + 0.200 : 0", "variable.is_first_person ? 180 : 0", 0],
					"position": {
						"0.0": ["variable.is_first_person ? 2 : 0", "variable.is_first_person ? -5 : -2", "variable.is_first_person ? 12 : 0"],
						"0.2": ["variable.is_first_person ? 2 : 0", "variable.is_first_person ? -3 : 0", "variable.is_first_person ? 12 : 0"],
						"0.52": ["variable.is_first_person ? 2 : 0", "variable.is_first_person ? -5 : -2", "variable.is_first_person ? 12 : 0"],
						"0.72": ["variable.is_first_person ? 2 : 0", "variable.is_first_person ? -3 : 0", "variable.is_first_person ? 12 : 0"],
						"1.04": ["variable.is_first_person ? 2 : 0", "variable.is_first_person ? -5 : -2", "variable.is_first_person ? 12 : 0"]
					}
				},
				"leftleg": {
					"rotation": {
						"0.0": [30, 0, 0],
						"0.2": [8.27, 0, 0],
						"0.36": [-82.21, 0, 0],
						"0.52": [-52.5, 0, 0],
						"0.72": [-0.77, 0, 0],
						"1.04": [30, 0, 0]
					}
				},
				"lowerlleg": {
					"rotation": {
						"0.0": [20, 0, 0],
						"0.2": [90, 0, 0],
						"0.36": [81.56, 0, 0],
						"0.52": [52.5, 0, 0],
						"0.72": [2.5, 0, 0],
						"1.04": [20, 0, 0]
					}
				},
				"rightleg": {
					"rotation": {
						"0.0": [-52.5, 0, 0],
						"0.2": [0.77, 0, 0],
						"0.36": [21.63, 0, 0],
						"0.52": [27.5, 0, 0],
						"0.72": [-23.27, 0, 0],
						"0.88": [-85.38, 0, 0],
						"1.04": [-52.5, 0, 0]
					}
				},
				"lowerrleg": {
					"rotation": {
						"0.0": [52.5, 0, 0],
						"0.2": [1.92, 0, 0],
						"0.52": [25, 0, 0],
						"0.72": [95.58, 0, 0],
						"0.88": [84.04, 0, 0],
						"1.04": [52.5, 0, 0]
					}
				},
				"waist": {
					"rotation": {
						"0.0": [10, 5, 0],
						"0.52": [10.04405, -7.31074, -2.17159],
						"1.04": [10, 5, 0]
					}
				},
				"leftArm": {
					"rotation": {
						"0.0": [-9.96271, -0.86717, -4.92442],
						"0.52": [37.53729, -0.86717, -4.92442],
						"1.04": [-9.96271, -0.86717, -4.92442]
					}
				},
				"lowerlarm": {
					"rotation": {
						"0.0": [-22.5, 0, 0],
						"1.04": [-22.5, 0, 0]
					}
				},
				"rightArm": {
					"rotation": {
						"0.0": [-22.93736, -24.14271, 39.48405],
						"0.28": [-29.17429, -24.59093, 38.29507],
						"0.52": [-36.31454, -22.67743, 41.69143],
						"0.8": [-30.88119, -20.96521, 45.18017],
						"1.04": [-22.93736, -24.14271, 39.48405]
					}
				},
				"lowerrarm": {
					"rotation": {
						"0.0": [-57.5, 0, 0],
						"0.52": [-47.5, 0, 0],
						"1.04": [-57.5, 0, 0]
					}
				},
				"trail_rapier": {
					"scale": {
						"0.0": [0, 0, 0],
						"1.04": [0, 0, 0]
					}
				},
				"trail_pierce_rapier": {
					"scale": {
						"0.0": [0, 0, 0],
						"1.04": [0, 0, 0]
					}
				},
				"trail_dagger": {
					"scale": [1, 0.1, 1]
				},
				"swordright": {
					"scale": 0
				},
				"dagger_sheathed2": {
					"scale": 0
				}
			}
		},
		"animation.rapier_dagger.sneak": {
			"loop": true,
			"override_previous_animation": true,
			"bones": {
				"root": {
					"rotation": ["variable.is_first_person ? (math.cos(query.life_time * 100.0) * 0.200) + 0.200 : 0", "variable.is_first_person ? 180 : 0", 0],
					"position": ["variable.is_first_person ? 2 : 0", "variable.is_first_person ? -8 : -5", "variable.is_first_person ? 12 : 0"]
				},
				"leftleg": {
					"rotation": [-90, 0, -2.5]
				},
				"lowerlleg": {
					"rotation": [90, 0, 0]
				},
				"rightleg": {
					"rotation": [12.50706, 0.32621, 2.47864]
				},
				"lowerrleg": {
					"rotation": [72.5, 0, 0]
				},
				"waist": {
					"rotation": [13.59381, -24.19448, -6.76631]
				},
				"leftArm": {
					"rotation": [30.88171, 18.24446, -5.63174]
				},
				"lowerlarm": {
					"rotation": [-42.5, 0, 0]
				},
				"rightArm": {
					"rotation": [-18.10751, -21.1094, 34.48036]
				},
				"lowerrarm": {
					"rotation": [-47.5, 0, 0]
				},
				"rightitem": {
					"position": [0, 0, -1]
				},
				"trail_rapier": {
					"scale": 0
				},
				"trail_pierce_rapier": {
					"scale": 0
				},
				"trail_dagger": {
					"scale": [1, 0, 1]
				},
				"swordright": {
					"scale": 0
				},
				"dagger_sheathed2": {
					"scale": 0
				}
			}
		},
		"animation.rapier_dagger.sneak_move": {
			"loop": true,
			"animation_length": 1.04,
			"override_previous_animation": true,
			"bones": {
				"root": {
					"rotation": ["variable.is_first_person ? (math.cos(query.life_time * 100.0) * 0.200) + 0.200 - 2.5 : -2.5", "variable.is_first_person ? 180 : -2.5", 0],
					"position": {
						"0.0": ["variable.is_first_person ? 2 : 0", "variable.is_first_person ? -7 : -4", "variable.is_first_person ? 12 : 0"],
						"0.24": ["variable.is_first_person ? 2 : 0", "variable.is_first_person ? -8 : -5", "variable.is_first_person ? 12 : 0"],
						"0.52": ["variable.is_first_person ? 2 : 0", "variable.is_first_person ? -7 : -4", "variable.is_first_person ? 12 : 0"],
						"0.8": ["variable.is_first_person ? 2 : 0", "variable.is_first_person ? -9 : -6", "variable.is_first_person ? 12 : 0"],
						"1.04": ["variable.is_first_person ? 2 : 0", "variable.is_first_person ? -7 : -4", "variable.is_first_person ? 12 : 0"]
					}
				},
				"leftleg": {
					"rotation": {
						"0.0": [-74.9299, 1.70818, -0.30014],
						"0.52": [-2.4299, 1.70818, -0.30014],
						"0.8": [-111.26229, 1.23927, 0.51927],
						"1.04": [-74.9299, 1.70818, -0.30014]
					}
				},
				"lowerlleg": {
					"rotation": {
						"0.0": [72.5, 0, 0],
						"0.24": [118.46, 0, 0],
						"0.52": [80, 0, 0],
						"0.8": [100.96, 0, 0],
						"1.04": [72.5, 0, 0]
					}
				},
				"rightleg": {
					"rotation": {
						"0.0": [-0.14068, -2.24944, 7.15656],
						"0.24": [-98.33018, 0.42156, 5.28399],
						"0.52": [-77.46793, 3.53773, 3.09932],
						"0.8": [-25.83018, 0.42156, 5.28399],
						"1.04": [-0.14068, -2.24944, 7.15656]
					}
				},
				"lowerrleg": {
					"rotation": {
						"0.0": [77.5, 0, 0],
						"0.24": [100, 0, 0],
						"0.52": [72.5, 0, 0],
						"0.8": [112.69, 0, 0],
						"1.04": [77.5, 0, 0]
					}
				},
				"waist": {
					"rotation": {
						"0.0": [33.88762, -18.37521, -5.64208],
						"0.52": [31.46927, 5.85241, -1.83919],
						"1.04": [33.88762, -18.37521, -5.64208]
					}
				},
				"leftArm": {
					"rotation": {
						"0.0": [14.21328, 4.90731, -9.16991],
						"0.52": [-3.28672, 4.90731, -9.16991],
						"1.04": [14.21328, 4.90731, -9.16991]
					}
				},
				"lowerlarm": {
					"rotation": {
						"0.0": [-22.5, 0, 0],
						"0.52": [-62.5, 0, 0],
						"1.04": [-22.5, 0, 0]
					}
				},
				"rightArm": {
					"rotation": {
						"0.0": [-16.1907, -22.58475, 29.33287],
						"0.52": [1.3093, -22.58475, 29.33287],
						"1.04": [-16.1907, -22.58475, 29.33287]
					}
				},
				"lowerrarm": {
					"rotation": {
						"0.0": [-47.5, 0, 0],
						"0.52": [-62.5, 0, 0],
						"1.04": [-47.5, 0, 0]
					}
				},
				"rightitem": {
					"position": [0, 0, -1]
				},
				"trail_rapier": {
					"scale": 0
				},
				"trail_pierce_rapier": {
					"scale": 0
				},
				"trail_dagger": {
					"scale": [1, 0, 1]
				},
				"swordright": {
					"scale": 0
				},
				"dagger_sheathed2": {
					"scale": 0
				}
			}
		},
		"animation.rapier_dagger.sprint": {
			"loop": true,
			"animation_length": 0.56,
			"override_previous_animation": true,
			"bones": {
				"leftleg": {
					"rotation": {
						"0.0": [45, 0, -2.5],
						"0.12": [-84.64286, 0, -2.5],
						"0.28": [-47.5, 0, -2.5],
						"0.4": [57.14286, 0, -2.5],
						"0.56": [45, 0, -2.5]
					}
				},
				"lowerlleg": {
					"rotation": {
						"0.0": [62.5, 0, 0],
						"0.12": [98.57, 0, 0],
						"0.28": [47.5, 0, 0],
						"0.4": [26.43, 0, 0],
						"0.56": [62.5, 0, 0]
					}
				},
				"rightleg": {
					"rotation": {
						"0.0": [-44.99294, 0.32621, 2.47864],
						"0.12": [58.57849, 0.32621, 2.47864],
						"0.28": [27.50706, 0.32621, 2.47864],
						"0.4": [-93.56437, 0.32621, 2.47864],
						"0.56": [-44.99294, 0.32621, 2.47864]
					}
				},
				"lowerrleg": {
					"rotation": {
						"0.0": [45, 0, 0],
						"0.12": [21.79, 0, 0],
						"0.28": [72.5, 0, 0],
						"0.4": [103.21, 0, 0],
						"0.56": [45, 0, 0]
					}
				},
				"waist": {
					"rotation": {
						"0.0": [25.73895, 11.99921, 1.96149],
						"0.28": [18.88021, 18.78365, 4.20623],
						"0.56": [25.73895, 11.99921, 1.96149]
					}
				},
				"leftArm": {
					"rotation": {
						"0.0": [-73.36523, -10.00919, -7.10795],
						"0.28": [58.28053, -17.1574, -10.18336],
						"0.56": [-73.36523, -10.00919, -7.10795]
					}
				},
				"lowerlarm": {
					"rotation": {
						"0.0": [-37.5, 0, 0],
						"0.12": [-46.79, 0, 0],
						"0.28": [-17.5, 0, 0],
						"0.44": [-1.07, 0, 0],
						"0.56": [-37.5, 0, 0]
					}
				},
				"rightArm": {
					"rotation": {
						"0.0": [61.4218, 9.64032, 9.36538],
						"0.28": [41.29613, -5.09538, 8.80363],
						"0.56": [61.4218, 9.64032, 9.36538]
					}
				},
				"lowerrarm": {
					"rotation": {
						"0.0": [-30, 0, 0],
						"0.28": [-37.5, 0, 0],
						"0.56": [-30, 0, 0]
					}
				},
				"root": {
					"rotation": ["variable.is_first_person ? (math.cos(query.life_time * 100.0) * 0.200) + 0.200 : 0", "variable.is_first_person ? 180 : 0", 0],
					"position": {
						"0.0": ["variable.is_first_person ? 2 : 0", "variable.is_first_person ? -5 : -2", "variable.is_first_person ? 12 : 0"],
						"0.12": ["variable.is_first_person ? 2 : 0", "variable.is_first_person ? -3 : 0", "variable.is_first_person ? 12 : 0"],
						"0.28": ["variable.is_first_person ? 2 : 0", "variable.is_first_person ? -5 : -2", "variable.is_first_person ? 12 : 0"],
						"0.4": ["variable.is_first_person ? 2 : 0", "variable.is_first_person ? -3 : 0", "variable.is_first_person ? 12 : 0"],
						"0.56": ["variable.is_first_person ? 2 : 0", "variable.is_first_person ? -5 : -2", "variable.is_first_person ? 12 : 0"]
					}
				},
				"trail_rapier": {
					"scale": 0
				},
				"trail_pierce_rapier": {
					"scale": 0
				},
				"leftitem": {
					"rotation": [180, 0, 0]
				},
				"trail_dagger": {
					"scale": [1, 0.1, 1]
				},
				"swordright": {
					"scale": 0
				},
				"dagger_sheathed2": {
					"scale": 0
				}
			}
		}
	}
}