{
	"format_version": "1.8.0",
	"animations": {
		"animation.rapier_shield.blocking": {
			"loop": true,
			"override_previous_animation": true,
			"bones": {
				"root": {
					"rotation": ["variable.is_first_person ? (math.cos(query.life_time * 100.0) * 0.200) + 0.200 : 0", "variable.is_first_person ? 180 : 0", 0],
					"position": ["variable.is_first_person ? 2 : 0", "variable.is_first_person ? -4 : -1", "variable.is_first_person ? 12 : 0"]
				},
				"leftleg": {
					"rotation": [-14.94548, -1.29256, -4.83045]
				},
				"lowerlleg": {
					"rotation": [12.5, 0, 0]
				},
				"rightleg": {
					"rotation": [4.99527, -0.21782, 2.4905]
				},
				"lowerrleg": {
					"rotation": [12.5, 0, 0]
				},
				"waist": {
					"rotation": [10.48476, 32.44908, 1.02617]
				},
				"leftArm": {
					"rotation": [-42.33452, 36.44132, -17.22181]
				},
				"lowerlarm": {
					"rotation": [-64.06134, 12.2403, 8.73739]
				},
				"rightArm": {
					"rotation": [39.21604, -12.06754, 15.34721]
				},
				"lowerrarm": {
					"rotation": [-47.5, 0, 0]
				},
				"trail_rapier": {
					"scale": [1, 0, 1]
				},
				"trail_pierce_rapier": {
					"scale": [1, 1, 0]
				},
				"swordright": {
					"scale": 0
				}
			}
		},
		"animation.rapier_shield.base_pose": {
			"loop": true,
			"override_previous_animation": true,
			"bones": {
				"root": {
					"rotation": ["variable.is_first_person ? (math.cos(query.life_time * 100.0) * 0.200) + 0.200 : 0", "variable.is_first_person ? 180 : 0", 0],
					"position": ["variable.is_first_person ? 2 : 0", "variable.is_first_person ? -4 : -1", "variable.is_first_person ? 12 : 0"]
				},
				"leftleg": {
					"rotation": [-14.94548, -1.29256, -4.83045]
				},
				"lowerlleg": {
					"rotation": [12.5, 0, 0]
				},
				"rightleg": {
					"rotation": [4.99527, -0.21782, 2.4905]
				},
				"lowerrleg": {
					"rotation": [12.5, 0, 0]
				},
				"waist": {
					"rotation": [2.5, 20, 0]
				},
				"leftArm": {
					"rotation": [-1.29903, 30.08235, -8.15548]
				},
				"lowerlarm": {
					"rotation": [-12.5, 0, 0]
				},
				"rightArm": {
					"rotation": [34.21604, -12.06754, 15.34721]
				},
				"lowerrarm": {
					"rotation": [-45, 0, 0]
				},
				"trail_rapier": {
					"scale": [1, 0, 1]
				},
				"trail_pierce_rapier": {
					"scale": [1, 1, 0]
				},
				"swordright": {
					"scale": 0
				}
			}
		},
		"animation.rapier_shield.attack_thrust": {
			"animation_length": 1.2,
			"override_previous_animation": true,
			"bones": {
				"root": {
					"rotation": {
						"0.0": ["variable.is_first_person ? (math.cos(query.life_time * 100.0) * 0.200) + 0.200 : 0", "variable.is_first_person ? 180 : 0", 0],
						"0.2": ["variable.is_first_person ? (math.cos(query.life_time * 100.0) * 0.200) + 0.200 : 0", "variable.is_first_person ? 215 : 35", 0],
						"0.3": ["variable.is_first_person ? (math.cos(query.life_time * 100.0) * 0.200) + 0.200 : 0", "variable.is_first_person ? 215 : 35", 0],
						"0.4": ["variable.is_first_person ? (math.cos(query.life_time * 100.0) * 0.200) + 0.200 : 0", "variable.is_first_person ? 140 : -40", 0],
						"0.8": ["variable.is_first_person ? (math.cos(query.life_time * 100.0) * 0.200) + 0.200 : 0", "variable.is_first_person ? 140 : -40", 0],
						"1.1": ["variable.is_first_person ? (math.cos(query.life_time * 100.0) * 0.200) + 0.200 : 0", "variable.is_first_person ? 180 : 0", 0]
					},
					"position": {
						"0.0": ["variable.is_first_person ? 2 : 0", "variable.is_first_person ? -4 : -1", "variable.is_first_person ? 12 : 0"],
						"1.1": ["variable.is_first_person ? 2 : 0", "variable.is_first_person ? -4 : -1", "variable.is_first_person ? 12 : 0"]
					}
				},
				"leftleg": {
					"rotation": {
						"0.0": [-14.94548, -1.29256, -4.83045],
						"0.2": [-14.00155, -27.34724, -5.90752],
						"0.3": [-14.33467, -29.77123, -5.21088],
						"0.8": [-14.33467, -29.77123, -5.21088],
						"1.1": [-14.94548, -1.29256, -4.83045]
					}
				},
				"lowerlleg": {
					"rotation": {
						"0.0": [12.5, 0, 0],
						"1.1": [12.5, 0, 0]
					}
				},
				"rightleg": {
					"rotation": {
						"0.0": [4.99527, -0.21782, 2.4905],
						"0.2": [2.25033, -23.12966, 8.54486],
						"0.3": [-55.24967, -23.12966, 8.54486],
						"0.4": [-34.31166, 30.26253, 0.58571],
						"0.8": [-34.31166, 30.26253, 0.58571],
						"1.1": [4.99527, -0.21782, 2.4905]
					}
				},
				"lowerrleg": {
					"rotation": {
						"0.0": [12.5, 0, 0],
						"0.2": [10.83, 0, 0],
						"0.3": [55, 0, 0],
						"0.4": [32.5, 0, 0],
						"0.8": [32.5, 0, 0],
						"1.1": [12.5, 0, 0]
					}
				},
				"waist": {
					"rotation": {
						"0.0": [2.5, 20, 0],
						"0.2": [10.04277, 22.49758, 0.11799],
						"0.3": [10.04277, 22.49758, 0.11799],
						"0.4": [9.57895, -14.49184, -6.17694],
						"0.8": [9.57895, -14.49184, -6.17694],
						"1.1": [2.5, 20, 0]
					}
				},
				"leftArm": {
					"rotation": {
						"0.0": [-1.29903, 30.08235, -8.15548],
						"0.2": [14.34752, 32.21985, -16.55873],
						"0.3": [14.34752, 32.21985, -16.55873],
						"0.4": [22.19493, 39.08999, -33.01369],
						"0.8": [22.19493, 39.08999, -33.01369],
						"1.1": [-1.29903, 30.08235, -8.15548]
					}
				},
				"lowerlarm": {
					"rotation": {
						"0.0": [-12.5, 0, 0],
						"0.2": [-32.5, 0, 0],
						"0.3": [-32.5, 0, 0],
						"0.4": [-25, 0, 0],
						"0.8": [-25, 0, 0],
						"1.1": [-12.5, 0, 0]
					}
				},
				"rightArm": {
					"rotation": {
						"0.0": [34.21604, -12.06754, 15.34721],
						"0.2": [17.47857, 10.654, 91.64116],
						"0.3": [17.47857, 10.654, 91.64116],
						"0.4": [-30.02143, 10.654, 91.64116],
						"0.8": [-30.02143, 10.654, 91.64116],
						"1.1": [34.21604, -12.06754, 15.34721]
					}
				},
				"lowerrarm": {
					"rotation": {
						"0.0": [-45, 0, 0],
						"0.2": [-77.5, 0, 0],
						"0.3": [-77.5, 0, 0],
						"0.4": [-15, 0, 0],
						"0.8": [-15, 0, 0],
						"1.1": [-45, 0, 0]
					}
				},
				"trail_rapier": {
					"scale": {
						"0.0": [1, 0, 1],
						"1.1": [1, 0, 1]
					}
				},
				"trail_pierce_rapier": {
					"scale": {
						"0.0": [1, 1, 0],
						"0.2": [1, 1, 0],
						"0.4": [1, 1, 1],
						"0.5": [1, 1, 0],
						"0.8": [1, 1, 0],
						"1.1": [1, 1, 0]
					}
				},
				"rightitem": {
					"rotation": {
						"0.3": [0, 0, 0],
						"0.4": [87.5, 0, 0],
						"0.8": [87.5, 0, 0],
						"1.1": [0, 0, 0]
					}
				},
				"swordright": {
					"scale": 0
				}
			}
		},
		"animation.rapier_shield.attack_slash_left": {
			"animation_length": 1.4,
			"override_previous_animation": true,
			"bones": {
				"root": {
					"rotation": {
						"0.0": ["variable.is_first_person ? (math.cos(query.life_time * 100.0) * 0.200) + 0.200 : 0", "variable.is_first_person ? 140 : -40", 0],
						"0.2": ["variable.is_first_person ? (math.cos(query.life_time * 100.0) * 0.200) + 0.200 : 0", "variable.is_first_person ? 140 : -40", 0],
						"0.3": ["variable.is_first_person ? (math.cos(query.life_time * 100.0) * 0.200) + 0.200 : 0", "variable.is_first_person ? 132.5 : -47.5", 0],
						"0.4": ["variable.is_first_person ? (math.cos(query.life_time * 100.0) * 0.200) + 0.200 : 0", "variable.is_first_person ? 192.5 : 12.5", 0],
						"0.8": ["variable.is_first_person ? (math.cos(query.life_time * 100.0) * 0.200) + 0.200 : 0", "variable.is_first_person ? 192.5 : 12.5", 0],
						"1.3": ["variable.is_first_person ? (math.cos(query.life_time * 100.0) * 0.200) + 0.200 : 0", "variable.is_first_person ? 180 : 0", 0]
					},
					"position": {
						"0.0": ["variable.is_first_person ? 2 : 0", "variable.is_first_person ? -4 : -1", "variable.is_first_person ? 12 : 0"],
						"1.3": ["variable.is_first_person ? 2 : 0", "variable.is_first_person ? -4 : -1", "variable.is_first_person ? 12 : 0"]
					}
				},
				"leftleg": {
					"rotation": {
						"0.0": [-14.94548, -1.29256, -4.83045],
						"0.2": [-19.78217, -2.57594, -9.6658],
						"0.3": [-19.78217, -2.57594, -9.6658],
						"0.4": [-38.29769, -12.46932, -1.94918],
						"0.8": [-38.29769, -12.46932, -1.94918],
						"1.3": [-14.94548, -1.29256, -4.83045]
					}
				},
				"lowerlleg": {
					"rotation": {
						"0.0": [12.5, 0, 0],
						"0.2": [25, 0, 0],
						"0.3": [25, 0, 0],
						"0.4": [35, 0, 0],
						"0.8": [35, 0, 0],
						"1.3": [12.5, 0, 0]
					}
				},
				"rightleg": {
					"rotation": {
						"0.0": [-34.31166, 30.26253, 0.58571],
						"0.2": [-33.00549, 48.22638, 0.5644],
						"0.3": [-33.00549, 48.22638, 0.5644],
						"0.4": [-26.49684, 70.88838, 8.84592],
						"0.8": [-26.49684, 70.88838, 8.84592],
						"1.3": [4.99527, -0.21782, 2.4905]
					}
				},
				"lowerrleg": {
					"rotation": {
						"0.0": [32.5, 0, 0],
						"0.8": [32.5, 0, 0],
						"1.3": [12.5, 0, 0]
					}
				},
				"waist": {
					"rotation": {
						"0.0": [9.57895, -14.49184, -6.17694],
						"0.2": [9.99848, -21.88301, -7.51818],
						"0.3": [21.25447, -28.9039, -10.44103],
						"0.4": [21.00476, 27.70412, 10.32754],
						"0.8": [21.00476, 27.70412, 10.32754],
						"1.3": [2.5, 20, 0]
					}
				},
				"leftArm": {
					"rotation": {
						"0.0": [6.80046, 31.2582, -16.76981],
						"0.8": [6.80046, 31.2582, -16.76981],
						"1.3": [-1.29903, 30.08235, -8.15548]
					}
				},
				"lowerlarm": {
					"rotation": {
						"0.0": [-12.5, 0, 0],
						"1.3": [-12.5, 0, 0]
					}
				},
				"rightArm": {
					"rotation": {
						"0.0": [-30.02143, 10.654, 91.64116],
						"0.2": [-80.02143, 10.654, 91.64116],
						"0.3": [-80.02143, 10.654, 91.64116],
						"0.4": [39.97857, 10.654, 91.64116],
						"0.8": [39.97857, 10.654, 91.64116],
						"1.3": [34.21604, -12.06754, 15.34721]
					}
				},
				"lowerrarm": {
					"rotation": {
						"0.0": [-15, 0, 0],
						"0.2": [-62.5, 0, 0],
						"0.3": [-62.5, 0, 0],
						"0.4": [-27.5, 0, 0],
						"0.8": [-27.5, 0, 0],
						"1.3": [-45, 0, 0]
					}
				},
				"trail_rapier": {
					"scale": {
						"0.0": [1, 0, 1],
						"0.2": [1, 0, 1],
						"0.4": [1, 1, 1],
						"0.5": [1, 0, 1],
						"0.8": [1, 0, 1],
						"1.3": [1, 0, 1]
					}
				},
				"trail_pierce_rapier": {
					"scale": {
						"0.0": [1, 1, 0],
						"1.3": [1, 1, 0]
					}
				},
				"rightitem": {
					"rotation": {
						"0.0": [87.5, 0, 0],
						"0.3": [40, 0, 0],
						"0.4": [2.5, 0, 0],
						"0.8": [2.5, 0, 0],
						"1.3": [0, 0, 0]
					}
				},
				"swordright": {
					"scale": 0
				}
			}
		},
		"animation.rapier_shield.attack_thrust_heavy": {
			"animation_length": 1.4,
			"override_previous_animation": true,
			"bones": {
				"root": {
					"rotation": {
						"0.0": ["variable.is_first_person ? (math.cos(query.life_time * 100.0) * 0.200) + 0.200 : 0", "variable.is_first_person ? 192.5 : 12.5", 0],
						"0.2": ["variable.is_first_person ? (math.cos(query.life_time * 100.0) * 0.200) + 0.200 : 0", "variable.is_first_person ? 215 : 35", 0],
						"0.3": ["variable.is_first_person ? (math.cos(query.life_time * 100.0) * 0.200) + 0.200 : 0", "variable.is_first_person ? 215 : 35", 0],
						"0.4": ["variable.is_first_person ? (math.cos(query.life_time * 100.0) * 0.200) + 0.200 : 0", "variable.is_first_person ? 140 : -40", 0],
						"0.8": ["variable.is_first_person ? (math.cos(query.life_time * 100.0) * 0.200) + 0.200 : 0", "variable.is_first_person ? 140 : -40", 0],
						"1.3": ["variable.is_first_person ? (math.cos(query.life_time * 100.0) * 0.200) + 0.200 : 0", "variable.is_first_person ? 180 : 0", 0]
					},
					"position": {
						"0.0": ["variable.is_first_person ? 2 : 0", "variable.is_first_person ? -4 : -1", "variable.is_first_person ? 12 : 0"],
						"1.3": ["variable.is_first_person ? 2 : 0", "variable.is_first_person ? -4 : -1", "variable.is_first_person ? 12 : 0"]
					}
				},
				"leftleg": {
					"rotation": {
						"0.0": [-38.29769, -12.46932, -1.94918],
						"0.2": [-20.2702, -28.23868, -8.54786],
						"0.3": [-14.33467, -29.77123, -5.21088],
						"0.8": [-14.33467, -29.77123, -5.21088],
						"1.3": [-14.94548, -1.29256, -4.83045]
					}
				},
				"lowerlleg": {
					"rotation": {
						"0.0": [35, 0, 0],
						"0.4": [15, 0, 0],
						"0.8": [15, 0, 0],
						"1.3": [12.5, 0, 0]
					}
				},
				"rightleg": {
					"rotation": {
						"0.0": [-13.99684, 70.88838, 8.84592],
						"0.2": [-10.12613, 29.33335, 10.59264],
						"0.3": [-55.24967, -23.12966, 8.54486],
						"0.4": [-34.31166, 30.26253, 0.58571],
						"0.8": [-34.31166, 30.26253, 0.58571],
						"1.3": [4.99527, -0.21782, 2.4905]
					}
				},
				"lowerrleg": {
					"rotation": {
						"0.0": [12.5, 0, 0],
						"0.2": [10.83, 0, 0],
						"0.3": [55, 0, 0],
						"0.4": [32.5, 0, 0],
						"0.8": [32.5, 0, 0],
						"1.3": [12.5, 0, 0]
					}
				},
				"waist": {
					"rotation": {
						"0.0": [21.00476, 27.70412, 10.32754],
						"0.2": [10.04277, 22.49758, 0.11799],
						"0.3": [10.04277, 22.49758, 0.11799],
						"0.4": [17.07895, -14.49184, -6.17694],
						"0.8": [17.07895, -14.49184, -6.17694],
						"1.3": [2.5, 20, 0]
					}
				},
				"leftArm": {
					"rotation": {
						"0.0": [-1.29903, 30.08235, -8.15548],
						"0.2": [14.34752, 32.21985, -16.55873],
						"0.3": [14.34752, 32.21985, -16.55873],
						"0.4": [32.19493, 39.08999, -33.01369],
						"0.8": [32.19493, 39.08999, -33.01369],
						"1.3": [-1.29903, 30.08235, -8.15548]
					}
				},
				"lowerlarm": {
					"rotation": {
						"0.0": [-12.5, 0, 0],
						"0.2": [-32.5, 0, 0],
						"0.3": [-32.5, 0, 0],
						"0.4": [-52.5, 0, 0],
						"0.8": [-52.5, 0, 0],
						"1.3": [-12.5, 0, 0]
					}
				},
				"rightArm": {
					"rotation": {
						"0.0": [39.97857, 10.654, 91.64116],
						"0.2": [17.47857, 10.654, 91.64116],
						"0.3": [17.47857, 10.654, 91.64116],
						"0.4": [-22.52143, 10.654, 91.64116],
						"0.8": [-22.52143, 10.654, 91.64116],
						"1.3": [34.21604, -12.06754, 15.34721]
					}
				},
				"lowerrarm": {
					"rotation": {
						"0.0": [-27.5, 0, 0],
						"0.2": [-77.5, 0, 0],
						"0.3": [-77.5, 0, 0],
						"0.4": [-7.5, 0, 0],
						"0.8": [-7.5, 0, 0],
						"1.3": [-45, 0, 0]
					}
				},
				"trail_rapier": {
					"scale": {
						"0.0": [1, 0, 1],
						"1.3": [1, 0, 1]
					}
				},
				"trail_pierce_rapier": {
					"scale": {
						"0.0": [1, 1, 0],
						"0.2": [1, 1, 0],
						"0.4": [1, 1, 1],
						"0.5": [1, 1, 0],
						"0.8": [1, 1, 0],
						"1.3": [1, 1, 0]
					}
				},
				"rightitem": {
					"rotation": {
						"0.0": [2.5, 0, 0],
						"0.3": [0, 0, 0],
						"0.4": [87.5, 0, 0],
						"0.8": [87.5, 0, 0],
						"1.3": [0, 0, 0]
					}
				},
				"swordright": {
					"scale": 0
				}
			}
		},
		"animation.rapier_shield.move": {
			"loop": true,
			"animation_length": 1.04,
			"override_previous_animation": true,
			"bones": {
				"root": {
					"rotation": ["variable.is_first_person ? (math.cos(query.life_time * 100.0) * 0.200) + 0.200 : 0", "variable.is_first_person ? 180 : 0", 0],
					"position": {
						"0.0": ["variable.is_first_person ? 2 : 0", "variable.is_first_person ? -5 : -2", "variable.is_first_person ? 12 : 0"],
						"0.2": ["variable.is_first_person ? 2 : 0", "variable.is_first_person ? -3 : 0", "variable.is_first_person ? 12 : 0"],
						"0.52": ["variable.is_first_person ? 2 : 0", "variable.is_first_person ? -5 : -2", "variable.is_first_person ? 12 : 0"],
						"0.72": ["variable.is_first_person ? 2 : 0", "variable.is_first_person ? -3 : 0", "variable.is_first_person ? 12 : 0"],
						"1.04": ["variable.is_first_person ? 2 : 0", "variable.is_first_person ? -5 : -2", "variable.is_first_person ? 12 : 0"]
					}
				},
				"leftleg": {
					"rotation": {
						"0.0": [30, 0, 0],
						"0.2": [8.27, 0, 0],
						"0.36": [-82.21, 0, 0],
						"0.52": [-52.5, 0, 0],
						"0.72": [-0.77, 0, 0],
						"1.04": [30, 0, 0]
					}
				},
				"lowerlleg": {
					"rotation": {
						"0.0": [20, 0, 0],
						"0.2": [90, 0, 0],
						"0.36": [81.56, 0, 0],
						"0.52": [52.5, 0, 0],
						"0.72": [2.5, 0, 0],
						"1.04": [20, 0, 0]
					}
				},
				"rightleg": {
					"rotation": {
						"0.0": [-52.5, 0, 0],
						"0.2": [0.77, 0, 0],
						"0.36": [21.63, 0, 0],
						"0.52": [27.5, 0, 0],
						"0.72": [-23.27, 0, 0],
						"0.88": [-85.38, 0, 0],
						"1.04": [-52.5, 0, 0]
					}
				},
				"lowerrleg": {
					"rotation": {
						"0.0": [52.5, 0, 0],
						"0.2": [1.92, 0, 0],
						"0.52": [25, 0, 0],
						"0.72": [95.58, 0, 0],
						"0.88": [84.04, 0, 0],
						"1.04": [52.5, 0, 0]
					}
				},
				"waist": {
					"rotation": {
						"0.0": [10.59189, 19.76134, 2.73725],
						"0.52": [10.04405, -7.31074, -2.17159],
						"1.04": [10.59189, 19.76134, 2.73725]
					}
				},
				"leftArm": {
					"rotation": {
						"0.0": [-21.29846, 37.94546, -15.05794],
						"0.52": [37.53729, -0.86717, -4.92442],
						"1.04": [-21.29846, 37.94546, -15.05794]
					}
				},
				"lowerlarm": {
					"rotation": {
						"0.0": [-22.5, 0, 0],
						"1.04": [-22.5, 0, 0]
					}
				},
				"rightArm": {
					"rotation": {
						"0.0": [45.83206, -10.1659, 28.12807],
						"0.52": [-1.14889, -6.80654, 16.23052],
						"1.04": [45.83206, -10.1659, 28.12807]
					}
				},
				"lowerrarm": {
					"rotation": {
						"0.0": [-25, 0, 0],
						"0.52": [-32.5, 0, 0],
						"1.04": [-25, 0, 0]
					}
				},
				"trail_rapier": {
					"scale": {
						"0.0": [0, 0, 0],
						"1.04": [0, 0, 0]
					}
				},
				"trail_pierce_rapier": {
					"scale": {
						"0.0": [0, 0, 0],
						"1.04": [0, 0, 0]
					}
				},
				"rightitem": {
					"rotation": [-17.5, 0, 0]
				},
				"swordright": {
					"scale": 0
				}
			}
		},
		"animation.rapier_shield.sneak": {
			"loop": true,
			"override_previous_animation": true,
			"bones": {
				"root": {
					"rotation": ["variable.is_first_person ? (math.cos(query.life_time * 100.0) * 0.200) + 0.200 : 0", "variable.is_first_person ? 180 : 0", 0],
					"position": ["variable.is_first_person ? 2 : 0", "variable.is_first_person ? -8 : -5", "variable.is_first_person ? 12 : 0"]
				},
				"leftleg": {
					"rotation": [-90, 0, -2.5]
				},
				"lowerlleg": {
					"rotation": [90, 0, 0]
				},
				"rightleg": {
					"rotation": [12.50706, 0.32621, 2.47864]
				},
				"lowerrleg": {
					"rotation": [72.5, 0, 0]
				},
				"waist": {
					"rotation": [10.48476, 32.44908, 1.02617]
				},
				"leftArm": {
					"rotation": [-42.33452, 36.44132, -17.22181]
				},
				"lowerlarm": {
					"rotation": [-64.06134, 12.2403, 8.73739]
				},
				"rightArm": {
					"rotation": [39.21604, -12.06754, 15.34721]
				},
				"lowerrarm": {
					"rotation": [-47.5, 0, 0]
				},
				"rightitem": {
					"position": [0, 0, -1]
				},
				"trail_rapier": {
					"scale": 0
				},
				"trail_pierce_rapier": {
					"scale": 0
				},
				"swordright": {
					"scale": 0
				}
			}
		},
		"animation.rapier_shield.sneak_move": {
			"loop": true,
			"animation_length": 1.04,
			"override_previous_animation": true,
			"bones": {
				"root": {
					"rotation": ["variable.is_first_person ? (math.cos(query.life_time * 100.0) * 0.200) + 0.200 - 2.5 : -2.5", "variable.is_first_person ? 180 : -2.5", 0],
					"position": {
						"0.0": ["variable.is_first_person ? 2 : 0", "variable.is_first_person ? -7 : -4", "variable.is_first_person ? 12 : 0"],
						"0.24": ["variable.is_first_person ? 2 : 0", "variable.is_first_person ? -8 : -5", "variable.is_first_person ? 12 : 0"],
						"0.52": ["variable.is_first_person ? 2 : 0", "variable.is_first_person ? -7 : -4", "variable.is_first_person ? 12 : 0"],
						"0.8": ["variable.is_first_person ? 2 : 0", "variable.is_first_person ? -9 : -6", "variable.is_first_person ? 12 : 0"],
						"1.04": ["variable.is_first_person ? 2 : 0", "variable.is_first_person ? -7 : -4", "variable.is_first_person ? 12 : 0"]
					}
				},
				"leftleg": {
					"rotation": {
						"0.0": [-74.9299, 1.70818, -0.30014],
						"0.52": [-2.4299, 1.70818, -0.30014],
						"0.8": [-111.26229, 1.23927, 0.51927],
						"1.04": [-74.9299, 1.70818, -0.30014]
					}
				},
				"lowerlleg": {
					"rotation": {
						"0.0": [72.5, 0, 0],
						"0.24": [118.46, 0, 0],
						"0.52": [80, 0, 0],
						"0.8": [100.96, 0, 0],
						"1.04": [72.5, 0, 0]
					}
				},
				"rightleg": {
					"rotation": {
						"0.0": [-0.14068, -2.24944, 7.15656],
						"0.24": [-98.33018, 0.42156, 5.28399],
						"0.52": [-77.46793, 3.53773, 3.09932],
						"0.8": [-25.83018, 0.42156, 5.28399],
						"1.04": [-0.14068, -2.24944, 7.15656]
					}
				},
				"lowerrleg": {
					"rotation": {
						"0.0": [77.5, 0, 0],
						"0.24": [100, 0, 0],
						"0.52": [72.5, 0, 0],
						"0.8": [112.69, 0, 0],
						"1.04": [77.5, 0, 0]
					}
				},
				"waist": {
					"rotation": {
						"0.0": [10.48476, 32.44908, 1.02617],
						"0.52": [17.98476, 32.44908, 1.02617],
						"1.04": [10.48476, 32.44908, 1.02617]
					}
				},
				"leftArm": {
					"rotation": {
						"0.0": [-42.33452, 36.44132, -17.22181],
						"0.52": [-53.6505, 30.23885, -35.86902],
						"1.04": [-42.33452, 36.44132, -17.22181]
					}
				},
				"lowerlarm": {
					"rotation": {
						"0.0": [-64.06134, 12.2403, 8.73739],
						"0.52": [-62.80881, 8.88217, 15.56035],
						"1.04": [-64.06134, 12.2403, 8.73739]
					}
				},
				"rightArm": {
					"rotation": {
						"0.0": [39.21604, -12.06754, 15.34721],
						"0.52": [49.21604, -12.06754, 15.34721],
						"1.04": [39.21604, -12.06754, 15.34721]
					}
				},
				"lowerrarm": {
					"rotation": {
						"0.0": [-47.5, 0, 0],
						"0.52": [-52.5, 0, 0],
						"1.04": [-47.5, 0, 0]
					}
				},
				"rightitem": {
					"position": [0, 0, -1]
				},
				"trail_rapier": {
					"scale": 0
				},
				"trail_pierce_rapier": {
					"scale": 0
				},
				"swordright": {
					"scale": 0
				}
			}
		},
		"animation.rapier_shield.sprint": {
			"loop": true,
			"animation_length": 0.56,
			"override_previous_animation": true,
			"bones": {
				"leftleg": {
					"rotation": {
						"0.0": [45, 0, -2.5],
						"0.12": [-84.64286, 0, -2.5],
						"0.28": [-47.5, 0, -2.5],
						"0.4": [57.14286, 0, -2.5],
						"0.56": [45, 0, -2.5]
					}
				},
				"lowerlleg": {
					"rotation": {
						"0.0": [62.5, 0, 0],
						"0.12": [98.57, 0, 0],
						"0.28": [47.5, 0, 0],
						"0.4": [26.43, 0, 0],
						"0.56": [62.5, 0, 0]
					}
				},
				"rightleg": {
					"rotation": {
						"0.0": [-44.99294, 0.32621, 2.47864],
						"0.12": [58.57849, 0.32621, 2.47864],
						"0.28": [27.50706, 0.32621, 2.47864],
						"0.4": [-93.56437, 0.32621, 2.47864],
						"0.56": [-44.99294, 0.32621, 2.47864]
					}
				},
				"lowerrleg": {
					"rotation": {
						"0.0": [45, 0, 0],
						"0.12": [21.79, 0, 0],
						"0.28": [72.5, 0, 0],
						"0.4": [103.21, 0, 0],
						"0.56": [45, 0, 0]
					}
				},
				"waist": {
					"rotation": {
						"0.0": [10.48476, 32.44908, 1.02617],
						"0.28": [7.98476, 32.44908, 1.02617],
						"0.56": [10.48476, 32.44908, 1.02617]
					}
				},
				"leftArm": {
					"rotation": {
						"0.0": [-42.33452, 36.44132, -17.22181],
						"0.28": [-46.9539, 29.39956, -25.69461],
						"0.56": [-42.33452, 36.44132, -17.22181]
					}
				},
				"lowerlarm": {
					"rotation": {
						"0.0": [-64.06134, 12.2403, 8.73739],
						"0.28": [-62.48452, 7.73333, 17.80434],
						"0.56": [-64.06134, 12.2403, 8.73739]
					}
				},
				"rightArm": {
					"rotation": {
						"0.0": [39.21604, -12.06754, 15.34721],
						"0.28": [14.21604, -12.06754, 15.34721],
						"0.56": [39.21604, -12.06754, 15.34721]
					}
				},
				"lowerrarm": {
					"rotation": {
						"0.0": [-47.5, 0, 0],
						"0.28": [-47.5, 0, 0],
						"0.56": [-47.5, 0, 0]
					}
				},
				"root": {
					"rotation": ["variable.is_first_person ? (math.cos(query.life_time * 100.0) * 0.200) + 0.200 : 0", "variable.is_first_person ? 180 : 0", 0],
					"position": {
						"0.0": ["variable.is_first_person ? 2 : 0", "variable.is_first_person ? -5 : -2", "variable.is_first_person ? 12 : 0"],
						"0.12": ["variable.is_first_person ? 2 : 0", "variable.is_first_person ? -3 : 0", "variable.is_first_person ? 12 : 0"],
						"0.28": ["variable.is_first_person ? 2 : 0", "variable.is_first_person ? -5 : -2", "variable.is_first_person ? 12 : 0"],
						"0.4": ["variable.is_first_person ? 2 : 0", "variable.is_first_person ? -3 : 0", "variable.is_first_person ? 12 : 0"],
						"0.56": ["variable.is_first_person ? 2 : 0", "variable.is_first_person ? -5 : -2", "variable.is_first_person ? 12 : 0"]
					}
				},
				"trail_rapier": {
					"scale": 0
				},
				"trail_pierce_rapier": {
					"scale": 0
				},
				"swordright": {
					"scale": 0
				}
			}
		}
	}
}