{
	"format_version": "1.8.0",
	"animations": {
		"animation.spear_shield.blocking": {
			"loop": true,
			"override_previous_animation": true,
			"bones": {
				"root": {
					"rotation": ["variable.is_first_person ? (math.cos(query.life_time * 100.0) * 0.200) + 0.200 : 0", "variable.is_first_person ? 197.5 : 17.5", 0],
					"position": ["variable.is_first_person ? 2 : 0", "variable.is_first_person ? -4 : -1", "variable.is_first_person ? 12 : 0"]
				},
				"leftleg": {
					"rotation": [-26.41832, -14.76802, -4.58564]
				},
				"lowerlleg": {
					"rotation": [25, 0, 0]
				},
				"rightleg": {
					"rotation": [14.59507, -15.1656, 1.33921]
				},
				"lowerrleg": {
					"rotation": [22.5, 0, 0]
				},
				"waist": {
					"rotation": [0, 12.5, 0]
				},
				"leftArm": {
					"rotation": [-55, 0, 0]
				},
				"lowerlarm": {
					"rotation": [-19.42961, 36.46498, 49.38751]
				},
				"rightArm": {
					"rotation": [52.15615, 3.56878, 97.65038]
				},
				"lowerrarm": {
					"rotation": [-80, 0, 0]
				},
				"rightItem": {
					"position": [0, 0, 11]
				},
				"trail_pierce_spear": {
					"scale": [1, 1, 0]
				},
				"trail_spear": {
					"scale": [1, 0, 1]
				},
				"spear_back": {
					"scale": 0
				}
			}
		},
		"animation.spear_shield.base_pose": {
			"loop": true,
			"override_previous_animation": true,
			"bones": {
				"root": {
					"rotation": ["variable.is_first_person ? (math.cos(query.life_time * 100.0) * 0.200) + 0.200 : 0", "variable.is_first_person ? 180 : 0", 0],
					"position": ["variable.is_first_person ? 2 : 0", "variable.is_first_person ? -3 : 0", "variable.is_first_person ? 12 : 0"]
				},
				"leftleg": {
					"rotation": [-5, 0, -5]
				},
				"lowerlleg": {
					"rotation": [5, 0, 0]
				},
				"rightleg": {
					"rotation": [0, 0, 5]
				},
				"lowerrleg": {
					"rotation": [5, 0, 0]
				},
				"waist": {
					"rotation": [2.52179, 12.4976, 0.11166]
				},
				"leftArm": {
					"rotation": [0.56377, 15.19198, -7.09563]
				},
				"lowerlarm": {
					"rotation": [-12.5, 0, 0]
				},
				"rightArm": {
					"rotation": [-6.08748, 24.4116, 3.58594]
				},
				"lowerrarm": {
					"rotation": [-80, 0, 0]
				},
				"trail_pierce_spear": {
					"scale": [1, 1, 0]
				},
				"trail_spear": {
					"scale": [1, 0, 1]
				},
				"rightItem": {
					"position": [0, 0, 18]
				},
				"spear_back": {
					"scale": 0
				}
			}
		},
		"animation.spear_shield.attack_stab": {
			"animation_length": 1.4,
			"override_previous_animation": true,
			"bones": {
				"root": {
					"rotation": {
						"0.0": ["variable.is_first_person ? (math.cos(query.life_time * 100.0) * 0.200) + 0.200 : 0", "variable.is_first_person ? 180 : 0", 0],
						"0.2": ["variable.is_first_person ? (math.cos(query.life_time * 100.0) * 0.200) + 0.200 : 0", "variable.is_first_person ? 182.5 : 2.5", 0],
						"0.4": ["variable.is_first_person ? (math.cos(query.life_time * 100.0) * 0.200) + 0.200 : 0", "variable.is_first_person ? 202.5 : 22.5", 0],
						"0.5": ["variable.is_first_person ? (math.cos(query.life_time * 100.0) * 0.200) + 0.200 : 0", "variable.is_first_person ? 172.5 : -7.5", 0],
						"0.9": ["variable.is_first_person ? (math.cos(query.life_time * 100.0) * 0.200) + 0.200 : 0", "variable.is_first_person ? 172.5 : -7.5", 0],
						"1.3": ["variable.is_first_person ? (math.cos(query.life_time * 100.0) * 0.200) + 0.200 : 0", "variable.is_first_person ? 180 : 0", 0]
					},
					"position": {
						"0.0": ["variable.is_first_person ? 2 : 0", "variable.is_first_person ? -3 : 0", "variable.is_first_person ? 12 : 0"],
						"1.3": ["variable.is_first_person ? 2 : 0", "variable.is_first_person ? -3 : 0", "variable.is_first_person ? 12 : 0"]
					}
				},
				"leftleg": {
					"rotation": {
						"0.0": [-5, 0, -5],
						"0.2": [-5.00474, -2.49048, -4.78197],
						"0.4": [-5.40961, -22.40972, -2.93246],
						"0.5": [7.55181, 7.42386, -3.47306],
						"0.9": [7.55181, 7.42386, -3.47306],
						"1.3": [-5, 0, -5]
					}
				},
				"lowerlleg": {
					"rotation": {
						"0.0": [5, 0, 0],
						"1.3": [5, 0, 0]
					}
				},
				"rightleg": {
					"rotation": {
						"0.0": [0, 0, 5],
						"0.2": [0, -2.5, 5],
						"0.4": [0, -17.5, 5],
						"0.5": [-15, 10, 5],
						"0.9": [-15, 10, 5],
						"1.3": [0, 0, 5]
					}
				},
				"lowerrleg": {
					"rotation": {
						"0.0": [5, 0, 0],
						"0.5": [12.5, 0, 0],
						"0.9": [12.5, 0, 0],
						"1.3": [5, 0, 0]
					}
				},
				"waist": {
					"rotation": {
						"0.0": [2.52179, 12.4976, 0.11166],
						"0.2": [2.58145, 17.49265, 0.34203],
						"0.4": [-3.93646, 34.9723, 1.28907],
						"0.5": [4.5222, -37.15633, -0.25534],
						"0.9": [4.5222, -37.15633, -0.25534],
						"1.3": [2.52179, 12.4976, 0.11166]
					}
				},
				"leftArm": {
					"rotation": {
						"0.0": [0.56377, 15.19198, -7.09563],
						"0.4": [8.64824, 16.91524, -17.71537],
						"0.5": [15.12452, 24.60601, -26.38739],
						"0.9": [15.12452, 24.60601, -26.38739],
						"1.3": [0.56377, 15.19198, -7.09563]
					}
				},
				"lowerlarm": {
					"rotation": {
						"0.0": [-12.5, 0, 0],
						"1.3": [-12.5, 0, 0]
					}
				},
				"rightArm": {
					"rotation": {
						"0.0": [-6.08748, 24.4116, 3.58594],
						"0.2": [20.85091, 14.32219, 75.05245],
						"0.4": [46.79212, 6.57488, 93.82047],
						"0.5": [-26.29007, 3.28338, 87.05533],
						"0.9": [-26.29007, 3.28338, 87.05533],
						"1.3": [-6.08748, 24.4116, 3.58594]
					}
				},
				"lowerrarm": {
					"rotation": {
						"0.0": [-80, 0, 0],
						"0.2": [-80, 0, 0],
						"0.4": [-95, 0, 0],
						"0.5": [-20, 0, 0],
						"0.9": [-20, 0, 0],
						"1.3": [-80, 0, 0]
					}
				},
				"trail_pierce_spear": {
					"scale": {
						"0.0": [1, 1, 0],
						"0.4": [1, 1, 0],
						"0.5": [1, 1, 1],
						"0.6": [1, 1, 0],
						"0.9": [1, 1, 0],
						"1.3": [1, 1, 0]
					}
				},
				"trail_spear": {
					"scale": {
						"0.0": [1, 0, 1],
						"1.3": [1, 0, 1]
					}
				},
				"rightItem": {
					"rotation": {
						"0.4": [0, 0, 0],
						"0.5": [77.5, 0, 0],
						"0.9": [77.5, 0, 0],
						"1.3": [0, 0, 0]
					},
					"position": {
						"0.0": [0, 0, 18],
						"0.4": [0, 0, 18],
						"0.5": [0, 9, 2],
						"0.9": [0, 9, 2],
						"1.3": [0, 0, 18]
					}
				},
				"spear_back": {
					"scale": 0
				}
			}
		},
		"animation.spear_shield.attack_pierce": {
			"animation_length": 1.4,
			"override_previous_animation": true,
			"bones": {
				"root": {
					"rotation": {
						"0.0": ["variable.is_first_person ? (math.cos(query.life_time * 100.0) * 0.200) + 0.200 : 0", "variable.is_first_person ? 180 : 0", 0],
						"0.2": ["variable.is_first_person ? (math.cos(query.life_time * 100.0) * 0.200) + 0.200 : 0", "variable.is_first_person ? 182.5 : 2.5", 0],
						"0.3": ["variable.is_first_person ? (math.cos(query.life_time * 100.0) * 0.200) + 0.200 : 0", "variable.is_first_person ? 222.5 : 42.5", 0],
						"0.4": ["variable.is_first_person ? (math.cos(query.life_time * 100.0) * 0.200) + 0.200 : 0", "variable.is_first_person ? 150 : -30", 0],
						"1.3": ["variable.is_first_person ? (math.cos(query.life_time * 100.0) * 0.200) + 0.200 : 0", "variable.is_first_person ? 180 : 0", 0]
					},
					"position": {
						"0.0": ["variable.is_first_person ? 2 : 0", "variable.is_first_person ? -3 : 0", "variable.is_first_person ? 12 : 0"],
						"1.3": ["variable.is_first_person ? 2 : 0", "variable.is_first_person ? -3 : 0", "variable.is_first_person ? 12 : 0"]
					}
				},
				"leftleg": {
					"rotation": {
						"0.0": [-5, 0, -5],
						"0.2": [-5.00474, -2.49048, -4.78197],
						"0.3": [-2.3273, -40.20325, -7.3273],
						"0.4": [6.03026, 22.90128, -6.74116],
						"1.3": [-5, 0, -5]
					}
				},
				"lowerlleg": {
					"rotation": {
						"0.0": [5, 0, 0],
						"1.3": [5, 0, 0]
					}
				},
				"rightleg": {
					"rotation": {
						"0.0": [0, 0, 5],
						"0.2": [0, -2.5, 5],
						"0.3": [0, -42.5, 5],
						"0.4": [-16.98474, 29.24355, -0.82274],
						"1.3": [0, 0, 5]
					}
				},
				"lowerrleg": {
					"rotation": {
						"0.0": [5, 0, 0],
						"0.4": [12.5, 0, 0],
						"1.3": [5, 0, 0]
					}
				},
				"waist": {
					"rotation": {
						"0.0": [2.52179, 12.4976, 0.11166],
						"0.2": [2.58145, 17.49265, 0.34203],
						"0.3": [-3.93646, 34.9723, 1.28907],
						"0.4": [4.5222, -37.15633, -0.25534],
						"1.3": [2.52179, 12.4976, 0.11166]
					}
				},
				"leftArm": {
					"rotation": {
						"0.0": [0.56377, 15.19198, -7.09563],
						"0.3": [8.64824, 16.91524, -17.71537],
						"0.4": [15.12452, 24.60601, -26.38739],
						"1.3": [0.56377, 15.19198, -7.09563]
					}
				},
				"lowerlarm": {
					"rotation": {
						"0.0": [-12.5, 0, 0],
						"1.3": [-12.5, 0, 0]
					}
				},
				"rightArm": {
					"rotation": {
						"0.0": [-6.08748, 24.4116, 3.58594],
						"0.2": [20.85091, 14.32219, 75.05245],
						"0.3": [19.29212, 6.57488, 93.82047],
						"0.4": [-11.29007, 3.28338, 87.05533],
						"1.3": [-6.08748, 24.4116, 3.58594]
					}
				},
				"lowerrarm": {
					"rotation": {
						"0.0": [-80, 0, 0],
						"0.2": [-80, 0, 0],
						"0.3": [-95, 0, 0],
						"0.4": [-20, 0, 0],
						"1.3": [-80, 0, 0]
					}
				},
				"trail_pierce_spear": {
					"scale": {
						"0.0": [1, 1, 0],
						"0.3": [1, 1, 0],
						"0.4": [1, 1, 1],
						"0.5": [1, 1, 0],
						"1.3": [1, 1, 0]
					}
				},
				"trail_spear": {
					"scale": {
						"0.0": [1, 0, 1],
						"1.3": [1, 0, 1]
					}
				},
				"rightItem": {
					"rotation": {
						"0.3": [0, 0, 0],
						"0.4": [90, 0, 0],
						"1.3": [0, 0, 0]
					},
					"position": {
						"0.0": [0, 0, 18],
						"0.3": [0, 0, 18],
						"0.4": [0, 9, 0],
						"1.3": [0, 0, 18]
					}
				},
				"spear_back": {
					"scale": 0
				}
			}
		},
		"animation.spear_shield.attack_slash": {
			"animation_length": 1.4,
			"override_previous_animation": true,
			"bones": {
				"root": {
					"rotation": {
						"0.0": ["variable.is_first_person ? (math.cos(query.life_time * 100.0) * 0.200) + 0.200 : 0", "variable.is_first_person ? 180 : 0", 0],
						"0.2": ["variable.is_first_person ? (math.cos(query.life_time * 100.0) * 0.200) + 0.200 : 0", "variable.is_first_person ? 105 : -75", 0],
						"0.5": ["variable.is_first_person ? (math.cos(query.life_time * 100.0) * 0.200) + 0.200 : 0", "variable.is_first_person ? 195 : 15", 0],
						"0.7": ["variable.is_first_person ? (math.cos(query.life_time * 100.0) * 0.200) + 0.200 : 0", "variable.is_first_person ? 195 : 15", 0],
						"1.3": ["variable.is_first_person ? (math.cos(query.life_time * 100.0) * 0.200) + 0.200 : 0", "variable.is_first_person ? 180 : 0", 0]
					},
					"position": {
						"0.0": ["variable.is_first_person ? 2 : 0", "variable.is_first_person ? -3 : 0", "variable.is_first_person ? 12 : 0"],
						"0.3": ["variable.is_first_person ? 2 : 0", "variable.is_first_person ? -3 : 0", "variable.is_first_person ? 12 : 0"],
						"0.5": ["variable.is_first_person ? 2 : 0", "variable.is_first_person ? -3 : -1", "variable.is_first_person ? 12 : -2"],
						"0.7": ["variable.is_first_person ? 2 : 0", "variable.is_first_person ? -3 : -1", "variable.is_first_person ? 12 : -2"],
						"1.3": ["variable.is_first_person ? 2 : 0", "variable.is_first_person ? -3 : 0", "variable.is_first_person ? 12 : 0"]
					}
				},
				"leftleg": {
					"rotation": {
						"0.0": [-5, 0, -5],
						"0.2": [-20.00474, -2.49048, -4.78197],
						"0.3": [-70.00474, -2.49048, -4.78197],
						"0.5": [-37.50474, -2.49048, -4.78197],
						"0.7": [-37.50474, -2.49048, -4.78197],
						"1.3": [-5, 0, -5]
					}
				},
				"lowerlleg": {
					"rotation": {
						"0.0": [5, 0, 0],
						"0.2": [17.5, 0, 0],
						"0.3": [55, 0, 0],
						"0.5": [37.5, 0, 0],
						"0.7": [37.5, 0, 0],
						"1.3": [5, 0, 0]
					}
				},
				"rightleg": {
					"rotation": {
						"0.0": [0, 0, 5],
						"0.2": [-6.0822, 67.1133, 16.37782],
						"0.3": [-3.18794, 42.1848, 19.84239],
						"1.3": [0, 0, 5]
					}
				},
				"lowerrleg": {
					"rotation": {
						"0.0": [5, 0, 0],
						"0.2": [26.25, 0, 0],
						"1.3": [5, 0, 0]
					}
				},
				"waist": {
					"rotation": {
						"0.0": [2.52179, 12.4976, 0.11166],
						"0.2": [27.58145, 17.49265, 0.34203],
						"0.3": [34.03054, -11.62167, -19.32523],
						"0.5": [49.57503, 43.93927, 27.58788],
						"0.7": [49.57503, 43.93927, 27.58788],
						"1.3": [2.52179, 12.4976, 0.11166]
					}
				},
				"leftArm": {
					"rotation": {
						"0.0": [0.56377, 15.19198, -7.09563],
						"0.2": [32.62343, -11.12151, -31.74481],
						"0.3": [60.12343, -11.12151, -31.74481],
						"0.5": [-24.83174, 39.7829, -59.44199],
						"0.7": [-24.83174, 39.7829, -59.44199],
						"1.3": [0.56377, 15.19198, -7.09563]
					}
				},
				"lowerlarm": {
					"rotation": {
						"0.0": [-12.5, 0, 0],
						"0.3": [-45, 0, 0],
						"1.3": [-12.5, 0, 0]
					}
				},
				"rightArm": {
					"rotation": {
						"0.0": [-6.08748, 24.4116, 3.58594],
						"0.2": [-86.64909, 14.32219, 75.05245],
						"0.3": [-86.43725, 24.30411, 75.69056],
						"0.5": [53.56275, 24.30411, 75.69056],
						"0.7": [53.56275, 24.30411, 75.69056],
						"1.3": [-6.08748, 24.4116, 3.58594]
					}
				},
				"lowerrarm": {
					"rotation": {
						"0.0": [-80, 0, 0],
						"0.2": [-30, 0, 0],
						"0.7": [-25.23, 0, 0],
						"1.3": [-80, 0, 0]
					}
				},
				"trail_pierce_spear": {
					"scale": {
						"0.0": [1, 1, 0],
						"1.3": [1, 1, 0]
					}
				},
				"trail_spear": {
					"scale": {
						"0.0": [1, 0, 1],
						"0.2": [1, 0, 1],
						"0.3": [1, 1, 1],
						"0.5": [1, 1, 1],
						"0.6": [1, 0, 1],
						"0.7": [1, 0, 1],
						"1.3": [1, 0, 1]
					}
				},
				"rightItem": {
					"position": {
						"0.0": [0, 0, 18],
						"0.2": [0, 0, 12],
						"0.5": [0, 0, 10],
						"0.7": [0, 0, 10],
						"1.3": [0, 0, 18]
					}
				},
				"spear_back": {
					"scale": 0
				}
			}
		},
		"animation.spear_shield.attack_shield_basher": {
			"loop": "hold_on_last_frame",
			"animation_length": 1.7,
			"override_previous_animation": true,
			"bones": {
				"root": {
					"rotation": {
						"0.0": ["variable.is_first_person ? (math.cos(query.life_time * 100.0) * 0.200) + 0.200 : 0", "variable.is_first_person ? 180 : 0", 0],
						"0.3": ["variable.is_first_person ? (math.cos(query.life_time * 100.0) * 0.200) + 0.200 : 0", "variable.is_first_person ? 180 : 0", 0],
						"1.6": ["variable.is_first_person ? (math.cos(query.life_time * 100.0) * 0.200) + 0.200 : 0", "variable.is_first_person ? 180 : 0", 0]
					},
					"position": {
						"0.0": ["variable.is_first_person ? 2 : 0", "variable.is_first_person ? -3 : 0", "variable.is_first_person ? 12 : 0"],
						"0.2": ["variable.is_first_person ? 2 : 0", "variable.is_first_person ? -4 : -1", "variable.is_first_person ? 12 : 0"],
						"0.3": ["variable.is_first_person ? 2 : 0", "variable.is_first_person ? -6 : -3", "variable.is_first_person ? 12 : 0"],
						"0.5": ["variable.is_first_person ? 2 : 0", "variable.is_first_person ? -4 : -1", "variable.is_first_person ? 12 : -2"],
						"0.6": ["variable.is_first_person ? 2 : 0", "variable.is_first_person ? -4 : -1", "variable.is_first_person ? 12 : -4"],
						"1.6": ["variable.is_first_person ? 2 : 0", "variable.is_first_person ? -3 : 0", "variable.is_first_person ? 12 : 0"]
					}
				},
				"leftleg": {
					"rotation": {
						"0.0": [-5, 0, -5],
						"0.3": [-55.72361, 11.49119, -15.15246],
						"0.5": [-17.1812, 16.3903, -0.5372],
						"0.6": [-17.1812, 16.3903, -0.5372],
						"0.7": [35.23622, 11.68255, -1.51754],
						"1.6": [-5, 0, -5]
					}
				},
				"lowerlleg": {
					"rotation": {
						"0.0": [5, 0, 0],
						"0.3": [60, 0, 0],
						"0.5": [25, 0, 0],
						"0.6": [25, 0, 0],
						"1.6": [5, 0, 0]
					}
				},
				"rightleg": {
					"rotation": {
						"0.0": [0, 0, 5],
						"0.3": [6.66671, 17.16567, 6.23084],
						"0.5": [34.54628, -3.89463, 5.08666],
						"0.6": [34.54628, -3.89463, 5.08666],
						"0.7": [-15.30306, -2.23653, 5.63135],
						"1.6": [0, 0, 5]
					}
				},
				"lowerrleg": {
					"rotation": {
						"0.0": [5, 0, 0],
						"0.3": [52.5, 0, 0],
						"0.5": [7.5, 0, 0],
						"0.6": [7.5, 0, 0],
						"0.7": [17.5, 0, 0],
						"1.6": [5, 0, 0]
					}
				},
				"waist": {
					"rotation": {
						"0.0": [2.52179, 12.4976, 0.11166],
						"0.2": [31.28056, 5.40951, 3.09966],
						"0.3": [36.01192, 28.45646, 18.92473],
						"0.6": [36.01192, 28.45646, 18.92473],
						"0.7": [17.83213, -16.21221, -2.15549],
						"1.6": [2.52179, 12.4976, 0.11166]
					}
				},
				"leftArm": {
					"rotation": {
						"0.0": [0.56377, 15.19198, -7.09563],
						"0.2": [-62.60293, 55.08928, -66.58215],
						"0.3": [-64.82244, 40.2804, -51.25318],
						"0.6": [-64.82244, 40.2804, -51.25318],
						"0.7": [-37.19183, -65.63092, -7.13767],
						"1.6": [0.56377, 15.19198, -7.09563]
					}
				},
				"rightArm": {
					"rotation": {
						"0.0": [-6.08748, 24.4116, 3.58594],
						"0.2": [-26.47992, 34.3499, -2.94733],
						"0.3": [35.43796, 13.3089, 18.15941],
						"1.6": [-6.08748, 24.4116, 3.58594]
					}
				},
				"lowerrarm": {
					"rotation": {
						"0.0": [-80, 0, 0],
						"0.3": [-45, 0, 0],
						"1.6": [-80, 0, 0]
					}
				},
				"lowerlarm": {
					"rotation": {
						"0.0": [-12.5, 0, 0],
						"0.3": [-65, 0, 0],
						"0.6": [-65, 0, 0],
						"1.6": [-12.5, 0, 0]
					}
				},
				"leftItem": {
					"scale": 1
				},
				"rightItem": {
					"position": {
						"0.0": [0, 0, 18],
						"1.6": [0, 0, 18]
					}
				},
				"trail_pierce_spear": {
					"scale": {
						"0.0": [1, 1, 0],
						"1.6": [1, 1, 0]
					}
				},
				"trail_spear": {
					"scale": {
						"0.0": [1, 0, 1],
						"1.6": [1, 0, 1]
					}
				},
				"spear_back": {
					"scale": 0
				}
			}
		},
		"animation.spear_shield.move": {
			"loop": true,
			"animation_length": 1,
			"override_previous_animation": true,
			"bones": {
				"waist": {
					"rotation": {
						"0.0": [2.57853, 5.11391, -2.70454],
						"0.5": [2.57133, 2.39717, 2.17335],
						"1.0": [2.57853, 5.11391, -2.70454]
					}
				},
				"leftArm": {
					"rotation": {
						"0.0": [0.56377, 15.19198, -7.09563],
						"0.5": [27.10452, -4.80597, -17.50443],
						"1.0": [0.56377, 15.19198, -7.09563]
					}
				},
				"lowerlarm": {
					"rotation": {
						"0.0": [-12.5, 0, 0],
						"0.5": [-12.5, 0, 0],
						"1.0": [-12.5, 0, 0]
					}
				},
				"rightArm": {
					"rotation": {
						"0.0": [42.49973, 14.91363, 22.75597],
						"0.5": [22.49973, 14.91363, 22.75597],
						"1.0": [42.49973, 14.91363, 22.75597]
					}
				},
				"lowerrarm": {
					"rotation": {
						"0.0": [-25, 0, 0],
						"0.5": [-40, 0, 0],
						"1.0": [-25, 0, 0]
					}
				},
				"leftleg": {
					"rotation": {
						"0.0": [22.5, 0, -2.5],
						"0.2": [0.76923, 0, -2.5],
						"0.4": [-67.4359, 0, -2.5],
						"0.5": [-50, 0, -2.5],
						"0.7": [-9.61538, 0, -2.5],
						"0.9": [13.94231, 0, -2.5],
						"1.0": [22.5, 0, -2.5]
					}
				},
				"rightleg": {
					"rotation": {
						"0.0": [-49.99294, 0.32621, 2.47864],
						"0.2": [-14.41602, 0.32621, 2.47864],
						"0.4": [25.81903, 0.32621, 2.47864],
						"0.5": [17.50706, 0.32621, 2.47864],
						"0.7": [-4.22371, 0.32621, 2.47864],
						"0.9": [-84.60832, 0.32621, 2.47864],
						"1.0": [-49.99294, 0.32621, 2.47864]
					}
				},
				"lowerlleg": {
					"rotation": {
						"0.0": [52.5, 0, 0],
						"0.2": [76.92, 0, 0],
						"0.4": [104.46, 0, 0],
						"0.5": [50, 0, 0],
						"0.7": [9.23, 0, 0],
						"0.9": [13.37, 0, 0],
						"1.0": [52.5, 0, 0]
					}
				},
				"lowerrleg": {
					"rotation": {
						"0.0": [50, 0, 0],
						"0.2": [13.46, 0, 0],
						"0.4": [12.09, 0, 0],
						"0.5": [65, 0, 0],
						"0.7": [82.12, 0, 0],
						"0.9": [118.56, 0, 0],
						"1.0": [50, 0, 0]
					}
				},
				"rightItem": {
					"position": {
						"0.0": [0, 0, 18],
						"0.5": [0, 0, 18],
						"1.0": [0, 0, 18]
					}
				},
				"root": {
					"rotation": ["variable.is_first_person ? (math.cos(query.life_time * 100.0) * 0.200) + 0.200 : 0", "variable.is_first_person ? 180 : 0", 0],
					"position": {
						"0.0": ["variable.is_first_person ? 2 : 0", "variable.is_first_person ? -5 : -2", "variable.is_first_person ? 12 : 0"],
						"0.2": ["variable.is_first_person ? 2 : 0", "variable.is_first_person ? -3 : 0", "variable.is_first_person ? 12 : 0"],
						"0.5": ["variable.is_first_person ? 2 : 0", "variable.is_first_person ? -5 : -2", "variable.is_first_person ? 12 : 0"],
						"0.7": ["variable.is_first_person ? 2 : 0", "variable.is_first_person ? -3 : 0", "variable.is_first_person ? 12 : 0"],
						"1.0": ["variable.is_first_person ? 2 : 0", "variable.is_first_person ? -5 : -2", "variable.is_first_person ? 12 : 0"]
					}
				},
				"trail_pierce_spear": {
					"scale": [1, 1, 0]
				},
				"trail_spear": {
					"scale": [1, 0, 1]
				},
				"spear_back": {
					"scale": 0
				}
			}
		},
		"animation.spear_shield.sprint": {
			"loop": true,
			"animation_length": 0.56,
			"override_previous_animation": true,
			"bones": {
				"leftleg": {
					"rotation": {
						"0.0": [45, 0, -2.5],
						"0.12": [-84.64286, 0, -2.5],
						"0.28": [-47.5, 0, -2.5],
						"0.4": [57.14286, 0, -2.5],
						"0.56": [45, 0, -2.5]
					}
				},
				"lowerlleg": {
					"rotation": {
						"0.0": [62.5, 0, 0],
						"0.12": [98.57, 0, 0],
						"0.28": [47.5, 0, 0],
						"0.4": [26.43, 0, 0],
						"0.56": [62.5, 0, 0]
					}
				},
				"rightleg": {
					"rotation": {
						"0.0": [-44.99294, 0.32621, 2.47864],
						"0.12": [58.57849, 0.32621, 2.47864],
						"0.28": [27.50706, 0.32621, 2.47864],
						"0.4": [-93.56437, 0.32621, 2.47864],
						"0.56": [-44.99294, 0.32621, 2.47864]
					}
				},
				"lowerrleg": {
					"rotation": {
						"0.0": [45, 0, 0],
						"0.12": [21.79, 0, 0],
						"0.28": [72.5, 0, 0],
						"0.4": [103.21, 0, 0],
						"0.56": [45, 0, 0]
					}
				},
				"waist": {
					"rotation": {
						"0.0": [12.5, 27.5, 0],
						"0.28": [10, 20, 0],
						"0.56": [12.5, 27.5, 0]
					}
				},
				"leftArm": {
					"rotation": {
						"0.0": [-55, 0, 0],
						"0.28": [-55, 0, 0],
						"0.56": [-55, 0, 0]
					}
				},
				"lowerlarm": {
					"rotation": {
						"0.0": [-19.42961, 36.46498, 49.38751],
						"0.28": [-19.42961, 36.46498, 49.38751],
						"0.56": [-19.42961, 36.46498, 49.38751]
					}
				},
				"rightArm": {
					"rotation": {
						"0.0": [50.59001, 15.31437, 88.17438],
						"0.28": [52.15615, 3.56878, 97.65038],
						"0.56": [50.59001, 15.31437, 88.17438]
					}
				},
				"lowerrarm": {
					"rotation": {
						"0.0": [-80, 0, 0],
						"0.28": [-80, 0, 0],
						"0.56": [-80, 0, 0]
					}
				},
				"root": {
					"rotation": ["variable.is_first_person ? (math.cos(query.life_time * 100.0) * 0.200) + 0.200 : 0", "variable.is_first_person ? 180 : 0", 0],
					"position": {
						"0.0": ["variable.is_first_person ? 2 : 0", "variable.is_first_person ? -5 : -2", "variable.is_first_person ? 12 : 0"],
						"0.12": ["variable.is_first_person ? 2 : 0", "variable.is_first_person ? -3 : 0", "variable.is_first_person ? 12 : 0"],
						"0.28": ["variable.is_first_person ? 2 : 0", "variable.is_first_person ? -5 : -2", "variable.is_first_person ? 12 : 0"],
						"0.4": ["variable.is_first_person ? 2 : 0", "variable.is_first_person ? -3 : 0", "variable.is_first_person ? 12 : 0"],
						"0.56": ["variable.is_first_person ? 2 : 0", "variable.is_first_person ? -5 : -2", "variable.is_first_person ? 12 : 0"]
					}
				},
				"trail_pierce_spear": {
					"scale": [1, 1, 0]
				},
				"trail_spear": {
					"scale": [1, 0, 1]
				},
				"spear_back": {
					"scale": 0
				}
			}
		},
		"animation.spear_shield.sneak_move": {
			"loop": true,
			"animation_length": 1.04,
			"override_previous_animation": true,
			"bones": {
				"waist": {
					"rotation": {
						"0.0": [5.06694, -18.0529, 3.1512],
						"0.52": [8.72398, 10.66453, -5.65524],
						"1.04": [5.06694, -18.0529, 3.1512]
					}
				},
				"leftArm": {
					"rotation": {
						"0.0": [15.77143, 1.42952, -23.77242],
						"0.48": [38.27143, 1.42952, -23.77242],
						"1.04": [15.77143, 1.42952, -23.77242]
					}
				},
				"lowerlarm": {
					"rotation": [-62.5, 0, 0]
				},
				"rightArm": {
					"rotation": {
						"0.0": [81.08206, 3.71085, 28.60412],
						"0.48": [41.08206, 3.71085, 28.60412],
						"1.04": [81.08206, 3.71085, 28.60412]
					}
				},
				"lowerrarm": {
					"rotation": [-65, 0, 0]
				},
				"leftleg": {
					"rotation": {
						"0.0": [20.21026, -4.77628, -5.71489],
						"0.24": [-117.86666, -4.77628, -5.71489],
						"0.52": [-94.78974, -4.77628, -5.71489],
						"1.04": [20.21026, -4.77628, -5.71489]
					}
				},
				"rightleg": {
					"rotation": {
						"0.0": [-95.77875, 1.4842, 1.78994],
						"0.52": [6.72125, 1.4842, 1.78994],
						"0.8": [-113.47106, 1.4842, 1.78994],
						"1.04": [-95.77875, 1.4842, 1.78994]
					}
				},
				"rightItem": {
					"rotation": [0, 0, 0],
					"position": [0, 0, 15]
				},
				"root": {
					"rotation": {
						"0.0": [
							"variable.is_first_person ? (math.cos(query.life_time * 100.0) * 0.200) + 0.200 + 11.7308 : 11.7308",
							"variable.is_first_person ? 184.8876: 4.8876",
							3.05248
						],
						"0.52": [
							"variable.is_first_person ? (math.cos(query.life_time * 100.0) * 0.200) + 0.200 + 11.7308 : 11.7308",
							"variable.is_first_person ? 184.8876: 4.8876",
							3.05248
						],
						"1.04": [
							"variable.is_first_person ? (math.cos(query.life_time * 100.0) * 0.200) + 0.200 + 11.7308 : 11.7308",
							"variable.is_first_person ? 184.8876: 4.8876",
							3.05248
						]
					},
					"position": {
						"0.0": ["variable.is_first_person ? 2 : 0", "variable.is_first_person ? -9 : -6", "variable.is_first_person ? 12 : 0"],
						"0.2": ["variable.is_first_person ? 2 : 0", "variable.is_first_person ? -7 : -4", "variable.is_first_person ? 12 : 0"],
						"0.52": ["variable.is_first_person ? 2 : 0", "variable.is_first_person ? -9 : -6", "variable.is_first_person ? 12 : 0"],
						"0.76": ["variable.is_first_person ? 2 : 0", "variable.is_first_person ? -7 : -4", "variable.is_first_person ? 12 : 0"],
						"1.04": ["variable.is_first_person ? 2 : 0", "variable.is_first_person ? -9 : -6", "variable.is_first_person ? 12 : 0"]
					}
				},
				"lowerlleg": {
					"rotation": {
						"0.0": [57.5, 0, 0],
						"0.24": [108.27, 0, 0],
						"0.52": [102.5, 0, 0],
						"1.04": [57.5, 0, 0]
					}
				},
				"lowerrleg": {
					"rotation": {
						"0.0": [85, 0, 0],
						"0.52": [75, 0, 0],
						"0.8": [102.88, 0, 0],
						"1.04": [85, 0, 0]
					}
				},
				"trail_pierce_spear": {
					"scale": [1, 1, 0]
				},
				"trail_spear": {
					"scale": [1, 0, 1]
				},
				"spear_back": {
					"scale": 0
				}
			}
		},
		"animation.spear_shield.sneak": {
			"loop": true,
			"override_previous_animation": true,
			"bones": {
				"root": {
					"rotation": ["variable.is_first_person ? (math.cos(query.life_time * 100.0) * 0.200) + 0.200 : 0", "variable.is_first_person ? 180 : 0", 0],
					"position": ["variable.is_first_person ? 2 : 0", "variable.is_first_person ? -8 : -5", "variable.is_first_person ? 12 : 0"]
				},
				"leftleg": {
					"rotation": [10, 0, -2.5]
				},
				"lowerlleg": {
					"rotation": [75, 0, 0]
				},
				"rightleg": {
					"rotation": [-79.99294, 0.32621, 2.47864]
				},
				"lowerrleg": {
					"rotation": [80, 0, 0]
				},
				"waist": {
					"rotation": [12.67995, 12.39135, 1.6575]
				},
				"leftArm": {
					"rotation": [8.7301, 26.51003, -30.05896]
				},
				"lowerlarm": {
					"rotation": [-50, 0, 0]
				},
				"rightArm": {
					"rotation": [38.06818, 2.04046, 19.71214]
				},
				"lowerrarm": {
					"rotation": [-37.5, 0, 0]
				},
				"rightItem": {
					"position": [0, 0, 19]
				},
				"trail_lance": {
					"scale": 0
				},
				"leftItem": {
					"scale": 1
				},
				"trail_pierce_spear": {
					"scale": [1, 1, 0]
				},
				"trail_spear": {
					"scale": [1, 0, 1]
				},
				"spear_back": {
					"scale": 0
				}
			}
		}
	}
}