{
  "tiers": [
    {
      "trades": [
        {
          "wants": [
            {
              "item": "minecraft:diamond",
              "quantity": 3
            }
          ],
          "gives": [
            {
              "item": "fc:flower_tiara",
              "quantity": 1
            }
          ]
        },
        {
          "wants": [
            {
              "item": "minecraft:sugar",
              "quantity": 2
            }
          ],
          "gives": [
            {
              "item": "fc:candy",
              "quantity": 5
            }
          ]
        },
        {
          "wants": [
            {
              "item": "fc:spear",
              "quantity": 1
            }
          ],
          "gives": [
            {
              "item": "fc:fairy_dust",
              "quantity": 6
            }
          ]
        },
        {
          "wants": [
            {
              "item": "minecraft:egg",
              "quantity": 5
            }
          ],
          "gives": [
            {
              "item": "minecraft:cake",
              "quantity": 1
            }
          ]
        },
        {
          "wants": [
            {
              "item": "fc:raw_koi",
              "quantity": 1
            }
          ],
          "gives": [
            {
              "item": "fc:cocked_koi",
              "quantity": 1
            }
          ]
        },
        {
          "wants": [
            {
              "item": "minecraft:wheat_seeds",
              "quantity": 2
            }
          ],
          "gives": [
            {
              "item": "minecraft:red_flower",
              "quantity": 1
            }
          ]
        },
        {
          "wants": [
            {
              "item": "minecraft:wood",
              "quantity": 4
            }
          ],
          "gives": [
            {
              "item": "fc:fairy_house",
              "quantity": 1
            }
          ]
        }
      ]
    }
  ]
}