{
  "format_version": "1.8.0",
  "render_controllers": {
    "controller.render.crimsonghidorah_lightning": {
      "geometry": "Geometry.charged",
      "part_visibility": [
        { "*": "query.is_powered" }
      ],
      "materials": [ { "*": "Material.charged" } ],
      "textures": [ "Texture.charged" ],
      "uv_anim": {
          "offset": [ 0.0, 0.0 ],
          "scale": [ 1.0, 1.0 ]
      },
      "light_color_multiplier": 2.5,
      "ignore_lighting" : true
    }
  }
}
