{
	"format_version": "1.14.0",
	"sound_definitions": {
		"sound.ccat.space_purple": {
			"category": "player",
			"sounds": [
				{
					"name": "sounds/space_purple",
					"volume": 7
				}
			]
		},
		"sound.ccat.space_purple_destroy": {
			"category": "hostile",
			"sounds": [
				{
					"name": "sounds/space_purple_destroy",
					"volume": 26
				}
			]
		},
		"sound.ccat.space_purple_explode": {
			"category": "hostile",
			"sounds": [
				{
					"name": "sounds/space_purple_explode",
					"volume": 22
				}
			]
		},
		"sound.ccat.space_infvoid": {
			"category": "player",
			"sounds": [
				{
					"name": "sounds/space_infvoid",
					"volume": 12
				}
			]
		},
		"sound.ccat.space_infvoid_ambience": {
			"category": "hostile",
			"sounds": [
				{
					"name": "sounds/space_infvoid_ambience",
					"volume": 3
				}
			]
		}
	}
}