{
  "format_version": "1.13.0",
  "minecraft:feature_rules": {
    "description": {
      "identifier": "zm:black_vein_feature_rule",
      "places_feature": "zm:black_vein_feature"
    },
    "conditions": {
      "placement_pass": "surface_pass",
      "minecraft:biome_filter": [
        {
          "test": "has_biome_tag",
          "operator": "==",
          "value": "plains"
        }
      ]
    },
    "distribution": {
      "iterations": "(query.noise((variable.originx + 8) / 200.0, (variable.originz + 8) / 200.0) < -0.8) ? 5 : 10",
      "scatter_chance": "variable.is_legacy ? 0.0 : 100.0",
      "x": {
        "distribution": "uniform",
        "extent": [ 0 ]
      },
      "y": {
        "distribution": "uniform",
        "extent": [ 0, "query.heightmap(variable.worldx, variable.worldz) * 0" ]
      },
      "z": {
        "distribution": "uniform",
        "extent": [ 0 ]
      }
    }
  }
}
