{"format_version":"1.13.0","minecraft:feature_rules":{"description":{"identifier":"brdl:nether_spike_feature_rule","places_feature":"brdl:nether_spike_structure"},"conditions":{"placement_pass":"surface_pass","minecraft:biome_filter":[{"all_of":[{"test":"has_biome_tag","operator":"!=","value":"nether"},{"test":"has_biome_tag","operator":"!=","value":"the_end"},{"test":"has_biome_tag","operator":"!=","value":"beach"},{"any_of":[{"test":"has_biome_tag","operator":"==","value":"plains"},{"test":"has_biome_tag","operator":"==","value":"overworld_generation"},{"test":"has_biome_tag","operator":"==","value":"overworld"},{"test":"has_biome_tag","operator":"==","value":"birch"},{"test":"has_biome_tag","operator":"==","value":"mutated"},{"test":"has_biome_tag","operator":"==","value":"desert"}]}]}]},"distribution":{"iterations":1,"scatter_chance":7,"x":0,"y":"query.heightmap(variable.worldx,variable.worldz)+0","z":0}}}
//created using bedrockdownloads.com, do not remove this line. check out our other add-ons.
