{
  "format_version": "1.16.0",
  "minecraft:feature_rules": {
    "description": {
      "identifier": "zm:st_vine",
      "places_feature": "zm:st_vine_feature"
    },
    "conditions": {
      "placement_pass": "surface_pass",
      "minecraft:biome_filter": [
        {
          "test": "has_biome_tag",
          "operator": "==",
          "value": "plains"
        }
      ]
    },
    "distribution": {
      "iterations": "Math.Random(204, 250)",
      "x": {
        "distribution": "uniform",
        "extent": [ 0, 16 ]
      },
      "y": {
        "distribution": "uniform",
        "extent": [ -64, 20 ]
      },
      "z": {
        "distribution": "uniform",
        "extent": [ 0, 16 ]
      }
    }
  }
}
