{
  "format_version": "1.16.100",
  "minecraft:item": {
	"description": {
      "identifier": "pixel:pre_golden_katana_blade",
      "category":"Items"
    },
    "components": {
	  "minecraft:icon": {
	    "texture": "pre_golden_katana_blade"
	  },
      "minecraft:creative_category": {
        "parent": "itemGroup.name.katana_blade"
      },
      "tag:minecraft:is_material":{},
	  "minecraft:allow_off_hand": true,
	  "minecraft:display_name": {
		"value": "item.pixel:pre_golden_katana_blade.name"
	  },
      "minecraft:max_stack_size": 64,
      "minecraft:use_duration": 3600,
      "minecraft:hand_equipped": true
    }
  }
}