{
	"format_version": "1.16.100",
	"minecraft:item": {
		"description": {
			"identifier": "knights:stone_scimitar_twohanded",
			"category": "equipment"
		},
		"components": {
			"minecraft:can_destroy_in_creative": false,
			"minecraft:creative_category": {
				"parent": "itemGroup.name.sword"
			},
			"minecraft:durability": {
				"max_durability": 150
			},
			"minecraft:damage": 10,
			"minecraft:digger": {
				"use_efficiency": true,
				"destroy_speeds": [
					{
						"block": "minecraft:web",
						"on_dig": {
							"event": "damage",
							"target": "self"
						},
						"speed": 15
					},
					{
						"block": "minecraft:bamboo",
						"on_dig": {
							"event": "damage",
							"target": "self"
						},
						"speed": 60
					}
				]
			},
			"minecraft:enchantable": {
				"value": 14,
				"slot": "sword"
			},
			"minecraft:hand_equipped": true,
			"minecraft:allow_off_hand": true,
			"minecraft:display_name": {
				"value": "Stone Scimitar"
			},
			"minecraft:icon": {
				"texture": "knights_stone_scimitar_twohanded"
			},
			"minecraft:max_stack_size": 1,
			"minecraft:repairable": {
				"repair_items": [
					{
						"items": [
							"minecraft:cobblestone"
						],
						"repair_amount": "query.max_durability*0.25"
					},
					{
						"items": [
							"knights:stone_scimitar_twohanded"
						],
						"repair_amount": "context.other->query.remaining_durability+0.12*context.other->query.max_durability"
					}
				]
			},
			"minecraft:weapon": {
				"on_hurt_entity": {
					"event": "scimitar_slash",
					"target": "self"
				}
			},
			"tag:minecraft:is_sword": {},
			"tag:damage:stone": {},
			"tag:minecraft:is_longsword": {},
			"tag:minecraft:is_tool": {}
		},
		"events": {
			"scimitar_slash": {
				"sequence": [
					{
						"condition": "query.health<=10",
						"run_command": {
							"command": [
								"effect @s strength 5 0 true"
							]
						}
					}
				]
			},
			"damage": {
				"type": "durability",
				"amount": 1,
				"target": "self"
			}
		}
	}
}