{
  "format_version": "1.8.0",
  "minecraft:client_entity": {
    "description": {
      "identifier": "fc:medusa",
      "min_engine_version": "1.8.0",
      "materials": {
        "default": "snow_golem",
        "head": "snow_golem_pumpkin"
      },
      "textures": {
        "default": "textures/entity/pamobile/fc_medusa"
      },
      "geometry": {
        "default": "geometry.fc_medusa"
      },
      "animations": {
        "move": "animation.fc_medusa.walk",
        "look_at_target": "animation.fc_medusa.walk"
      },
      "animation_controllers": [
        {
          "move": "controller.animation.snowgolem.move.v1.8"
        }
      ],
      "render_controllers": [
        "controller.render.snowgolem"
      ],
      "spawn_egg": {
        "texture": "fc:medusa",
        "texture_index": 0
      }
    }
  }
}