{
  "format_version": "1.8.0",
  "animation_controllers": {
    "controller.animation.godzilla.attack1": {
      "states": {
        "default": {
          "transitions": [
            { "attack1": "query.is_sheared && variable.attack_time > 0.0" }
          ]
        },
        "attack1": {
          "animations": [
            { "attack1": [] }
          ],
          "transitions": [
            { "stop": "query.is_sheared && variable.attack_time <= 0.0" }
          ]
        },
        "stop": {
          "transitions": [
            { "attack2": "query.is_sheared && variable.attack_time > 0.0" }
          ]
        },
        "attack2": {
          "animations": [
            { "attack2": [] }
          ],
          "transitions": [
            { "default": "query.is_sheared && variable.attack_time <= 0.0" }
          ]
        }
      }
    },

    "controller.animation.godzilla.roar":{
      "states": {
        "default": {
          "parameters": [ "query.modified_move_speed" ],
          "animations": [
            { "look_at_target": [] },
            { "general": [] },
            { "walk": [] }
          ],
          "transitions": [
            { "roar": "query.is_roaring == 1" },
            { "atom": "query.variant == 3" },
            { "roar1": "query.variant == 2" }
          ]
        },
        "roar1": {
          "animations": [
            { "roar1": [] }
          ],
          "transitions": [
            { "default": "query.variant != 2" }
          ]
        },
        "atom": {
          "animations": [
            { "atom": [] }
          ],
          "transitions": [
            { "default": "query.variant != 3" }
          ]
        },
        "roar": {
          "animations": [
            { "roar": [] }
          ],
          "transitions": [
            { "default": "query.is_roaring != 1" }
          ]
        }
      }
    }
  }
}