{
  "format_version": "1.16.100",
  "minecraft:item": {
	"description": {
      "identifier": "pixel:diamond_spear",
      "category":"Equipment"
    },
    "components": {
	  "minecraft:icon": {
	    "texture": "diamond_spear"
	  },
      "minecraft:creative_category": {
        "parent": "itemGroup.name.sword"
      },
	  "tag:damage:9":{},
      "tag:minecraft:is_spear":{},
	  "minecraft:display_name": {
		"value": "item.pixel:diamond_spear.name"
	  },
      "minecraft:max_stack_size": 1,
      "minecraft:use_duration": 3600,
      "minecraft:hand_equipped": true,
      "minecraft:durability": {
        "max_durability": 1562,
        "damage_chance": {
          "min": 60,
          "max": 100
        }
      },
      "minecraft:repairable": {
        "repair_items": [
          {
            "items": [ "minecraft:diamond" ],
            "repair_amount": 560
          },
          {
            "items": [ "pixel:repair_item" ],
            "repair_amount": 250
          },
          {
            "items": [ "pixel:diamond_spear" ],
            "repair_amount": "query.max_durability"
          }
        ]
      },
      "minecraft:mining_speed": 1.5,
      "minecraft:damage": 9,
      "minecraft:enchantable": {
        "value": 12,
        "slot": "sword"
      },
      "minecraft:can_destroy_in_creative": false,
      "minecraft:digger": {
        "use_efficiency": true,
        "destroy_speeds": [
          {
            "block": "minecraft:web",
            "speed": 15,
			"on_dig": {
			  "event": "minecraft:break"
			}
          },
          {
            "block": "minecraft:bamboo",
            "speed": 10,
			"on_dig": {
			  "event": "minecraft:break"
			}
          }
        ],
		"on_dig": {
		  "event": "minecraft:break",
		  "target": "self"
		}
      },
      "minecraft:chargeable": {
		"on_complete": {
		  "event": "filter_the_shoot",
		  "target": "self"
		}
	  },
	  "minecraft:weapon": {
		"on_hurt_entity": {
		  "event": "minecraft:break"
		}
	  }
	},
	"events": {
	  "minecraft:break": {
	    "sequence":[
	      {
		    "condition": "query.scoreboard('mdmmstr') >= 0 && query.scoreboard('mdmmstr') < 50",
		    "sequence":[
    	      {
		        "condition": "query.variant == 1",
	            "run_command":{
	              "command":[
	                "scoreboard objectives add spear_cd dummy",
	                "scoreboard players set @s spear_cd 20",
	                "scoreboard players remove @s exhaust 3",
	                "effect @s weakness 1 20"
	              ]
	            }
	          },
	          {
		        "condition": "query.variant != 1",
	            "run_command":{
	              "command":[
	                "scoreboard objectives add spear_cd dummy",
	                "scoreboard players set @s spear_cd 40",
	                "scoreboard players remove @s exhaust 3",
	                "effect @s weakness 2 20"
	              ]
	            },
		        "damage": {
		          "type": "durability",
		          "amount": 1
	            }
	          },
	          {
		        "condition": "query.is_sprinting && query.scoreboard('spear_cd') < 2",
	            "sequence":[
	              {
		            "damage": {
		              "type": "magic",
		              "amount": 8,
		              "target": "other"
		            }
	              }
	            ]
	          },
	          {
		        "condition": "query.scoreboard('exhaust') >= 5 && query.variant == 1  && query.mark_variant == 0",
	            "sequence":[
	              {
		            "damage": {
		              "type": "entity_attack",
		              "amount": 2,
		              "target": "other"
		            },
	                "run_command":{
	                  "command":[
	                    "scoreboard players remove @s exhaust 5",
	                    "event entity @s combo_1"
	                  ]
	                }
	              }
	            ]
	          },
	          {
		        "condition": "query.scoreboard('exhaust') >= 3 && query.variant == 1  && query.mark_variant == 1",
	            "sequence":[
	              {
		            "damage": {
		              "type": "entity_attack",
		              "amount": 4,
		              "target": "other"
		            },
	                "run_command":{
	                  "command":[
	                    "scoreboard players remove @s exhaust 3",
	                    "event entity @s combo_2"
	                  ]
	                }
	              }
	            ]
	          },
	          {
		        "condition": "query.scoreboard('exhaust') >= 5 && query.variant == 1  && query.mark_variant == 2",
	            "sequence":[
	              {
		            "damage": {
		              "type": "entity_attack",
		              "amount": 2,
		              "target": "other"
		            },
	                "run_command":{
	                  "command":[
	                    "scoreboard players remove @s exhaust 5",
	                    "event entity @s combo_3"
	                  ]
	                }
	              }
	            ]
	          },
	          {
		        "condition": "query.scoreboard('exhaust') >= 5 && query.variant == 1  && query.mark_variant == 3",
	            "sequence":[
	              {
		            "damage": {
		              "type": "entity_attack",
		              "amount": 6,
		              "target": "other"
		            },
	                "run_command":{
	                  "command":[
	                    "scoreboard players remove @s exhaust 5",
	                    "event entity @s combo_4"
	                  ]
	                }
	              }
	            ]
	          },
	          {
		        "condition": "query.scoreboard('exhaust') >= 5 && query.variant == 1  && query.mark_variant == 4",
	            "sequence":[
	              {
		            "damage": {
		              "type": "entity_attack",
		              "amount": 6,
		              "target": "other"
		            },
	                "run_command":{
	                  "command":[
	                    "scoreboard players remove @s exhaust 5",
	                    "event entity @s combo_0"
	                  ]
	                }
	              }
	            ]
	          }
		    ]
	      },
	      {
		    "condition": "query.scoreboard('mdmmstr') >= 50 && query.scoreboard('mdmmstr') < 100",
		    "sequence":[
    	      {
		        "condition": "query.variant == 1",
	            "run_command":{
	              "command":[
	                "scoreboard objectives add spear_cd dummy",
	                "scoreboard players set @s spear_cd 20",
	                "scoreboard players remove @s exhaust 3",
	                "effect @s weakness 1 20"
	              ]
	            }
	          },
	          {
		        "condition": "query.variant != 1",
	            "run_command":{
	              "command":[
	                "scoreboard objectives add spear_cd dummy",
	                "scoreboard players set @s spear_cd 40",
	                "scoreboard players remove @s exhaust 3",
	                "effect @s weakness 2 20"
	              ]
	            },
		        "damage": {
		          "type": "durability",
		          "amount": 1
	            }
	          },
	          {
		        "condition": "query.is_sprinting && query.scoreboard('spear_cd') < 2",
	            "sequence":[
	              {
		            "damage": {
		              "type": "magic",
		              "amount": 9,
		              "target": "other"
		            }
	              }
	            ]
	          },
	          {
		        "condition": "query.scoreboard('exhaust') >= 5 && query.variant == 1  && query.mark_variant == 0",
	            "sequence":[
	              {
		            "damage": {
		              "type": "entity_attack",
		              "amount": 3,
		              "target": "other"
		            },
	                "run_command":{
	                  "command":[
	                    "scoreboard players remove @s exhaust 5",
	                    "event entity @s combo_1"
	                  ]
	                }
	              }
	            ]
	          },
	          {
		        "condition": "query.scoreboard('exhaust') >= 3 && query.variant == 1  && query.mark_variant == 1",
	            "sequence":[
	              {
		            "damage": {
		              "type": "entity_attack",
		              "amount": 5,
		              "target": "other"
		            },
	                "run_command":{
	                  "command":[
	                    "scoreboard players remove @s exhaust 3",
	                    "event entity @s combo_2"
	                  ]
	                }
	              }
	            ]
	          },
	          {
		        "condition": "query.scoreboard('exhaust') >= 5 && query.variant == 1  && query.mark_variant == 2",
	            "sequence":[
	              {
		            "damage": {
		              "type": "entity_attack",
		              "amount": 3,
		              "target": "other"
		            },
	                "run_command":{
	                  "command":[
	                    "scoreboard players remove @s exhaust 5",
	                    "event entity @s combo_3"
	                  ]
	                }
	              }
	            ]
	          },
	          {
		        "condition": "query.scoreboard('exhaust') >= 5 && query.variant == 1  && query.mark_variant == 3",
	            "sequence":[
	              {
		            "damage": {
		              "type": "entity_attack",
		              "amount": 7,
		              "target": "other"
		            },
	                "run_command":{
	                  "command":[
	                    "scoreboard players remove @s exhaust 5",
	                    "event entity @s combo_4"
	                  ]
	                }
	              }
	            ]
	          },
	          {
		        "condition": "query.scoreboard('exhaust') >= 5 && query.variant == 1  && query.mark_variant == 4",
	            "sequence":[
	              {
		            "damage": {
		              "type": "entity_attack",
		              "amount": 7,
		              "target": "other"
		            },
	                "run_command":{
	                  "command":[
	                    "scoreboard players remove @s exhaust 5",
	                    "event entity @s combo_0"
	                  ]
	                }
	              }
	            ]
	          }
		    ]
	      },
	      {
		    "condition": "query.scoreboard('mdmmstr') >= 100 && query.scoreboard('mdmmstr') < 1000",
		    "sequence":[
    	      {
		        "condition": "query.variant == 1",
	            "run_command":{
	              "command":[
	                "scoreboard objectives add spear_cd dummy",
	                "scoreboard players set @s spear_cd 20",
	                "scoreboard players remove @s exhaust 3",
	                "effect @s weakness 1 20"
	              ]
	            }
	          },
	          {
		        "condition": "query.variant != 1",
	            "run_command":{
	              "command":[
	                "scoreboard objectives add spear_cd dummy",
	                "scoreboard players set @s spear_cd 20",
	                "scoreboard players remove @s exhaust 3",
	                "effect @s weakness 1 20"
	              ]
	            },
		        "damage": {
		          "type": "durability",
		          "amount": 1
	            }
	          },
	          {
		        "condition": "query.is_sprinting && query.scoreboard('spear_cd') < 2",
	            "sequence":[
	              {
		            "damage": {
		              "type": "magic",
		              "amount": 10,
		              "target": "other"
		            }
	              }
	            ]
	          },
	          {
		        "condition": "query.scoreboard('exhaust') >= 5 && query.variant == 1  && query.mark_variant == 0",
	            "sequence":[
	              {
		            "damage": {
		              "type": "entity_attack",
		              "amount": 4,
		              "target": "other"
		            },
	                "run_command":{
	                  "command":[
	                    "scoreboard players remove @s exhaust 5",
	                    "event entity @s combo_1"
	                  ]
	                }
	              }
	            ]
	          },
	          {
		        "condition": "query.scoreboard('exhaust') >= 3 && query.variant == 1  && query.mark_variant == 1",
	            "sequence":[
	              {
		            "damage": {
		              "type": "entity_attack",
		              "amount": 6,
		              "target": "other"
		            },
	                "run_command":{
	                  "command":[
	                    "scoreboard players remove @s exhaust 3",
	                    "event entity @s combo_2"
	                  ]
	                }
	              }
	            ]
	          },
	          {
		        "condition": "query.scoreboard('exhaust') >= 5 && query.variant == 1  && query.mark_variant == 2",
	            "sequence":[
	              {
		            "damage": {
		              "type": "entity_attack",
		              "amount": 4,
		              "target": "other"
		            },
	                "run_command":{
	                  "command":[
	                    "scoreboard players remove @s exhaust 5",
	                    "event entity @s combo_3"
	                  ]
	                }
	              }
	            ]
	          },
	          {
		        "condition": "query.scoreboard('exhaust') >= 5 && query.variant == 1  && query.mark_variant == 3",
	            "sequence":[
	              {
		            "damage": {
		              "type": "entity_attack",
		              "amount": 8,
		              "target": "other"
		            },
	                "run_command":{
	                  "command":[
	                    "scoreboard players remove @s exhaust 5",
	                    "event entity @s combo_4"
	                  ]
	                }
	              }
	            ]
	          },
	          {
		        "condition": "query.scoreboard('exhaust') >= 5 && query.variant == 1  && query.mark_variant == 4",
	            "sequence":[
	              {
		            "damage": {
		              "type": "entity_attack",
		              "amount": 8,
		              "target": "other"
		            },
	                "run_command":{
	                  "command":[
	                    "scoreboard players remove @s exhaust 5",
	                    "event entity @s combo_0"
	                  ]
	                }
	              }
	            ]
	          }
		    ]
	      },
	      {
		    "condition": "query.scoreboard('mdmmstr') >= 1000",
		    "sequence":[
    	      {
		        "condition": "query.variant == 1",
	            "run_command":{
	              "command":[
	                "scoreboard objectives add spear_cd dummy",
	                "scoreboard players remove @s exhaust 3"
	              ]
	            }
	          },
	          {
		        "condition": "query.variant != 1",
	            "run_command":{
	              "command":[
	                "scoreboard objectives add spear_cd dummy",
	                "scoreboard players remove @s exhaust 3"
	              ]
	            },
		        "damage": {
		          "type": "durability",
		          "amount": 1
	            }
	          },
	          {
		        "condition": "query.is_sprinting && query.scoreboard('spear_cd') < 2",
	            "sequence":[
	              {
		            "damage": {
		              "type": "magic",
		              "amount": 11,
		              "target": "other"
		            }
	              }
	            ]
	          },
	          {
		        "condition": "query.scoreboard('exhaust') >= 5 && query.variant == 1  && query.mark_variant == 0",
	            "sequence":[
	              {
		            "damage": {
		              "type": "entity_attack",
		              "amount": 5,
		              "target": "other"
		            },
	                "run_command":{
	                  "command":[
	                    "scoreboard players remove @s exhaust 5",
	                    "event entity @s combo_1"
	                  ]
	                }
	              }
	            ]
	          },
	          {
		        "condition": "query.scoreboard('exhaust') >= 3 && query.variant == 1  && query.mark_variant == 1",
	            "sequence":[
	              {
		            "damage": {
		              "type": "entity_attack",
		              "amount": 7,
		              "target": "other"
		            },
	                "run_command":{
	                  "command":[
	                    "scoreboard players remove @s exhaust 3",
	                    "event entity @s combo_2"
	                  ]
	                }
	              }
	            ]
	          },
	          {
		        "condition": "query.scoreboard('exhaust') >= 5 && query.variant == 1  && query.mark_variant == 2",
	            "sequence":[
	              {
		            "damage": {
		              "type": "entity_attack",
		              "amount": 5,
		              "target": "other"
		            },
	                "run_command":{
	                  "command":[
	                    "scoreboard players remove @s exhaust 5",
	                    "event entity @s combo_3"
	                  ]
	                }
	              }
	            ]
	          },
	          {
		        "condition": "query.scoreboard('exhaust') >= 5 && query.variant == 1  && query.mark_variant == 3",
	            "sequence":[
	              {
		            "damage": {
		              "type": "entity_attack",
		              "amount": 9,
		              "target": "other"
		            },
	                "run_command":{
	                  "command":[
	                    "scoreboard players remove @s exhaust 5",
	                    "event entity @s combo_4"
	                  ]
	                }
	              }
	            ]
	          },
	          {
		        "condition": "query.scoreboard('exhaust') >= 5 && query.variant == 1  && query.mark_variant == 4",
	            "sequence":[
	              {
		            "damage": {
		              "type": "entity_attack",
		              "amount": 9,
		              "target": "other"
		            },
	                "run_command":{
	                  "command":[
	                    "scoreboard players remove @s exhaust 5",
	                    "event entity @s combo_0"
	                  ]
	                }
	              }
	            ]
	          }
		    ]
	      },
	      {
		    "condition": "query.scoreboard('frctnstrk') > 0",
		    "sequence":[
	          {
		        "damage": {
		          "type": "fire_tick",
		          "amount": 3,
		          "target": "other"
	            }
	          }
		    ]
	      },
	      {
		    "condition": "query.scoreboard('irnlng') != 1 && query.scoreboard('dmndlng') != 1",
	        "randomize":[
	          {
	            "weight": 10,
		        "run_command": {
		          "command":[
	                "scoreboard players remove @s exhaust 2"
		          ]
		        }
	          },
	          {
	            "weight": 20,
		        "run_command": {
		          "command":[
	                "scoreboard players remove @s exhaust 3"
		          ]
		        }
	          },
	          {
	            "weight": 5,
		        "run_command": {
		          "command":[
	                "scoreboard players remove @s exhaust 1"
		          ]
		        }
	          }
	        ]
	      },
	      {
		    "condition": "query.scoreboard('irnlng') == 1",
	        "randomize":[
	          {
	            "weight": 10,
		        "run_command": {
		          "command":[
	                "scoreboard players remove @s exhaust 1"
		          ]
		        }
	          },
	          {
	            "weight": 20,
		        "run_command": {
		          "command":[
	                "scoreboard players remove @s exhaust 2"
		          ]
		        }
	          },
	          {
	            "weight": 5,
		        "run_command": {
		          "command":[
	                "scoreboard players remove @s exhaust 0"
		          ]
		        }
	          }
	        ]
	      },
	      {
		    "condition": "query.scoreboard('dmndlng') == 1",
	        "randomize":[
	          {
	            "weight": 10,
		        "run_command": {
		          "command":[
	                "scoreboard players remove @s exhaust 0"
		          ]
		        }
	          },
	          {
	            "weight": 20,
		        "run_command": {
		          "command":[
	                "scoreboard players remove @s exhaust 1"
		          ]
		        }
	          }
	        ]
	      },
	      {
	        "randomize":[
	          {
	            "weight": 10,
		        "damage": {
		          "type": "durability",
		          "amount": 1
	            }
	          },
	          {
	            "weight": 20,
		        "damage": {
		          "type": "durability",
		          "amount": 0
	            }
	          },
	          {
	            "weight": 5,
		        "damage": {
		          "type": "durability",
		          "amount": 2
	            }
	          }
	        ]
	      },
	      {
	        "randomize":[
	          {
	            "weight": 15,
	            "run_command":{
	              "command":[
	                "scoreboard objectives add mdmmstr dummy"
	              ]
	            }
	          },
	          {
	            "weight": 20,
	            "run_command":{
	              "command":[
	                "scoreboard objectives add mdmmstr dummy",
	                "scoreboard players add @s mdmmstr 1"
	              ]
	            }
	          },
	          {
	            "weight": 10,
	            "run_command":{
	              "command":[
	                "scoreboard objectives add mdmmstr dummy",
	                "scoreboard players add @s mdmmstr 2"
	              ]
	            }
	          },
	          {
	            "weight": 2,
	            "run_command":{
	              "command":[
	                "scoreboard objectives add mdmmstr dummy",
	                "scoreboard players add @s mdmmstr 5"
	              ]
	            }
	          }
	        ]
	      },
	      {
		    "condition": "query.scoreboard('irnlng') != 1 && query.scoreboard('dmndlng') != 1",
		    "run_command": {
		      "command":[
	            "scoreboard players set @s exhregen 100"
		      ]
		    }
	      },
	      {
		    "condition": "query.scoreboard('irnlng') == 1",
		    "run_command": {
		      "command":[
	            "scoreboard players set @s exhregen 100"
		      ]
		    }
	      },
	      {
		    "condition": "query.scoreboard('dmndlng') == 1",
		    "run_command": {
		      "command":[
	            "scoreboard players set @s exhregen 100"
		      ]
		    }
	      }
	    ]
	  }
    }
  }
}