{
	"format_version": "1.8.0",
	"animations": {
		"animation.mind_flayer.idle": {
			"loop": true,
			"bones": {
				"arm": {
					"rotation": [4.53359, 2.11089, 55.08357]
				},
				"bone": {
					"rotation": [0, 0, -45]
				},
				"bone2": {
					"rotation": [0, 0, -45]
				},
				"bone3": {
					"rotation": [-13.36965, -6.86379, 33.30542]
				},
				"bone4": {
					"rotation": [7.5, 0, -40]
				},
				"bone5": {
					"rotation": [-5.8222, 10.01882, -46.07922]
				},
				"bone6": {
					"rotation": [0, 0, 37.5]
				},
				"bone7": {
					"rotation": [0, 0, 15]
				},
				"bone8": {
					"rotation": [0, 0, -55]
				},
				"bone10": {
					"rotation": [-14.48687, 71.73709, -23.33773]
				},
				"bone11": {
					"rotation": [0, -47.5, 0]
				},
				"bone12": {
					"rotation": [0, -22.5, 0]
				},
				"bone13": {
					"rotation": [0, -12.5, 0]
				},
				"bone14": {
					"rotation": [-14.80939, -50.74801, -9.00593],
					"position": [0, 0, 3]
				},
				"bone15": {
					"rotation": [0, 2.5, 0]
				},
				"bone16": {
					"rotation": [5.7632, 24.3683, 13.74538]
				},
				"bone17": {
					"rotation": [0, 10, 0]
				},
				"arm2": {
					"rotation": [7.09999, 21.40584, 18.84359]
				},
				"bone18": {
					"rotation": [0, 15, -27.5]
				},
				"bone19": {
					"rotation": [0, 0, 0]
				},
				"bone20": {
					"rotation": [0, 0, 40]
				},
				"bone21": {
					"rotation": [0, 0, -70]
				},
				"bone22": {
					"rotation": [3.45118, -9.39129, -42.78356]
				},
				"bone23": {
					"rotation": [0, 0, 7.5]
				},
				"bone24": {
					"rotation": [0, 0, 37.5]
				},
				"bone25": {
					"rotation": [0, 0, -32.5]
				},
				"bone26": {
					"rotation": [0, 0, -35]
				},
				"bone27": {
					"rotation": [0, 42.5, 0]
				},
				"bone28": {
					"rotation": [0, 7.5, -20]
				},
				"bone29": {
					"rotation": [0, 0, 30]
				},
				"bone30": {
					"rotation": [0, -45, -30]
				},
				"bone31": {
					"rotation": [0, -27.5, 0]
				},
				"bone32": {
					"rotation": [0, -10, 0]
				},
				"bone33": {
					"rotation": [0, 15, 0]
				},
				"bone34": {
					"rotation": [0, 30, 0]
				},
				"arm3": {
					"rotation": [7.09999, -21.40584, -18.84359]
				},
				"bone35": {
					"rotation": [0, -15, 27.5]
				},
				"bone36": {
					"rotation": [0, 0, 0]
				},
				"bone37": {
					"rotation": [0, 0, -40]
				},
				"bone38": {
					"rotation": [0, 0, 50]
				},
				"bone39": {
					"rotation": [0, 0, 50]
				},
				"bone40": {
					"rotation": [0, 0, 0]
				},
				"bone41": {
					"rotation": [0.45694, 4.85162, -34.58324]
				},
				"bone42": {
					"rotation": [0, 0, 42.5]
				},
				"bone43": {
					"rotation": [0, 0, 20]
				},
				"bone44": {
					"rotation": [0, -32.5, 0]
				},
				"bone45": {
					"rotation": [0, 2.5, 27.5]
				},
				"bone46": {
					"rotation": [0, 7.5, 0]
				},
				"bone47": {
					"rotation": [0, 27.5, 0]
				},
				"bone48": {
					"rotation": [24.8406, 30.2226, 38.27623]
				},
				"bone49": {
					"rotation": [0, -12.5, 0]
				},
				"bone50": {
					"rotation": [0, -20, 0]
				},
				"arm4": {
					"rotation": [0, 0, -32.5]
				},
				"bone52": {
					"rotation": [0, 0, -10]
				},
				"bone53": {
					"rotation": [0, 0, 42.5]
				},
				"bone54": {
					"rotation": [0, 0, 40]
				},
				"bone55": {
					"rotation": [0, 0, 5]
				},
				"bone56": {
					"rotation": [0, 0, 42.5]
				},
				"bone57": {
					"rotation": [0, 0, -32.5]
				},
				"bone58": {
					"rotation": [0, 0, -30]
				},
				"bone59": {
					"rotation": [0, 0, 45]
				},
				"bone60": {
					"rotation": [0, 0, 12.5]
				},
				"bone61": {
					"rotation": [0, -65, 0]
				},
				"bone62": {
					"rotation": [0, 57.5, 0]
				},
				"bone63": {
					"rotation": [0, -25, 0]
				},
				"bone64": {
					"rotation": [0, 37.5, 0]
				},
				"bone65": {
					"rotation": [0, 45, 0]
				},
				"bone66": {
					"rotation": [0, -22.5, 0]
				},
				"bone67": {
					"rotation": [0, 10, 0]
				},
				"bone68": {
					"rotation": [0, -32.5, 0]
				}
			}
		},
		"animation.mind_flayer.attack": {
			"loop": true,
			"bones": {
				"arm": {
					"rotation": [4.53359, 2.11089, 55.08357]
				},
				"bone": {
					"rotation": [0, 0, -45]
				},
				"bone2": {
					"rotation": [0, 0, -45]
				},
				"bone3": {
					"rotation": [-13.36965, -6.86379, 33.30542]
				},
				"bone4": {
					"rotation": [10.12436, -42.05244, -46.82047]
				},
				"bone5": {
					"rotation": [-5.8222, 10.01882, -46.07922]
				},
				"bone6": {
					"rotation": [-12.5, -12.5, 40]
				},
				"bone7": {
					"rotation": [0, 0, 15]
				},
				"bone8": {
					"rotation": [0, 0, -55]
				},
				"bone10": {
					"rotation": [-14.48687, 71.73709, -23.33773]
				},
				"bone11": {
					"rotation": [0, -47.5, 0]
				},
				"bone12": {
					"rotation": [42.73421, -15.69986, -73.67505]
				},
				"bone13": {
					"rotation": [0, -12.5, 0],
					"scale": [10.3, 1, 1]
				},
				"bone14": {
					"rotation": [-14.80939, -50.74801, -9.00593],
					"position": [0, 0, 3]
				},
				"bone15": {
					"rotation": [0, -7.5, 0]
				},
				"bone16": {
					"rotation": [-1.16524, 24.97457, -2.75806]
				},
				"bone17": {
					"rotation": [-3.45118, 9.39129, -20.28356],
					"scale": [6, 1, 1]
				},
				"arm2": {
					"rotation": [7.09999, 21.40584, 18.84359]
				},
				"bone18": {
					"rotation": [0, 15, -27.5]
				},
				"bone19": {
					"rotation": [0, 0, 0]
				},
				"bone20": {
					"rotation": [0, 0, 40]
				},
				"bone21": {
					"rotation": [0, 0, -70]
				},
				"bone22": {
					"rotation": [3.45118, -9.39129, -42.78356]
				},
				"bone23": {
					"rotation": [0, 0, 7.5]
				},
				"bone24": {
					"rotation": [0, 0, 37.5]
				},
				"bone25": {
					"rotation": [0, -12.5, -32.5]
				},
				"bone26": {
					"rotation": [74.5428, -57.60404, -116.14711],
					"scale": [9.9, 1, 1]
				},
				"bone27": {
					"rotation": [-19.72874, 68.69404, -21.05302]
				},
				"bone28": {
					"rotation": [-1.63219, 7.32123, -32.60443]
				},
				"bone29": {
					"rotation": [0, 0, 30]
				},
				"bone30": {
					"rotation": [8.97209, 18.34158, -51.84615],
					"scale": [5, 1, 1]
				},
				"bone31": {
					"rotation": [0, -27.5, 0]
				},
				"bone32": {
					"rotation": [0, -10, 0]
				},
				"bone33": {
					"rotation": [0, -45, 0]
				},
				"bone34": {
					"rotation": [-7.63631, -7.45874, -35.84119],
					"scale": [6.1, 1, 1]
				},
				"arm3": {
					"rotation": [7.09999, -21.40584, -18.84359]
				},
				"bone35": {
					"rotation": [0, -15, 27.5]
				},
				"bone36": {
					"rotation": [0, 0, 0]
				},
				"bone37": {
					"rotation": [0, 0, -40]
				},
				"bone38": {
					"rotation": [0, 0, 50]
				},
				"bone39": {
					"rotation": [0, 0, 50]
				},
				"bone40": {
					"rotation": [0, 0, 0]
				},
				"bone41": {
					"rotation": [-86.0372, 55.7156, -80.30331]
				},
				"bone42": {
					"rotation": [0, 0, 42.5]
				},
				"bone43": {
					"rotation": [0, 0, 30],
					"scale": [9.2, 1, 1]
				},
				"bone44": {
					"rotation": [0, -32.5, 0]
				},
				"bone45": {
					"rotation": [0, 2.5, 27.5]
				},
				"bone46": {
					"rotation": [-16.26021, -52.35625, 30.49962]
				},
				"bone47": {
					"rotation": [-2.69136, -4.21541, 32.59907],
					"scale": [6.3, 1, 1]
				},
				"bone48": {
					"rotation": [71.93014, 67.55314, 95.71554]
				},
				"bone49": {
					"rotation": [0, -12.5, 0]
				},
				"bone50": {
					"rotation": [0, -20, 0]
				},
				"arm4": {
					"rotation": [0, 0, -32.5]
				},
				"bone52": {
					"rotation": [0, 0, -10]
				},
				"bone53": {
					"rotation": [0, 0, 42.5]
				},
				"bone54": {
					"rotation": [0, 0, 40]
				},
				"bone55": {
					"rotation": [-7.29589, 49.8409, 1.12547]
				},
				"bone56": {
					"rotation": [0, 0, 42.5]
				},
				"bone57": {
					"rotation": [0, 0, -32.5]
				},
				"bone58": {
					"rotation": [0, 0, -30]
				},
				"bone59": {
					"rotation": [0, 15, 72.5]
				},
				"bone60": {
					"rotation": [9.00717, 20.70481, 36.64867],
					"scale": [6.4, 1, 1]
				},
				"bone61": {
					"rotation": [-51.92375, -65.18578, 54.58339]
				},
				"bone62": {
					"rotation": [-35.41689, 36.5892, 32.63537]
				},
				"bone63": {
					"rotation": [-45.27864, -29.34205, 71.38348]
				},
				"bone64": {
					"rotation": [0, 5, 0],
					"scale": [5.7, 1, 1]
				},
				"bone65": {
					"rotation": [0, 45, 0]
				},
				"bone66": {
					"rotation": [0, -22.5, 0]
				},
				"bone67": {
					"rotation": [0, 10, 0]
				},
				"bone68": {
					"rotation": [-17.6076, 3.28865, 54.24837],
					"scale": [7.2, 1, 1]
				},
				"bone9": {
					"rotation": [20.07273, -26.11218, -39.70042],
					"scale": [5.7, 1, 1]
				},
				"bone51": {
					"rotation": [0, 35, -15],
					"scale": [5, 1, 1]
				}
			}
		},
		"animation.mind_flayer.walk": {
			"loop": true,
			"animation_length": 2,
			"bones": {
				"arm": {
					"rotation": {
						"0.0": {
							"post": [-17.5, -35, 32.5],
							"lerp_mode": "catmullrom"
						},
						"0.5": {
							"post": [6.24063, 3.12732, 30.32162],
							"lerp_mode": "catmullrom"
						},
						"1.0": {
							"post": [12.19614, 9.72077, 24.87738],
							"lerp_mode": "catmullrom"
						},
						"1.5": {
							"post": [26.83289, 34.16631, 41.64583],
							"lerp_mode": "catmullrom"
						},
						"2.0": {
							"post": [-17.5, -35, 32.5],
							"lerp_mode": "catmullrom"
						}
					}
				},
				"bone": {
					"rotation": {
						"0.0": {
							"post": [0, 0, 10],
							"lerp_mode": "catmullrom"
						}
					}
				},
				"bone2": {
					"rotation": {
						"0.0": {
							"post": [0, 0, -42.5],
							"lerp_mode": "catmullrom"
						},
						"1.0": {
							"post": [0, 0, -42.5],
							"lerp_mode": "catmullrom"
						},
						"1.5": {
							"post": [0, 0, -15],
							"lerp_mode": "catmullrom"
						},
						"2.0": {
							"post": [0, 0, -42.5],
							"lerp_mode": "catmullrom"
						}
					}
				},
				"bone3": {
					"rotation": {
						"0.0": {
							"post": [0, 0, -40],
							"lerp_mode": "catmullrom"
						},
						"1.0": {
							"post": [0, 0, -40],
							"lerp_mode": "catmullrom"
						},
						"1.5": {
							"post": [0, 0, -47.5],
							"lerp_mode": "catmullrom"
						},
						"2.0": {
							"post": [0, 0, -40],
							"lerp_mode": "catmullrom"
						}
					}
				},
				"bone4": {
					"rotation": {
						"1.0": {
							"pre": [0, 0, 5],
							"post": [0, 0, 5],
							"lerp_mode": "catmullrom"
						},
						"1.5": {
							"post": [0, 0, -25],
							"lerp_mode": "catmullrom"
						},
						"2.0": {
							"post": [0, 0, 5],
							"lerp_mode": "catmullrom"
						}
					}
				},
				"bone5": {
					"rotation": {
						"1.0": {
							"pre": [0, 0, -42.5],
							"post": [0, 0, -42.5],
							"lerp_mode": "catmullrom"
						},
						"1.5": {
							"post": [0, 0, -52.5],
							"lerp_mode": "catmullrom"
						},
						"2.0": {
							"post": [0, 0, -42.5],
							"lerp_mode": "catmullrom"
						}
					}
				},
				"bone6": {
					"rotation": {
						"0.0": {
							"post": [0, 0, 37.5],
							"lerp_mode": "catmullrom"
						}
					}
				},
				"bone7": {
					"rotation": {
						"0.0": {
							"post": [0, 0, 15],
							"lerp_mode": "catmullrom"
						}
					}
				},
				"bone8": {
					"rotation": {
						"0.0": {
							"post": [0, 0, -55],
							"lerp_mode": "catmullrom"
						}
					}
				},
				"bone10": {
					"rotation": {
						"0.0": {
							"post": [-14.48687, 71.73709, -23.33773],
							"lerp_mode": "catmullrom"
						}
					}
				},
				"bone11": {
					"rotation": {
						"0.0": {
							"post": [0, -47.5, 0],
							"lerp_mode": "catmullrom"
						}
					}
				},
				"bone12": {
					"rotation": {
						"0.0": {
							"post": [0, -22.5, 0],
							"lerp_mode": "catmullrom"
						}
					}
				},
				"bone13": {
					"rotation": {
						"0.0": {
							"post": [0, -12.5, 0],
							"lerp_mode": "catmullrom"
						}
					}
				},
				"bone14": {
					"rotation": {
						"0.0": {
							"post": [-14.80939, -50.74801, -9.00593],
							"lerp_mode": "catmullrom"
						}
					},
					"position": {
						"0.0": {
							"post": [0, 0, 3],
							"lerp_mode": "catmullrom"
						}
					}
				},
				"bone15": {
					"rotation": {
						"0.0": {
							"post": [0, 2.5, 0],
							"lerp_mode": "catmullrom"
						}
					}
				},
				"bone16": {
					"rotation": {
						"0.0": {
							"post": [5.7632, 24.3683, 13.74538],
							"lerp_mode": "catmullrom"
						}
					}
				},
				"bone17": {
					"rotation": {
						"0.0": {
							"post": [0, 10, 0],
							"lerp_mode": "catmullrom"
						}
					}
				},
				"arm2": {
					"rotation": {
						"0.0": {
							"post": [7.09999, 21.40584, 18.84359],
							"lerp_mode": "catmullrom"
						},
						"0.6": {
							"post": [3.80983, 1.46348, 31.53279],
							"lerp_mode": "catmullrom"
						},
						"1.0": {
							"post": [1.64324, -5.90217, 15.55253],
							"lerp_mode": "catmullrom"
						},
						"2.0": {
							"post": [7.1, 21.41, 18.84],
							"lerp_mode": "catmullrom"
						}
					}
				},
				"bone18": {
					"rotation": {
						"0.0": {
							"post": [0, 15, -27.5],
							"lerp_mode": "catmullrom"
						}
					}
				},
				"bone19": {
					"rotation": {
						"0.0": {
							"post": [0, 0, 0],
							"lerp_mode": "catmullrom"
						}
					}
				},
				"bone20": {
					"rotation": {
						"0.0": {
							"post": [0, 0, 40],
							"lerp_mode": "catmullrom"
						}
					}
				},
				"bone21": {
					"rotation": {
						"0.0": {
							"post": [0, 0, -70],
							"lerp_mode": "catmullrom"
						}
					}
				},
				"bone22": {
					"rotation": {
						"0.0": {
							"post": [3.45118, -9.39129, -42.78356],
							"lerp_mode": "catmullrom"
						}
					}
				},
				"bone23": {
					"rotation": {
						"0.0": {
							"post": [0, 0, 7.5],
							"lerp_mode": "catmullrom"
						}
					}
				},
				"bone24": {
					"rotation": {
						"0.0": {
							"post": [0, 0, 37.5],
							"lerp_mode": "catmullrom"
						}
					}
				},
				"bone25": {
					"rotation": {
						"0.0": {
							"post": [0, 0, -32.5],
							"lerp_mode": "catmullrom"
						}
					}
				},
				"bone26": {
					"rotation": {
						"0.0": {
							"post": [0, 0, -35],
							"lerp_mode": "catmullrom"
						}
					}
				},
				"bone27": {
					"rotation": {
						"0.0": {
							"post": [0, 42.5, 0],
							"lerp_mode": "catmullrom"
						}
					}
				},
				"bone28": {
					"rotation": {
						"0.0": {
							"post": [0, 7.5, -20],
							"lerp_mode": "catmullrom"
						}
					}
				},
				"bone29": {
					"rotation": {
						"0.0": {
							"post": [0, 0, 30],
							"lerp_mode": "catmullrom"
						}
					}
				},
				"bone30": {
					"rotation": {
						"0.0": {
							"post": [0, -45, -30],
							"lerp_mode": "catmullrom"
						}
					}
				},
				"bone31": {
					"rotation": {
						"0.0": {
							"post": [0, -27.5, 0],
							"lerp_mode": "catmullrom"
						}
					}
				},
				"bone32": {
					"rotation": {
						"0.0": {
							"post": [0, -10, 0],
							"lerp_mode": "catmullrom"
						}
					}
				},
				"bone33": {
					"rotation": {
						"0.0": {
							"post": [0, 15, 0],
							"lerp_mode": "catmullrom"
						}
					}
				},
				"bone34": {
					"rotation": {
						"0.0": {
							"post": [0, 30, 0],
							"lerp_mode": "catmullrom"
						}
					}
				},
				"arm3": {
					"rotation": {
						"0.0": {
							"post": [-12.08386, 14.998, -17.1864],
							"lerp_mode": "catmullrom"
						},
						"1.0": {
							"post": [7.1, -21.41, -18.84],
							"lerp_mode": "catmullrom"
						},
						"1.5": {
							"post": [-0.56422, -5.60322, -25.65084],
							"lerp_mode": "catmullrom"
						},
						"2.0": {
							"post": [-12.08386, 14.998, -17.1864],
							"lerp_mode": "catmullrom"
						}
					}
				},
				"bone35": {
					"rotation": {
						"0.0": {
							"post": [0, -15, 27.5],
							"lerp_mode": "catmullrom"
						}
					}
				},
				"bone36": {
					"rotation": {
						"0.0": {
							"post": [0, 0, 0],
							"lerp_mode": "catmullrom"
						}
					}
				},
				"bone37": {
					"rotation": {
						"0.0": {
							"post": [0, 0, -40],
							"lerp_mode": "catmullrom"
						}
					}
				},
				"bone38": {
					"rotation": {
						"0.0": {
							"post": [0, 0, 50],
							"lerp_mode": "catmullrom"
						}
					}
				},
				"bone39": {
					"rotation": {
						"0.0": {
							"post": [0, 0, 50],
							"lerp_mode": "catmullrom"
						}
					}
				},
				"bone40": {
					"rotation": {
						"0.0": {
							"post": [0, 0, 0],
							"lerp_mode": "catmullrom"
						}
					}
				},
				"bone41": {
					"rotation": {
						"0.0": {
							"post": [0.45694, 4.85162, -34.58324],
							"lerp_mode": "catmullrom"
						}
					}
				},
				"bone42": {
					"rotation": {
						"0.0": {
							"post": [0, 0, 42.5],
							"lerp_mode": "catmullrom"
						}
					}
				},
				"bone43": {
					"rotation": {
						"0.0": {
							"post": [0, 0, 20],
							"lerp_mode": "catmullrom"
						}
					}
				},
				"bone44": {
					"rotation": {
						"0.0": {
							"post": [0, -32.5, 0],
							"lerp_mode": "catmullrom"
						}
					}
				},
				"bone45": {
					"rotation": {
						"0.0": {
							"post": [0, 2.5, 27.5],
							"lerp_mode": "catmullrom"
						}
					}
				},
				"bone46": {
					"rotation": {
						"0.0": {
							"post": [0, 7.5, 0],
							"lerp_mode": "catmullrom"
						}
					}
				},
				"bone47": {
					"rotation": {
						"0.0": {
							"post": [0, 27.5, 0],
							"lerp_mode": "catmullrom"
						}
					}
				},
				"bone48": {
					"rotation": {
						"0.0": {
							"post": [24.8406, 30.2226, 38.27623],
							"lerp_mode": "catmullrom"
						}
					}
				},
				"bone49": {
					"rotation": {
						"0.0": {
							"post": [0, -12.5, 0],
							"lerp_mode": "catmullrom"
						}
					}
				},
				"bone50": {
					"rotation": {
						"0.0": {
							"post": [0, -20, 0],
							"lerp_mode": "catmullrom"
						}
					}
				},
				"arm4": {
					"rotation": {
						"0.0": {
							"post": [12.5, -20, -32.5],
							"lerp_mode": "catmullrom"
						},
						"0.5": {
							"post": [-26.83289, 34.16631, -41.64583],
							"lerp_mode": "catmullrom"
						},
						"1.0": {
							"post": [-25.64563, 39.86679, -38.52399],
							"lerp_mode": "catmullrom"
						},
						"2.0": {
							"post": [12.5, -20, -32.5],
							"lerp_mode": "catmullrom"
						}
					}
				},
				"bone52": {
					"rotation": {
						"0.0": {
							"post": [0, 0, -10],
							"lerp_mode": "catmullrom"
						}
					}
				},
				"bone53": {
					"rotation": {
						"0.0": {
							"post": [0, 0, 42.5],
							"lerp_mode": "catmullrom"
						},
						"0.5": {
							"post": [0, 0, 15],
							"lerp_mode": "catmullrom"
						},
						"1.0": {
							"post": [0, 0, 42.5],
							"lerp_mode": "catmullrom"
						},
						"2.0": {
							"post": [0, 0, 42.5],
							"lerp_mode": "catmullrom"
						}
					}
				},
				"bone54": {
					"rotation": {
						"0.0": {
							"post": [0, 0, 40],
							"lerp_mode": "catmullrom"
						},
						"0.5": {
							"post": [0, 0, 47.5],
							"lerp_mode": "catmullrom"
						},
						"1.0": {
							"post": [0, 0, 40],
							"lerp_mode": "catmullrom"
						},
						"2.0": {
							"post": [0, 0, 40],
							"lerp_mode": "catmullrom"
						}
					}
				},
				"bone55": {
					"rotation": {
						"0.0": {
							"post": [0, 0, 5],
							"lerp_mode": "catmullrom"
						},
						"0.5": {
							"post": [0, 0, 25],
							"lerp_mode": "catmullrom"
						},
						"1.0": {
							"post": [0, 0, 5],
							"lerp_mode": "catmullrom"
						}
					}
				},
				"bone56": {
					"rotation": {
						"0.0": {
							"post": [0, 0, 42.5],
							"lerp_mode": "catmullrom"
						},
						"0.5": {
							"post": [0, 0, 52.5],
							"lerp_mode": "catmullrom"
						},
						"1.0": {
							"post": [0, 0, 42.5],
							"lerp_mode": "catmullrom"
						}
					}
				},
				"bone57": {
					"rotation": {
						"0.0": {
							"post": [0, 0, -32.5],
							"lerp_mode": "catmullrom"
						}
					}
				},
				"bone58": {
					"rotation": {
						"0.0": {
							"post": [0, 0, -30],
							"lerp_mode": "catmullrom"
						}
					}
				},
				"bone59": {
					"rotation": {
						"0.0": {
							"post": [0, 0, 45],
							"lerp_mode": "catmullrom"
						}
					}
				},
				"bone60": {
					"rotation": {
						"0.0": {
							"post": [0, 0, 12.5],
							"lerp_mode": "catmullrom"
						}
					}
				},
				"bone61": {
					"rotation": {
						"0.0": {
							"post": [0, -65, 0],
							"lerp_mode": "catmullrom"
						}
					}
				},
				"bone62": {
					"rotation": {
						"0.0": {
							"post": [0, 57.5, 0],
							"lerp_mode": "catmullrom"
						}
					}
				},
				"bone63": {
					"rotation": {
						"0.0": {
							"post": [0, -25, 0],
							"lerp_mode": "catmullrom"
						}
					}
				},
				"bone64": {
					"rotation": {
						"0.0": {
							"post": [0, 37.5, 0],
							"lerp_mode": "catmullrom"
						}
					}
				},
				"bone65": {
					"rotation": {
						"0.0": {
							"post": [0, 45, 0],
							"lerp_mode": "catmullrom"
						}
					}
				},
				"bone66": {
					"rotation": {
						"0.0": {
							"post": [0, -22.5, 0],
							"lerp_mode": "catmullrom"
						}
					}
				},
				"bone67": {
					"rotation": {
						"0.0": {
							"post": [0, 10, 0],
							"lerp_mode": "catmullrom"
						}
					}
				},
				"bone68": {
					"rotation": {
						"0.0": {
							"post": [0, -32.5, 0],
							"lerp_mode": "catmullrom"
						}
					}
				}
			}
		}
	}
}