{
	"format_version": "1.8.0",
	"animations": {
		"animation.tentacle.static": {
			"loop": true,
			"animation_length": 1,
			"bones": {
				"ccube": {
					"rotation": {
						"0.0": {
							"post": [5, 0, 0],
							"lerp_mode": "catmullrom"
						},
						"0.5": {
							"post": [-22.5, 0, 0],
							"lerp_mode": "catmullrom"
						},
						"1.0": {
							"post": [5, 0, 0],
							"lerp_mode": "catmullrom"
						}
					}
				},
				"ccube2": {
					"rotation": {
						"0.0": {
							"post": [17.5, 0, 0],
							"lerp_mode": "catmullrom"
						},
						"0.25": {
							"post": [13.75, 0, 0],
							"lerp_mode": "catmullrom"
						},
						"0.5": {
							"post": [-25, 0, 0],
							"lerp_mode": "catmullrom"
						},
						"0.75": {
							"post": [-28.75, 0, 0],
							"lerp_mode": "catmullrom"
						},
						"1.0": {
							"post": [17.5, 0, 0],
							"lerp_mode": "catmullrom"
						}
					}
				},
				"ccube3": {
					"rotation": {
						"0.0": {
							"post": [35, 0, 0],
							"lerp_mode": "catmullrom"
						},
						"0.25": {
							"post": [26.25, 0, 0],
							"lerp_mode": "catmullrom"
						},
						"0.5": {
							"post": [-52.5, 0, 0],
							"lerp_mode": "catmullrom"
						},
						"0.75": {
							"post": [-58.75, 0, 0],
							"lerp_mode": "catmullrom"
						},
						"1.0": {
							"post": [35, 0, 0],
							"lerp_mode": "catmullrom"
						}
					}
				}
			}
		},
		"animation.tentacle.attack": {
			"animation_length": 0.5,
			"bones": {
				"ccube2": {
					"rotation": [22.5, 0, 0]
				},
				"ccube3": {
					"rotation": [95, 0, 0],
					"scale": [1, 6.4, 1]
				}
			}
		}
	}
}