{
	"format_version": "1.8.0",
	"animations": {
		"animation.th_portal.idle": {
			"loop": true,
			"animation_length": 2,
			"bones": {
				"tenc": {
					"rotation": [0, -15, 0]
				},
				"bone": {
					"rotation": [0, 45, 0]
				},
				"bone2": {
					"rotation": [0, -42.5, 0]
				},
				"tenc2": {
					"rotation": [0, -20, 0]
				},
				"bone3": {
					"rotation": [0, 30, 0]
				},
				"bone4": {
					"rotation": [0, -45, 0]
				},
				"tenc3": {
					"rotation": [0, -32.5, 0]
				},
				"bone5": {
					"rotation": [0, 50, 0]
				},
				"bone6": {
					"rotation": [0, 30, 0]
				},
				"bone7": {
					"rotation": [0, -37.5, 0]
				},
				"bone8": {
					"rotation": [0, 47.5, 0]
				},
				"tenc5": {
					"rotation": [0, -15, 0]
				},
				"bone9": {
					"rotation": [0, -32.5, 0]
				},
				"bone10": {
					"rotation": [0, 50, 0]
				},
				"tenc6": {
					"rotation": [-140, 2.5, -180]
				},
				"bone11": {
					"rotation": [-25, 0, 0]
				},
				"bone12": {
					"rotation": [-22.5, 0, 0]
				},
				"tenc7": {
					"rotation": [230.62349, 10.42888, -202.74632]
				},
				"bone13": {
					"rotation": [-12.5, 0, 0]
				},
				"bone14": {
					"rotation": [-15, 0, 0]
				}
			}
		},
		"animation.th_portal.start": {
			"animation_length": 8.16667,
			"bones": {
				"tenc": {
					"rotation": {
						"0.0": {
							"post": [0, -15, 0],
							"lerp_mode": "catmullrom"
						}
					},
					"scale": {
						"2.4167": {
							"pre": [0, 0, 0],
							"post": [0, 0, 0],
							"lerp_mode": "catmullrom"
						},
						"6.9583": {
							"post": [1, 1, 1],
							"lerp_mode": "catmullrom"
						}
					}
				},
				"bone": {
					"rotation": {
						"0.0": {
							"post": [0, 45, 0],
							"lerp_mode": "catmullrom"
						}
					}
				},
				"bone2": {
					"rotation": {
						"0.0": {
							"post": [0, -42.5, 0],
							"lerp_mode": "catmullrom"
						}
					},
					"position": {
						"3.5833": {
							"pre": [0, 0, 0],
							"post": [0, 0, 0],
							"lerp_mode": "catmullrom"
						}
					},
					"scale": {
						"3.5833": {
							"pre": [1, 1, 1],
							"post": [1, 1, 1],
							"lerp_mode": "catmullrom"
						}
					}
				},
				"tenc2": {
					"rotation": {
						"0.0": {
							"post": [0, -20, 0],
							"lerp_mode": "catmullrom"
						}
					},
					"scale": {
						"0.8333": {
							"pre": [0, 0, 0],
							"post": [0, 0, 0],
							"lerp_mode": "catmullrom"
						},
						"4.25": {
							"post": [1, 1, 1],
							"lerp_mode": "catmullrom"
						}
					}
				},
				"bone3": {
					"rotation": {
						"0.0": {
							"post": [0, 30, 0],
							"lerp_mode": "catmullrom"
						}
					}
				},
				"bone4": {
					"rotation": {
						"0.0": {
							"post": [0, -45, 0],
							"lerp_mode": "catmullrom"
						}
					}
				},
				"tenc3": {
					"rotation": {
						"0.0": {
							"post": [0, -32.5, 0],
							"lerp_mode": "catmullrom"
						}
					},
					"scale": {
						"1.875": {
							"pre": [0, 0, 0],
							"post": [0, 0, 0],
							"lerp_mode": "catmullrom"
						},
						"3.1667": {
							"post": [1, 1, 1],
							"lerp_mode": "catmullrom"
						}
					}
				},
				"bone5": {
					"rotation": {
						"0.0": {
							"post": [0, 50, 0],
							"lerp_mode": "catmullrom"
						}
					}
				},
				"bone6": {
					"rotation": {
						"0.0": {
							"post": [0, 30, 0],
							"lerp_mode": "catmullrom"
						}
					}
				},
				"bone7": {
					"rotation": {
						"0.0": {
							"post": [0, -37.5, 0],
							"lerp_mode": "catmullrom"
						}
					},
					"scale": {
						"2.2083": {
							"pre": [1, 1, 1],
							"post": [1, 1, 1],
							"lerp_mode": "catmullrom"
						},
						"5.0417": {
							"post": [1, 1, 1],
							"lerp_mode": "catmullrom"
						}
					}
				},
				"bone8": {
					"rotation": {
						"0.0": {
							"post": [0, 47.5, 0],
							"lerp_mode": "catmullrom"
						}
					}
				},
				"tenc5": {
					"rotation": {
						"0.0": {
							"post": [0, -15, 0],
							"lerp_mode": "catmullrom"
						}
					},
					"scale": {
						"2.5417": {
							"pre": [0, 0, 0],
							"post": [0, 0, 0],
							"lerp_mode": "catmullrom"
						},
						"4.9583": {
							"post": [1, 1, 1],
							"lerp_mode": "catmullrom"
						}
					}
				},
				"bone9": {
					"rotation": {
						"0.0": {
							"post": [0, -32.5, 0],
							"lerp_mode": "catmullrom"
						}
					}
				},
				"bone10": {
					"rotation": {
						"0.0": {
							"post": [0, 50, 0],
							"lerp_mode": "catmullrom"
						}
					}
				},
				"tenc6": {
					"rotation": {
						"0.0": {
							"post": [-140, 2.5, -180],
							"lerp_mode": "catmullrom"
						},
						"2.0417": [-107.83824, 1.03283, -74.36345],
						"6.25": [40, 0, 0]
					},
					"scale": {
						"2.0": {
							"pre": [0, 0, 0],
							"post": [0, 0, 0],
							"lerp_mode": "catmullrom"
						},
						"5.0417": {
							"post": [1, 1, 1],
							"lerp_mode": "catmullrom"
						}
					}
				},
				"bone11": {
					"rotation": {
						"0.0": {
							"post": [-25, 0, 0],
							"lerp_mode": "catmullrom"
						}
					}
				},
				"bone12": {
					"rotation": {
						"0.0": {
							"post": [-22.5, 0, 0],
							"lerp_mode": "catmullrom"
						}
					}
				},
				"tenc7": {
					"rotation": {
						"0.0": {
							"post": [230.62349, 10.42888, -202.74632],
							"lerp_mode": "catmullrom"
						}
					},
					"scale": {
						"2.5": {
							"pre": [0, 0, 0],
							"post": [0, 0, 0],
							"lerp_mode": "catmullrom"
						},
						"5.5": {
							"post": [1, 1, 1],
							"lerp_mode": "catmullrom"
						}
					}
				},
				"bone13": {
					"rotation": {
						"0.0": {
							"post": [-12.5, 0, 0],
							"lerp_mode": "catmullrom"
						}
					}
				},
				"bone14": {
					"rotation": {
						"0.0": {
							"post": [-15, 0, 0],
							"lerp_mode": "catmullrom"
						}
					}
				},
				"base": {
					"scale": {
						"0.0": {
							"post": [0, 0, 1],
							"lerp_mode": "catmullrom"
						},
						"2.0": {
							"post": [1, 1, 1],
							"lerp_mode": "catmullrom"
						}
					}
				},
				"tenc4": {
					"scale": {
						"2.2083": {
							"pre": [0, 0, 0],
							"post": [0, 0, 0],
							"lerp_mode": "catmullrom"
						},
						"5.125": {
							"post": [1, 1, 1],
							"lerp_mode": "catmullrom"
						}
					}
				}
			}
		}
	}
}