{
	"format_version": "1.8.0",
	"animations": {
		"animation.vine.idle": {
			"loop": true,
			"animation_length": 2,
			"bones": {
				"tenc": {
					"rotation": {
						"0.0": {
							"post": [0, 25, 0],
							"lerp_mode": "catmullrom"
						}
					}
				},
				"bone": {
					"rotation": {
						"0.0": {
							"post": [0, -17.5, 0],
							"lerp_mode": "catmullrom"
						},
						"1.0": {
							"post": [0, -50, 0],
							"lerp_mode": "catmullrom"
						},
						"2.0": {
							"post": [0, -17.5, 0],
							"lerp_mode": "catmullrom"
						}
					}
				},
				"bone2": {
					"rotation": {
						"0.0": {
							"post": [0, -27.5, 0],
							"lerp_mode": "catmullrom"
						},
						"1.0": {
							"post": [0, 0, 0],
							"lerp_mode": "catmullrom"
						},
						"2.0": {
							"post": [0, -27.5, 0],
							"lerp_mode": "catmullrom"
						}
					}
				},
				"bone3": {
					"rotation": {
						"0.0": {
							"post": [0, 52.5, 0],
							"lerp_mode": "catmullrom"
						},
						"1.0": {
							"post": [0, 82.5, 0],
							"lerp_mode": "catmullrom"
						},
						"2.0": {
							"post": [0, 52.5, 0],
							"lerp_mode": "catmullrom"
						}
					}
				},
				"bone4": {
					"rotation": {
						"0.0": {
							"post": [0, 30, 0],
							"lerp_mode": "catmullrom"
						},
						"1.0": {
							"post": [0, 2.5, 0],
							"lerp_mode": "catmullrom"
						},
						"2.0": {
							"post": [0, 30, 0],
							"lerp_mode": "catmullrom"
						}
					}
				},
				"bone5": {
					"rotation": {
						"0.0": {
							"post": [0, 27.5, 0],
							"lerp_mode": "catmullrom"
						},
						"1.0": {
							"post": [0, -30, 0],
							"lerp_mode": "catmullrom"
						},
						"2.0": {
							"post": [0, 27.5, 0],
							"lerp_mode": "catmullrom"
						}
					}
				},
				"bone6": {
					"rotation": {
						"0.0": {
							"post": [0, 40, 0],
							"lerp_mode": "catmullrom"
						},
						"1.0": {
							"post": [0, -2.5, 0],
							"lerp_mode": "catmullrom"
						},
						"2.0": {
							"post": [0, 40, 0],
							"lerp_mode": "catmullrom"
						}
					}
				},
				"bone7": {
					"rotation": {
						"0.0": {
							"post": [0, 55, 0],
							"lerp_mode": "catmullrom"
						},
						"1.0": {
							"post": [0, -35, 0],
							"lerp_mode": "catmullrom"
						},
						"2.0": {
							"post": [0, 55, 0],
							"lerp_mode": "catmullrom"
						}
					}
				},
				"tenc2": {
					"rotation": {
						"0.0": {
							"post": [0, 27.5, 0],
							"lerp_mode": "catmullrom"
						}
					}
				},
				"bone8": {
					"rotation": {
						"0.0": {
							"post": [0, -22.5, 0],
							"lerp_mode": "catmullrom"
						},
						"1.0": {
							"post": [0, -35, 0],
							"lerp_mode": "catmullrom"
						},
						"2.0": {
							"post": [0, -22.5, 0],
							"lerp_mode": "catmullrom"
						}
					}
				},
				"bone9": {
					"rotation": {
						"0.0": {
							"post": [0, 35, 0],
							"lerp_mode": "catmullrom"
						},
						"1.0": {
							"post": [0, 20, 0],
							"lerp_mode": "catmullrom"
						},
						"2.0": {
							"post": [0, 35, 0],
							"lerp_mode": "catmullrom"
						}
					}
				},
				"bone10": {
					"rotation": {
						"0.0": {
							"post": [0, 27.5, 0],
							"lerp_mode": "catmullrom"
						},
						"1.0": {
							"post": [0, 10, 0],
							"lerp_mode": "catmullrom"
						},
						"2.0": {
							"post": [0, 27.5, 0],
							"lerp_mode": "catmullrom"
						}
					}
				},
				"bone11": {
					"rotation": {
						"0.0": {
							"post": [0, -20, 0],
							"lerp_mode": "catmullrom"
						},
						"1.0": {
							"post": [0, -32.5, 0],
							"lerp_mode": "catmullrom"
						},
						"2.0": {
							"post": [0, -20, 0],
							"lerp_mode": "catmullrom"
						}
					}
				},
				"bone12": {
					"rotation": {
						"0.0": {
							"post": [0, -55, 0],
							"lerp_mode": "catmullrom"
						},
						"1.0": {
							"post": [0, -60, 0],
							"lerp_mode": "catmullrom"
						},
						"2.0": {
							"post": [0, -55, 0],
							"lerp_mode": "catmullrom"
						}
					}
				},
				"bone13": {
					"rotation": {
						"0.0": {
							"post": [0, -27.5, 0],
							"lerp_mode": "catmullrom"
						},
						"1.0": {
							"post": [0, -40, 0],
							"lerp_mode": "catmullrom"
						},
						"2.0": {
							"post": [0, -27.5, 0],
							"lerp_mode": "catmullrom"
						}
					}
				},
				"bone14": {
					"rotation": {
						"0.0": {
							"post": [0, -72.5, 0],
							"lerp_mode": "catmullrom"
						},
						"1.0": {
							"post": [0, -2.5, 0],
							"lerp_mode": "catmullrom"
						},
						"2.0": {
							"post": [0, -72.5, 0],
							"lerp_mode": "catmullrom"
						}
					}
				},
				"bone15": {
					"rotation": {
						"0.0": {
							"post": [0, 22.5, 0],
							"lerp_mode": "catmullrom"
						},
						"1.0": {
							"post": [0, 25, 0],
							"lerp_mode": "catmullrom"
						},
						"2.0": {
							"post": [0, 22.5, 0],
							"lerp_mode": "catmullrom"
						}
					}
				},
				"bone16": {
					"rotation": {
						"0.0": {
							"post": [0, -27.5, 0],
							"lerp_mode": "catmullrom"
						},
						"1.0": {
							"post": [0, -40, 0],
							"lerp_mode": "catmullrom"
						},
						"1.9583": {
							"post": [0, -27.5, 0],
							"lerp_mode": "catmullrom"
						}
					}
				},
				"bone17": {
					"rotation": {
						"0.0": {
							"post": [0, 42.5, 0],
							"lerp_mode": "catmullrom"
						},
						"1.0": {
							"post": [0, 57.5, 0],
							"lerp_mode": "catmullrom"
						},
						"1.9583": {
							"post": [0, 42.5, 0],
							"lerp_mode": "catmullrom"
						}
					}
				},
				"bone18": {
					"rotation": {
						"0.0": {
							"post": [0, -72.5, 0],
							"lerp_mode": "catmullrom"
						},
						"1.0": {
							"post": [0, -80, 0],
							"lerp_mode": "catmullrom"
						},
						"1.9583": {
							"post": [0, -72.5, 0],
							"lerp_mode": "catmullrom"
						}
					}
				},
				"bone19": {
					"rotation": {
						"0.0": {
							"post": [0, 32.5, 0],
							"lerp_mode": "catmullrom"
						},
						"1.0": {
							"post": [0, 42.5, 0],
							"lerp_mode": "catmullrom"
						},
						"1.9583": {
							"post": [0, 32.5, 0],
							"lerp_mode": "catmullrom"
						}
					}
				},
				"bone20": {
					"rotation": {
						"0.0": {
							"post": [0, 72.5, 0],
							"lerp_mode": "catmullrom"
						},
						"1.0": {
							"post": [0, 85, 0],
							"lerp_mode": "catmullrom"
						},
						"1.9583": {
							"post": [0, 72.5, 0],
							"lerp_mode": "catmullrom"
						}
					}
				},
				"bone21": {
					"rotation": {
						"0.0": {
							"post": [0, 65, 0],
							"lerp_mode": "catmullrom"
						},
						"1.0": {
							"post": [0, 25, 0],
							"lerp_mode": "catmullrom"
						},
						"1.9583": {
							"post": [0, 65, 0],
							"lerp_mode": "catmullrom"
						}
					}
				},
				"bone22": {
					"rotation": {
						"0.0": {
							"post": [0, -37.5, 0],
							"lerp_mode": "catmullrom"
						}
					}
				},
				"bone23": {
					"rotation": {
						"0.0": {
							"post": [0, -25, 0],
							"lerp_mode": "catmullrom"
						}
					}
				},
				"bone24": {
					"rotation": {
						"0.0": {
							"post": [0, 22.5, 0],
							"lerp_mode": "catmullrom"
						}
					}
				},
				"bone25": {
					"rotation": {
						"0.0": {
							"post": [0, 47.5, 0],
							"lerp_mode": "catmullrom"
						}
					}
				},
				"bone26": {
					"rotation": {
						"0.0": {
							"post": [0, 32.5, 0],
							"lerp_mode": "catmullrom"
						}
					}
				},
				"bone27": {
					"rotation": {
						"0.0": {
							"post": [0, 42.5, 0],
							"lerp_mode": "catmullrom"
						}
					}
				},
				"bone28": {
					"rotation": {
						"0.0": {
							"post": [0, 30, 0],
							"lerp_mode": "catmullrom"
						}
					}
				},
				"tenc5": {
					"rotation": {
						"0.0": {
							"post": [0, -25, 0],
							"lerp_mode": "catmullrom"
						}
					}
				},
				"bone29": {
					"rotation": {
						"0.0": {
							"post": [0, -27.5, 0],
							"lerp_mode": "catmullrom"
						},
						"1.0": {
							"post": [0, -17.5, 0],
							"lerp_mode": "catmullrom"
						},
						"2.0": {
							"post": [0, -27.5, 0],
							"lerp_mode": "catmullrom"
						}
					}
				},
				"bone30": {
					"rotation": {
						"0.0": {
							"post": [0, 55, 0],
							"lerp_mode": "catmullrom"
						},
						"1.0": {
							"post": [0, 32.5, 0],
							"lerp_mode": "catmullrom"
						},
						"2.0": {
							"post": [0, 55, 0],
							"lerp_mode": "catmullrom"
						}
					}
				},
				"bone31": {
					"rotation": {
						"0.0": {
							"post": [0, -52.5, 0],
							"lerp_mode": "catmullrom"
						},
						"1.0": {
							"post": [0, -20, 0],
							"lerp_mode": "catmullrom"
						},
						"2.0": {
							"post": [0, -52.5, 0],
							"lerp_mode": "catmullrom"
						}
					}
				},
				"bone32": {
					"rotation": {
						"0.0": {
							"post": [0, -55, 0],
							"lerp_mode": "catmullrom"
						},
						"1.0": {
							"post": [0, -22.5, 0],
							"lerp_mode": "catmullrom"
						},
						"2.0": {
							"post": [0, -55, 0],
							"lerp_mode": "catmullrom"
						}
					}
				},
				"bone33": {
					"rotation": {
						"0.0": {
							"post": [0, 72.5, 0],
							"lerp_mode": "catmullrom"
						},
						"1.0": {
							"post": [0, -50, 0],
							"lerp_mode": "catmullrom"
						},
						"2.0": {
							"post": [0, 72.5, 0],
							"lerp_mode": "catmullrom"
						}
					}
				},
				"bone34": {
					"rotation": {
						"0.0": {
							"post": [0, 27.5, 0],
							"lerp_mode": "catmullrom"
						},
						"1.0": {
							"post": [0, -37.5, 0],
							"lerp_mode": "catmullrom"
						},
						"2.0": {
							"post": [0, 27.5, 0],
							"lerp_mode": "catmullrom"
						}
					}
				},
				"bone35": {
					"rotation": {
						"0.0": {
							"post": [0, 72.5, 0],
							"lerp_mode": "catmullrom"
						},
						"1.0": {
							"post": [0, -25, 0],
							"lerp_mode": "catmullrom"
						},
						"2.0": {
							"post": [0, 72.5, 0],
							"lerp_mode": "catmullrom"
						}
					}
				},
				"bone36": {
					"rotation": {
						"0.0": {
							"post": [0, -25, 0],
							"lerp_mode": "catmullrom"
						},
						"1.0": {
							"post": [0, -55, 0],
							"lerp_mode": "catmullrom"
						},
						"2.0": {
							"post": [0, -25, 0],
							"lerp_mode": "catmullrom"
						}
					}
				},
				"bone37": {
					"rotation": {
						"0.0": {
							"post": [0, 32.5, 0],
							"lerp_mode": "catmullrom"
						},
						"1.0": {
							"post": [0, 10, 0],
							"lerp_mode": "catmullrom"
						},
						"2.0": {
							"post": [0, 32.5, 0],
							"lerp_mode": "catmullrom"
						}
					}
				},
				"bone38": {
					"rotation": {
						"0.0": {
							"post": [0, 37.5, 0],
							"lerp_mode": "catmullrom"
						},
						"1.0": {
							"post": [0, 70, 0],
							"lerp_mode": "catmullrom"
						},
						"2.0": {
							"post": [0, 37.5, 0],
							"lerp_mode": "catmullrom"
						}
					}
				},
				"bone39": {
					"rotation": {
						"0.0": {
							"post": [0, 30, 0],
							"lerp_mode": "catmullrom"
						},
						"1.0": {
							"post": [0, 80, 0],
							"lerp_mode": "catmullrom"
						},
						"2.0": {
							"post": [0, 30, 0],
							"lerp_mode": "catmullrom"
						}
					}
				},
				"bone40": {
					"rotation": {
						"0.0": {
							"post": [0, 0, 0],
							"lerp_mode": "catmullrom"
						},
						"1.0": {
							"post": [0, -47.5, 0],
							"lerp_mode": "catmullrom"
						},
						"2.0": {
							"post": [0, 0, 0],
							"lerp_mode": "catmullrom"
						}
					}
				},
				"bone41": {
					"rotation": {
						"0.0": {
							"post": [0, 47.5, 0],
							"lerp_mode": "catmullrom"
						},
						"1.0": {
							"post": [0, -27.5, 0],
							"lerp_mode": "catmullrom"
						},
						"2.0": {
							"post": [0, 47.5, 0],
							"lerp_mode": "catmullrom"
						}
					}
				},
				"bone42": {
					"rotation": {
						"0.0": {
							"post": [0, 27.5, 0],
							"lerp_mode": "catmullrom"
						},
						"1.0": {
							"post": [0, -42.5, 0],
							"lerp_mode": "catmullrom"
						},
						"2.0": {
							"post": [0, 27.5, 0],
							"lerp_mode": "catmullrom"
						}
					}
				}
			},
			"particle_effects": {
				"0.0": {
					"effect": "black"
				}
			}
		},
		"animation.vine.spawn": {
			"animation_length": 1.375,
			"bones": {
				"tenc": {
					"scale": {
						"0.0": [1, 1, 0],
						"1.0": [1, 1, 1]
					}
				},
				"tenc2": {
					"scale": {
						"0.0": [1, 1, 0],
						"1.0": [1, 1, 1]
					}
				},
				"tenc3": {
					"scale": {
						"0.0": [1, 1, 0],
						"1.0": [1, 1, 1]
					}
				},
				"tenc4": {
					"scale": {
						"0.0": [1, 1, 0],
						"1.0": [1, 1, 1]
					}
				},
				"tenc5": {
					"scale": {
						"0.0": [1, 1, 0.1],
						"1.0": [1, 1, 1]
					}
				},
				"tenc6": {
					"scale": {
						"0.0": [1, 1, 0],
						"1.0": [1, 1, 1]
					}
				}
			}
		}
	}
}