{
	"format_version": "1.8.0",
	"animations": {
		"animation.zm_pipe.first_person": {
			"loop": true,
			"bones": {
				"rightitem": {
					"rotation": [-187.5, -22.5, 0],
					"position": [-5, 50, -5.5]
				}
			}
		},
		"animation.zm_pipe.third_person": {
			"loop": true,
			"bones": {
				"rightitem": {
					"rotation": [90, 0, 90],
					"position": [0, 22, 5],
					"scale": 0.6
				}
			}
		},
		"animation.zm_pipe.first_person_1": {
			"loop": true,
			"animation_length": 5.04167,
			"bones": {
				"rightitem": {
					"rotation": {
						"0.0": {
							"post": [42.5, 0, 180],
							"lerp_mode": "catmullrom"
						},
						"2.2917": {
							"post": [12.31594, -2.15393, 189.76758],
							"lerp_mode": "catmullrom"
						},
						"5.0": {
							"post": [42.5, 0, 180],
							"lerp_mode": "catmullrom"
						}
					},
					"position": [-3, 40, -2.5]
				}
			}
		},
		"animation.zm_pipe.third_person_2": {
			"loop": true,
			"bones": {
				"rightitem": {
					"rotation": [70, 7.5, 90],
					"position": [-2, 21, 2]
				}
			}
		}
	}
}