{
  "format_version": "1.12.0",
  "minecraft:geometry": [
    {
      "description": {
        "identifier": "geometry.pa_caine",
        "texture_width": 128,
        "texture_height": 128,
        "visible_bounds_width": 12,
        "visible_bounds_height": 8.5,
        "visible_bounds_offset": [
          0,
          3.75,
          0
        ]
      },
      "bones": [
        {
          "name": "all",
          "pivot": [
            0,
            33,
            0
          ]
        },
        {
          "name": "left_leg",
          "parent": "all",
          "pivot": [
            3,
            27,
            0
          ],
          "cubes": [
            {
              "origin": [
                1,
                16,
                -2
              ],
              "size": [
                4,
                11,
                4
              ],
              "uv": [
                68,
                88
              ],
              "mirror": true
            }
          ]
        },
        {
          "name": "left_leg2",
          "parent": "left_leg",
          "pivot": [
            3,
            16,
            0
          ],
          "cubes": [
            {
              "origin": [
                1,
                5,
                -2
              ],
              "size": [
                4,
                11,
                4
              ],
              "uv": [
                0,
                0
              ],
              "mirror": true
            },
            {
              "origin": [
                0,
                0,
                -8
              ],
              "size": [
                6,
                5,
                11
              ],
              "uv": [
                0,
                62
              ],
              "mirror": true
            }
          ]
        },
        {
          "name": "right_leg",
          "parent": "all",
          "pivot": [
            -3,
            27,
            0
          ],
          "cubes": [
            {
              "origin": [
                -5,
                16,
                -2
              ],
              "size": [
                4,
                11,
                4
              ],
              "uv": [
                68,
                88
              ]
            }
          ]
        },
        {
          "name": "right_leg2",
          "parent": "right_leg",
          "pivot": [
            -3,
            16,
            0
          ],
          "cubes": [
            {
              "origin": [
                -5,
                5,
                -2
              ],
              "size": [
                4,
                11,
                4
              ],
              "uv": [
                0,
                0
              ]
            },
            {
              "origin": [
                -6,
                0,
                -8
              ],
              "size": [
                6,
                5,
                11
              ],
              "uv": [
                0,
                62
              ]
            }
          ]
        },
        {
          "name": "base",
          "parent": "all",
          "pivot": [
            0,
            27,
            0
          ],
          "cubes": [
            {
              "origin": [
                -2,
                45,
                -2
              ],
              "size": [
                4,
                3,
                4
              ],
              "uv": [
                86,
                30
              ]
            },
            {
              "origin": [
                -5,
                38,
                -4
              ],
              "size": [
                10,
                7,
                8
              ],
              "uv": [
                54,
                60
              ]
            },
            {
              "origin": [
                -4,
                31,
                -3
              ],
              "size": [
                8,
                7,
                7
              ],
              "uv": [
                64,
                16
              ]
            },
            {
              "origin": [
                -5,
                27,
                -4
              ],
              "size": [
                10,
                4,
                9
              ],
              "uv": [
                33,
                47
              ]
            },
            {
              "origin": [
                -5,
                14.61732,
                5.92388
              ],
              "size": [
                10,
                16,
                0
              ],
              "pivot": [
                0,
                27,
                5
              ],
              "rotation": [
                22.5,
                0,
                0
              ],
              "uv": [
                48,
                85
              ]
            }
          ]
        },
        {
          "name": "head",
          "parent": "base",
          "pivot": [
            0,
            52,
            4
          ],
          "rotation": [
            37.5,
            0,
            0
          ],
          "cubes": [
            {
              "origin": [
                -6,
                50,
                -10
              ],
              "size": [
                12,
                2,
                14
              ],
              "uv": [
                48,
                0
              ]
            },
            {
              "origin": [
                -7,
                50,
                -9
              ],
              "size": [
                1,
                2,
                13
              ],
              "uv": [
                72,
                45
              ]
            },
            {
              "origin": [
                6,
                50,
                -9
              ],
              "size": [
                1,
                2,
                13
              ],
              "uv": [
                71,
                30
              ]
            },
            {
              "origin": [
                -5,
                52,
                -9
              ],
              "size": [
                10,
                3,
                2
              ],
              "uv": [
                23,
                67
              ]
            },
            {
              "origin": [
                5,
                52,
                -7
              ],
              "size": [
                2,
                3,
                10
              ],
              "uv": [
                0,
                78
              ]
            },
            {
              "origin": [
                -7,
                52,
                -7
              ],
              "size": [
                2,
                3,
                10
              ],
              "uv": [
                24,
                77
              ]
            }
          ]
        },
        {
          "name": "mouth",
          "parent": "head",
          "pivot": [
            0,
            61,
            4
          ],
          "rotation": [
            -35,
            0,
            0
          ],
          "cubes": [
            {
              "origin": [
                -6,
                61,
                -10
              ],
              "size": [
                12,
                2,
                14
              ],
              "uv": [
                33,
                31
              ]
            },
            {
              "origin": [
                6,
                61,
                -9
              ],
              "size": [
                1,
                2,
                13
              ],
              "uv": [
                34,
                62
              ]
            },
            {
              "origin": [
                -7,
                61,
                -9
              ],
              "size": [
                1,
                2,
                13
              ],
              "uv": [
                0,
                31
              ]
            },
            {
              "origin": [
                -5,
                58,
                -9
              ],
              "size": [
                10,
                3,
                2
              ],
              "uv": [
                23,
                62
              ]
            },
            {
              "origin": [
                5,
                58,
                -7
              ],
              "size": [
                2,
                3,
                10
              ],
              "uv": [
                76,
                75
              ]
            },
            {
              "origin": [
                -7,
                58,
                -7
              ],
              "size": [
                2,
                3,
                10
              ],
              "uv": [
                0,
                46
              ]
            }
          ]
        },
        {
          "name": "eyes",
          "parent": "head",
          "pivot": [
            -4,
            58,
            -1
          ],
          "rotation": [
            -10,
            0,
            0
          ],
          "cubes": [
            {
              "origin": [
                -6,
                55.74386,
                -4.92773
              ],
              "size": [
                4,
                4,
                4
              ],
              "uv": [
                82,
                60
              ]
            }
          ]
        },
        {
          "name": "eyes2",
          "parent": "head",
          "pivot": [
            3,
            58,
            -1
          ],
          "cubes": [
            {
              "origin": [
                1,
                56,
                -6
              ],
              "size": [
                4,
                4,
                4
              ],
              "pivot": [
                7,
                52,
                -3
              ],
              "rotation": [
                -7.5,
                0,
                0
              ],
              "uv": [
                14,
                78
              ]
            }
          ]
        },
        {
          "name": "hat",
          "parent": "head",
          "pivot": [
            0,
            65,
            4
          ],
          "rotation": [
            -37.5,
            0,
            0
          ],
          "cubes": [
            {
              "origin": [
                -4,
                65,
                0
              ],
              "size": [
                8,
                2,
                8
              ],
              "uv": [
                54,
                75
              ]
            },
            {
              "origin": [
                -2,
                67,
                2
              ],
              "size": [
                4,
                6,
                4
              ],
              "uv": [
                86,
                0
              ]
            }
          ]
        },
        {
          "name": "right_arm",
          "parent": "base",
          "pivot": [
            -5,
            44,
            0
          ],
          "cubes": [
            {
              "origin": [
                -8,
                33,
                -2
              ],
              "size": [
                3,
                12,
                3
              ],
              "uv": [
                21,
                90
              ]
            }
          ]
        },
        {
          "name": "right_arm2",
          "parent": "right_arm",
          "pivot": [
            -7,
            33,
            0
          ],
          "cubes": [
            {
              "origin": [
                -8,
                21,
                -2
              ],
              "size": [
                3,
                12,
                3
              ],
              "uv": [
                84,
                88
              ]
            },
            {
              "origin": [
                -8,
                17,
                -3
              ],
              "size": [
                4,
                4,
                5
              ],
              "uv": [
                62,
                47
              ]
            }
          ]
        },
        {
          "name": "wand",
          "parent": "right_arm2",
          "pivot": [
            -6,
            19,
            -2
          ],
          "cubes": [
            {
              "origin": [
                -7,
                18,
                -17
              ],
              "size": [
                2,
                2,
                29
              ],
              "uv": [
                0,
                31
              ]
            },
            {
              "origin": [
                -8,
                17,
                -21
              ],
              "size": [
                4,
                4,
                4
              ],
              "uv": [
                38,
                77
              ]
            }
          ]
        },
        {
          "name": "left_arm",
          "parent": "base",
          "pivot": [
            5,
            44,
            0
          ],
          "cubes": [
            {
              "origin": [
                5,
                33,
                -2
              ],
              "size": [
                3,
                12,
                3
              ],
              "uv": [
                21,
                90
              ],
              "mirror": true
            }
          ]
        },
        {
          "name": "left_arm2",
          "parent": "left_arm",
          "pivot": [
            7,
            33,
            0
          ],
          "cubes": [
            {
              "origin": [
                5,
                21,
                -2
              ],
              "size": [
                3,
                12,
                3
              ],
              "uv": [
                84,
                88
              ],
              "mirror": true
            },
            {
              "origin": [
                4,
                17,
                -3
              ],
              "size": [
                4,
                4,
                5
              ],
              "uv": [
                62,
                47
              ],
              "mirror": true
            }
          ]
        }
      ]
    }
  ]
}