{
  "format_version": "1.12.0",
  "minecraft:geometry": [
    {
      "description": {
        "identifier": "geometry.pa_gangle",
        "texture_width": 64,
        "texture_height": 64,
        "visible_bounds_width": 3,
        "visible_bounds_height": 4.5,
        "visible_bounds_offset": [
          0,
          1.75,
          0
        ]
      },
      "bones": [
        {
          "name": "all",
          "pivot": [
            0,
            24,
            0
          ]
        },
        {
          "name": "ribbon13",
          "parent": "all",
          "pivot": [
            -2,
            24,
            -1
          ],
          "rotation": [
            7.5,
            5,
            0
          ],
          "cubes": [
            {
              "origin": [
                -3,
                14,
                -1
              ],
              "size": [
                2,
                10,
                0
              ],
              "uv": [
                24,
                5
              ]
            }
          ]
        },
        {
          "name": "ribbon14",
          "parent": "ribbon13",
          "pivot": [
            -2,
            14,
            -1
          ],
          "rotation": [
            -27.5,
            0,
            0
          ],
          "cubes": [
            {
              "origin": [
                -3,
                8,
                -1
              ],
              "size": [
                2,
                6,
                0
              ],
              "uv": [
                0,
                0
              ]
            }
          ]
        },
        {
          "name": "ribbon15",
          "parent": "ribbon14",
          "pivot": [
            -2,
            8,
            -1
          ],
          "rotation": [
            17.5,
            0,
            0
          ],
          "cubes": [
            {
              "origin": [
                -3,
                3,
                -1
              ],
              "size": [
                2,
                5,
                0
              ],
              "uv": [
                0,
                25
              ]
            }
          ]
        },
        {
          "name": "ribbon16",
          "parent": "ribbon15",
          "pivot": [
            -2,
            3,
            -1
          ],
          "rotation": [
            45,
            0,
            0
          ],
          "cubes": [
            {
              "origin": [
                -3,
                -1,
                -1
              ],
              "size": [
                2,
                4,
                0
              ],
              "uv": [
                4,
                25
              ]
            }
          ]
        },
        {
          "name": "ribbon9",
          "parent": "all",
          "pivot": [
            2,
            24,
            -1
          ],
          "rotation": [
            10,
            -5,
            0
          ],
          "cubes": [
            {
              "origin": [
                1,
                14,
                -1
              ],
              "size": [
                2,
                10,
                0
              ],
              "uv": [
                24,
                5
              ],
              "mirror": true
            }
          ]
        },
        {
          "name": "ribbon10",
          "parent": "ribbon9",
          "pivot": [
            2,
            14,
            -1
          ],
          "rotation": [
            -25,
            0,
            0
          ],
          "cubes": [
            {
              "origin": [
                1,
                8,
                -1
              ],
              "size": [
                2,
                6,
                0
              ],
              "uv": [
                0,
                0
              ],
              "mirror": true
            }
          ]
        },
        {
          "name": "ribbon11",
          "parent": "ribbon10",
          "pivot": [
            2,
            8,
            -1
          ],
          "rotation": [
            17.5,
            0,
            0
          ],
          "cubes": [
            {
              "origin": [
                1,
                3,
                -1
              ],
              "size": [
                2,
                5,
                0
              ],
              "uv": [
                0,
                25
              ],
              "mirror": true
            }
          ]
        },
        {
          "name": "ribbon12",
          "parent": "ribbon11",
          "pivot": [
            2,
            3,
            -1
          ],
          "rotation": [
            35,
            0,
            0
          ],
          "cubes": [
            {
              "origin": [
                1,
                -1,
                -1
              ],
              "size": [
                2,
                4,
                0
              ],
              "uv": [
                4,
                25
              ],
              "mirror": true
            }
          ]
        },
        {
          "name": "base",
          "parent": "all",
          "pivot": [
            0,
            24,
            0
          ],
          "rotation": [
            20,
            0,
            0
          ],
          "cubes": [
            {
              "origin": [
                -3,
                24,
                -3
              ],
              "size": [
                6,
                12,
                6
              ],
              "uv": [
                0,
                0
              ]
            }
          ]
        },
        {
          "name": "ribbon17",
          "parent": "base",
          "pivot": [
            1,
            36,
            -2
          ],
          "rotation": [
            142.5,
            5,
            0
          ],
          "cubes": [
            {
              "origin": [
                -0.52293,
                32.98158,
                -2.3076
              ],
              "size": [
                2,
                3,
                0
              ],
              "uv": [
                0,
                0
              ]
            }
          ]
        },
        {
          "name": "ribbon19",
          "parent": "ribbon17",
          "pivot": [
            0.47707,
            32.98158,
            -2.3076
          ],
          "rotation": [
            41.54581,
            -1.33295,
            -1.42881
          ],
          "cubes": [
            {
              "origin": [
                -0.52293,
                28.98158,
                -2.3076
              ],
              "size": [
                2,
                4,
                0
              ],
              "uv": [
                0,
                25
              ]
            }
          ]
        },
        {
          "name": "ribbon20",
          "parent": "ribbon19",
          "pivot": [
            0.47707,
            28.98158,
            -2.3076
          ],
          "rotation": [
            90,
            0,
            0
          ],
          "cubes": [
            {
              "origin": [
                -0.52293,
                24.98158,
                -2.3076
              ],
              "size": [
                2,
                4,
                0
              ],
              "uv": [
                4,
                25
              ]
            }
          ]
        },
        {
          "name": "head",
          "parent": "ribbon20",
          "pivot": [
            0,
            26,
            -3
          ],
          "rotation": [
            75,
            0,
            0
          ],
          "cubes": [
            {
              "origin": [
                -3,
                22,
                -4
              ],
              "size": [
                6,
                1,
                1
              ],
              "uv": [
                18,
                3
              ]
            },
            {
              "origin": [
                -4,
                23,
                -4
              ],
              "size": [
                8,
                2,
                1
              ],
              "uv": [
                18,
                0
              ]
            },
            {
              "origin": [
                -5,
                25,
                -4
              ],
              "size": [
                10,
                6,
                1
              ],
              "uv": [
                0,
                18
              ]
            }
          ]
        },
        {
          "name": "eyes",
          "parent": "head",
          "pivot": [
            0,
            27,
            -4
          ],
          "cubes": [
            {
              "origin": [
                -4.7,
                26,
                -4.1
              ],
              "size": [
                5,
                5,
                0
              ],
              "uv": [
                22,
                22
              ]
            },
            {
              "origin": [
                -0.3,
                26,
                -4.1
              ],
              "size": [
                5,
                5,
                0
              ],
              "uv": [
                22,
                22
              ],
              "mirror": true
            }
          ]
        },
        {
          "name": "mouth",
          "parent": "head",
          "pivot": [
            0,
            24,
            -4
          ],
          "cubes": [
            {
              "origin": [
                -4,
                22,
                -4.1
              ],
              "size": [
                8,
                4,
                0
              ],
              "uv": [
                22,
                18
              ]
            }
          ]
        },
        {
          "name": "tears",
          "parent": "head",
          "pivot": [
            -4,
            27,
            -4
          ],
          "cubes": [
            {
              "origin": [
                -6,
                24,
                -4.1
              ],
              "size": [
                3,
                3,
                0
              ],
              "uv": [
                24,
                15
              ]
            }
          ]
        },
        {
          "name": "tears2",
          "parent": "head",
          "pivot": [
            4,
            27,
            -4
          ],
          "cubes": [
            {
              "origin": [
                3,
                24,
                -4.1
              ],
              "size": [
                3,
                3,
                0
              ],
              "uv": [
                24,
                15
              ],
              "mirror": true
            }
          ]
        },
        {
          "name": "ribbon5",
          "parent": "base",
          "pivot": [
            4,
            35,
            -1
          ],
          "rotation": [
            -11.82047,
            -42.05244,
            10.12436
          ],
          "cubes": [
            {
              "origin": [
                3,
                25,
                -1
              ],
              "size": [
                2,
                10,
                0
              ],
              "uv": [
                24,
                5
              ],
              "mirror": true
            }
          ]
        },
        {
          "name": "ribbon6",
          "parent": "ribbon5",
          "pivot": [
            4,
            25,
            -1
          ],
          "rotation": [
            -22.5,
            0,
            0
          ],
          "cubes": [
            {
              "origin": [
                3,
                19,
                -1
              ],
              "size": [
                2,
                6,
                0
              ],
              "uv": [
                0,
                0
              ],
              "mirror": true
            }
          ]
        },
        {
          "name": "ribbon7",
          "parent": "ribbon6",
          "pivot": [
            4,
            19,
            -1
          ],
          "rotation": [
            17.5,
            0,
            0
          ],
          "cubes": [
            {
              "origin": [
                3,
                14,
                -1
              ],
              "size": [
                2,
                5,
                0
              ],
              "uv": [
                0,
                25
              ],
              "mirror": true
            }
          ]
        },
        {
          "name": "ribbon8",
          "parent": "ribbon7",
          "pivot": [
            4,
            14,
            -1
          ],
          "rotation": [
            21.30348,
            12.95423,
            5.81667
          ],
          "cubes": [
            {
              "origin": [
                3,
                10,
                -1
              ],
              "size": [
                2,
                4,
                0
              ],
              "uv": [
                4,
                25
              ],
              "mirror": true
            }
          ]
        },
        {
          "name": "ribbon",
          "parent": "base",
          "pivot": [
            -4,
            35,
            -1
          ],
          "rotation": [
            -24.12801,
            43.33178,
            -17.62487
          ],
          "cubes": [
            {
              "origin": [
                -5,
                25,
                -1
              ],
              "size": [
                2,
                10,
                0
              ],
              "uv": [
                24,
                5
              ]
            }
          ]
        },
        {
          "name": "ribbon2",
          "parent": "ribbon",
          "pivot": [
            -4,
            25,
            -1
          ],
          "rotation": [
            -15,
            0,
            0
          ],
          "cubes": [
            {
              "origin": [
                -5,
                19,
                -1
              ],
              "size": [
                2,
                6,
                0
              ],
              "uv": [
                0,
                0
              ]
            }
          ]
        },
        {
          "name": "ribbon3",
          "parent": "ribbon2",
          "pivot": [
            -4,
            19,
            -1
          ],
          "rotation": [
            27.5,
            0,
            0
          ],
          "cubes": [
            {
              "origin": [
                -5,
                14,
                -1
              ],
              "size": [
                2,
                5,
                0
              ],
              "uv": [
                0,
                25
              ]
            }
          ]
        },
        {
          "name": "ribbon4",
          "parent": "ribbon3",
          "pivot": [
            -4,
            14,
            -1
          ],
          "rotation": [
            37.27633,
            5.95298,
            15.68356
          ],
          "cubes": [
            {
              "origin": [
                -5,
                10,
                -1
              ],
              "size": [
                2,
                4,
                0
              ],
              "uv": [
                4,
                25
              ]
            }
          ]
        }
      ]
    }
  ]
}