{
  "format_version": "1.12.0",
  "minecraft:geometry": [
    {
      "description": {
        "identifier": "geometry.pa_jax",
        "texture_width": 128,
        "texture_height": 128,
        "visible_bounds_width": 4,
        "visible_bounds_height": 6.5,
        "visible_bounds_offset": [
          0,
          2.75,
          0
        ]
      },
      "bones": [
        {
          "name": "all",
          "pivot": [
            0,
            62,
            0
          ]
        },
        {
          "name": "left_leg",
          "parent": "all",
          "pivot": [
            2,
            37,
            0
          ],
          "cubes": [
            {
              "origin": [
                1,
                19,
                -1
              ],
              "size": [
                3,
                18,
                3
              ],
              "uv": [
                32,
                36
              ],
              "mirror": true
            }
          ]
        },
        {
          "name": "left_leg2",
          "parent": "left_leg",
          "pivot": [
            2,
            19,
            0
          ],
          "cubes": [
            {
              "origin": [
                1,
                1,
                -1
              ],
              "size": [
                3,
                18,
                3
              ],
              "uv": [
                32,
                36
              ],
              "mirror": true
            }
          ]
        },
        {
          "name": "left_feet",
          "parent": "left_leg2",
          "pivot": [
            2,
            1,
            0
          ],
          "cubes": [
            {
              "origin": [
                0,
                -1,
                -7
              ],
              "size": [
                5,
                2,
                9
              ],
              "uv": [
                31,
                11
              ],
              "mirror": true
            },
            {
              "origin": [
                -1,
                -1,
                -12
              ],
              "size": [
                7,
                3,
                5
              ],
              "pivot": [
                0,
                53,
                0
              ],
              "rotation": [
                0,
                -2.5,
                0
              ],
              "uv": [
                30,
                0
              ],
              "mirror": true
            }
          ]
        },
        {
          "name": "right_leg",
          "parent": "all",
          "pivot": [
            -2,
            37,
            0
          ],
          "cubes": [
            {
              "origin": [
                -4,
                19,
                -1
              ],
              "size": [
                3,
                18,
                3
              ],
              "uv": [
                32,
                36
              ]
            }
          ]
        },
        {
          "name": "right_leg2",
          "parent": "right_leg",
          "pivot": [
            -2,
            19,
            0
          ],
          "cubes": [
            {
              "origin": [
                -4,
                1,
                -1
              ],
              "size": [
                3,
                18,
                3
              ],
              "uv": [
                32,
                36
              ]
            }
          ]
        },
        {
          "name": "right_feet",
          "parent": "right_leg2",
          "pivot": [
            -2,
            1,
            0
          ],
          "cubes": [
            {
              "origin": [
                -5,
                -1,
                -7
              ],
              "size": [
                5,
                2,
                9
              ],
              "uv": [
                31,
                11
              ]
            },
            {
              "origin": [
                -6,
                -1,
                -12
              ],
              "size": [
                7,
                3,
                5
              ],
              "pivot": [
                0,
                53,
                0
              ],
              "rotation": [
                0,
                2.5,
                0
              ],
              "uv": [
                30,
                0
              ]
            }
          ]
        },
        {
          "name": "base",
          "parent": "all",
          "pivot": [
            0,
            37,
            0
          ],
          "cubes": [
            {
              "origin": [
                -1,
                53,
                -1
              ],
              "size": [
                2,
                7,
                2
              ],
              "uv": [
                0,
                0
              ]
            },
            {
              "origin": [
                -4,
                37,
                -4
              ],
              "size": [
                8,
                16,
                8
              ],
              "uv": [
                0,
                20
              ]
            }
          ]
        },
        {
          "name": "head",
          "parent": "base",
          "pivot": [
            0,
            60,
            0
          ],
          "cubes": [
            {
              "origin": [
                -5,
                60,
                -5
              ],
              "size": [
                10,
                10,
                10
              ],
              "uv": [
                0,
                0
              ]
            }
          ]
        },
        {
          "name": "teeth",
          "parent": "head",
          "pivot": [
            1,
            63,
            -5
          ],
          "rotation": [
            0,
            0,
            -15
          ],
          "cubes": [
            {
              "origin": [
                -2,
                61,
                -5.1
              ],
              "size": [
                6,
                1,
                0
              ],
              "uv": [
                24,
                22
              ]
            },
            {
              "origin": [
                -3,
                62,
                -5.1
              ],
              "size": [
                8,
                2,
                0
              ],
              "uv": [
                30,
                8
              ]
            }
          ]
        },
        {
          "name": "eyes",
          "parent": "head",
          "pivot": [
            -3,
            65,
            -5
          ],
          "cubes": [
            {
              "origin": [
                -4,
                67,
                -5.1
              ],
              "size": [
                2,
                1,
                0
              ],
              "uv": [
                4,
                9
              ]
            },
            {
              "origin": [
                -5,
                65,
                -5.1
              ],
              "size": [
                4,
                2,
                0
              ],
              "uv": [
                0,
                22
              ]
            }
          ]
        },
        {
          "name": "pupils",
          "parent": "eyes",
          "pivot": [
            -3,
            65,
            -1
          ],
          "cubes": [
            {
              "origin": [
                -5,
                65,
                -5.2
              ],
              "size": [
                2,
                2,
                0
              ],
              "uv": [
                6,
                0
              ]
            }
          ]
        },
        {
          "name": "iris",
          "parent": "pupils",
          "pivot": [
            9,
            60,
            -1
          ],
          "cubes": [
            {
              "origin": [
                -4,
                67,
                -5.2
              ],
              "size": [
                1,
                1,
                0
              ],
              "uv": [
                0,
                1
              ]
            }
          ]
        },
        {
          "name": "eyes2",
          "parent": "head",
          "pivot": [
            3,
            65,
            -5
          ],
          "cubes": [
            {
              "origin": [
                2,
                67,
                -5.1
              ],
              "size": [
                2,
                1,
                0
              ],
              "uv": [
                0,
                9
              ]
            },
            {
              "origin": [
                1,
                65,
                -5.1
              ],
              "size": [
                4,
                2,
                0
              ],
              "uv": [
                0,
                20
              ]
            }
          ]
        },
        {
          "name": "pupils2",
          "parent": "eyes2",
          "pivot": [
            4,
            65,
            -1
          ],
          "cubes": [
            {
              "origin": [
                1,
                65,
                -5.2
              ],
              "size": [
                2,
                2,
                0
              ],
              "uv": [
                0,
                24
              ]
            }
          ]
        },
        {
          "name": "iris2",
          "parent": "pupils2",
          "pivot": [
            0,
            60,
            -1
          ],
          "cubes": [
            {
              "origin": [
                2,
                67,
                -5.2
              ],
              "size": [
                1,
                1,
                0
              ],
              "uv": [
                0,
                0
              ]
            }
          ]
        },
        {
          "name": "ears2",
          "parent": "head",
          "pivot": [
            4,
            69,
            0
          ],
          "cubes": [
            {
              "origin": [
                1,
                70,
                -1
              ],
              "size": [
                3,
                10,
                1
              ],
              "pivot": [
                0,
                60,
                0
              ],
              "rotation": [
                0,
                0,
                10
              ],
              "uv": [
                44,
                36
              ]
            }
          ]
        },
        {
          "name": "ears",
          "parent": "head",
          "pivot": [
            -4,
            70,
            0
          ],
          "cubes": [
            {
              "origin": [
                -4,
                70,
                -1
              ],
              "size": [
                3,
                10,
                1
              ],
              "pivot": [
                0,
                60,
                0
              ],
              "rotation": [
                0,
                0,
                -10
              ],
              "uv": [
                44,
                47
              ]
            }
          ]
        },
        {
          "name": "right_hand",
          "parent": "base",
          "pivot": [
            -4,
            52,
            0
          ],
          "cubes": [
            {
              "origin": [
                -7,
                41,
                -1
              ],
              "size": [
                3,
                12,
                3
              ],
              "uv": [
                0,
                44
              ]
            }
          ]
        },
        {
          "name": "right_hand2",
          "parent": "right_hand",
          "pivot": [
            -6,
            41,
            0
          ],
          "cubes": [
            {
              "origin": [
                -7,
                29,
                -1
              ],
              "size": [
                3,
                12,
                3
              ],
              "uv": [
                0,
                44
              ]
            }
          ]
        },
        {
          "name": "right_arm",
          "parent": "right_hand2",
          "pivot": [
            -5,
            29,
            0
          ],
          "cubes": [
            {
              "origin": [
                -8,
                27,
                -2
              ],
              "size": [
                5,
                2,
                5
              ],
              "uv": [
                12,
                44
              ]
            }
          ]
        },
        {
          "name": "Hand",
          "parent": "right_arm",
          "pivot": [
            -6,
            27,
            1
          ],
          "cubes": [
            {
              "origin": [
                -7,
                20,
                -3
              ],
              "size": [
                3,
                7,
                7
              ],
              "uv": [
                32,
                22
              ]
            }
          ]
        },
        {
          "name": "left_hand",
          "parent": "base",
          "pivot": [
            4,
            52,
            0
          ],
          "cubes": [
            {
              "origin": [
                4,
                41,
                -1
              ],
              "size": [
                3,
                12,
                3
              ],
              "uv": [
                0,
                44
              ],
              "mirror": true
            }
          ]
        },
        {
          "name": "left_hand2",
          "parent": "left_hand",
          "pivot": [
            6,
            41,
            0
          ],
          "cubes": [
            {
              "origin": [
                4,
                29,
                -1
              ],
              "size": [
                3,
                12,
                3
              ],
              "uv": [
                0,
                44
              ],
              "mirror": true
            }
          ]
        },
        {
          "name": "left_arm",
          "parent": "left_hand2",
          "pivot": [
            5,
            29,
            0
          ],
          "cubes": [
            {
              "origin": [
                3,
                27,
                -2
              ],
              "size": [
                5,
                2,
                5
              ],
              "uv": [
                12,
                44
              ],
              "mirror": true
            }
          ]
        },
        {
          "name": "Hand2",
          "parent": "left_arm",
          "pivot": [
            6,
            27,
            1
          ],
          "cubes": [
            {
              "origin": [
                4,
                20,
                -3
              ],
              "size": [
                3,
                7,
                7
              ],
              "uv": [
                32,
                22
              ],
              "mirror": true
            }
          ]
        }
      ]
    }
  ]
}