{
  "format_version": "1.12.0",
  "minecraft:geometry": [
    {
      "description": {
        "identifier": "geometry.pa_pomni",
        "texture_width": 128,
        "texture_height": 128,
        "visible_bounds_width": 3,
        "visible_bounds_height": 4.5,
        "visible_bounds_offset": [
          0,
          1.75,
          0
        ]
      },
      "bones": [
        {
          "name": "all",
          "pivot": [
            0,
            33,
            0
          ]
        },
        {
          "name": "left_leg",
          "parent": "all",
          "pivot": [
            2,
            21,
            0
          ],
          "rotation": [
            0,
            0,
            5
          ],
          "cubes": [
            {
              "origin": [
                0,
                16,
                -2.5
              ],
              "size": [
                5,
                5,
                5
              ],
              "uv": [
                55,
                62
              ]
            },
            {
              "origin": [
                1,
                11,
                -1.5
              ],
              "size": [
                3,
                5,
                3
              ],
              "uv": [
                0,
                16
              ]
            }
          ]
        },
        {
          "name": "left_leg2",
          "parent": "left_leg",
          "pivot": [
            2,
            11,
            0
          ],
          "rotation": [
            4.1122,
            -1.5992,
            -19.90465
          ],
          "cubes": [
            {
              "origin": [
                1,
                6,
                -1.5
              ],
              "size": [
                3,
                5,
                3
              ],
              "uv": [
                0,
                0
              ]
            }
          ]
        },
        {
          "name": "left_feet",
          "parent": "left_leg2",
          "pivot": [
            3,
            6,
            0
          ],
          "rotation": [
            0,
            0,
            15
          ],
          "cubes": [
            {
              "origin": [
                0,
                3,
                -2.5
              ],
              "size": [
                5,
                3,
                5
              ],
              "uv": [
                64,
                34
              ]
            },
            {
              "origin": [
                0,
                0,
                -6.5
              ],
              "size": [
                5,
                3,
                9
              ],
              "uv": [
                42,
                0
              ]
            }
          ]
        },
        {
          "name": "right_leg",
          "parent": "all",
          "pivot": [
            -2,
            21,
            0
          ],
          "rotation": [
            0,
            0,
            -5
          ],
          "cubes": [
            {
              "origin": [
                -5,
                16,
                -2.5
              ],
              "size": [
                5,
                5,
                5
              ],
              "uv": [
                0,
                66
              ]
            },
            {
              "origin": [
                -4,
                11,
                -1.5
              ],
              "size": [
                3,
                5,
                3
              ],
              "uv": [
                72,
                0
              ]
            }
          ]
        },
        {
          "name": "right_leg2",
          "parent": "right_leg",
          "pivot": [
            -2,
            11,
            0
          ],
          "rotation": [
            5,
            0,
            17.5
          ],
          "cubes": [
            {
              "origin": [
                -4,
                6,
                -1.5
              ],
              "size": [
                3,
                5,
                3
              ],
              "uv": [
                36,
                16
              ]
            }
          ]
        },
        {
          "name": "right_feet",
          "parent": "right_leg2",
          "pivot": [
            -2,
            6,
            0
          ],
          "rotation": [
            -1.7349,
            -0.77542,
            -14.86809
          ],
          "cubes": [
            {
              "origin": [
                -5,
                3,
                -2.5
              ],
              "size": [
                5,
                3,
                5
              ],
              "uv": [
                20,
                66
              ]
            },
            {
              "origin": [
                -5,
                0,
                -6.5
              ],
              "size": [
                5,
                3,
                9
              ],
              "uv": [
                32,
                54
              ]
            }
          ]
        },
        {
          "name": "base",
          "parent": "all",
          "pivot": [
            1,
            19,
            0
          ],
          "rotation": [
            10,
            0,
            0
          ],
          "cubes": [
            {
              "origin": [
                -3,
                31,
                -4
              ],
              "size": [
                6,
                1,
                6
              ],
              "uv": [
                62,
                17
              ]
            },
            {
              "origin": [
                -4,
                31,
                -5
              ],
              "size": [
                3,
                1,
                1
              ],
              "pivot": [
                0,
                33,
                0
              ],
              "rotation": [
                0,
                0,
                -17.5
              ],
              "uv": [
                0,
                26
              ]
            },
            {
              "origin": [
                1,
                31,
                -5
              ],
              "size": [
                3,
                1,
                1
              ],
              "pivot": [
                0,
                33,
                0
              ],
              "rotation": [
                0,
                0,
                17.5
              ],
              "uv": [
                0,
                24
              ]
            },
            {
              "origin": [
                -4,
                24,
                -4
              ],
              "size": [
                8,
                7,
                8
              ],
              "uv": [
                0,
                51
              ]
            },
            {
              "origin": [
                -1,
                28,
                -5
              ],
              "size": [
                2,
                2,
                1
              ],
              "uv": [
                30,
                31
              ]
            },
            {
              "origin": [
                -1,
                24,
                -5
              ],
              "size": [
                2,
                2,
                1
              ],
              "uv": [
                7,
                8
              ]
            },
            {
              "origin": [
                -2,
                22,
                -2
              ],
              "size": [
                4,
                2,
                4
              ],
              "uv": [
                71,
                59
              ]
            },
            {
              "origin": [
                -3,
                22,
                -1
              ],
              "size": [
                1,
                2,
                2
              ],
              "uv": [
                42,
                24
              ]
            },
            {
              "origin": [
                2,
                22,
                -1
              ],
              "size": [
                1,
                2,
                2
              ],
              "uv": [
                36,
                24
              ]
            },
            {
              "origin": [
                -3,
                20,
                -3
              ],
              "size": [
                6,
                2,
                6
              ],
              "uv": [
                51,
                54
              ]
            },
            {
              "origin": [
                -2,
                19,
                -3
              ],
              "size": [
                4,
                1,
                6
              ],
              "uv": [
                62,
                24
              ]
            },
            {
              "origin": [
                -1,
                18,
                -3
              ],
              "size": [
                2,
                1,
                6
              ],
              "uv": [
                50,
                12
              ]
            },
            {
              "origin": [
                -2,
                18,
                -4
              ],
              "size": [
                1,
                6,
                8
              ],
              "pivot": [
                0,
                20,
                0
              ],
              "rotation": [
                0,
                0,
                -47.5
              ],
              "uv": [
                54,
                34
              ]
            },
            {
              "origin": [
                1,
                19,
                -4
              ],
              "size": [
                1,
                5,
                8
              ],
              "pivot": [
                0,
                20,
                0
              ],
              "rotation": [
                0,
                0,
                47.5
              ],
              "uv": [
                62,
                4
              ]
            }
          ]
        },
        {
          "name": "right_arm",
          "parent": "base",
          "pivot": [
            -4,
            31,
            0
          ],
          "cubes": [
            {
              "origin": [
                -8,
                28,
                -2
              ],
              "size": [
                4,
                4,
                4
              ],
              "uv": [
                69,
                51
              ]
            },
            {
              "origin": [
                -7,
                24,
                -1
              ],
              "size": [
                2,
                7,
                2
              ],
              "uv": [
                42,
                0
              ]
            }
          ]
        },
        {
          "name": "right_arm2",
          "parent": "right_arm",
          "pivot": [
            -6,
            24,
            0
          ],
          "cubes": [
            {
              "origin": [
                -8,
                24,
                -2
              ],
              "size": [
                4,
                4,
                4
              ],
              "uv": [
                -2,
                -2
              ]
            },
            {
              "origin": [
                -7,
                19,
                -1
              ],
              "size": [
                2,
                5,
                2
              ],
              "uv": [
                32,
                54
              ]
            },
            {
              "origin": [
                -8,
                18,
                -2
              ],
              "size": [
                4,
                1,
                4
              ],
              "uv": [
                46,
                34
              ]
            }
          ]
        },
        {
          "name": "right_hand",
          "parent": "right_arm2",
          "pivot": [
            -6,
            18,
            0
          ],
          "cubes": [
            {
              "origin": [
                -8,
                13,
                -1
              ],
              "size": [
                4,
                5,
                2
              ],
              "uv": [
                68,
                72
              ]
            }
          ]
        },
        {
          "name": "left_arm",
          "parent": "base",
          "pivot": [
            4,
            31,
            0
          ],
          "cubes": [
            {
              "origin": [
                4,
                28,
                -2
              ],
              "size": [
                4,
                4,
                4
              ],
              "uv": [
                40,
                68
              ]
            },
            {
              "origin": [
                5,
                24,
                -1
              ],
              "size": [
                2,
                7,
                2
              ],
              "uv": [
                0,
                31
              ]
            }
          ]
        },
        {
          "name": "left_arm2",
          "parent": "left_arm",
          "pivot": [
            6,
            24,
            0
          ],
          "cubes": [
            {
              "origin": [
                4,
                24,
                -2
              ],
              "size": [
                4,
                4,
                4
              ],
              "uv": [
                -2,
                -2
              ],
              "mirror": true
            },
            {
              "origin": [
                5,
                19,
                -1
              ],
              "size": [
                2,
                5,
                2
              ],
              "uv": [
                0,
                51
              ]
            },
            {
              "origin": [
                4,
                18,
                -2
              ],
              "size": [
                4,
                1,
                4
              ],
              "uv": [
                30,
                34
              ]
            }
          ]
        },
        {
          "name": "left_hand",
          "parent": "left_arm2",
          "pivot": [
            6,
            18,
            0
          ],
          "cubes": [
            {
              "origin": [
                4,
                13,
                -1
              ],
              "size": [
                4,
                5,
                2
              ],
              "uv": [
                56,
                72
              ]
            }
          ]
        },
        {
          "name": "head",
          "parent": "base",
          "pivot": [
            0,
            32,
            0
          ],
          "rotation": [
            -7.5,
            0,
            0
          ],
          "cubes": [
            {
              "origin": [
                -5,
                32,
                -5
              ],
              "size": [
                10,
                10,
                10
              ],
              "uv": [
                0,
                31
              ]
            }
          ]
        },
        {
          "name": "hair",
          "parent": "head",
          "pivot": [
            0,
            42,
            -3
          ],
          "cubes": [
            {
              "origin": [
                -5,
                33,
                -5
              ],
              "size": [
                2,
                9,
                2
              ],
              "pivot": [
                -4,
                42,
                -4
              ],
              "rotation": [
                -13.33823,
                -0.41558,
                22.18226
              ],
              "uv": [
                26,
                74
              ]
            },
            {
              "origin": [
                -1,
                40,
                -6
              ],
              "size": [
                2,
                4,
                2
              ],
              "pivot": [
                -4,
                42,
                -4
              ],
              "rotation": [
                -13.33823,
                -0.41558,
                22.18226
              ],
              "uv": [
                61,
                0
              ]
            },
            {
              "origin": [
                3,
                33,
                -5
              ],
              "size": [
                2,
                9,
                2
              ],
              "pivot": [
                4,
                42,
                -4
              ],
              "rotation": [
                -13.33823,
                0.41558,
                -22.18226
              ],
              "uv": [
                18,
                74
              ]
            },
            {
              "origin": [
                1,
                40,
                -6
              ],
              "size": [
                1,
                4,
                2
              ],
              "pivot": [
                4,
                42,
                -4
              ],
              "rotation": [
                -13.33823,
                0.41558,
                -22.18226
              ],
              "uv": [
                24,
                52
              ]
            }
          ]
        },
        {
          "name": "eyes",
          "parent": "head",
          "pivot": [
            -2.5,
            36.5,
            -5
          ],
          "cubes": [
            {
              "origin": [
                -3.5,
                35.5,
                -5.1
              ],
              "size": [
                2,
                2,
                0
              ],
              "uv": [
                9,
                0
              ]
            }
          ]
        },
        {
          "name": "eyes2",
          "parent": "head",
          "pivot": [
            2.5,
            36.5,
            -5
          ],
          "cubes": [
            {
              "origin": [
                1.5,
                35.5,
                -5.1
              ],
              "size": [
                2,
                2,
                0
              ],
              "uv": [
                9,
                0
              ]
            }
          ]
        },
        {
          "name": "hat",
          "parent": "head",
          "pivot": [
            0,
            39,
            1
          ],
          "cubes": [
            {
              "origin": [
                -7,
                39,
                -5
              ],
              "size": [
                14,
                2,
                14
              ],
              "pivot": [
                0,
                43,
                0
              ],
              "rotation": [
                -27.5,
                0,
                0
              ],
              "uv": [
                0,
                0
              ]
            },
            {
              "origin": [
                -6,
                41,
                -4
              ],
              "size": [
                12,
                3,
                12
              ],
              "pivot": [
                0,
                43,
                0
              ],
              "rotation": [
                -27.5,
                0,
                0
              ],
              "uv": [
                0,
                16
              ]
            },
            {
              "origin": [
                -8,
                44,
                -4
              ],
              "size": [
                7,
                3,
                12
              ],
              "pivot": [
                0,
                43,
                0
              ],
              "rotation": [
                -27.5,
                0,
                0
              ],
              "uv": [
                28,
                39
              ]
            },
            {
              "origin": [
                -9,
                42,
                5
              ],
              "size": [
                2,
                2,
                3
              ],
              "pivot": [
                0,
                43,
                0
              ],
              "rotation": [
                -27.5,
                0,
                0
              ],
              "uv": [
                15,
                66
              ]
            },
            {
              "origin": [
                7,
                42,
                5
              ],
              "size": [
                2,
                2,
                3
              ],
              "pivot": [
                0,
                43,
                0
              ],
              "rotation": [
                -27.5,
                0,
                0
              ],
              "uv": [
                0,
                8
              ]
            },
            {
              "origin": [
                -1,
                44,
                -2
              ],
              "size": [
                2,
                2,
                7
              ],
              "pivot": [
                0,
                43,
                0
              ],
              "rotation": [
                -27.5,
                0,
                0
              ],
              "uv": [
                65,
                42
              ]
            },
            {
              "origin": [
                1,
                44,
                -4
              ],
              "size": [
                7,
                3,
                12
              ],
              "pivot": [
                0,
                43,
                0
              ],
              "rotation": [
                -27.5,
                0,
                0
              ],
              "uv": [
                36,
                19
              ]
            }
          ]
        }
      ]
    }
  ]
}