{
  "format_version": "1.12.0",
  "minecraft:geometry": [
    {
      "description": {
        "identifier": "geometry.pa_ragatha_abstract",
        "texture_width": 128,
        "texture_height": 128,
        "visible_bounds_width": 5,
        "visible_bounds_height": 5.5,
        "visible_bounds_offset": [
          0,
          2.25,
          0
        ]
      },
      "bones": [
        {
          "name": "all",
          "pivot": [
            0,
            40,
            -3
          ],
          "rotation": [
            35,
            0,
            0
          ]
        },
        {
          "name": "left_leg",
          "parent": "all",
          "pivot": [
            2,
            18,
            -3
          ],
          "rotation": [
            -77.5,
            -5,
            0
          ],
          "cubes": [
            {
              "origin": [
                0,
                2,
                -6
              ],
              "size": [
                5,
                16,
                5
              ],
              "uv": [
                0,
                58
              ]
            }
          ]
        },
        {
          "name": "left_leg2",
          "parent": "left_leg",
          "pivot": [
            3,
            2,
            -3
          ],
          "rotation": [
            90,
            0,
            0
          ],
          "cubes": [
            {
              "origin": [
                -1,
                -12,
                -7
              ],
              "size": [
                7,
                14,
                7
              ],
              "uv": [
                33,
                30
              ]
            }
          ]
        },
        {
          "name": "right_leg",
          "parent": "all",
          "pivot": [
            -2,
            18,
            -3
          ],
          "rotation": [
            -55,
            2.5,
            0
          ],
          "cubes": [
            {
              "origin": [
                -5,
                2,
                -6
              ],
              "size": [
                5,
                16,
                5
              ],
              "uv": [
                64,
                0
              ]
            }
          ]
        },
        {
          "name": "right_leg2",
          "parent": "right_leg",
          "pivot": [
            -3,
            2,
            -3
          ],
          "rotation": [
            82.5,
            0,
            0
          ],
          "cubes": [
            {
              "origin": [
                -6,
                -12,
                -7
              ],
              "size": [
                7,
                14,
                7
              ],
              "uv": [
                0,
                37
              ]
            }
          ]
        },
        {
          "name": "base",
          "parent": "all",
          "pivot": [
            0,
            40,
            -3
          ],
          "cubes": [
            {
              "origin": [
                -2,
                37,
                -5
              ],
              "size": [
                4,
                3,
                4
              ],
              "uv": [
                96,
                14
              ]
            },
            {
              "origin": [
                -5,
                29,
                -8
              ],
              "size": [
                10,
                8,
                10
              ],
              "uv": [
                0,
                19
              ]
            },
            {
              "origin": [
                -4,
                27,
                -7
              ],
              "size": [
                8,
                2,
                8
              ],
              "uv": [
                30,
                0
              ]
            },
            {
              "origin": [
                -3,
                25,
                -6
              ],
              "size": [
                6,
                2,
                6
              ],
              "uv": [
                76,
                49
              ]
            }
          ]
        },
        {
          "name": "dress",
          "parent": "base",
          "pivot": [
            0,
            25,
            -3
          ],
          "rotation": [
            -42.5,
            0,
            0
          ],
          "cubes": [
            {
              "origin": [
                -4,
                23,
                -7
              ],
              "size": [
                4,
                2,
                4
              ],
              "uv": [
                103,
                84
              ]
            },
            {
              "origin": [
                -5,
                21,
                -8
              ],
              "size": [
                5,
                2,
                5
              ],
              "uv": [
                0,
                88
              ]
            },
            {
              "origin": [
                -6,
                16,
                -9
              ],
              "size": [
                6,
                5,
                6
              ],
              "uv": [
                82,
                31
              ]
            },
            {
              "origin": [
                -7,
                11,
                -10
              ],
              "size": [
                7,
                5,
                7
              ],
              "uv": [
                69,
                69
              ]
            },
            {
              "origin": [
                -8,
                6,
                -11
              ],
              "size": [
                8,
                5,
                8
              ],
              "uv": [
                54,
                24
              ]
            },
            {
              "origin": [
                -9,
                6,
                -5
              ],
              "size": [
                1,
                5,
                2
              ],
              "uv": [
                30,
                76
              ]
            },
            {
              "origin": [
                -8,
                11,
                -5
              ],
              "size": [
                1,
                5,
                2
              ],
              "uv": [
                69,
                64
              ]
            },
            {
              "origin": [
                -7,
                16,
                -5
              ],
              "size": [
                1,
                5,
                2
              ],
              "uv": [
                47,
                64
              ]
            },
            {
              "origin": [
                -6,
                21,
                -5
              ],
              "size": [
                1,
                2,
                2
              ],
              "uv": [
                61,
                82
              ]
            },
            {
              "origin": [
                -5,
                23,
                -5
              ],
              "size": [
                1,
                2,
                2
              ],
              "uv": [
                12,
                79
              ]
            },
            {
              "origin": [
                -2,
                6,
                -12
              ],
              "size": [
                2,
                5,
                1
              ],
              "uv": [
                30,
                101
              ]
            },
            {
              "origin": [
                -2,
                11,
                -11
              ],
              "size": [
                2,
                5,
                1
              ],
              "uv": [
                50,
                100
              ]
            },
            {
              "origin": [
                -2,
                16,
                -10
              ],
              "size": [
                2,
                5,
                1
              ],
              "uv": [
                94,
                48
              ]
            },
            {
              "origin": [
                -2,
                21,
                -9
              ],
              "size": [
                2,
                2,
                1
              ],
              "uv": [
                41,
                88
              ]
            },
            {
              "origin": [
                -2,
                23,
                -8
              ],
              "size": [
                2,
                2,
                1
              ],
              "uv": [
                29,
                88
              ]
            },
            {
              "origin": [
                -2,
                23,
                -8
              ],
              "size": [
                2,
                2,
                1
              ],
              "pivot": [
                0,
                -12,
                -3
              ],
              "rotation": [
                -180,
                0,
                180
              ],
              "uv": [
                64,
                21
              ]
            },
            {
              "origin": [
                -2,
                21,
                -9
              ],
              "size": [
                2,
                2,
                1
              ],
              "pivot": [
                0,
                -12,
                -3
              ],
              "rotation": [
                -180,
                0,
                180
              ],
              "uv": [
                70,
                21
              ]
            },
            {
              "origin": [
                -2,
                16,
                -10
              ],
              "size": [
                2,
                5,
                1
              ],
              "pivot": [
                0,
                -12,
                -3
              ],
              "rotation": [
                -180,
                0,
                180
              ],
              "uv": [
                36,
                76
              ]
            },
            {
              "origin": [
                -2,
                11,
                -11
              ],
              "size": [
                2,
                5,
                1
              ],
              "pivot": [
                0,
                -12,
                -3
              ],
              "rotation": [
                -180,
                0,
                180
              ],
              "uv": [
                76,
                49
              ]
            },
            {
              "origin": [
                -2,
                6,
                -12
              ],
              "size": [
                2,
                5,
                1
              ],
              "pivot": [
                0,
                -12,
                -3
              ],
              "rotation": [
                -180,
                0,
                180
              ],
              "uv": [
                54,
                76
              ]
            },
            {
              "origin": [
                -5,
                23,
                -5
              ],
              "size": [
                1,
                2,
                2
              ],
              "pivot": [
                0,
                -12,
                -3
              ],
              "rotation": [
                -180,
                0,
                180
              ],
              "uv": [
                30,
                24
              ]
            },
            {
              "origin": [
                -6,
                21,
                -5
              ],
              "size": [
                1,
                2,
                2
              ],
              "pivot": [
                0,
                -12,
                -3
              ],
              "rotation": [
                -180,
                0,
                180
              ],
              "uv": [
                36,
                24
              ]
            },
            {
              "origin": [
                -7,
                16,
                -5
              ],
              "size": [
                1,
                5,
                2
              ],
              "pivot": [
                0,
                -12,
                -3
              ],
              "rotation": [
                -180,
                0,
                180
              ],
              "uv": [
                30,
                0
              ]
            },
            {
              "origin": [
                -8,
                11,
                -5
              ],
              "size": [
                1,
                5,
                2
              ],
              "pivot": [
                0,
                -12,
                -3
              ],
              "rotation": [
                -180,
                0,
                180
              ],
              "uv": [
                0,
                37
              ]
            },
            {
              "origin": [
                -9,
                6,
                -5
              ],
              "size": [
                1,
                5,
                2
              ],
              "pivot": [
                0,
                -12,
                -3
              ],
              "rotation": [
                -180,
                0,
                180
              ],
              "uv": [
                21,
                37
              ]
            },
            {
              "origin": [
                -8,
                6,
                -11
              ],
              "size": [
                8,
                5,
                8
              ],
              "pivot": [
                0,
                -12,
                -3
              ],
              "rotation": [
                -180,
                0,
                180
              ],
              "uv": [
                32,
                11
              ]
            },
            {
              "origin": [
                -7,
                11,
                -10
              ],
              "size": [
                7,
                5,
                7
              ],
              "pivot": [
                0,
                -12,
                -3
              ],
              "rotation": [
                -180,
                0,
                180
              ],
              "uv": [
                61,
                37
              ]
            },
            {
              "origin": [
                -6,
                16,
                -9
              ],
              "size": [
                6,
                5,
                6
              ],
              "pivot": [
                0,
                -12,
                -3
              ],
              "rotation": [
                -180,
                0,
                180
              ],
              "uv": [
                78,
                15
              ]
            },
            {
              "origin": [
                -5,
                21,
                -8
              ],
              "size": [
                5,
                2,
                5
              ],
              "pivot": [
                0,
                -12,
                -3
              ],
              "rotation": [
                -180,
                0,
                180
              ],
              "uv": [
                84,
                0
              ]
            },
            {
              "origin": [
                -4,
                23,
                -7
              ],
              "size": [
                4,
                2,
                4
              ],
              "pivot": [
                0,
                -12,
                -3
              ],
              "rotation": [
                -180,
                0,
                180
              ],
              "uv": [
                100,
                3
              ]
            },
            {
              "origin": [
                0,
                23,
                -8
              ],
              "size": [
                2,
                2,
                1
              ],
              "pivot": [
                0,
                -12,
                -3
              ],
              "rotation": [
                -180,
                0,
                180
              ],
              "uv": [
                84,
                26
              ]
            },
            {
              "origin": [
                0,
                21,
                -9
              ],
              "size": [
                2,
                2,
                1
              ],
              "pivot": [
                0,
                -12,
                -3
              ],
              "rotation": [
                -180,
                0,
                180
              ],
              "uv": [
                0,
                85
              ]
            },
            {
              "origin": [
                0,
                16,
                -10
              ],
              "size": [
                2,
                5,
                1
              ],
              "pivot": [
                0,
                -12,
                -3
              ],
              "rotation": [
                -180,
                0,
                180
              ],
              "uv": [
                60,
                76
              ]
            },
            {
              "origin": [
                0,
                11,
                -11
              ],
              "size": [
                2,
                5,
                1
              ],
              "pivot": [
                0,
                -12,
                -3
              ],
              "rotation": [
                -180,
                0,
                180
              ],
              "uv": [
                78,
                26
              ]
            },
            {
              "origin": [
                0,
                6,
                -12
              ],
              "size": [
                2,
                5,
                1
              ],
              "pivot": [
                0,
                -12,
                -3
              ],
              "rotation": [
                -180,
                0,
                180
              ],
              "uv": [
                0,
                79
              ]
            },
            {
              "origin": [
                4,
                23,
                -5
              ],
              "size": [
                1,
                2,
                2
              ],
              "pivot": [
                0,
                -12,
                -3
              ],
              "rotation": [
                -180,
                0,
                180
              ],
              "uv": [
                53,
                24
              ]
            },
            {
              "origin": [
                5,
                21,
                -5
              ],
              "size": [
                1,
                2,
                2
              ],
              "pivot": [
                0,
                -12,
                -3
              ],
              "rotation": [
                -180,
                0,
                180
              ],
              "uv": [
                56,
                28
              ]
            },
            {
              "origin": [
                6,
                16,
                -5
              ],
              "size": [
                1,
                5,
                2
              ],
              "pivot": [
                0,
                -12,
                -3
              ],
              "rotation": [
                -180,
                0,
                180
              ],
              "uv": [
                27,
                37
              ]
            },
            {
              "origin": [
                7,
                11,
                -5
              ],
              "size": [
                1,
                5,
                2
              ],
              "pivot": [
                0,
                -12,
                -3
              ],
              "rotation": [
                -180,
                0,
                180
              ],
              "uv": [
                54,
                0
              ]
            },
            {
              "origin": [
                8,
                6,
                -5
              ],
              "size": [
                1,
                5,
                2
              ],
              "pivot": [
                0,
                -12,
                -3
              ],
              "rotation": [
                -180,
                0,
                180
              ],
              "uv": [
                56,
                10
              ]
            },
            {
              "origin": [
                0,
                6,
                -11
              ],
              "size": [
                8,
                5,
                8
              ],
              "pivot": [
                0,
                -12,
                -3
              ],
              "rotation": [
                -180,
                0,
                180
              ],
              "uv": [
                20,
                51
              ]
            },
            {
              "origin": [
                0,
                11,
                -10
              ],
              "size": [
                7,
                5,
                7
              ],
              "pivot": [
                0,
                -12,
                -3
              ],
              "rotation": [
                -180,
                0,
                180
              ],
              "uv": [
                20,
                64
              ]
            },
            {
              "origin": [
                0,
                16,
                -9
              ],
              "size": [
                6,
                5,
                6
              ],
              "pivot": [
                0,
                -12,
                -3
              ],
              "rotation": [
                -180,
                0,
                180
              ],
              "uv": [
                78,
                58
              ]
            },
            {
              "origin": [
                0,
                21,
                -8
              ],
              "size": [
                5,
                2,
                5
              ],
              "pivot": [
                0,
                -12,
                -3
              ],
              "rotation": [
                -180,
                0,
                180
              ],
              "uv": [
                84,
                7
              ]
            },
            {
              "origin": [
                0,
                23,
                -7
              ],
              "size": [
                4,
                2,
                4
              ],
              "pivot": [
                0,
                -12,
                -3
              ],
              "rotation": [
                -180,
                0,
                180
              ],
              "uv": [
                101,
                99
              ]
            },
            {
              "origin": [
                0,
                23,
                -8
              ],
              "size": [
                2,
                2,
                1
              ],
              "uv": [
                6,
                85
              ]
            },
            {
              "origin": [
                0,
                21,
                -9
              ],
              "size": [
                2,
                2,
                1
              ],
              "uv": [
                15,
                88
              ]
            },
            {
              "origin": [
                0,
                16,
                -10
              ],
              "size": [
                2,
                5,
                1
              ],
              "uv": [
                6,
                79
              ]
            },
            {
              "origin": [
                0,
                11,
                -11
              ],
              "size": [
                2,
                5,
                1
              ],
              "uv": [
                79,
                81
              ]
            },
            {
              "origin": [
                0,
                6,
                -12
              ],
              "size": [
                2,
                5,
                1
              ],
              "uv": [
                90,
                69
              ]
            },
            {
              "origin": [
                4,
                23,
                -5
              ],
              "size": [
                1,
                2,
                2
              ],
              "uv": [
                60,
                0
              ]
            },
            {
              "origin": [
                5,
                21,
                -5
              ],
              "size": [
                1,
                2,
                2
              ],
              "uv": [
                79,
                0
              ]
            },
            {
              "origin": [
                6,
                16,
                -5
              ],
              "size": [
                1,
                5,
                2
              ],
              "uv": [
                61,
                37
              ]
            },
            {
              "origin": [
                7,
                11,
                -5
              ],
              "size": [
                1,
                5,
                2
              ],
              "uv": [
                20,
                64
              ]
            },
            {
              "origin": [
                8,
                6,
                -5
              ],
              "size": [
                1,
                5,
                2
              ],
              "uv": [
                41,
                64
              ]
            },
            {
              "origin": [
                0,
                6,
                -11
              ],
              "size": [
                8,
                5,
                8
              ],
              "uv": [
                52,
                51
              ]
            },
            {
              "origin": [
                0,
                11,
                -10
              ],
              "size": [
                7,
                5,
                7
              ],
              "uv": [
                48,
                64
              ]
            },
            {
              "origin": [
                0,
                16,
                -9
              ],
              "size": [
                6,
                5,
                6
              ],
              "uv": [
                61,
                81
              ]
            },
            {
              "origin": [
                0,
                21,
                -8
              ],
              "size": [
                5,
                2,
                5
              ],
              "uv": [
                85,
                81
              ]
            },
            {
              "origin": [
                0,
                23,
                -7
              ],
              "size": [
                4,
                2,
                4
              ],
              "uv": [
                102,
                38
              ]
            }
          ]
        },
        {
          "name": "head",
          "parent": "base",
          "pivot": [
            0,
            38,
            -3
          ],
          "rotation": [
            -17.5,
            0,
            0
          ],
          "cubes": [
            {
              "origin": [
                -5,
                40,
                -8
              ],
              "size": [
                10,
                9,
                10
              ],
              "uv": [
                0,
                0
              ]
            }
          ]
        },
        {
          "name": "hair",
          "parent": "head",
          "pivot": [
            -2,
            52,
            -3
          ],
          "rotation": [
            0,
            0,
            45
          ],
          "cubes": [
            {
              "origin": [
                -3,
                38,
                -4
              ],
              "size": [
                2,
                13,
                2
              ],
              "uv": [
                80,
                100
              ]
            }
          ]
        },
        {
          "name": "hair9",
          "parent": "head",
          "pivot": [
            -1,
            53,
            -3
          ],
          "rotation": [
            0,
            0,
            -62.5
          ],
          "cubes": [
            {
              "origin": [
                -2,
                39,
                -4
              ],
              "size": [
                2,
                13,
                2
              ],
              "uv": [
                0,
                95
              ]
            }
          ]
        },
        {
          "name": "hair17",
          "parent": "head",
          "pivot": [
            1,
            53,
            -3
          ],
          "rotation": [
            0,
            0,
            62.5
          ],
          "cubes": [
            {
              "origin": [
                0,
                39,
                -4
              ],
              "size": [
                2,
                13,
                2
              ],
              "uv": [
                0,
                95
              ],
              "mirror": true
            }
          ]
        },
        {
          "name": "hair4",
          "parent": "head",
          "pivot": [
            -2,
            52,
            -6
          ],
          "rotation": [
            -20.51522,
            14.28212,
            33.74486
          ],
          "cubes": [
            {
              "origin": [
                -3,
                38,
                -7
              ],
              "size": [
                2,
                13,
                2
              ],
              "uv": [
                42,
                100
              ]
            }
          ]
        },
        {
          "name": "hair8",
          "parent": "head",
          "pivot": [
            2,
            52,
            -6
          ],
          "rotation": [
            -20.51522,
            -14.28212,
            -33.74486
          ],
          "cubes": [
            {
              "origin": [
                1,
                38,
                -7
              ],
              "size": [
                2,
                13,
                2
              ],
              "uv": [
                8,
                95
              ]
            }
          ]
        },
        {
          "name": "hair6",
          "parent": "head",
          "pivot": [
            -1,
            52,
            -6
          ],
          "rotation": [
            -33.96912,
            6.64173,
            14.93109
          ],
          "cubes": [
            {
              "origin": [
                -2,
                44,
                -7
              ],
              "size": [
                2,
                7,
                2
              ],
              "uv": [
                0,
                19
              ]
            }
          ]
        },
        {
          "name": "hair7",
          "parent": "head",
          "pivot": [
            0,
            52,
            -6
          ],
          "rotation": [
            -33.52178,
            -8.84005,
            -7.87103
          ],
          "cubes": [
            {
              "origin": [
                -1,
                44,
                -7
              ],
              "size": [
                2,
                7,
                2
              ],
              "uv": [
                0,
                0
              ]
            }
          ]
        },
        {
          "name": "hair5",
          "parent": "head",
          "pivot": [
            -2,
            52,
            -6
          ],
          "rotation": [
            5.08674,
            14.09017,
            26.01113
          ],
          "cubes": [
            {
              "origin": [
                -3,
                38,
                -7
              ],
              "size": [
                2,
                13,
                2
              ],
              "uv": [
                97,
                88
              ]
            }
          ]
        },
        {
          "name": "hair10",
          "parent": "head",
          "pivot": [
            2,
            52,
            -6
          ],
          "rotation": [
            5.08674,
            -14.09017,
            -26.01113
          ],
          "cubes": [
            {
              "origin": [
                1,
                39,
                -7
              ],
              "size": [
                2,
                13,
                2
              ],
              "uv": [
                72,
                92
              ]
            }
          ]
        },
        {
          "name": "hair3",
          "parent": "head",
          "pivot": [
            -2,
            52,
            -2
          ],
          "rotation": [
            28.46245,
            17.91241,
            43.61853
          ],
          "cubes": [
            {
              "origin": [
                -3,
                38,
                -3
              ],
              "size": [
                2,
                13,
                2
              ],
              "uv": [
                100,
                48
              ]
            }
          ]
        },
        {
          "name": "hair12",
          "parent": "head",
          "pivot": [
            2,
            52,
            -2
          ],
          "rotation": [
            28.46245,
            -17.91241,
            -43.61853
          ],
          "cubes": [
            {
              "origin": [
                1,
                38,
                -3
              ],
              "size": [
                2,
                13,
                2
              ],
              "uv": [
                56,
                92
              ]
            }
          ]
        },
        {
          "name": "hair15",
          "parent": "head",
          "pivot": [
            2,
            52,
            -2
          ],
          "rotation": [
            9.32856,
            -18.79378,
            -38.43282
          ],
          "cubes": [
            {
              "origin": [
                1,
                38,
                -3
              ],
              "size": [
                2,
                13,
                2
              ],
              "uv": [
                56,
                92
              ]
            }
          ]
        },
        {
          "name": "hair16",
          "parent": "head",
          "pivot": [
            -2,
            52,
            -2
          ],
          "rotation": [
            9.32856,
            18.79378,
            38.43282
          ],
          "cubes": [
            {
              "origin": [
                -3,
                38,
                -3
              ],
              "size": [
                2,
                13,
                2
              ],
              "uv": [
                56,
                92
              ],
              "mirror": true
            }
          ]
        },
        {
          "name": "hair2",
          "parent": "head",
          "pivot": [
            -2,
            52,
            1
          ],
          "rotation": [
            19.95627,
            30.67855,
            30.80422
          ],
          "cubes": [
            {
              "origin": [
                -3,
                38,
                0
              ],
              "size": [
                2,
                13,
                2
              ],
              "uv": [
                100,
                67
              ]
            }
          ]
        },
        {
          "name": "hair13",
          "parent": "head",
          "pivot": [
            -2,
            52,
            1
          ],
          "rotation": [
            133.69733,
            64.27696,
            132.18017
          ],
          "cubes": [
            {
              "origin": [
                -3,
                38,
                0
              ],
              "size": [
                2,
                13,
                2
              ],
              "uv": [
                100,
                67
              ]
            }
          ]
        },
        {
          "name": "hair14",
          "parent": "head",
          "pivot": [
            0,
            52,
            1
          ],
          "rotation": [
            138.69733,
            64.27696,
            132.18017
          ],
          "cubes": [
            {
              "origin": [
                -1,
                38,
                0
              ],
              "size": [
                2,
                13,
                2
              ],
              "uv": [
                100,
                67
              ]
            }
          ]
        },
        {
          "name": "hair11",
          "parent": "head",
          "pivot": [
            2,
            52,
            1
          ],
          "rotation": [
            19.95627,
            -30.67855,
            -30.80422
          ],
          "cubes": [
            {
              "origin": [
                1,
                38,
                0
              ],
              "size": [
                2,
                13,
                2
              ],
              "uv": [
                64,
                92
              ]
            }
          ]
        },
        {
          "name": "bow",
          "parent": "head",
          "pivot": [
            0,
            49,
            2
          ],
          "rotation": [
            22.90981,
            -39.85571,
            -33.4032
          ],
          "cubes": [
            {
              "origin": [
                0,
                46,
                2
              ],
              "size": [
                8,
                7,
                0
              ],
              "uv": [
                100,
                26
              ]
            }
          ]
        },
        {
          "name": "bow2",
          "parent": "head",
          "pivot": [
            0,
            49,
            2
          ],
          "rotation": [
            22.90981,
            39.85571,
            33.4032
          ],
          "cubes": [
            {
              "origin": [
                -8,
                46,
                2
              ],
              "size": [
                8,
                7,
                0
              ],
              "uv": [
                44,
                51
              ]
            }
          ]
        },
        {
          "name": "eye",
          "parent": "head",
          "pivot": [
            2,
            41,
            -3
          ],
          "cubes": [
            {
              "origin": [
                2.5,
                43,
                -8.1
              ],
              "size": [
                1,
                3,
                0
              ],
              "uv": [
                8,
                2
              ]
            }
          ]
        },
        {
          "name": "mouth",
          "parent": "head",
          "pivot": [
            0,
            38,
            -3
          ],
          "cubes": [
            {
              "origin": [
                -1,
                40.5,
                -8.1
              ],
              "size": [
                2,
                2,
                0
              ],
              "uv": [
                6,
                0
              ]
            }
          ]
        },
        {
          "name": "right_arm",
          "parent": "base",
          "pivot": [
            -5,
            36,
            -3
          ],
          "rotation": [
            -40,
            0,
            5
          ],
          "cubes": [
            {
              "origin": [
                -10,
                33,
                -6
              ],
              "size": [
                5,
                5,
                7
              ],
              "uv": [
                37,
                76
              ]
            },
            {
              "origin": [
                -9,
                32,
                -5
              ],
              "size": [
                4,
                1,
                5
              ],
              "uv": [
                89,
                42
              ]
            },
            {
              "origin": [
                -8,
                23,
                -4
              ],
              "size": [
                3,
                9,
                3
              ],
              "uv": [
                85,
                88
              ]
            }
          ]
        },
        {
          "name": "right_arm2",
          "parent": "right_arm",
          "pivot": [
            -6,
            23,
            -3
          ],
          "rotation": [
            -10,
            0,
            -120
          ],
          "cubes": [
            {
              "origin": [
                -8,
                13,
                -4
              ],
              "size": [
                3,
                10,
                3
              ],
              "uv": [
                32,
                88
              ]
            }
          ]
        },
        {
          "name": "right_hand",
          "parent": "right_arm2",
          "pivot": [
            -7,
            13,
            -2
          ],
          "rotation": [
            48.1084,
            6.96312,
            48.66265
          ],
          "cubes": [
            {
              "origin": [
                -9,
                7,
                -3
              ],
              "size": [
                5,
                6,
                2
              ],
              "uv": [
                88,
                103
              ]
            }
          ]
        },
        {
          "name": "left_arm",
          "parent": "base",
          "pivot": [
            5,
            36,
            -3
          ],
          "rotation": [
            -32.5,
            0,
            -5
          ],
          "cubes": [
            {
              "origin": [
                5,
                33,
                -6
              ],
              "size": [
                5,
                5,
                7
              ],
              "uv": [
                13,
                76
              ]
            },
            {
              "origin": [
                5,
                32,
                -5
              ],
              "size": [
                4,
                1,
                5
              ],
              "uv": [
                40,
                24
              ]
            },
            {
              "origin": [
                5,
                23,
                -4
              ],
              "size": [
                3,
                9,
                3
              ],
              "uv": [
                44,
                88
              ]
            }
          ]
        },
        {
          "name": "left_arm2",
          "parent": "left_arm",
          "pivot": [
            6,
            23,
            -3
          ],
          "cubes": [
            {
              "origin": [
                5,
                13,
                -4
              ],
              "size": [
                3,
                10,
                3
              ],
              "uv": [
                20,
                88
              ]
            }
          ]
        },
        {
          "name": "left_hand",
          "parent": "left_arm2",
          "pivot": [
            7,
            13,
            -2
          ],
          "cubes": [
            {
              "origin": [
                4,
                7,
                -3
              ],
              "size": [
                5,
                6,
                2
              ],
              "uv": [
                16,
                101
              ]
            }
          ]
        }
      ]
    }
  ]
}