{
  "pools": [
    {
      "rolls": {
        "min": 3,
        "max": 8
      },
      "entries": [
        {
          "type": "item",
          "functions": [
            {
              "function": "set_count",
              "count": {
                "min": 1,
                "max": 3
              }
            }
          ],
          "name": "minecraft:diamond"
        },
        {
          "type": "item",
          "name": "pixel:spear_style2_scroll",
          "weight": 10
        },
        {
          "type": "item",
          "name": "pixel:skill_dodge",
          "weight": 10
        },
        {
          "type": "item",
          "name": "pixel:water_saber_scroll",
          "weight": 10
        },
        {
          "type": "item",
          "name": "pixel:poison_dagger_scroll",
          "weight": 10
        },
        {
          "type": "item",
          "weight": 5,
          "functions": [
            {
              "function": "set_count",
              "count": {
                "min": 1,
                "max": 5
              }
            }
          ],
          "name": "minecraft:iron_ingot"
        },
        {
          "type": "item",
          "functions": [
            {
              "function": "set_count",
              "count": {
                "min": 1,
                "max": 3
              }
            }
          ],
          "name": "minecraft:gold_ingot"
        },
        {
          "type": "item",
          "weight": 15,
          "functions": [
            {
              "function": "set_count",
              "count": {
                "min": 1,
                "max": 3
              }
            }
          ],
          "name": "minecraft:bread"
        },
        {
          "type": "item",
          "weight": 5,
          "name": "minecraft:iron_pickaxe"
        },
        {
          "type": "item",
          "functions": [
            {
              "function": "set_count",
              "count": {
                "min": 1,
                "max": 3
              }
            }
          ],
          "name": "minecraft:coal"
        },
        {
          "type": "item",
          "weight": 20,
          "functions": [
            {
              "function": "set_count",
              "count": {
                "min": 1,
                "max": 3
              }
            }
          ],
          "name": "minecraft:stick"
        },
        {
          "type": "item",
          "weight": 5,
          "name": "minecraft:iron_shovel"
        }
      ]
    }
  ]
}