{"format_version":"1.10.0","minecraft:attachable":{"description":{"identifier":"yg:gas_mask.player","item":{"yg:gas_mask":"query.owner_identifier == 'minecraft:player'"},"materials":{"default":"armor","enchanted":"armor_enchanted"},"textures":{"default":"textures/items/3d_items/yg_gas_mask","enchanted":"textures/misc/enchanted_item_glint"},"geometry":{"default":"geometry.yg_gas_mask"},"scripts":{"parent_setup":"variable.helmet_layer_visible = 0.0;"},"render_controllers":["controller.render.armor"]}}}