{"format_version":"1.10.0","minecraft:attachable":{"description":{"identifier":"yg:grabpack_redhand","materials":{"default":"entity_alphatest","enchanted":"entity_alphatest_glint"},"textures":{"default":"textures/items/3d_items/yg_grabpack_redhand","enchanted":"textures/misc/enchanted_item_glint"},"geometry":{"default":"geometry.yg_grabpack"},"animations":{"wield_first_person":"animation.yg_grabpack.firstperson","wield_third_person":"animation.yg_grabpack.thirdperson","shoot_righthand":"animation.yg_grabpack.shoot","shoot_lefthand":"animation.yg_grabpack.shoot2"},"scripts":{"animate":[{"wield_first_person":"c.is_first_person"},{"wield_third_person":"!c.is_first_person"},{"shoot_righthand":"query.is_item_name_any('slot.weapon.mainhand','yg:grabpack_redhand') && query.cooldown_time_remaining > 0"},{"shoot_lefthand":"query.is_sneaking &&\nquery.is_item_name_any('slot.weapon.mainhand','yg:grabpack_redhand') && query.cooldown_time_remaining > 0"}]},"render_controllers":["controller.render.item_default"]}}}