{
 "format_version": "1.8.0",
 "minecraft:entity": {
  "description": {
   "identifier": "zm:demodog",
   "is_experimental": false,
   "is_spawnable": true,
   "is_summonable": true
  },
  "components": {
   "minecraft:behavior.random_look_around": {
    "priority": 9
   },
   "minecraft:behavior.random_stroll": {
    "priority": 7,
    "speed_multiplier": 1
   },
   "minecraft:breathable": {
    "breathes_water": true,
    "suffocate_time": 0,
    "total_supply": 15
   },
   "minecraft:can_climb": {},
   "minecraft:collision_box": {
    "height": 2.1,
    "width": 1
   },
   "minecraft:experience_reward": {
    "on_bred": "Math.Random(1,7)",
    "on_death": "query.last_hit_by_player ? 5 : 0"
   },
   "minecraft:health": {
    "max": 23,
    "value": 23
   },
   "minecraft:jump.static": {},
   "minecraft:knockback_resistance": {
    "value": 0.2
   },
   "minecraft:leashable": {
    "hard_distance": 6,
    "max_distance": 10,
    "soft_distance": 4
   },
   "minecraft:movement": {
    "value": 0.25
   },
   "minecraft:movement.basic": {},
   "minecraft:nameable": {},
   "minecraft:navigation.walk": {
    "avoid_damage_blocks": true,
    "avoid_water": true,
    "can_path_over_water": false,
    "is_amphibious": true
   },
   "minecraft:physics": {},
   "minecraft:pushable": {
    "is_pushable": true,
    "is_pushable_by_piston": true
   },
   "minecraft:type_family": {
    "family": [
     "demogorgon",
	 "demodog"
    ]
   },
   "minecraft:follow_range": {
    "value": 20
   },
   "minecraft:loot": {
    "table": "loot_tables/entities/zombie.json"
   },
   "minecraft:behavior.look_at_player": {
    "look_distance": 0.1,
    "priority": 8,
    "probability": 1
   },
   "minecraft:behavior.melee_attack": {
    "priority": 4,
    "speed_multiplier": 1.3,
    "track_target": true,
    "reach_multiplier": 1
   },
   "minecraft:behavior.nearest_attackable_target": {
    "entity_types": [
     {
      "filters": {
       "all_of": [
        {
         "subject": "other",
         "test": "is_family",
         "value": "player"
        }
       ]
      },
      "max_dist": 20
     },
     {
      "filters": {
       "all_of": [
        {
         "subject": "other",
         "test": "is_family",
         "value": "villager"
        }
       ]
      },
      "max_dist": 20
     },
     {
      "filters": {
       "all_of": [
        {
         "subject": "other",
         "test": "is_family",
         "value": "iron_golem"
        }
       ]
      },
      "max_dist": 20
     },
     {
      "filters": {
       "all_of": [
        {
         "subject": "other",
         "test": "is_family",
         "value": "sheep"
        }
       ]
      },
      "max_dist": 20
     }
    ],
    "must_see": true,
    "priority": 3,
    "within_radius": 20,
    "reselect_targets": true
   },
   "minecraft:attack": {
    "damage": 6
   },
   "minecraft:damage_sensor": {
    "triggers": {
     "cause": "fall",
     "deals_damage": false
    }
   }
  }
 }
}