{
 "format_version": "1.8.0",
 "minecraft:entity": {
  "description": {
   "identifier": "zm:mind_flayer",
   "is_experimental": false,
   "is_spawnable": true,
   "is_summonable": true
  },
  "components": {
   "minecraft:behavior.random_look_around": {
    "priority": 9
   },
   "minecraft:behavior.random_stroll": {
    "priority": 7,
    "speed_multiplier": 1
   },
   "minecraft:breathable": {
    "breathes_water": true,
    "suffocate_time": 0,
    "total_supply": 15
   },
   "minecraft:can_climb": {},
   "minecraft:collision_box": {
    "height": 4,
    "width": 6
   },
   "minecraft:experience_reward": {
    "on_bred": "Math.Random(1,7)",
    "on_death": "query.last_hit_by_player ? 5 : 0"
   },
   "minecraft:fire_immune": {},
   "minecraft:health": {
    "max": 483,
    "value": 483
   },
   "minecraft:jump.static": {},
   "minecraft:knockback_resistance": {
    "value": 100
   },
   "minecraft:leashable": {
    "hard_distance": 6,
    "max_distance": 10,
    "soft_distance": 4
   },
   "minecraft:movement": {
    "value": 0.25
   },
   "minecraft:movement.basic": {},
   "minecraft:nameable": {},
   "minecraft:navigation.walk": {
    "avoid_damage_blocks": true,
    "avoid_water": true,
    "can_path_over_water": false,
    "is_amphibious": true
   },
   "minecraft:physics": {},
   "minecraft:pushable": {
    "is_pushable": true,
    "is_pushable_by_piston": true
   },
   "minecraft:type_family": {
    "family": [
     "demogorgon",
     "mind_flayer",
     "vecna"
    ]
   },
   "minecraft:follow_range": {
    "value": 100
   },
   "minecraft:loot": {
    "table": "loot_tables/entities/zombie.json"
   },
   "minecraft:behavior.look_at_player": {
    "look_distance": 0.1,
    "priority": 8,
    "probability": 1
   },
   "minecraft:behavior.melee_attack": {
    "priority": 4,
    "speed_multiplier": 1.8,
    "track_target": true,
    "reach_multiplier": 1.6
   },
   "minecraft:behavior.nearest_attackable_target": {
    "entity_types": [
     {
      "filters": {
       "all_of": [
        {
         "subject": "other",
         "test": "is_family",
         "value": "player"
        }
       ]
      },
      "max_dist": 900
     },
     {
      "filters": {
       "all_of": [
        {
         "subject": "other",
         "test": "is_family",
         "value": "villager"
        }
       ]
      },
      "max_dist": 900
     },
     {
      "filters": {
       "all_of": [
        {
         "subject": "other",
         "test": "is_family",
         "value": "iron_golem"
        }
       ]
      },
      "max_dist": 900
     }
    ],
    "must_see": true,
    "priority": 3,
    "within_radius": 900,
    "reselect_targets": true
   },
   "minecraft:attack": {
    "damage": 21,
    "effect_name": "blindness",
    "effect_duration": 21
   },
   "minecraft:boss": {
    "name": "The Mind Flayer",
    "should_darken_sky": true,
    "hud_range": 25
   },
   "minecraft:behavior.summon_entity": {
    "priority": -1,
    "summon_choices": [
     {
      "weight": 3,
      "cooldown_time": 23,
      "cast_duration": 0.45,
      "sequence": [
       {
        "shape": "circle",
        "target": "target",
        "base_delay": 0.1,
        "num_entities_spawned": 2,
        "entity_type": "zm:demogorgon",
        "summon_cap": 8,
        "summon_cap_radius": 9,
        "size": 2
       },
       {
        "shape": "circle",
        "target": "target",
        "base_delay": 0.1,
        "num_entities_spawned": 2,
        "entity_type": "zm:demogorgon",
        "summon_cap": 8,
        "summon_cap_radius": 8,
        "size": 2
       }
      ]
     }
    ]
   }
  }
 }
}