{
 "format_version": "1.8.0",
 "minecraft:entity": {
  "description": {
   "identifier": "zm:th_portal",
   "is_experimental": false,
   "is_spawnable": true,
   "is_summonable": true
  },
  "components": {
   "minecraft:breathable": {
    "breathes_water": true,
    "suffocate_time": 0,
    "total_supply": 15
   },
   "minecraft:can_climb": {},
   "minecraft:collision_box": {
    "height": 2,
    "width": 1
   },
   "minecraft:experience_reward": {
    "on_bred": "Math.Random(1,7)",
    "on_death": "query.last_hit_by_player ? 5 : 0"
   },
   "minecraft:health": {
    "max": 10,
    "value": 10
   },
   "minecraft:jump.static": {},
   "minecraft:knockback_resistance": {
    "value": 100
   },
   "minecraft:leashable": {
    "hard_distance": 6,
    "max_distance": 10,
    "soft_distance": 4
   },
   "minecraft:nameable": {},
   "minecraft:physics": {},
   "minecraft:pushable": {
    "is_pushable": true,
    "is_pushable_by_piston": true
   },
   "minecraft:type_family": {
    "family": [
	 "th_portal"
    ]
   },
   "minecraft:follow_range": {
    "value": 20
   },
   "minecraft:damage_sensor": {
    "triggers": {
     "cause": "fall",
     "deals_damage": false
    }
   }
  }
 }
}