{
 "format_version": "1.8.0",
 "minecraft:entity": {
  "description": {
   "identifier": "zm:rat",
   "is_experimental": false,
   "is_spawnable": true,
   "is_summonable": true
  },
  "components": {
   "minecraft:behavior.random_look_around": {
    "priority": 9
   },
   "minecraft:behavior.random_stroll": {
    "priority": 7,
    "speed_multiplier": 1
   },
   "minecraft:breathable": {
    "breathes_water": true,
    "suffocate_time": 0,
    "total_supply": 15
   },
   "minecraft:can_climb": {},
   "minecraft:collision_box": {
    "height": 0.5,
    "width": 0.8
   },
   "minecraft:experience_reward": {
    "on_bred": "Math.Random(1,7)",
    "on_death": "query.last_hit_by_player ? 5 : 0"
   },
   "minecraft:health": {
    "max": 2,
    "value": 2
   },
   "minecraft:jump.static": {},
   "minecraft:knockback_resistance": {
    "value": 0.2
   },
   "minecraft:leashable": {
    "hard_distance": 6,
    "max_distance": 10,
    "soft_distance": 4
   },
   "minecraft:movement": {
    "value": 0.25
   },
   "minecraft:movement.basic": {},
   "minecraft:nameable": {},
   "minecraft:navigation.walk": {
    "avoid_damage_blocks": true,
    "avoid_water": true,
    "can_path_over_water": false,
    "is_amphibious": true
   },
   "minecraft:physics": {},
   "minecraft:pushable": {
    "is_pushable": true,
    "is_pushable_by_piston": true
   },
   "minecraft:type_family": {
    "family": [
	 "rat"
    ]
   },
   "minecraft:follow_range": {
    "value": 20
   },
   "minecraft:behavior.look_at_player": {
    "look_distance": 0.1,
    "priority": 8,
    "probability": 1
   },
   "minecraft:damage_sensor": {
    "triggers": {
     "cause": "fall",
     "deals_damage": false
    }
   }
  }
 }
}