{"format_version":"1.8.0","minecraft:entity":{"description":{"identifier":"yg:catnap","is_spawnable":true,"is_summonable":true,"is_experimental":false},"component_groups":{"minecraft:jumpscare_active":{"minecraft:damage_sensor":{"deals_damage":false},"minecraft:movement":{"value":0},"minecraft:is_sheared":{},"minecraft:timer":{"time":1.5,"time_down_event":{"event":"minecraft:jumpscare_unactive"}}},"minecraft:jumpscare_unactive":{"minecraft:damage_sensor":{"deals_damage":true},"minecraft:movement":{"value":0.23},"minecraft:rideable":{"rider_can_interact":false,"seat_count":1,"seats":[{"lock_rider_rotation":1,"position":[0,2.2,1.8],"rotate_rider_by":180}]},"minecraft:scale":{"value":1}},"minecraft:attack_active":{"minecraft:attack":{"damage":99999}},"minecraft:attack_unactive":{"minecraft:attack":{"damage":0}},"minecraft:become_normal":{"minecraft:collision_box":{"width":0.8,"height":3},"minecraft:movement":{"value":0.23},"minecraft:scale":{"value":1}},"minecraft:become_small":{"minecraft:collision_box":{"width":0.6,"height":1},"minecraft:movement":{"value":0.25},"minecraft:scale":{"value":0.5}},"minecraft:release_gas":{"minecraft:behavior.knockback_roar":{"priority":1,"duration":2.3,"attack_time":0.5,"cooldown_time":50,"knockback_damage":0,"knockback_horizontal_strength":0,"knockback_vertical_strength":0,"knockback_range":0,"knockback_filters":{"test":"is_family","subject":"other","operator":"!=","value":"catnap"},"damage_filters":{"test":"is_family","subject":"other","operator":"!=","value":"catnap"},"on_roar_end":{"event":"minecraft:release_gas_stop"}},"minecraft:behavior.roar":{"priority":2,"duration":2.3},"minecraft:mob_effect":{"effect_range":100,"effect_time":15,"mob_effect":"blindness","cooldown_time":6,"entity_filter":{"all_of":[{"test":"is_family","subject":"other","value":"gas_target"},{"operator":"not","test":"has_ability","subject":"other","value":"invulnerable"}]}},"minecraft:variant":{"value":1}}},"components":{"minecraft:nameable":{},"minecraft:type_family":{"family":["invulnerable","monster","undead","catnap","mob"]},"minecraft:collision_box":{"width":0.8,"height":3},"minecraft:scale":{"value":1},"minecraft:health":{"value":600000,"max":600000},"minecraft:movement":{"value":0.23},"minecraft:movement.basic":{},"minecraft:behavior.float":{"priority":1},"minecraft:jump.static":{},"minecraft:can_climb":{},"minecraft:physics":{},"minecraft:pushable":{"is_pushable":true,"is_pushable_by_piston":true},"minecraft:navigation.walk":{"avoid_damage_blocks":false,"can_walk":true,"avoid_water":false,"can_path_over_water":true},"minecraft:behavior.random_look_around":{"priority":9},"minecraft:behavior.look_at_player":{"priority":8,"look_distance":6,"probability":0.02},"minecraft:behavior.random_stroll":{"priority":7,"speed_multiplier":1},"minecraft:behavior.hurt_by_target":{"priority":1,"alert_same_type":true,"entity_types":{"filters":{"any_of":[{"test":"is_family","subject":"other","operator":"!=","value":"catnap"}]},"max_dist":64}},"minecraft:knockback_resistance":{"value":999},"minecraft:damage_sensor":{"deals_damage":true},"minecraft:follow_range":{"value":30,"max":30},"minecraft:behavior.nearest_attackable_target":{"priority":2,"must_see":true,"reselect_targets":true,"within_radius":35,"must_see_forget_duration":15,"entity_types":[{"filters":{"any_of":[{"test":"is_family","subject":"other","value":"wandering_trader"},{"test":"is_family","subject":"other","value":"snow_golem"},{"test":"is_family","subject":"other","value":"iron_golem"},{"test":"is_family","subject":"other","value":"warden"},{"test":"is_family","subject":"other","value":"villager"},{"test":"is_family","subject":"other","value":"player"},{"test":"is_family","subject":"other","value":"mommy_long_legs"},{"test":"is_family","subject":"other","value":"huggy_wuggy"},{"test":"is_family","subject":"other","value":"huggy_buddys"},{"test":"is_family","subject":"other","value":"kissy_missy"},{"test":"is_family","subject":"other","value":"bunzo_bunny"},{"test":"is_family","subject":"other","value":"pj_pugapillar"},{"test":"is_family","subject":"other","value":"poppy"}]},"max_dist":35}]},"minecraft:behavior.melee_attack":{"priority":3,"track_target":true,"speed_multiplier":1.35,"on_attack":{"event":"minecraft:jumpscare_active","filters":{"all_of":[{"operator":"equals","subject":"target","test":"is_family","value":"player"},{"operator":"not","subject":"self","test":"has_component","value":"minecraft:is_sheared"}]},"target":"self"}},"minecraft:on_target_acquired":{"event":"minecraft:attack_unactive","target":"self","filters":{"all_of":[{"operator":"equals","subject":"target","test":"is_family","value":"player"}]}},"minecraft:on_target_escape":{"event":"minecraft:attack_active","target":"self"},"minecraft:attack":{"damage":99999},"minecraft:loot":{"table":"loot_tables/entities/null.json"},"minecraft:rideable":{"rider_can_interact":false,"seat_count":1,"seats":[{"lock_rider_rotation":1,"position":[0,2.2,1.8],"rotate_rider_by":180}]},"minecraft:leashable":{"soft_distance":4,"hard_distance":6,"max_distance":10,"can_be_stolen":true},"minecraft:is_hidden_when_invisible":{}},"events":{"minecraft:entity_spawned":{},"minecraft:jumpscare_active":{"add":{"component_groups":["minecraft:jumpscare_active","minecraft:become_normal"]},"remove":{"component_groups":["minecraft:become_small"]},"run_command":{"command":["gamerule sendcommandfeedback false","effect @p[r=4] slowness 2 4 true","effect @p[r=4] blindness 2 4 true","effect @p[r=4] darkness 2 4 true","camerashake add @p[c=1] 0.1 2 rotational","tag @e[type=player,c=1] add ppt_jumpscare","execute @s ~ ~ ~ ride @e[type=!yg:catnap] start_riding @s","camera @a fade time 3 0 0 color 100 0 0"]}},"minecraft:jumpscare_unactive":{"add":{"component_groups":["minecraft:jumpscare_unactive"]},"remove":{"component_groups":["minecraft:jumpscare_active"]},"run_command":{"command":["gamerule sendcommandfeedback true","kill @e [tag=ppt_jumpscare,c=1]","ride @e evict_riders"]}},"minecraft:attack_active":{"add":{"component_groups":["minecraft:attack_active"]},"remove":{"component_groups":["minecraft:attack_unactive"]}},"minecraft:attack_unactive":{"sequence":[{"randomize":[{"add":{"component_groups":["minecraft:attack_unactive","minecraft:become_small"]},"remove":{"component_groups":["minecraft:attack_active"]},"weight":10},{"add":{"component_groups":["minecraft:attack_unactive","minecraft:release_gas"]},"remove":{"component_groups":["minecraft:attack_active"]},"run_command":{"command":["gamerule sendcommandfeedback false","effect @p[r=50] slowness 10 2 true"]},"weight":15},{"add":{"component_groups":["minecraft:attack_unactive"]},"remove":{"component_groups":["minecraft:attack_active"]},"weight":20}]}]},"minecraft:release_gas_stop":{"remove":{"component_groups":["minecraft:release_gas"]}}}}}