{"format_version":"1.8.0","minecraft:entity":{"description":{"identifier":"yg:greenhand","is_spawnable":false,"is_summonable":true,"is_experimental":false,"runtime_identifier":"minecraft:snowball"},"component_groups":{},"components":{"minecraft:collision_box":{"width":0.31,"height":0.31},"minecraft:projectile":{"on_hit":{"impact_damage":{"damage":5,"knockback":true},"stick_in_ground":{"shake_time":0.3}},"power":2.6,"gravity":0,"inertia":1,"liquid_inertia":1,"uncertainty_base":0,"uncertainty_multiplier":0,"anchor":1,"offset":[0,-0.1,0],"reflect_on_hurt":true,"catch_fire":false},"minecraft:physics":{},"minecraft:pushable":{"is_pushable":true,"is_pushable_by_piston":true}},"events":{}}}