{"format_version":"1.8.0","minecraft:entity":{"description":{"identifier":"yg:pj_pugapillar","is_spawnable":true,"is_summonable":true,"is_experimental":false},"component_groups":{"minecraft:jumpscare_active":{"minecraft:damage_sensor":{"deals_damage":false},"minecraft:movement":{"value":0},"minecraft:is_sheared":{},"minecraft:timer":{"time":1.5,"time_down_event":{"event":"minecraft:jumpscare_unactive"}}},"minecraft:jumpscare_unactive":{"minecraft:damage_sensor":{"deals_damage":true},"minecraft:movement":{"value":0.25},"minecraft:rideable":{"rider_can_interact":false,"seat_count":1,"seats":[{"lock_rider_rotation":1,"position":[0,4.2,3.6],"rotate_rider_by":180}]}},"minecraft:attack_active":{"minecraft:attack":{"damage":25}},"minecraft:attack_unactive":{"minecraft:attack":{"damage":0}}},"components":{"minecraft:nameable":{},"minecraft:type_family":{"family":["monster","undead","pj_pugapillar","mob"]},"minecraft:collision_box":{"width":0.6,"height":1.6},"minecraft:scale":{"value":1},"minecraft:health":{"value":450,"max":450},"minecraft:movement":{"value":0.25},"minecraft:movement.basic":{},"minecraft:behavior.float":{"priority":1},"minecraft:jump.static":{},"minecraft:can_climb":{},"minecraft:physics":{},"minecraft:pushable":{"is_pushable":true,"is_pushable_by_piston":true},"minecraft:navigation.climb":{"avoid_damage_blocks":false,"can_walk":true,"avoid_water":false,"can_path_over_water":true},"minecraft:behavior.random_look_around":{"priority":9},"minecraft:behavior.look_at_player":{"priority":8,"look_distance":6,"probability":0.02},"minecraft:behavior.random_stroll":{"priority":7,"speed_multiplier":1},"minecraft:behavior.hurt_by_target":{"priority":1,"alert_same_type":true,"entity_types":{"filters":{"any_of":[{"test":"is_family","subject":"other","operator":"!=","value":"pj_pugapillar"}]},"max_dist":64}},"minecraft:knockback_resistance":{"value":10},"minecraft:damage_sensor":{"deals_damage":true},"minecraft:follow_range":{"value":30,"max":30},"minecraft:behavior.nearest_attackable_target":{"priority":2,"must_see":true,"reselect_targets":true,"within_radius":35,"must_see_forget_duration":15,"entity_types":[{"filters":{"any_of":[{"test":"is_family","subject":"other","value":"wandering_trader"},{"test":"is_family","subject":"other","value":"snow_golem"},{"test":"is_family","subject":"other","value":"iron_golem"},{"test":"is_family","subject":"other","value":"warden"},{"test":"is_family","subject":"other","value":"villager"},{"test":"is_family","subject":"other","value":"player"}]},"max_dist":35}]},"minecraft:behavior.melee_attack":{"priority":3,"track_target":true,"speed_multiplier":1.45,"on_attack":{"event":"minecraft:jumpscare_active","filters":{"all_of":[{"operator":"equals","subject":"target","test":"is_family","value":"player"},{"operator":"not","subject":"self","test":"has_component","value":"minecraft:is_sheared"}]},"target":"self"}},"minecraft:on_target_acquired":{"event":"minecraft:attack_unactive","target":"self","filters":{"all_of":[{"operator":"equals","subject":"target","test":"is_family","value":"player"}]}},"minecraft:on_target_escape":{"event":"minecraft:attack_active","target":"self"},"minecraft:attack":{"damage":25},"minecraft:loot":{"table":"loot_tables/entities/null.json"},"minecraft:rideable":{"rider_can_interact":false,"seat_count":1,"seats":[{"lock_rider_rotation":1,"position":[0,4.2,3.6],"rotate_rider_by":180}]},"minecraft:leashable":{"soft_distance":4,"hard_distance":6,"max_distance":10,"can_be_stolen":true},"minecraft:is_hidden_when_invisible":{},"minecraft:behavior.avoid_mob_type":{"priority":3,"entity_types":[{"filters":{"any_of":[{"test":"is_family","subject":"other","value":"catnap"},{"test":"is_family","subject":"other","value":"prototype"},{"test":"is_family","subject":"other","value":"mommy_long_legs"}]},"max_dist":20,"walk_speed_multiplier":0.25,"sprint_speed_multiplier":1.35}]},"minecraft:behavior.panic":{"priority":3,"speed_multiplier":1.35}},"events":{"minecraft:entity_spawned":{},"minecraft:jumpscare_active":{"add":{"component_groups":["minecraft:jumpscare_active"]},"run_command":{"command":["gamerule sendcommandfeedback false","effect @p[r=4] slowness 2 4 true","camerashake add @p[c=1] 0.1 2 rotational","tag @e[type=player,c=1] add ppt_jumpscare","execute @s ~ ~ ~ ride @e[type=!yg:pj_pugapillar] start_riding @s","camera @a fade time 3 0 0 color 100 0 0"]}},"minecraft:jumpscare_unactive":{"add":{"component_groups":["minecraft:jumpscare_unactive"]},"remove":{"component_groups":["minecraft:jumpscare_active"]},"run_command":{"command":["gamerule sendcommandfeedback true","kill @e [tag=ppt_jumpscare,c=1]","ride @e evict_riders"]}},"minecraft:attack_active":{"add":{"component_groups":["minecraft:attack_active"]},"remove":{"component_groups":["minecraft:attack_unactive"]}},"minecraft:attack_unactive":{"add":{"component_groups":["minecraft:attack_unactive"]},"remove":{"component_groups":["minecraft:attack_active"]}}}}}