{
  "format_version": "1.8.0",
  "animations": {
    "animation.witch.general": {
      "loop": true,
      "bones": {
        "nose": {
          "rotation": [
            "(variable.isholdingitem ? -25.7831 : (math.sin(query.life_time * 57.296) * 4.5)) - this",
            0,
            "(math.cos(query.life_time * 57.296) * 2.5) - this"
          ]
        }
      }
    },
    "animation.witch.villager_general": {
      "loop": true,
      "bones": {
        "arms": {
          "position": [
            0,
            -1,
            -1
          ],
          "rotation": [
            "-42.97 - this",
            0,
            0
          ]
        }
      }
    },
    "animation.witch.move": {
      "anim_time_update": "query.modified_distance_moved",
      "loop": true,
      "bones": {
        "leg0": {
          "rotation": [
            "(math.cos(query.anim_time * 38.17) * 40.0) - this",
            "-this",
            0
          ]
        },
        "leg1": {
          "rotation": [
            "(math.cos(query.anim_time * 38.17 + 180) * 40.0) - this",
            "-this",
            0
          ]
        }
      }
    },
    "animation.Gloinks.move_blue": {
      "loop": true,
      "animation_length": 0.5,
      "bones": {
        "red": {
          "scale": [
            0,
            1,
            0
          ]
        },
        "yellow": {
          "scale": [
            0,
            1,
            0
          ]
        },
        "green": {
          "scale": [
            0,
            1,
            0
          ]
        },
        "gloinks": {
          "rotation": {
            "0.0": {
              "post": [
                0,
                0,
                0
              ],
              "lerp_mode": "catmullrom"
            },
            "0.1667": {
              "post": [
                25,
                0,
                0
              ],
              "lerp_mode": "catmullrom"
            },
            "0.3333": {
              "post": [
                0,
                0,
                0
              ],
              "lerp_mode": "catmullrom"
            },
            "0.5": {
              "post": [
                0,
                0,
                0
              ],
              "lerp_mode": "catmullrom"
            }
          },
          "position": {
            "0.0": {
              "post": [
                0,
                0,
                8
              ],
              "lerp_mode": "catmullrom"
            },
            "0.125": {
              "post": [
                0,
                5,
                0.13
              ],
              "lerp_mode": "catmullrom"
            },
            "0.25": {
              "post": [
                0,
                0,
                -6
              ],
              "lerp_mode": "catmullrom"
            },
            "0.5": {
              "post": [
                0,
                0,
                8
              ],
              "lerp_mode": "catmullrom"
            }
          }
        }
      }
    },
    "animation.Gloinks.move_red": {
      "loop": true,
      "animation_length": 0.5,
      "bones": {
        "red": {
          "scale": 1
        },
        "yellow": {
          "scale": [
            0,
            1,
            0
          ]
        },
        "green": {
          "scale": [
            0,
            1,
            0
          ]
        },
        "gloinks": {
          "rotation": {
            "0.0": {
              "post": [
                0,
                0,
                0
              ],
              "lerp_mode": "catmullrom"
            },
            "0.1667": {
              "post": [
                25,
                0,
                0
              ],
              "lerp_mode": "catmullrom"
            },
            "0.3333": {
              "post": [
                0,
                0,
                0
              ],
              "lerp_mode": "catmullrom"
            },
            "0.5": {
              "post": [
                0,
                0,
                0
              ],
              "lerp_mode": "catmullrom"
            }
          },
          "position": {
            "0.0": {
              "post": [
                0,
                0,
                8
              ],
              "lerp_mode": "catmullrom"
            },
            "0.125": {
              "post": [
                0,
                5,
                0.13
              ],
              "lerp_mode": "catmullrom"
            },
            "0.25": {
              "post": [
                0,
                0,
                -6
              ],
              "lerp_mode": "catmullrom"
            },
            "0.5": {
              "post": [
                0,
                0,
                8
              ],
              "lerp_mode": "catmullrom"
            }
          }
        },
        "blue": {
          "scale": [
            0,
            1,
            0
          ]
        }
      }
    },
    "animation.Gloinks.idle_blue": {
      "loop": true,
      "animation_length": 3.04167,
      "bones": {
        "red": {
          "scale": [
            0,
            1,
            0
          ]
        },
        "yellow": {
          "scale": [
            0,
            1,
            0
          ]
        },
        "green": {
          "scale": [
            0,
            1,
            0
          ]
        },
        "gloinks": {
          "rotation": {
            "0.0": [
              0,
              -90,
              0
            ],
            "0.25": [
              0,
              -90,
              0
            ],
            "1.0": [
              0,
              -90,
              -2.5
            ],
            "2.0": [
              0,
              -90,
              3.72449
            ],
            "3.0417": [
              0,
              -90,
              0
            ]
          },
          "position": {
            "0.0": [
              0,
              0,
              1
            ],
            "0.125": [
              0,
              2,
              1
            ],
            "0.25": [
              0,
              0,
              1
            ],
            "3.0417": [
              0,
              0,
              1
            ]
          }
        }
      }
    },
    "animation.Gloinks.idle_green": {
      "loop": true,
      "animation_length": 3.04167,
      "bones": {
        "red": {
          "scale": [
            0,
            1,
            0
          ]
        },
        "yellow": {
          "scale": [
            0,
            1,
            0
          ]
        },
        "green": {
          "scale": 1
        },
        "gloinks": {
          "rotation": {
            "0.0": [
              0,
              -90,
              0
            ],
            "0.25": [
              0,
              -90,
              0
            ],
            "1.0": [
              0,
              -90,
              -2.5
            ],
            "2.0": [
              0,
              -90,
              3.72449
            ],
            "3.0417": [
              0,
              -90,
              0
            ]
          },
          "position": {
            "0.0": [
              0,
              0,
              1
            ],
            "0.125": [
              0,
              2,
              1
            ],
            "0.25": [
              0,
              0,
              1
            ],
            "3.0417": [
              0,
              0,
              1
            ]
          }
        },
        "blue": {
          "scale": [
            0,
            1,
            0
          ]
        }
      }
    },
    "animation.Gloinks.idle_red": {
      "loop": true,
      "animation_length": 3.04167,
      "bones": {
        "red": {
          "scale": 1
        },
        "yellow": {
          "scale": [
            0,
            1,
            0
          ]
        },
        "green": {
          "scale": [
            0,
            1,
            0
          ]
        },
        "gloinks": {
          "rotation": {
            "0.0": [
              0,
              -90,
              0
            ],
            "0.25": [
              0,
              -90,
              0
            ],
            "1.0": [
              0,
              -90,
              -2.5
            ],
            "2.0": [
              0,
              -90,
              3.72449
            ],
            "3.0417": [
              0,
              -90,
              0
            ]
          },
          "position": {
            "0.0": [
              0,
              0,
              1
            ],
            "0.125": [
              0,
              2,
              1
            ],
            "0.25": [
              0,
              0,
              1
            ],
            "3.0417": [
              0,
              0,
              1
            ]
          }
        },
        "blue": {
          "scale": [
            1,
            0,
            0
          ]
        }
      }
    },
    "animation.Gloinks.idle_yellow": {
      "loop": true,
      "animation_length": 3.04167,
      "bones": {
        "red": {
          "scale": [
            0,
            1,
            0
          ]
        },
        "yellow": {
          "scale": 1
        },
        "green": {
          "scale": [
            0,
            1,
            0
          ]
        },
        "gloinks": {
          "rotation": {
            "0.0": [
              0,
              -90,
              0
            ],
            "0.25": [
              0,
              -90,
              0
            ],
            "1.0": [
              0,
              -90,
              -2.5
            ],
            "2.0": [
              0,
              -90,
              3.72449
            ],
            "3.0417": [
              0,
              -90,
              0
            ]
          },
          "position": {
            "0.0": [
              0,
              0,
              1
            ],
            "0.125": [
              0,
              2,
              1
            ],
            "0.25": [
              0,
              0,
              1
            ],
            "3.0417": [
              0,
              0,
              1
            ]
          }
        },
        "blue": {
          "scale": [
            0,
            0,
            1
          ]
        }
      }
    },
    "animation.Gloinks.move_yellow": {
      "loop": true,
      "animation_length": 0.5,
      "bones": {
        "red": {
          "scale": [
            0,
            1,
            0
          ]
        },
        "green": {
          "scale": [
            0,
            1,
            0
          ]
        },
        "gloinks": {
          "rotation": {
            "0.0": {
              "post": [
                0,
                0,
                0
              ],
              "lerp_mode": "catmullrom"
            },
            "0.1667": {
              "post": [
                25,
                0,
                0
              ],
              "lerp_mode": "catmullrom"
            },
            "0.3333": {
              "post": [
                0,
                0,
                0
              ],
              "lerp_mode": "catmullrom"
            },
            "0.5": {
              "post": [
                0,
                0,
                0
              ],
              "lerp_mode": "catmullrom"
            }
          },
          "position": {
            "0.0": {
              "post": [
                0,
                0,
                8
              ],
              "lerp_mode": "catmullrom"
            },
            "0.125": {
              "post": [
                0,
                5,
                0.13
              ],
              "lerp_mode": "catmullrom"
            },
            "0.25": {
              "post": [
                0,
                0,
                -6
              ],
              "lerp_mode": "catmullrom"
            },
            "0.5": {
              "post": [
                0,
                0,
                8
              ],
              "lerp_mode": "catmullrom"
            }
          }
        },
        "blue": {
          "scale": [
            0.2,
            0,
            0
          ]
        }
      }
    },
    "animation.Gloinks.move_green": {
      "loop": true,
      "animation_length": 0.5,
      "bones": {
        "red": {
          "scale": [
            0,
            1,
            0
          ]
        },
        "green": {
          "scale": 1
        },
        "gloinks": {
          "rotation": {
            "0.0": {
              "post": [
                0,
                0,
                0
              ],
              "lerp_mode": "catmullrom"
            },
            "0.1667": {
              "post": [
                25,
                0,
                0
              ],
              "lerp_mode": "catmullrom"
            },
            "0.3333": {
              "post": [
                0,
                0,
                0
              ],
              "lerp_mode": "catmullrom"
            },
            "0.5": {
              "post": [
                0,
                0,
                0
              ],
              "lerp_mode": "catmullrom"
            }
          },
          "position": {
            "0.0": {
              "post": [
                0,
                0,
                8
              ],
              "lerp_mode": "catmullrom"
            },
            "0.125": {
              "post": [
                0,
                5,
                0.13
              ],
              "lerp_mode": "catmullrom"
            },
            "0.25": {
              "post": [
                0,
                0,
                -6
              ],
              "lerp_mode": "catmullrom"
            },
            "0.5": {
              "post": [
                0,
                0,
                8
              ],
              "lerp_mode": "catmullrom"
            }
          }
        },
        "blue": {
          "scale": [
            0.2,
            0,
            0
          ]
        },
        "yellow": {
          "scale": [
            1,
            0,
            0
          ]
        }
      }
    }
  }
}