{
  "format_version": "1.8.0",
  "animations": {
    "animation.witch.general": {
      "loop": true,
      "bones": {
        "nose": {
          "rotation": [
            "(variable.isholdingitem ? -25.7831 : (math.sin(query.life_time * 57.296) * 4.5)) - this",
            0,
            "(math.cos(query.life_time * 57.296) * 2.5) - this"
          ]
        }
      }
    },
    "animation.pa_kaufmo.villager_general": {
      "loop": true,
      "bones": {
        "arms": {
          "rotation": [
            "-42.97 - this",
            0,
            0
          ],
          "position": [
            0,
            -1,
            -1
          ]
        }
      }
    },
    "animation.witch.move": {
      "loop": true,
      "anim_time_update": "query.modified_distance_moved",
      "bones": {
        "leg0": {
          "rotation": [
            "(math.cos(query.anim_time * 38.17) * 40.0) - this",
            "-this",
            0
          ]
        },
        "leg1": {
          "rotation": [
            "(math.cos(query.anim_time * 38.17 + 180) * 40.0) - this",
            "-this",
            0
          ]
        }
      }
    },
    "animation.pa_kaufmo.idle": {
      "loop": true,
      "animation_length": 2,
      "bones": {
        "base": {
          "rotation": {
            "0.0": {
              "post": [
                12.5,
                0,
                0
              ],
              "lerp_mode": "catmullrom"
            },
            "0.5": {
              "post": [
                15,
                0,
                0
              ],
              "lerp_mode": "catmullrom"
            },
            "1.0": {
              "post": [
                12.5,
                0,
                0
              ],
              "lerp_mode": "catmullrom"
            },
            "1.5": {
              "post": [
                14.84,
                0,
                0
              ],
              "lerp_mode": "catmullrom"
            },
            "2.0": {
              "post": [
                12.5,
                0,
                0
              ],
              "lerp_mode": "catmullrom"
            }
          }
        },
        "scarf": {
          "rotation": {
            "0.0": {
              "post": [
                2.5,
                0,
                0
              ],
              "lerp_mode": "catmullrom"
            },
            "1.0": {
              "post": [
                2.5,
                0,
                0
              ],
              "lerp_mode": "catmullrom"
            },
            "2.0": {
              "post": [
                2.5,
                0,
                0
              ],
              "lerp_mode": "catmullrom"
            }
          }
        },
        "head": {
          "rotation": {
            "0.0": {
              "post": [
                5,
                0,
                0
              ],
              "lerp_mode": "catmullrom"
            },
            "0.5": {
              "post": [
                5.83208,
                -0.37943,
                2.324
              ],
              "lerp_mode": "catmullrom"
            },
            "1.0": {
              "post": [
                5,
                0,
                0
              ],
              "lerp_mode": "catmullrom"
            },
            "1.6667": {
              "post": [
                12.46918,
                0.01405,
                -0.08607
              ],
              "lerp_mode": "catmullrom"
            },
            "2.0": {
              "post": [
                5,
                0,
                0
              ],
              "lerp_mode": "catmullrom"
            }
          }
        },
        "lip": {
          "rotation": {
            "0.0": {
              "post": [
                0,
                0,
                180
              ],
              "lerp_mode": "catmullrom"
            },
            "0.0417": {
              "post": [
                0,
                0,
                360
              ],
              "lerp_mode": "catmullrom"
            },
            "0.0833": {
              "post": [
                0,
                0,
                180
              ],
              "lerp_mode": "catmullrom"
            },
            "0.5": {
              "post": [
                0,
                0,
                180.33
              ],
              "lerp_mode": "catmullrom"
            },
            "1.0": {
              "post": [
                0,
                0,
                180
              ],
              "lerp_mode": "catmullrom"
            },
            "2.0": {
              "post": [
                0,
                0,
                180
              ],
              "lerp_mode": "catmullrom"
            }
          },
          "position": {
            "0.0": {
              "post": [
                0,
                7,
                0
              ],
              "lerp_mode": "catmullrom"
            },
            "0.0417": {
              "post": [
                0,
                0,
                0
              ],
              "lerp_mode": "catmullrom"
            },
            "0.0833": {
              "post": [
                0,
                7,
                0
              ],
              "lerp_mode": "catmullrom"
            },
            "1.0": {
              "post": [
                0,
                7,
                0
              ],
              "lerp_mode": "catmullrom"
            },
            "2.0": {
              "post": [
                0,
                7,
                0
              ],
              "lerp_mode": "catmullrom"
            }
          }
        },
        "eyes": {
          "scale": {
            "0.0": {
              "post": [
                0,
                0.5,
                0.3
              ],
              "lerp_mode": "catmullrom"
            },
            "0.0417": {
              "post": [
                1,
                1,
                1
              ],
              "lerp_mode": "catmullrom"
            },
            "0.2083": {
              "post": [
                0,
                0.5,
                0.3
              ],
              "lerp_mode": "catmullrom"
            },
            "1.0": {
              "post": [
                0,
                0.5,
                0.3
              ],
              "lerp_mode": "catmullrom"
            },
            "2.0": {
              "post": [
                0,
                0.5,
                0.3
              ],
              "lerp_mode": "catmullrom"
            }
          }
        },
        "right_arm": {
          "rotation": {
            "0.0": {
              "post": [
                -41.15088,
                11.72145,
                13.0867
              ],
              "lerp_mode": "catmullrom"
            },
            "0.625": {
              "post": [
                -46.15088,
                11.72145,
                13.0867
              ],
              "lerp_mode": "catmullrom"
            },
            "1.0": {
              "post": [
                -41.15088,
                11.72145,
                13.0867
              ],
              "lerp_mode": "catmullrom"
            },
            "2.0": {
              "post": [
                -41.15088,
                11.72145,
                13.0867
              ],
              "lerp_mode": "catmullrom"
            }
          }
        },
        "right_arm2": {
          "rotation": {
            "0.0": {
              "post": [
                0,
                0,
                -40
              ],
              "lerp_mode": "catmullrom"
            },
            "0.5417": {
              "post": [
                -27.5,
                0,
                -40
              ],
              "lerp_mode": "catmullrom"
            },
            "1.0": {
              "post": [
                0,
                0,
                -40
              ],
              "lerp_mode": "catmullrom"
            },
            "2.0": {
              "post": [
                0,
                0,
                -40
              ],
              "lerp_mode": "catmullrom"
            }
          }
        },
        "right_hand": {
          "rotation": {
            "0.0": {
              "post": [
                0,
                0,
                -62.5
              ],
              "lerp_mode": "catmullrom"
            },
            "0.5417": {
              "post": [
                37.5,
                0,
                -62.5
              ],
              "lerp_mode": "catmullrom"
            },
            "1.0": {
              "post": [
                0,
                0,
                -62.5
              ],
              "lerp_mode": "catmullrom"
            },
            "2.0": {
              "post": [
                0,
                0,
                -62.5
              ],
              "lerp_mode": "catmullrom"
            }
          }
        },
        "left_arm3": {
          "rotation": {
            "0.0": {
              "post": [
                -64.23074,
                -13.56626,
                -6.46066
              ],
              "lerp_mode": "catmullrom"
            },
            "1.0": {
              "post": [
                -64.23074,
                -13.56626,
                -6.46066
              ],
              "lerp_mode": "catmullrom"
            },
            "2.0": {
              "post": [
                -64.23074,
                -13.56626,
                -6.46066
              ],
              "lerp_mode": "catmullrom"
            }
          }
        },
        "left_arm4": {
          "rotation": {
            "0.0": {
              "post": [
                -109.63362,
                40.16119,
                42.88382
              ],
              "lerp_mode": "catmullrom"
            },
            "1.0": {
              "post": [
                -109.63362,
                40.16119,
                42.88382
              ],
              "lerp_mode": "catmullrom"
            },
            "2.0": {
              "post": [
                -109.63362,
                40.16119,
                42.88382
              ],
              "lerp_mode": "catmullrom"
            }
          }
        },
        "left_hand2": {
          "rotation": {
            "0.0": {
              "post": [
                -35.57223,
                -7.90633,
                -22.69935
              ],
              "lerp_mode": "catmullrom"
            },
            "1.0": {
              "post": [
                -35.57223,
                -7.90633,
                -22.69935
              ],
              "lerp_mode": "catmullrom"
            },
            "2.0": {
              "post": [
                -35.57223,
                -7.90633,
                -22.69935
              ],
              "lerp_mode": "catmullrom"
            }
          }
        },
        "exit": {
          "position": {
            "0.0": {
              "post": [
                0,
                0,
                -11
              ],
              "lerp_mode": "catmullrom"
            },
            "0.0833": {
              "post": [
                1,
                0,
                -11
              ],
              "lerp_mode": "catmullrom"
            },
            "0.1667": {
              "post": [
                -0.07,
                0,
                -11
              ],
              "lerp_mode": "catmullrom"
            },
            "0.25": {
              "post": [
                0.87,
                0,
                -11
              ],
              "lerp_mode": "catmullrom"
            },
            "0.3333": {
              "post": [
                -0.27,
                0,
                -11
              ],
              "lerp_mode": "catmullrom"
            },
            "0.4167": {
              "post": [
                0.75,
                0,
                -11
              ],
              "lerp_mode": "catmullrom"
            },
            "0.5": {
              "post": [
                -0.74,
                0,
                -11
              ],
              "lerp_mode": "catmullrom"
            },
            "0.5417": {
              "post": [
                0,
                0,
                -11
              ],
              "lerp_mode": "catmullrom"
            },
            "1.0": {
              "post": [
                0,
                0,
                -11
              ],
              "lerp_mode": "catmullrom"
            },
            "2.0": {
              "post": [
                0,
                0,
                -11
              ],
              "lerp_mode": "catmullrom"
            }
          },
          "scale": {
            "0.0": {
              "post": [
                0,
                1,
                1
              ],
              "lerp_mode": "catmullrom"
            },
            "0.0833": {
              "post": [
                1,
                1.4,
                1
              ],
              "lerp_mode": "catmullrom"
            },
            "0.5417": {
              "post": [
                0.8,
                0,
                1
              ],
              "lerp_mode": "catmullrom"
            },
            "1.0": {
              "post": [
                0,
                1,
                1
              ],
              "lerp_mode": "catmullrom"
            },
            "2.0": {
              "post": [
                0,
                1,
                1
              ],
              "lerp_mode": "catmullrom"
            }
          }
        }
      }
    },
    "animation.pa_kaufmo.move_1": {
      "loop": true,
      "animation_length": 1,
      "bones": {
        "right_leg": {
          "rotation": {
            "0.0": {
              "post": [
                27.5,
                0,
                0
              ],
              "lerp_mode": "catmullrom"
            },
            "0.25": {
              "post": [
                -57.19,
                0,
                0
              ],
              "lerp_mode": "catmullrom"
            },
            "0.5": {
              "post": [
                -47.5,
                0,
                0
              ],
              "lerp_mode": "catmullrom"
            },
            "1.0": {
              "post": [
                27.5,
                0,
                0
              ],
              "lerp_mode": "catmullrom"
            }
          }
        },
        "right_leg2": {
          "rotation": {
            "0.0": {
              "post": [
                40,
                0,
                0
              ],
              "lerp_mode": "catmullrom"
            },
            "0.25": {
              "post": [
                141.88,
                0,
                0
              ],
              "lerp_mode": "catmullrom"
            },
            "0.5": {
              "post": [
                30,
                0,
                0
              ],
              "lerp_mode": "catmullrom"
            },
            "1.0": {
              "post": [
                40,
                0,
                0
              ],
              "lerp_mode": "catmullrom"
            }
          }
        },
        "right_feet": {
          "rotation": {
            "0.0": {
              "post": [
                -30,
                0,
                0
              ],
              "lerp_mode": "catmullrom"
            },
            "0.25": {
              "post": [
                -22.03,
                0,
                0
              ],
              "lerp_mode": "catmullrom"
            },
            "0.5": {
              "post": [
                37.5,
                0,
                0
              ],
              "lerp_mode": "catmullrom"
            },
            "0.75": {
              "post": [
                -15.03,
                0,
                0
              ],
              "lerp_mode": "catmullrom"
            },
            "1.0": {
              "post": [
                -30,
                0,
                0
              ],
              "lerp_mode": "catmullrom"
            }
          }
        },
        "left_leg": {
          "rotation": {
            "0.0": {
              "post": [
                -50,
                0,
                0
              ],
              "lerp_mode": "catmullrom"
            },
            "0.5": {
              "post": [
                25,
                0,
                0
              ],
              "lerp_mode": "catmullrom"
            },
            "0.75": {
              "post": [
                -55.31,
                0,
                0
              ],
              "lerp_mode": "catmullrom"
            },
            "1.0": {
              "post": [
                -50,
                0,
                0
              ],
              "lerp_mode": "catmullrom"
            }
          }
        },
        "left_leg2": {
          "rotation": {
            "0.0": {
              "post": [
                60,
                0,
                0
              ],
              "lerp_mode": "catmullrom"
            },
            "0.5": {
              "post": [
                47.5,
                0,
                0
              ],
              "lerp_mode": "catmullrom"
            },
            "0.75": {
              "post": [
                150.47,
                0,
                0
              ],
              "lerp_mode": "catmullrom"
            },
            "1.0": {
              "post": [
                60,
                0,
                0
              ],
              "lerp_mode": "catmullrom"
            }
          }
        },
        "left_feet": {
          "rotation": {
            "0.0": {
              "post": [
                10,
                0,
                0
              ],
              "lerp_mode": "catmullrom"
            },
            "0.25": {
              "post": [
                -32.5,
                0,
                0
              ],
              "lerp_mode": "catmullrom"
            },
            "0.5": {
              "post": [
                -30,
                0,
                0
              ],
              "lerp_mode": "catmullrom"
            },
            "0.75": {
              "post": [
                -57.34,
                0,
                0
              ],
              "lerp_mode": "catmullrom"
            },
            "1.0": {
              "post": [
                10,
                0,
                0
              ],
              "lerp_mode": "catmullrom"
            }
          }
        },
        "base": {
          "rotation": {
            "0.0": {
              "post": [
                2.5,
                0,
                0
              ],
              "lerp_mode": "catmullrom"
            },
            "0.25": {
              "post": [
                12.5,
                0,
                0
              ],
              "lerp_mode": "catmullrom"
            },
            "0.5": {
              "post": [
                2.5,
                0,
                0
              ],
              "lerp_mode": "catmullrom"
            },
            "0.75": {
              "post": [
                11.88,
                0,
                0
              ],
              "lerp_mode": "catmullrom"
            },
            "1.0": {
              "post": [
                2.5,
                0,
                0
              ],
              "lerp_mode": "catmullrom"
            }
          }
        },
        "right_arm": {
          "rotation": {
            "0.0": {
              "post": [
                -12.5,
                0,
                0
              ],
              "lerp_mode": "catmullrom"
            },
            "0.5": {
              "post": [
                -12.5,
                0,
                0
              ],
              "lerp_mode": "catmullrom"
            },
            "1.0": {
              "post": [
                -12.5,
                0,
                0
              ],
              "lerp_mode": "catmullrom"
            }
          }
        },
        "right_arm2": {
          "rotation": {
            "0.0": {
              "post": [
                -45,
                0,
                0
              ],
              "lerp_mode": "catmullrom"
            },
            "0.5": {
              "post": [
                -45,
                0,
                0
              ],
              "lerp_mode": "catmullrom"
            },
            "1.0": {
              "post": [
                -45,
                0,
                0
              ],
              "lerp_mode": "catmullrom"
            }
          }
        },
        "right_hand": {
          "rotation": {
            "0.0": {
              "post": [
                -25,
                0,
                0
              ],
              "lerp_mode": "catmullrom"
            },
            "0.5": {
              "post": [
                -25,
                0,
                0
              ],
              "lerp_mode": "catmullrom"
            },
            "1.0": {
              "post": [
                -25,
                0,
                0
              ],
              "lerp_mode": "catmullrom"
            }
          }
        },
        "left_arm3": {
          "rotation": {
            "0.0": {
              "post": [
                2.5,
                0,
                0
              ],
              "lerp_mode": "catmullrom"
            },
            "0.5": {
              "post": [
                2.5,
                0,
                0
              ],
              "lerp_mode": "catmullrom"
            },
            "1.0": {
              "post": [
                2.5,
                0,
                0
              ],
              "lerp_mode": "catmullrom"
            }
          }
        },
        "left_arm4": {
          "rotation": {
            "0.0": {
              "post": [
                -0.39512,
                -2.05459,
                -4.73945
              ],
              "lerp_mode": "catmullrom"
            },
            "0.5": {
              "post": [
                -0.39512,
                -2.05459,
                -4.73945
              ],
              "lerp_mode": "catmullrom"
            },
            "1.0": {
              "post": [
                -0.39512,
                -2.05459,
                -4.73945
              ],
              "lerp_mode": "catmullrom"
            }
          }
        },
        "left_hand2": {
          "rotation": {
            "0.0": {
              "post": [
                0,
                0,
                0
              ],
              "lerp_mode": "catmullrom"
            },
            "0.5": {
              "post": [
                0,
                0,
                0
              ],
              "lerp_mode": "catmullrom"
            },
            "1.0": {
              "post": [
                0,
                0,
                0
              ],
              "lerp_mode": "catmullrom"
            }
          }
        }
      }
    },
    "animation.kaufmo.deform": {
      "loop": "hold_on_last_frame",
      "animation_length": 1,
      "bones": {
        "all": {
          "position": {
            "0.75": [
              0,
              0,
              0
            ],
            "0.9167": [
              0,
              -7,
              0
            ],
            "0.9583": [
              0,
              -57,
              0
            ]
          },
          "scale": {
            "0.9167": [
              1,
              1,
              1
            ],
            "0.9583": [
              0,
              0,
              0
            ]
          }
        },
        "right_leg": {
          "rotation": {
            "0.0": [
              0,
              0,
              0
            ],
            "0.75": [
              0,
              0,
              0
            ],
            "0.9167": [
              -35,
              0,
              0
            ]
          }
        },
        "right_leg2": {
          "rotation": {
            "0.75": [
              0,
              0,
              0
            ],
            "0.9167": [
              84.07764,
              -32.36121,
              3.17805
            ]
          }
        },
        "right_feet": {
          "rotation": {
            "0.0": [
              0,
              0,
              0
            ],
            "0.75": [
              0,
              0,
              0
            ],
            "0.9167": [
              -50,
              0,
              -42.5
            ]
          }
        },
        "left_leg": {
          "rotation": {
            "0.0": [
              0,
              0,
              0
            ],
            "0.75": [
              0,
              0,
              0
            ],
            "0.9167": [
              -32.5,
              0,
              0
            ]
          }
        },
        "left_leg2": {
          "rotation": {
            "0.75": [
              0,
              0,
              0
            ],
            "0.9167": [
              83.48457,
              39.8173,
              -4.18273
            ]
          }
        },
        "left_feet": {
          "rotation": {
            "0.75": [
              0,
              0,
              0
            ],
            "0.9167": [
              -51.87872,
              9.8992,
              24.53835
            ]
          }
        },
        "base": {
          "rotation": {
            "0.0": [
              15,
              0,
              0
            ],
            "0.25": [
              20,
              0,
              0
            ],
            "0.5": [
              15,
              0,
              0
            ],
            "0.75": [
              14.78217,
              2.57594,
              -9.6658
            ],
            "0.9167": [
              15,
              0,
              0
            ]
          },
          "position": {
            "0.0": [
              0,
              0,
              0
            ],
            "0.25": [
              0,
              0,
              0
            ],
            "0.3333": [
              2,
              0,
              0
            ],
            "0.4167": [
              0,
              0,
              0
            ],
            "0.5": [
              3,
              0,
              0
            ],
            "0.625": [
              -1,
              0,
              0
            ],
            "0.7083": [
              4,
              0,
              0
            ],
            "0.7917": [
              -1,
              0,
              0
            ],
            "0.875": [
              1,
              0,
              0
            ],
            "0.9167": [
              0,
              0,
              0
            ]
          }
        },
        "head": {
          "rotation": {
            "0.0": [
              3.63919,
              5.24826,
              24.47761
            ],
            "0.5": [
              3.63919,
              5.24826,
              24.47761
            ]
          }
        },
        "lip": {
          "position": {
            "0.0": [
              0,
              0,
              0
            ],
            "0.0417": [
              2,
              0,
              0
            ],
            "0.0833": [
              0,
              0,
              0
            ],
            "0.3333": [
              0,
              0,
              0
            ],
            "0.4167": [
              0,
              3,
              0
            ],
            "0.5833": [
              0,
              6,
              0
            ]
          }
        },
        "hat": {
          "rotation": {
            "0.0": [
              0,
              0,
              0
            ],
            "0.4167": [
              0,
              0,
              0
            ],
            "0.5833": [
              0,
              0,
              27.5
            ],
            "0.8333": [
              0,
              0,
              105
            ]
          },
          "position": {
            "0.3333": [
              0,
              0,
              0
            ],
            "0.5833": [
              0,
              15,
              0
            ],
            "0.7083": [
              27,
              11,
              0
            ],
            "0.8333": [
              60,
              -44,
              0
            ]
          },
          "scale": {
            "0.625": [
              1,
              1,
              1
            ],
            "0.8333": [
              0.4,
              0,
              0
            ]
          }
        },
        "eyes": {
          "rotation": {
            "0.4583": [
              0,
              0,
              0
            ],
            "1.0": [
              -12.5,
              0,
              -27.5
            ]
          },
          "position": {
            "0.4583": [
              0,
              0,
              0
            ],
            "1.0": [
              0,
              -14,
              -2
            ]
          },
          "scale": {
            "0.0": [
              0,
              -0.1,
              1
            ],
            "0.1667": [
              1,
              1,
              1
            ],
            "0.25": [
              1.4,
              1.3,
              1
            ],
            "0.2917": [
              1.94,
              1.68,
              1
            ],
            "0.375": [
              2.44,
              1.68,
              1
            ],
            "0.4583": [
              2.84,
              2.28,
              1
            ],
            "0.5833": [
              4.84,
              3.58,
              3.3
            ],
            "0.875": [
              5.94,
              5.68,
              3.3
            ],
            "1.0": [
              6.84,
              6.28,
              3.3
            ]
          }
        },
        "right_arm": {
          "rotation": {
            "0.0": [
              -43.21918,
              13.99545,
              14.43276
            ],
            "0.2917": [
              -30.71918,
              13.99545,
              14.43276
            ],
            "0.5": [
              -43.21918,
              13.99545,
              14.43276
            ]
          }
        },
        "right_arm2": {
          "rotation": {
            "0.0": [
              -20,
              0,
              -62.5
            ],
            "0.5": [
              -20,
              0,
              -62.5
            ],
            "0.7917": [
              -7.09597,
              -18.74724,
              -131.32717
            ]
          }
        },
        "right_hand": {
          "rotation": {
            "0.0": [
              -6.33586,
              -4.02155,
              -64.77733
            ],
            "0.1667": [
              38.66,
              -4.02,
              -64.78
            ],
            "0.25": [
              -25.08897,
              -4.02039,
              -64.77933
            ],
            "0.3333": [
              31.16207,
              -4.02078,
              -64.77866
            ],
            "0.4167": [
              -15.0869,
              -4.02116,
              -64.778
            ],
            "0.5": [
              -6.33586,
              -4.02155,
              -64.77733
            ]
          }
        },
        "left_arm3": {
          "rotation": {
            "0.0": [
              -12.5,
              0,
              0
            ],
            "0.2917": [
              -10.29284,
              -7.13136,
              -34.3569
            ],
            "0.5": [
              -12.5,
              0,
              0
            ],
            "0.75": [
              -6.79286,
              -10.51794,
              -56.87402
            ],
            "0.9167": [
              3.81397,
              11.91276,
              107.89807
            ]
          }
        },
        "left_arm4": {
          "rotation": {
            "0.0": [
              0,
              0,
              0
            ],
            "0.3333": [
              -90,
              0,
              -62.5
            ],
            "0.6667": [
              -62.5,
              -82.5,
              -62.5
            ],
            "0.875": [
              12.5,
              -82.5,
              -62.5
            ]
          }
        },
        "left_hand2": {
          "rotation": [
            0,
            0,
            0
          ]
        },
        "exit": {
          "rotation": {
            "0.0": [
              0,
              0,
              0
            ],
            "0.9167": [
              0,
              0,
              932.5
            ]
          },
          "position": {
            "0.0": [
              0,
              0,
              0
            ],
            "0.9167": [
              0,
              0,
              0
            ]
          },
          "scale": {
            "0.0": [
              1,
              1,
              1
            ],
            "0.9167": [
              1,
              1,
              1
            ],
            "0.9583": [
              0,
              1,
              1
            ]
          }
        }
      }
    }
  }
}