{
  "format_version": "1.8.0",
  "animations": {
    "animation.witch.general": {
      "loop": true,
      "bones": {
        "nose": {
          "rotation": [
            "(variable.isholdingitem ? -25.7831 : (math.sin(query.life_time * 57.296) * 4.5)) - this",
            0,
            "(math.cos(query.life_time * 57.296) * 2.5) - this"
          ]
        }
      }
    },
    "animation.witch.villager_general": {
      "loop": true,
      "bones": {
        "arms": {
          "rotation": [
            "-42.97 - this",
            0,
            0
          ],
          "position": [
            0,
            -1,
            -1
          ]
        }
      }
    },
    "animation.witch.move": {
      "loop": true,
      "anim_time_update": "query.modified_distance_moved",
      "bones": {
        "leg0": {
          "rotation": [
            "(math.cos(query.anim_time * 38.17) * 40.0) - this",
            "-this",
            0
          ]
        },
        "leg1": {
          "rotation": [
            "(math.cos(query.anim_time * 38.17 + 180) * 40.0) - this",
            "-this",
            0
          ]
        }
      }
    },
    "animation.pa_kinger.idle": {
      "loop": true,
      "animation_length": 1,
      "bones": {
        "base": {
          "rotation": {
            "0.0": {
              "post": [
                12.5,
                0,
                0
              ],
              "lerp_mode": "catmullrom"
            },
            "0.25": {
              "post": [
                12.48848,
                -0.54094,
                2.44081
              ],
              "lerp_mode": "catmullrom"
            },
            "0.5": {
              "post": [
                12.5,
                0,
                0
              ],
              "lerp_mode": "catmullrom"
            },
            "0.75": {
              "post": [
                12.45176,
                1.11464,
                -5.03465
              ],
              "lerp_mode": "catmullrom"
            },
            "1.0": {
              "post": [
                12.5,
                0,
                0
              ],
              "lerp_mode": "catmullrom"
            }
          }
        },
        "head": {
          "rotation": {
            "0.0": {
              "post": [
                2.5,
                0,
                0
              ],
              "lerp_mode": "catmullrom"
            },
            "0.5": {
              "post": [
                2.47864,
                0.32621,
                -7.49294
              ],
              "lerp_mode": "catmullrom"
            },
            "1.0": {
              "post": [
                2.5,
                0,
                0
              ],
              "lerp_mode": "catmullrom"
            }
          }
        },
        "eyes": {
          "rotation": {
            "0.0": {
              "post": [
                12.5,
                0,
                0
              ],
              "lerp_mode": "catmullrom"
            },
            "0.5": {
              "post": [
                2.5,
                0,
                0
              ],
              "lerp_mode": "catmullrom"
            },
            "1.0": {
              "post": [
                12.5,
                0,
                0
              ],
              "lerp_mode": "catmullrom"
            }
          }
        },
        "eye": {
          "rotation": {
            "0.0": {
              "post": [
                7.5,
                0,
                0
              ],
              "lerp_mode": "catmullrom"
            },
            "0.5": {
              "post": [
                2.5,
                0,
                0
              ],
              "lerp_mode": "catmullrom"
            },
            "1.0": {
              "post": [
                7.5,
                0,
                0
              ],
              "lerp_mode": "catmullrom"
            }
          }
        },
        "hand": {
          "rotation": {
            "0.0": {
              "post": [
                -64.78611,
                -45.34545,
                -3.32185
              ],
              "lerp_mode": "catmullrom"
            },
            "1.0": {
              "post": [
                -64.78611,
                -45.34545,
                -3.32185
              ],
              "lerp_mode": "catmullrom"
            }
          },
          "position": {
            "0.0": {
              "post": [
                2,
                1,
                -4
              ],
              "lerp_mode": "catmullrom"
            },
            "0.5833": {
              "post": [
                2,
                2,
                -4
              ],
              "lerp_mode": "catmullrom"
            },
            "1.0": {
              "post": [
                2,
                1,
                -4
              ],
              "lerp_mode": "catmullrom"
            }
          }
        },
        "finger2": {
          "rotation": {
            "0.0": {
              "post": [
                30,
                0,
                0
              ],
              "lerp_mode": "catmullrom"
            },
            "1.0": {
              "post": [
                30,
                0,
                0
              ],
              "lerp_mode": "catmullrom"
            }
          }
        },
        "finger4": {
          "rotation": {
            "0.0": {
              "post": [
                52.5,
                0,
                0
              ],
              "lerp_mode": "catmullrom"
            },
            "1.0": {
              "post": [
                52.5,
                0,
                0
              ],
              "lerp_mode": "catmullrom"
            }
          }
        },
        "finger6": {
          "rotation": {
            "0.0": {
              "post": [
                60,
                0,
                0
              ],
              "lerp_mode": "catmullrom"
            },
            "1.0": {
              "post": [
                60,
                0,
                0
              ],
              "lerp_mode": "catmullrom"
            }
          }
        },
        "finger8": {
          "rotation": {
            "0.0": {
              "post": [
                42.5,
                0,
                0
              ],
              "lerp_mode": "catmullrom"
            },
            "1.0": {
              "post": [
                42.5,
                0,
                0
              ],
              "lerp_mode": "catmullrom"
            }
          }
        },
        "base2": {
          "rotation": {
            "0.0": {
              "post": [
                -5,
                0,
                0
              ],
              "lerp_mode": "catmullrom"
            },
            "0.25": {
              "post": [
                -3.59034,
                -0.15665,
                -2.49509
              ],
              "lerp_mode": "catmullrom"
            },
            "0.5": {
              "post": [
                -2.5,
                0,
                0
              ],
              "lerp_mode": "catmullrom"
            },
            "0.75": {
              "post": [
                -3.82939,
                0.2553,
                2.65126
              ],
              "lerp_mode": "catmullrom"
            },
            "1.0": {
              "post": [
                -5,
                0,
                0
              ],
              "lerp_mode": "catmullrom"
            }
          }
        },
        "hand2": {
          "rotation": {
            "0.0": {
              "post": [
                -72.5,
                45,
                0
              ],
              "lerp_mode": "catmullrom"
            },
            "1.0": {
              "post": [
                -72.5,
                45,
                0
              ],
              "lerp_mode": "catmullrom"
            }
          },
          "position": {
            "0.0": {
              "post": [
                -2,
                0,
                -3
              ],
              "lerp_mode": "catmullrom"
            },
            "0.5833": {
              "post": [
                -2,
                1,
                -3
              ],
              "lerp_mode": "catmullrom"
            },
            "1.0": {
              "post": [
                -2,
                0,
                -3
              ],
              "lerp_mode": "catmullrom"
            }
          }
        },
        "finger11": {
          "rotation": {
            "0.0": {
              "post": [
                17.5,
                0,
                0
              ],
              "lerp_mode": "catmullrom"
            },
            "1.0": {
              "post": [
                17.5,
                0,
                0
              ],
              "lerp_mode": "catmullrom"
            }
          }
        },
        "finger12": {
          "rotation": {
            "0.0": {
              "post": [
                50,
                0,
                0
              ],
              "lerp_mode": "catmullrom"
            },
            "1.0": {
              "post": [
                50,
                0,
                0
              ],
              "lerp_mode": "catmullrom"
            }
          }
        },
        "finger14": {
          "rotation": {
            "0.0": {
              "post": [
                57.5,
                0,
                0
              ],
              "lerp_mode": "catmullrom"
            },
            "1.0": {
              "post": [
                57.5,
                0,
                0
              ],
              "lerp_mode": "catmullrom"
            }
          }
        },
        "finger16": {
          "rotation": {
            "0.0": {
              "post": [
                62.5,
                0,
                0
              ],
              "lerp_mode": "catmullrom"
            },
            "1.0": {
              "post": [
                62.5,
                0,
                0
              ],
              "lerp_mode": "catmullrom"
            }
          }
        },
        "finger18": {
          "rotation": {
            "0.0": {
              "post": [
                39.91623,
                4.53051,
                -2.11751
              ],
              "lerp_mode": "catmullrom"
            },
            "1.0": {
              "post": [
                39.91623,
                4.53051,
                -2.11751
              ],
              "lerp_mode": "catmullrom"
            }
          }
        }
      }
    },
    "animation.pa_kinger.move_1": {
      "loop": true,
      "animation_length": 1,
      "bones": {
        "base2": {
          "rotation": {
            "0.0": {
              "post": [
                0,
                -12.5,
                0
              ],
              "lerp_mode": "catmullrom"
            },
            "0.25": {
              "post": [
                10,
                -1.53972,
                0
              ],
              "lerp_mode": "catmullrom"
            },
            "0.5417": {
              "post": [
                0,
                17.5,
                0
              ],
              "lerp_mode": "catmullrom"
            },
            "0.75": {
              "post": [
                6.875,
                3.68998,
                0
              ],
              "lerp_mode": "catmullrom"
            },
            "1.0": {
              "post": [
                0,
                -12.5,
                0
              ],
              "lerp_mode": "catmullrom"
            }
          },
          "position": {
            "0.0": {
              "post": [
                0,
                0,
                0
              ],
              "lerp_mode": "catmullrom"
            },
            "0.25": {
              "post": [
                0,
                1,
                0
              ],
              "lerp_mode": "catmullrom"
            },
            "0.5": {
              "post": [
                0,
                0,
                0
              ],
              "lerp_mode": "catmullrom"
            },
            "0.75": {
              "post": [
                0,
                0.94,
                0
              ],
              "lerp_mode": "catmullrom"
            },
            "1.0": {
              "post": [
                0,
                0,
                0
              ],
              "lerp_mode": "catmullrom"
            }
          }
        },
        "base": {
          "rotation": {
            "0.0": {
              "post": [
                15.01365,
                2.41476,
                0.64743
              ],
              "lerp_mode": "catmullrom"
            },
            "0.5": {
              "post": [
                15.69131,
                -1.64231,
                1.60779
              ],
              "lerp_mode": "catmullrom"
            },
            "1.0": {
              "post": [
                15.01365,
                2.41476,
                0.64743
              ],
              "lerp_mode": "catmullrom"
            }
          }
        },
        "head": {
          "rotation": {
            "0.0": {
              "post": [
                -5,
                17.5,
                0
              ],
              "lerp_mode": "catmullrom"
            },
            "0.5": {
              "post": [
                -15,
                -17.5,
                0
              ],
              "lerp_mode": "catmullrom"
            },
            "1.0": {
              "post": [
                -5,
                17.5,
                0
              ],
              "lerp_mode": "catmullrom"
            }
          }
        }
      }
    }
  }
}