{
  "format_version": "1.8.0",
  "animations": {
    "animation.witch.general": {
      "loop": true,
      "bones": {
        "nose": {
          "rotation": [
            "(variable.isholdingitem ? -25.7831 : (math.sin(query.life_time * 57.296) * 4.5)) - this",
            0,
            "(math.cos(query.life_time * 57.296) * 2.5) - this"
          ]
        }
      }
    },
    "animation.witch.villager_general": {
      "loop": true,
      "bones": {
        "arms": {
          "rotation": [
            "-42.97 - this",
            0,
            0
          ],
          "position": [
            0,
            -1,
            -1
          ]
        }
      }
    },
    "animation.witch.move": {
      "loop": true,
      "anim_time_update": "query.modified_distance_moved",
      "bones": {
        "leg0": {
          "rotation": [
            "(math.cos(query.anim_time * 38.17) * 40.0) - this",
            "-this",
            0
          ]
        },
        "leg1": {
          "rotation": [
            "(math.cos(query.anim_time * 38.17 + 180) * 40.0) - this",
            "-this",
            0
          ]
        }
      }
    },
    "animation.pa_pomni.idle": {
      "loop": true,
      "animation_length": 2,
      "bones": {
        "base": {
          "rotation": {
            "0.0": {
              "post": [
                0,
                0,
                0
              ],
              "lerp_mode": "catmullrom"
            },
            "1.0": {
              "post": [
                5,
                0,
                0
              ],
              "lerp_mode": "catmullrom"
            },
            "2.0": {
              "post": [
                0,
                0,
                0
              ],
              "lerp_mode": "catmullrom"
            }
          }
        },
        "right_arm": {
          "rotation": {
            "0.0": {
              "post": [
                -38.03405,
                -1.23167,
                -22.2309
              ],
              "lerp_mode": "catmullrom"
            },
            "1.0": {
              "post": [
                -38.03405,
                -1.23167,
                -22.2309
              ],
              "lerp_mode": "catmullrom"
            },
            "2.0": {
              "post": [
                -38.03405,
                -1.23167,
                -22.2309
              ],
              "lerp_mode": "catmullrom"
            }
          }
        },
        "right_arm2": {
          "rotation": {
            "0.0": {
              "post": [
                12.5,
                0,
                -62.5
              ],
              "lerp_mode": "catmullrom"
            },
            "1.0": {
              "post": [
                12.5,
                0,
                -62.5
              ],
              "lerp_mode": "catmullrom"
            },
            "2.0": {
              "post": [
                12.5,
                0,
                -62.5
              ],
              "lerp_mode": "catmullrom"
            }
          }
        },
        "right_hand": {
          "rotation": {
            "0.0": {
              "post": [
                30.72113,
                14.60559,
                -13.81465
              ],
              "lerp_mode": "catmullrom"
            },
            "1.0": {
              "post": [
                27.2286,
                20.68216,
                -25.28627
              ],
              "lerp_mode": "catmullrom"
            },
            "2.0": {
              "post": [
                30.72113,
                14.60559,
                -13.81465
              ],
              "lerp_mode": "catmullrom"
            }
          }
        },
        "left_arm": {
          "rotation": {
            "0.0": {
              "post": [
                -10,
                0,
                10
              ],
              "lerp_mode": "catmullrom"
            },
            "1.0": {
              "post": [
                -9.99067,
                -0.43399,
                7.53793
              ],
              "lerp_mode": "catmullrom"
            },
            "2.0": {
              "post": [
                -10,
                0,
                10
              ],
              "lerp_mode": "catmullrom"
            }
          }
        },
        "left_arm2": {
          "rotation": {
            "0.0": {
              "post": [
                0,
                0,
                -12.5
              ],
              "lerp_mode": "catmullrom"
            },
            "1.0": {
              "post": [
                0,
                0,
                -10
              ],
              "lerp_mode": "catmullrom"
            },
            "2.0": {
              "post": [
                0,
                0,
                -12.5
              ],
              "lerp_mode": "catmullrom"
            }
          }
        },
        "left_hand": {
          "rotation": {
            "0.0": {
              "post": [
                0,
                0,
                12.5
              ],
              "lerp_mode": "catmullrom"
            },
            "1.0": {
              "post": [
                0,
                0,
                7.5
              ],
              "lerp_mode": "catmullrom"
            },
            "2.0": {
              "post": [
                0,
                0,
                12.5
              ],
              "lerp_mode": "catmullrom"
            }
          }
        },
        "head": {
          "rotation": {
            "0.0": {
              "post": [
                0,
                -7.5,
                0
              ],
              "lerp_mode": "catmullrom"
            },
            "0.5": {
              "post": [
                0,
                0,
                0
              ],
              "lerp_mode": "catmullrom"
            },
            "1.0": {
              "post": [
                0,
                0,
                -2.5
              ],
              "lerp_mode": "catmullrom"
            },
            "2.0": {
              "post": [
                0,
                -7.5,
                0
              ],
              "lerp_mode": "catmullrom"
            }
          }
        },
        "hair": {
          "rotation": {
            "0.0": {
              "post": [
                0,
                0,
                0
              ],
              "lerp_mode": "catmullrom"
            },
            "0.6667": {
              "post": [
                0,
                0,
                5
              ],
              "lerp_mode": "catmullrom"
            },
            "1.625": {
              "post": [
                0,
                0,
                -2.83
              ],
              "lerp_mode": "catmullrom"
            },
            "2.0": {
              "post": [
                0,
                0,
                0
              ],
              "lerp_mode": "catmullrom"
            }
          }
        },
        "hat": {
          "rotation": {
            "0.0": {
              "post": [
                0,
                0,
                0
              ],
              "lerp_mode": "catmullrom"
            },
            "1.125": {
              "post": [
                7.5,
                0,
                0
              ],
              "lerp_mode": "catmullrom"
            },
            "2.0": {
              "post": [
                0,
                0,
                0
              ],
              "lerp_mode": "catmullrom"
            }
          }
        }
      }
    },
    "animation.pa_pomni.move_1": {
      "loop": true,
      "animation_length": 2,
      "bones": {
        "base": {
          "rotation": {
            "0.0": {
              "post": [
                5,
                0,
                0
              ],
              "lerp_mode": "catmullrom"
            },
            "0.3": {
              "post": [
                7.05864,
                -1.47016,
                4.7795
              ],
              "lerp_mode": "catmullrom"
            },
            "0.5": {
              "post": [
                10,
                0,
                0
              ],
              "lerp_mode": "catmullrom"
            },
            "0.8": {
              "post": [
                8.45323,
                3.30494,
                -9.835
              ],
              "lerp_mode": "catmullrom"
            },
            "1.0": {
              "post": [
                5,
                0,
                0
              ],
              "lerp_mode": "catmullrom"
            },
            "1.3": {
              "post": [
                7.05864,
                -1.47016,
                4.7795
              ],
              "lerp_mode": "catmullrom"
            },
            "1.5": {
              "post": [
                10,
                0,
                0
              ],
              "lerp_mode": "catmullrom"
            },
            "1.8": {
              "post": [
                8.45323,
                3.30494,
                -9.835
              ],
              "lerp_mode": "catmullrom"
            },
            "2.0": {
              "post": [
                5,
                0,
                0
              ],
              "lerp_mode": "catmullrom"
            }
          }
        },
        "head": {
          "rotation": {
            "0.0": {
              "post": [
                5,
                0,
                0
              ],
              "lerp_mode": "catmullrom"
            },
            "0.3": {
              "post": [
                5.02136,
                -0.32621,
                -7.49294
              ],
              "lerp_mode": "catmullrom"
            },
            "0.5": {
              "post": [
                5,
                0,
                0
              ],
              "lerp_mode": "catmullrom"
            },
            "0.8": {
              "post": [
                5.08907,
                0.6669,
                15.45472
              ],
              "lerp_mode": "catmullrom"
            },
            "1.0": {
              "post": [
                5,
                0,
                0
              ],
              "lerp_mode": "catmullrom"
            },
            "1.3": {
              "post": [
                5.02136,
                -0.32621,
                -7.49294
              ],
              "lerp_mode": "catmullrom"
            },
            "1.5": {
              "post": [
                5,
                0,
                0
              ],
              "lerp_mode": "catmullrom"
            },
            "1.8": {
              "post": [
                5.08907,
                0.6669,
                15.45472
              ],
              "lerp_mode": "catmullrom"
            },
            "2.0": {
              "post": [
                5,
                0,
                0
              ],
              "lerp_mode": "catmullrom"
            }
          }
        },
        "hair": {
          "rotation": {
            "0.0": {
              "post": [
                0,
                0,
                0
              ],
              "lerp_mode": "catmullrom"
            },
            "0.5": {
              "post": [
                -12.5,
                0,
                0
              ],
              "lerp_mode": "catmullrom"
            },
            "1.0": {
              "post": [
                0,
                0,
                0
              ],
              "lerp_mode": "catmullrom"
            },
            "1.5": {
              "post": [
                -12.5,
                0,
                0
              ],
              "lerp_mode": "catmullrom"
            },
            "2.0": {
              "post": [
                0,
                0,
                0
              ],
              "lerp_mode": "catmullrom"
            }
          }
        },
        "hat": {
          "rotation": {
            "0.0": {
              "post": [
                2.5,
                0,
                0
              ],
              "lerp_mode": "catmullrom"
            },
            "0.3": {
              "post": [
                25,
                0,
                0
              ],
              "lerp_mode": "catmullrom"
            },
            "0.5": {
              "post": [
                10,
                0,
                0
              ],
              "lerp_mode": "catmullrom"
            },
            "0.8": {
              "post": [
                24.06,
                0,
                0
              ],
              "lerp_mode": "catmullrom"
            },
            "1.0": {
              "post": [
                10,
                0,
                0
              ],
              "lerp_mode": "catmullrom"
            },
            "1.3": {
              "post": [
                25,
                0,
                0
              ],
              "lerp_mode": "catmullrom"
            },
            "1.5": {
              "post": [
                10,
                0,
                0
              ],
              "lerp_mode": "catmullrom"
            },
            "1.8": {
              "post": [
                24.06,
                0,
                0
              ],
              "lerp_mode": "catmullrom"
            },
            "2.0": {
              "post": [
                10,
                0,
                0
              ],
              "lerp_mode": "catmullrom"
            }
          },
          "position": [
            0,
            0,
            0
          ]
        },
        "right_leg": {
          "rotation": {
            "0.0": {
              "post": [
                17.5,
                0,
                5
              ],
              "lerp_mode": "catmullrom"
            },
            "0.3": {
              "post": [
                -45.41016,
                0,
                5
              ],
              "lerp_mode": "catmullrom"
            },
            "0.5": {
              "post": [
                -35,
                0,
                5
              ],
              "lerp_mode": "catmullrom"
            },
            "1.0": {
              "post": [
                17.5,
                0,
                5
              ],
              "lerp_mode": "catmullrom"
            },
            "1.3": {
              "post": [
                -45.41016,
                0,
                5
              ],
              "lerp_mode": "catmullrom"
            },
            "1.5": {
              "post": [
                -35,
                0,
                5
              ],
              "lerp_mode": "catmullrom"
            },
            "2.0": {
              "post": [
                17.5,
                0,
                5
              ],
              "lerp_mode": "catmullrom"
            }
          }
        },
        "right_leg2": {
          "rotation": {
            "0.0": {
              "post": [
                15,
                0,
                -17.5
              ],
              "lerp_mode": "catmullrom"
            },
            "0.3": {
              "post": [
                122.55859,
                0,
                -17.5
              ],
              "lerp_mode": "catmullrom"
            },
            "0.5": {
              "post": [
                22.5,
                0,
                -17.5
              ],
              "lerp_mode": "catmullrom"
            },
            "1.0": {
              "post": [
                15,
                0,
                -17.5
              ],
              "lerp_mode": "catmullrom"
            },
            "1.3": {
              "post": [
                122.55859,
                0,
                -17.5
              ],
              "lerp_mode": "catmullrom"
            },
            "1.5": {
              "post": [
                22.5,
                0,
                -17.5
              ],
              "lerp_mode": "catmullrom"
            },
            "2.0": {
              "post": [
                15,
                0,
                -17.5
              ],
              "lerp_mode": "catmullrom"
            }
          }
        },
        "right_feet": {
          "rotation": {
            "0.0": {
              "post": [
                13.152,
                1.19071,
                15.41173
              ],
              "lerp_mode": "catmullrom"
            },
            "0.3": {
              "post": [
                -37.60321,
                1.19071,
                15.41173
              ],
              "lerp_mode": "catmullrom"
            },
            "0.5": {
              "post": [
                23.152,
                1.19071,
                15.41173
              ],
              "lerp_mode": "catmullrom"
            },
            "0.8": {
              "post": [
                -5.5508,
                1.19071,
                15.41173
              ],
              "lerp_mode": "catmullrom"
            },
            "1.0": {
              "post": [
                13.152,
                1.19071,
                15.41173
              ],
              "lerp_mode": "catmullrom"
            },
            "1.3": {
              "post": [
                -37.60321,
                1.19071,
                15.41173
              ],
              "lerp_mode": "catmullrom"
            },
            "1.5": {
              "post": [
                23.152,
                1.19071,
                15.41173
              ],
              "lerp_mode": "catmullrom"
            },
            "1.8": {
              "post": [
                -5.5508,
                1.19071,
                15.41173
              ],
              "lerp_mode": "catmullrom"
            },
            "2.0": {
              "post": [
                13.152,
                1.19071,
                15.41173
              ],
              "lerp_mode": "catmullrom"
            }
          }
        },
        "left_leg": {
          "rotation": {
            "0.0": {
              "post": [
                -27.49771,
                0.58423,
                -7.43077
              ],
              "lerp_mode": "catmullrom"
            },
            "0.5": {
              "post": [
                20.00229,
                0.58423,
                -7.43077
              ],
              "lerp_mode": "catmullrom"
            },
            "0.8": {
              "post": [
                -30.77896,
                0.58423,
                -7.43077
              ],
              "lerp_mode": "catmullrom"
            },
            "1.0": {
              "post": [
                -27.49771,
                0.58423,
                -7.43077
              ],
              "lerp_mode": "catmullrom"
            },
            "1.5": {
              "post": [
                20.00229,
                0.58423,
                -7.43077
              ],
              "lerp_mode": "catmullrom"
            },
            "1.8": {
              "post": [
                -30.77896,
                0.58423,
                -7.43077
              ],
              "lerp_mode": "catmullrom"
            },
            "2.0": {
              "post": [
                -27.49771,
                0.58423,
                -7.43077
              ],
              "lerp_mode": "catmullrom"
            }
          }
        },
        "left_leg2": {
          "rotation": {
            "0.0": {
              "post": [
                17.5,
                0,
                20
              ],
              "lerp_mode": "catmullrom"
            },
            "0.5": {
              "post": [
                22.5,
                0,
                20
              ],
              "lerp_mode": "catmullrom"
            },
            "0.8": {
              "post": [
                115.3125,
                0,
                20
              ],
              "lerp_mode": "catmullrom"
            },
            "1.0": {
              "post": [
                17.5,
                0,
                20
              ],
              "lerp_mode": "catmullrom"
            },
            "1.5": {
              "post": [
                22.5,
                0,
                20
              ],
              "lerp_mode": "catmullrom"
            },
            "1.8": {
              "post": [
                115.3125,
                0,
                20
              ],
              "lerp_mode": "catmullrom"
            },
            "2.0": {
              "post": [
                17.5,
                0,
                20
              ],
              "lerp_mode": "catmullrom"
            }
          }
        },
        "left_feet": {
          "rotation": {
            "0.0": {
              "post": [
                7.5,
                0,
                -12.5
              ],
              "lerp_mode": "catmullrom"
            },
            "0.3": {
              "post": [
                -27.05976,
                1.88446,
                -13.66249
              ],
              "lerp_mode": "catmullrom"
            },
            "0.5": {
              "post": [
                20,
                0,
                -12.5
              ],
              "lerp_mode": "catmullrom"
            },
            "0.8": {
              "post": [
                -28.30876,
                -0.11778,
                -12.42734
              ],
              "lerp_mode": "catmullrom"
            },
            "1.0": {
              "post": [
                7.5,
                0,
                -12.5
              ],
              "lerp_mode": "catmullrom"
            },
            "1.3": {
              "post": [
                -27.05976,
                1.88446,
                -13.66249
              ],
              "lerp_mode": "catmullrom"
            },
            "1.5": {
              "post": [
                20,
                0,
                -12.5
              ],
              "lerp_mode": "catmullrom"
            },
            "1.8": {
              "post": [
                -28.30876,
                -0.11778,
                -12.42734
              ],
              "lerp_mode": "catmullrom"
            },
            "2.0": {
              "post": [
                7.5,
                0,
                -12.5
              ],
              "lerp_mode": "catmullrom"
            }
          }
        },
        "all": {
          "rotation": {
            "0.0": {
              "post": [
                0,
                0,
                0
              ],
              "lerp_mode": "catmullrom"
            },
            "0.5": {
              "post": [
                0,
                0,
                0
              ],
              "lerp_mode": "catmullrom"
            },
            "1.0": {
              "post": [
                0,
                0,
                0
              ],
              "lerp_mode": "catmullrom"
            },
            "1.5": {
              "post": [
                0,
                0,
                0
              ],
              "lerp_mode": "catmullrom"
            },
            "2.0": {
              "post": [
                0,
                0,
                0
              ],
              "lerp_mode": "catmullrom"
            }
          },
          "position": {
            "0.0": {
              "post": [
                0,
                -1,
                0
              ],
              "lerp_mode": "catmullrom"
            },
            "0.3": {
              "post": [
                0,
                0,
                0
              ],
              "lerp_mode": "catmullrom"
            },
            "0.5": {
              "post": [
                0,
                -1,
                0
              ],
              "lerp_mode": "catmullrom"
            },
            "0.8": {
              "post": [
                0,
                0.94,
                0
              ],
              "lerp_mode": "catmullrom"
            },
            "1.0": {
              "post": [
                0,
                -1,
                0
              ],
              "lerp_mode": "catmullrom"
            },
            "1.3": {
              "post": [
                0,
                0,
                0
              ],
              "lerp_mode": "catmullrom"
            },
            "1.5": {
              "post": [
                0,
                -1,
                0
              ],
              "lerp_mode": "catmullrom"
            },
            "1.8": {
              "post": [
                0,
                0.94,
                0
              ],
              "lerp_mode": "catmullrom"
            },
            "2.0": {
              "post": [
                0,
                -1,
                0
              ],
              "lerp_mode": "catmullrom"
            }
          }
        },
        "left_leg3": {
          "rotation": [
            1.10791,
            -9.81227,
            -12.64262
          ]
        },
        "right_leg3": {
          "rotation": [
            -3.97291,
            1.19045,
            19.11684
          ]
        }
      }
    }
  }
}