{
  "format_version": "1.8.0",
  "animations": {
    "animation.witch.general": {
      "loop": true,
      "bones": {
        "nose": {
          "rotation": [
            "(variable.isholdingitem ? -25.7831 : (math.sin(query.life_time * 57.296) * 4.5)) - this",
            0,
            "(math.cos(query.life_time * 57.296) * 2.5) - this"
          ]
        }
      }
    },
    "animation.witch.villager_general": {
      "loop": true,
      "bones": {
        "arms": {
          "position": [
            0,
            -1,
            -1
          ],
          "rotation": [
            "-42.97 - this",
            0,
            0
          ]
        }
      }
    },
    "animation.witch.move": {
      "anim_time_update": "query.modified_distance_moved",
      "loop": true,
      "bones": {
        "leg0": {
          "rotation": [
            "(math.cos(query.anim_time * 38.17) * 40.0) - this",
            "-this",
            0
          ]
        },
        "leg1": {
          "rotation": [
            "(math.cos(query.anim_time * 38.17 + 180) * 40.0) - this",
            "-this",
            0
          ]
        }
      }
    },
    "animation.pa_ragatha.idle": {
      "loop": true,
      "animation_length": 2,
      "bones": {
        "right_leg": {
          "rotation": {
            "0.0": {
              "post": [
                0,
                0,
                0
              ],
              "lerp_mode": "catmullrom"
            },
            "1.0": {
              "post": [
                0,
                0,
                0
              ],
              "lerp_mode": "catmullrom"
            },
            "2.0": {
              "post": [
                0,
                0,
                0
              ],
              "lerp_mode": "catmullrom"
            }
          }
        },
        "right_leg2": {
          "rotation": {
            "0.0": {
              "post": [
                0,
                0,
                0
              ],
              "lerp_mode": "catmullrom"
            },
            "1.0": {
              "post": [
                0,
                0,
                0
              ],
              "lerp_mode": "catmullrom"
            },
            "2.0": {
              "post": [
                0,
                0,
                0
              ],
              "lerp_mode": "catmullrom"
            }
          }
        },
        "left_leg": {
          "rotation": {
            "0.0": {
              "post": [
                0,
                0,
                0
              ],
              "lerp_mode": "catmullrom"
            },
            "1.0": {
              "post": [
                0,
                0,
                0
              ],
              "lerp_mode": "catmullrom"
            },
            "2.0": {
              "post": [
                0,
                0,
                0
              ],
              "lerp_mode": "catmullrom"
            }
          }
        },
        "left_leg2": {
          "rotation": {
            "0.0": {
              "post": [
                0,
                0,
                0
              ],
              "lerp_mode": "catmullrom"
            },
            "1.0": {
              "post": [
                0,
                0,
                0
              ],
              "lerp_mode": "catmullrom"
            },
            "2.0": {
              "post": [
                0,
                0,
                0
              ],
              "lerp_mode": "catmullrom"
            }
          }
        },
        "base": {
          "rotation": {
            "0.0": {
              "post": [
                0,
                0,
                0
              ],
              "lerp_mode": "catmullrom"
            },
            "0.25": {
              "post": [
                3.59509,
                -0.06133,
                -2.49925
              ],
              "lerp_mode": "catmullrom"
            },
            "0.5": {
              "post": [
                5.29618,
                -0.0477,
                -1.94386
              ],
              "lerp_mode": "catmullrom"
            },
            "0.75": {
              "post": [
                0.24194,
                -0.26288,
                4.05704
              ],
              "lerp_mode": "catmullrom"
            },
            "1.0": {
              "post": [
                0,
                0,
                0
              ],
              "lerp_mode": "catmullrom"
            },
            "1.5": {
              "post": [
                4.98488,
                0.01643,
                -0.25357
              ],
              "lerp_mode": "catmullrom"
            },
            "2.0": {
              "post": [
                0,
                0,
                0
              ],
              "lerp_mode": "catmullrom"
            }
          }
        },
        "neck": {
          "rotation": {
            "0.0": {
              "post": [
                0,
                0,
                0
              ],
              "lerp_mode": "catmullrom"
            },
            "0.25": {
              "post": [
                -4.20275,
                0.36736,
                4.98652
              ],
              "lerp_mode": "catmullrom"
            },
            "0.5": {
              "post": [
                -7.5,
                0,
                0
              ],
              "lerp_mode": "catmullrom"
            },
            "0.75": {
              "post": [
                -3.91935,
                -0.53873,
                -7.79402
              ],
              "lerp_mode": "catmullrom"
            },
            "1.0": {
              "post": [
                0,
                0,
                0
              ],
              "lerp_mode": "catmullrom"
            },
            "2.0": {
              "post": [
                0,
                0,
                0
              ],
              "lerp_mode": "catmullrom"
            }
          }
        },
        "head": {
          "rotation": {
            "0.0": {
              "post": [
                0,
                0,
                0
              ],
              "lerp_mode": "catmullrom"
            },
            "0.25": {
              "post": [
                1.4009,
                0.12255,
                -4.9985
              ],
              "lerp_mode": "catmullrom"
            },
            "0.5": {
              "post": [
                2.5,
                0,
                0
              ],
              "lerp_mode": "catmullrom"
            },
            "0.75": {
              "post": [
                1.31711,
                -0.06517,
                2.81175
              ],
              "lerp_mode": "catmullrom"
            },
            "1.0": {
              "post": [
                0,
                0,
                0
              ],
              "lerp_mode": "catmullrom"
            },
            "2.0": {
              "post": [
                0,
                0,
                0
              ],
              "lerp_mode": "catmullrom"
            }
          }
        },
        "hair_main2": {
          "rotation": {
            "0.0": {
              "post": [
                0,
                0,
                0
              ],
              "lerp_mode": "catmullrom"
            },
            "1.0": {
              "post": [
                0,
                0,
                0
              ],
              "lerp_mode": "catmullrom"
            },
            "2.0": {
              "post": [
                0,
                0,
                0
              ],
              "lerp_mode": "catmullrom"
            }
          }
        },
        "hair17": {
          "rotation": {
            "0.0": {
              "post": [
                0,
                0,
                0
              ],
              "lerp_mode": "catmullrom"
            },
            "1.0": {
              "post": [
                0,
                0,
                0
              ],
              "lerp_mode": "catmullrom"
            },
            "2.0": {
              "post": [
                0,
                0,
                0
              ],
              "lerp_mode": "catmullrom"
            }
          }
        },
        "hair18": {
          "rotation": {
            "0.0": {
              "post": [
                0,
                0,
                0
              ],
              "lerp_mode": "catmullrom"
            },
            "0.2917": {
              "post": [
                0,
                0,
                7.5
              ],
              "lerp_mode": "catmullrom"
            },
            "0.625": {
              "post": [
                0,
                0,
                -5.48
              ],
              "lerp_mode": "catmullrom"
            },
            "0.8333": {
              "post": [
                -3.00894,
                -1.00896,
                5.68696
              ],
              "lerp_mode": "catmullrom"
            },
            "1.0": {
              "post": [
                0,
                0,
                0
              ],
              "lerp_mode": "catmullrom"
            },
            "1.5833": {
              "post": [
                -6.93875,
                -1.16943,
                11.90515
              ],
              "lerp_mode": "catmullrom"
            },
            "2.0": {
              "post": [
                0,
                0,
                0
              ],
              "lerp_mode": "catmullrom"
            }
          }
        },
        "hair19": {
          "rotation": {
            "0.0": {
              "post": [
                0,
                0,
                0
              ],
              "lerp_mode": "catmullrom"
            },
            "0.3333": {
              "post": [
                0,
                0,
                7.5
              ],
              "lerp_mode": "catmullrom"
            },
            "0.5833": {
              "post": [
                0,
                0,
                -7.04
              ],
              "lerp_mode": "catmullrom"
            },
            "0.7917": {
              "post": [
                0,
                0,
                10.57
              ],
              "lerp_mode": "catmullrom"
            },
            "1.0": {
              "post": [
                0,
                0,
                0
              ],
              "lerp_mode": "catmullrom"
            },
            "1.5833": {
              "post": [
                0.17818,
                0.30575,
                1.90108
              ],
              "lerp_mode": "catmullrom"
            },
            "2.0": {
              "post": [
                0,
                0,
                0
              ],
              "lerp_mode": "catmullrom"
            }
          }
        },
        "hair20": {
          "rotation": {
            "0.0": {
              "post": [
                0,
                0,
                0
              ],
              "lerp_mode": "catmullrom"
            },
            "0.25": {
              "post": [
                0,
                0,
                7.5
              ],
              "lerp_mode": "catmullrom"
            },
            "0.5417": {
              "post": [
                0,
                0,
                -2.17
              ],
              "lerp_mode": "catmullrom"
            },
            "0.7917": {
              "post": [
                0,
                0,
                8.49
              ],
              "lerp_mode": "catmullrom"
            },
            "1.0": {
              "post": [
                0,
                0,
                0
              ],
              "lerp_mode": "catmullrom"
            },
            "1.375": {
              "post": [
                0,
                0,
                4.38
              ],
              "lerp_mode": "catmullrom"
            },
            "2.0": {
              "post": [
                0,
                0,
                0
              ],
              "lerp_mode": "catmullrom"
            }
          }
        },
        "hair23": {
          "rotation": {
            "0.0": {
              "post": [
                0,
                0,
                0
              ],
              "lerp_mode": "catmullrom"
            },
            "1.0": {
              "post": [
                0,
                0,
                0
              ],
              "lerp_mode": "catmullrom"
            },
            "1.625": {
              "post": [
                0.33816,
                -0.02207,
                2.5064
              ],
              "lerp_mode": "catmullrom"
            },
            "2.0": {
              "post": [
                0,
                0,
                0
              ],
              "lerp_mode": "catmullrom"
            }
          }
        },
        "hair5": {
          "rotation": {
            "0.0": {
              "post": [
                0,
                0,
                0
              ],
              "lerp_mode": "catmullrom"
            },
            "1.0": {
              "post": [
                0,
                0,
                0
              ],
              "lerp_mode": "catmullrom"
            },
            "1.5833": {
              "post": [
                0,
                0,
                20
              ],
              "lerp_mode": "catmullrom"
            },
            "2.0": {
              "post": [
                0,
                0,
                0
              ],
              "lerp_mode": "catmullrom"
            }
          }
        },
        "hair6": {
          "rotation": {
            "0.0": {
              "post": [
                0,
                0,
                0
              ],
              "lerp_mode": "catmullrom"
            },
            "0.2917": {
              "post": [
                0,
                0,
                -10
              ],
              "lerp_mode": "catmullrom"
            },
            "0.625": {
              "post": [
                0,
                0,
                3.97
              ],
              "lerp_mode": "catmullrom"
            },
            "0.8333": {
              "post": [
                0,
                0,
                -10.02
              ],
              "lerp_mode": "catmullrom"
            },
            "1.0": {
              "post": [
                0,
                0,
                0
              ],
              "lerp_mode": "catmullrom"
            },
            "1.4583": {
              "post": [
                0,
                0,
                -14.33
              ],
              "lerp_mode": "catmullrom"
            },
            "2.0": {
              "post": [
                0,
                0,
                0
              ],
              "lerp_mode": "catmullrom"
            }
          }
        },
        "hair7": {
          "rotation": {
            "0.0": {
              "post": [
                0,
                0,
                0
              ],
              "lerp_mode": "catmullrom"
            },
            "0.3333": {
              "post": [
                0,
                0,
                -12.5
              ],
              "lerp_mode": "catmullrom"
            },
            "0.5833": {
              "post": [
                1.27754,
                3.3342,
                3.20914
              ],
              "lerp_mode": "catmullrom"
            },
            "0.7917": {
              "post": [
                -0.72788,
                -1.13212,
                -9.79431
              ],
              "lerp_mode": "catmullrom"
            },
            "1.0": {
              "post": [
                0,
                0,
                0
              ],
              "lerp_mode": "catmullrom"
            },
            "1.5833": {
              "post": [
                -0.53367,
                0.22209,
                -2.06301
              ],
              "lerp_mode": "catmullrom"
            },
            "2.0": {
              "post": [
                0,
                0,
                0
              ],
              "lerp_mode": "catmullrom"
            }
          }
        },
        "hair8": {
          "rotation": {
            "0.0": {
              "post": [
                0,
                0,
                0
              ],
              "lerp_mode": "catmullrom"
            },
            "0.25": {
              "post": [
                0,
                0,
                -7.5
              ],
              "lerp_mode": "catmullrom"
            },
            "0.5417": {
              "post": [
                0,
                0,
                -0.33
              ],
              "lerp_mode": "catmullrom"
            },
            "0.7917": {
              "post": [
                -0.61704,
                0.30478,
                -9.62051
              ],
              "lerp_mode": "catmullrom"
            },
            "1.0": {
              "post": [
                0,
                0,
                0
              ],
              "lerp_mode": "catmullrom"
            },
            "1.375": {
              "post": [
                0.87768,
                -0.19036,
                -4.36137
              ],
              "lerp_mode": "catmullrom"
            },
            "2.0": {
              "post": [
                0,
                0,
                0
              ],
              "lerp_mode": "catmullrom"
            }
          }
        },
        "hair25": {
          "rotation": {
            "0.0": {
              "post": [
                0,
                0,
                0
              ],
              "lerp_mode": "catmullrom"
            },
            "0.3333": {
              "post": [
                0,
                0,
                -2.5
              ],
              "lerp_mode": "catmullrom"
            },
            "0.5833": {
              "post": [
                0,
                0,
                3.06
              ],
              "lerp_mode": "catmullrom"
            },
            "0.7917": {
              "post": [
                0,
                0,
                -1.01
              ],
              "lerp_mode": "catmullrom"
            },
            "1.0": {
              "post": [
                0,
                0,
                0
              ],
              "lerp_mode": "catmullrom"
            },
            "1.5": {
              "post": [
                0,
                0,
                -2.44
              ],
              "lerp_mode": "catmullrom"
            },
            "2.0": {
              "post": [
                0,
                0,
                0
              ],
              "lerp_mode": "catmullrom"
            }
          }
        },
        "hair26": {
          "rotation": {
            "0.0": {
              "post": [
                0,
                0,
                0
              ],
              "lerp_mode": "catmullrom"
            },
            "0.3333": {
              "post": [
                0,
                0,
                2.5
              ],
              "lerp_mode": "catmullrom"
            },
            "0.5833": {
              "post": [
                0,
                0,
                -3.18
              ],
              "lerp_mode": "catmullrom"
            },
            "0.7917": {
              "post": [
                0,
                0,
                3.06
              ],
              "lerp_mode": "catmullrom"
            },
            "1.0": {
              "post": [
                0,
                0,
                0
              ],
              "lerp_mode": "catmullrom"
            },
            "1.5": {
              "post": [
                0,
                0,
                2.31
              ],
              "lerp_mode": "catmullrom"
            },
            "2.0": {
              "post": [
                0,
                0,
                0
              ],
              "lerp_mode": "catmullrom"
            }
          }
        },
        "hair10": {
          "rotation": {
            "0.0": {
              "post": [
                0,
                0,
                0
              ],
              "lerp_mode": "catmullrom"
            },
            "1.0": {
              "post": [
                0,
                0,
                0
              ],
              "lerp_mode": "catmullrom"
            },
            "2.0": {
              "post": [
                0,
                0,
                0
              ],
              "lerp_mode": "catmullrom"
            }
          }
        },
        "hair11": {
          "rotation": {
            "0.0": {
              "post": [
                0,
                0,
                0
              ],
              "lerp_mode": "catmullrom"
            },
            "1.0": {
              "post": [
                0,
                0,
                0
              ],
              "lerp_mode": "catmullrom"
            },
            "1.625": {
              "post": [
                0,
                0,
                -2.5
              ],
              "lerp_mode": "catmullrom"
            },
            "2.0": {
              "post": [
                0,
                0,
                0
              ],
              "lerp_mode": "catmullrom"
            }
          }
        },
        "hair12": {
          "rotation": {
            "0.0": {
              "post": [
                0,
                0,
                0
              ],
              "lerp_mode": "catmullrom"
            },
            "1.0": {
              "post": [
                0,
                0,
                0
              ],
              "lerp_mode": "catmullrom"
            },
            "2.0": {
              "post": [
                0,
                0,
                0
              ],
              "lerp_mode": "catmullrom"
            }
          }
        },
        "bangs2": {
          "rotation": {
            "0.0": {
              "post": [
                0,
                0,
                0
              ],
              "lerp_mode": "catmullrom"
            },
            "0.3333": {
              "post": [
                0,
                0,
                5
              ],
              "lerp_mode": "catmullrom"
            },
            "0.625": {
              "post": [
                0,
                0,
                -1.76
              ],
              "lerp_mode": "catmullrom"
            },
            "0.8333": {
              "post": [
                0,
                0,
                8.87
              ],
              "lerp_mode": "catmullrom"
            },
            "1.0": {
              "post": [
                0,
                0,
                0
              ],
              "lerp_mode": "catmullrom"
            },
            "1.5417": {
              "post": [
                0.33362,
                0.64063,
                4.4448
              ],
              "lerp_mode": "catmullrom"
            },
            "2.0": {
              "post": [
                0,
                0,
                0
              ],
              "lerp_mode": "catmullrom"
            }
          }
        },
        "bangs": {
          "rotation": {
            "0.0": {
              "post": [
                0,
                0,
                0
              ],
              "lerp_mode": "catmullrom"
            },
            "0.3333": {
              "post": [
                0,
                0,
                -7.5
              ],
              "lerp_mode": "catmullrom"
            },
            "0.625": {
              "post": [
                0,
                0,
                2.65
              ],
              "lerp_mode": "catmullrom"
            },
            "0.8333": {
              "post": [
                0,
                0,
                -3.3
              ],
              "lerp_mode": "catmullrom"
            },
            "1.0": {
              "post": [
                0,
                0,
                0
              ],
              "lerp_mode": "catmullrom"
            },
            "1.5417": {
              "post": [
                0,
                0,
                -4.81
              ],
              "lerp_mode": "catmullrom"
            },
            "2.0": {
              "post": [
                0,
                0,
                0
              ],
              "lerp_mode": "catmullrom"
            }
          }
        },
        "left_arm": {
          "rotation": {
            "0.0": {
              "post": [
                0,
                0,
                0
              ],
              "lerp_mode": "catmullrom"
            },
            "0.5": {
              "post": [
                0,
                0,
                7.5
              ],
              "lerp_mode": "catmullrom"
            },
            "1.0": {
              "post": [
                0,
                0,
                0
              ],
              "lerp_mode": "catmullrom"
            },
            "1.3333": {
              "post": [
                -2.89787,
                1.19135,
                9.78733
              ],
              "lerp_mode": "catmullrom"
            },
            "1.625": {
              "post": [
                -4.98098,
                1.32088,
                4.49307
              ],
              "lerp_mode": "catmullrom"
            },
            "2.0": {
              "post": [
                0,
                0,
                0
              ],
              "lerp_mode": "catmullrom"
            }
          }
        },
        "left_arm2": {
          "rotation": {
            "0.0": {
              "post": [
                0,
                0,
                0
              ],
              "lerp_mode": "catmullrom"
            },
            "0.5833": {
              "post": [
                -14.60382,
                -5.35355,
                -8.45862
              ],
              "lerp_mode": "catmullrom"
            },
            "0.7917": {
              "post": [
                -11.86155,
                -5.84104,
                -13.82821
              ],
              "lerp_mode": "catmullrom"
            },
            "1.0": {
              "post": [
                0,
                0,
                0
              ],
              "lerp_mode": "catmullrom"
            },
            "1.3333": {
              "post": [
                0.79975,
                0.72462,
                -16.47908
              ],
              "lerp_mode": "catmullrom"
            },
            "1.7083": {
              "post": [
                0.34068,
                0.20646,
                -4.58331
              ],
              "lerp_mode": "catmullrom"
            },
            "2.0": {
              "post": [
                0,
                0,
                0
              ],
              "lerp_mode": "catmullrom"
            }
          }
        },
        "left_hand": {
          "rotation": {
            "0.0": {
              "post": [
                0,
                0,
                0
              ],
              "lerp_mode": "catmullrom"
            },
            "0.5": {
              "post": [
                0,
                0,
                -15
              ],
              "lerp_mode": "catmullrom"
            },
            "1.0": {
              "post": [
                0,
                0,
                0
              ],
              "lerp_mode": "catmullrom"
            },
            "2.0": {
              "post": [
                0,
                0,
                0
              ],
              "lerp_mode": "catmullrom"
            }
          }
        },
        "right_arm": {
          "rotation": {
            "0.0": {
              "post": [
                0,
                0,
                0
              ],
              "lerp_mode": "catmullrom"
            },
            "0.5": {
              "post": [
                0.14203,
                0.86016,
                -9.92239
              ],
              "lerp_mode": "catmullrom"
            },
            "1.0": {
              "post": [
                0,
                0,
                0
              ],
              "lerp_mode": "catmullrom"
            },
            "1.3333": {
              "post": [
                -3.19806,
                -1.12481,
                -7.08072
              ],
              "lerp_mode": "catmullrom"
            },
            "1.625": {
              "post": [
                -5.38742,
                -1.30264,
                -4.38194
              ],
              "lerp_mode": "catmullrom"
            },
            "2.0": {
              "post": [
                0,
                0,
                0
              ],
              "lerp_mode": "catmullrom"
            }
          }
        },
        "right_arm2": {
          "rotation": {
            "0.0": {
              "post": [
                0,
                0,
                0
              ],
              "lerp_mode": "catmullrom"
            },
            "0.2917": {
              "post": [
                -8.05026,
                4.443,
                18.03896
              ],
              "lerp_mode": "catmullrom"
            },
            "0.625": {
              "post": [
                -17.26905,
                4.29357,
                6.15518
              ],
              "lerp_mode": "catmullrom"
            },
            "1.0": {
              "post": [
                0,
                0,
                0
              ],
              "lerp_mode": "catmullrom"
            },
            "1.3333": {
              "post": [
                1.25887,
                -0.72454,
                17.10323
              ],
              "lerp_mode": "catmullrom"
            },
            "1.7083": {
              "post": [
                0.50704,
                -0.17421,
                4.81437
              ],
              "lerp_mode": "catmullrom"
            },
            "2.0": {
              "post": [
                0,
                0,
                0
              ],
              "lerp_mode": "catmullrom"
            }
          }
        },
        "right_hand": {
          "rotation": {
            "0.0": {
              "post": [
                0,
                0,
                0
              ],
              "lerp_mode": "catmullrom"
            },
            "0.5": {
              "post": [
                0,
                0,
                17.5
              ],
              "lerp_mode": "catmullrom"
            },
            "1.0": {
              "post": [
                0,
                0,
                0
              ],
              "lerp_mode": "catmullrom"
            },
            "2.0": {
              "post": [
                0,
                0,
                0
              ],
              "lerp_mode": "catmullrom"
            }
          }
        },
        "hair_ribbon": {
          "rotation": {
            "0.0": {
              "post": [
                0,
                0,
                0
              ],
              "lerp_mode": "catmullrom"
            },
            "1.0": {
              "post": [
                0,
                0,
                0
              ],
              "lerp_mode": "catmullrom"
            },
            "2.0": {
              "post": [
                0,
                0,
                0
              ],
              "lerp_mode": "catmullrom"
            }
          }
        },
        "skirt": {
          "rotation": {
            "0.0": {
              "post": [
                0,
                0,
                0
              ],
              "lerp_mode": "catmullrom"
            },
            "0.3333": {
              "post": [
                0,
                0,
                5
              ],
              "lerp_mode": "catmullrom"
            },
            "0.7917": {
              "post": [
                0,
                0,
                -7.5
              ],
              "lerp_mode": "catmullrom"
            },
            "1.0": {
              "post": [
                0,
                0,
                0
              ],
              "lerp_mode": "catmullrom"
            },
            "1.25": {
              "post": [
                -4.09526,
                0.30879,
                3.68425
              ],
              "lerp_mode": "catmullrom"
            },
            "1.5": {
              "post": [
                -7.29744,
                0.23113,
                1.28334
              ],
              "lerp_mode": "catmullrom"
            },
            "1.75": {
              "post": [
                -3.85002,
                -0.05715,
                -2.00275
              ],
              "lerp_mode": "catmullrom"
            },
            "2.0": {
              "post": [
                0,
                0,
                0
              ],
              "lerp_mode": "catmullrom"
            }
          }
        }
      }
    },
    "animation.pa_ragatha.move_1": {
      "loop": true,
      "animation_length": 1,
      "bones": {
        "right_leg": {
          "rotation": {
            "0.0": {
              "post": [
                -15,
                0,
                0
              ],
              "lerp_mode": "catmullrom"
            },
            "0.5": {
              "post": [
                12.5,
                0,
                0
              ],
              "lerp_mode": "catmullrom"
            },
            "0.8": {
              "post": [
                -34.53,
                0,
                0
              ],
              "lerp_mode": "catmullrom"
            },
            "1.0": {
              "post": [
                -15,
                0,
                0
              ],
              "lerp_mode": "catmullrom"
            }
          }
        },
        "right_leg2": {
          "rotation": {
            "0.0": {
              "post": [
                7.5,
                0,
                0
              ],
              "lerp_mode": "catmullrom"
            },
            "0.5": {
              "post": [
                5,
                0,
                0
              ],
              "lerp_mode": "catmullrom"
            },
            "0.8": {
              "post": [
                93.59,
                0,
                0
              ],
              "lerp_mode": "catmullrom"
            },
            "1.0": {
              "post": [
                7.5,
                0,
                0
              ],
              "lerp_mode": "catmullrom"
            }
          }
        },
        "left_leg": {
          "rotation": {
            "0.0": {
              "post": [
                12.5,
                0,
                0
              ],
              "lerp_mode": "catmullrom"
            },
            "0.3": {
              "post": [
                -55.47,
                0,
                0
              ],
              "lerp_mode": "catmullrom"
            },
            "0.5": {
              "post": [
                -15,
                0,
                0
              ],
              "lerp_mode": "catmullrom"
            },
            "1.0": {
              "post": [
                12.5,
                0,
                0
              ],
              "lerp_mode": "catmullrom"
            }
          }
        },
        "left_leg2": {
          "rotation": {
            "0.0": {
              "post": [
                7.5,
                0,
                0
              ],
              "lerp_mode": "catmullrom"
            },
            "0.3": {
              "post": [
                110,
                0,
                0
              ],
              "lerp_mode": "catmullrom"
            },
            "0.5": {
              "post": [
                2.22,
                0,
                0
              ],
              "lerp_mode": "catmullrom"
            },
            "1.0": {
              "post": [
                7.5,
                0,
                0
              ],
              "lerp_mode": "catmullrom"
            }
          }
        },
        "base": {
          "rotation": {
            "0.0": {
              "post": [
                5,
                0,
                0
              ],
              "lerp_mode": "catmullrom"
            },
            "0.3": {
              "post": [
                7.78314,
                0.67881,
                -4.95382
              ],
              "lerp_mode": "catmullrom"
            },
            "0.5": {
              "post": [
                -2.5,
                0,
                0
              ],
              "lerp_mode": "catmullrom"
            },
            "0.8": {
              "post": [
                4.79264,
                -0.78688,
                5.25284
              ],
              "lerp_mode": "catmullrom"
            },
            "1.0": {
              "post": [
                5,
                0,
                0
              ],
              "lerp_mode": "catmullrom"
            }
          }
        },
        "head": {
          "rotation": {
            "0.0": {
              "post": [
                0,
                0,
                0
              ],
              "lerp_mode": "catmullrom"
            },
            "0.3": {
              "post": [
                0,
                0,
                3.59
              ],
              "lerp_mode": "catmullrom"
            },
            "0.5": {
              "post": [
                0,
                0,
                -2.5
              ],
              "lerp_mode": "catmullrom"
            },
            "0.8": {
              "post": [
                0,
                0,
                -9.13
              ],
              "lerp_mode": "catmullrom"
            },
            "1.0": {
              "post": [
                0,
                0,
                0
              ],
              "lerp_mode": "catmullrom"
            }
          }
        },
        "hair13": {
          "rotation": {
            "0.0": {
              "post": [
                0,
                -40,
                0
              ],
              "lerp_mode": "catmullrom"
            },
            "0.3": {
              "post": [
                23.82547,
                -38.16833,
                -29.4311
              ],
              "lerp_mode": "catmullrom"
            },
            "0.5": {
              "post": [
                14.04138,
                -34.50383,
                -8.48431
              ],
              "lerp_mode": "catmullrom"
            },
            "0.8": {
              "post": [
                17.95411,
                -38.48788,
                -22.28206
              ],
              "lerp_mode": "catmullrom"
            },
            "1.0": {
              "post": [
                0,
                -40,
                0
              ],
              "lerp_mode": "catmullrom"
            }
          }
        },
        "hair14": {
          "rotation": {
            "0.0": {
              "post": [
                0,
                -30,
                0
              ],
              "lerp_mode": "catmullrom"
            },
            "1.0": {
              "post": [
                0,
                -30,
                0
              ],
              "lerp_mode": "catmullrom"
            }
          }
        },
        "hair15": {
          "rotation": {
            "0.0": {
              "post": [
                0,
                -20,
                0
              ],
              "lerp_mode": "catmullrom"
            },
            "1.0": {
              "post": [
                0,
                -20,
                0
              ],
              "lerp_mode": "catmullrom"
            }
          }
        },
        "hair16": {
          "rotation": {
            "0.0": {
              "post": [
                0,
                -22.5,
                0
              ],
              "lerp_mode": "catmullrom"
            },
            "1.0": {
              "post": [
                0,
                -22.5,
                0
              ],
              "lerp_mode": "catmullrom"
            }
          }
        },
        "hair17": {
          "rotation": {
            "0.0": {
              "post": [
                0,
                -27.5,
                0
              ],
              "lerp_mode": "catmullrom"
            },
            "1.0": {
              "post": [
                0,
                -27.5,
                0
              ],
              "lerp_mode": "catmullrom"
            }
          }
        },
        "hair18": {
          "rotation": {
            "0.0": {
              "post": [
                0,
                -30,
                0
              ],
              "lerp_mode": "catmullrom"
            },
            "1.0": {
              "post": [
                0,
                -30,
                0
              ],
              "lerp_mode": "catmullrom"
            }
          }
        },
        "hair19": {
          "rotation": {
            "0.0": {
              "post": [
                0,
                -20,
                0
              ],
              "lerp_mode": "catmullrom"
            },
            "0.3": {
              "post": [
                3.96595,
                -22.7335,
                -16.60731
              ],
              "lerp_mode": "catmullrom"
            },
            "0.5": {
              "post": [
                -9.24295,
                -22.35145,
                8.59788
              ],
              "lerp_mode": "catmullrom"
            },
            "0.8": {
              "post": [
                4.59042,
                -20.30268,
                -11.47765
              ],
              "lerp_mode": "catmullrom"
            },
            "1.0": {
              "post": [
                0,
                -20,
                0
              ],
              "lerp_mode": "catmullrom"
            }
          }
        },
        "hair20": {
          "rotation": {
            "0.0": {
              "post": [
                -2.12039,
                -32.19919,
                5.42243
              ],
              "lerp_mode": "catmullrom"
            },
            "0.3": {
              "post": [
                -4.83931,
                -28.23975,
                15.21897
              ],
              "lerp_mode": "catmullrom"
            },
            "0.5": {
              "post": [
                -1.78751,
                -29.91751,
                5.53213
              ],
              "lerp_mode": "catmullrom"
            },
            "0.8": {
              "post": [
                -6.82369,
                -29.60289,
                19.3066
              ],
              "lerp_mode": "catmullrom"
            },
            "1.0": {
              "post": [
                -2.12039,
                -32.19919,
                5.42243
              ],
              "lerp_mode": "catmullrom"
            }
          }
        },
        "hair21": {
          "rotation": {
            "0.0": {
              "post": [
                0,
                -32.5,
                0
              ],
              "lerp_mode": "catmullrom"
            },
            "1.0": {
              "post": [
                0,
                -32.5,
                0
              ],
              "lerp_mode": "catmullrom"
            }
          }
        },
        "hair22": {
          "rotation": {
            "0.0": {
              "post": [
                0,
                -27.5,
                0
              ],
              "lerp_mode": "catmullrom"
            },
            "1.0": {
              "post": [
                0,
                -27.5,
                0
              ],
              "lerp_mode": "catmullrom"
            }
          }
        },
        "hair23": {
          "rotation": {
            "0.0": {
              "post": [
                -5.06639,
                -16.70792,
                -1.00722
              ],
              "lerp_mode": "catmullrom"
            },
            "0.5": {
              "post": [
                -5.40667,
                -29.16449,
                0.09006
              ],
              "lerp_mode": "catmullrom"
            },
            "1.0": {
              "post": [
                -5.06639,
                -16.70792,
                -1.00722
              ],
              "lerp_mode": "catmullrom"
            }
          }
        },
        "har2": {
          "rotation": {
            "0.0": {
              "post": [
                0,
                -20,
                0
              ],
              "lerp_mode": "catmullrom"
            },
            "1.0": {
              "post": [
                0,
                -20,
                0
              ],
              "lerp_mode": "catmullrom"
            }
          }
        },
        "hair24": {
          "rotation": {
            "0.0": {
              "post": [
                0,
                -17.5,
                0
              ],
              "lerp_mode": "catmullrom"
            },
            "1.0": {
              "post": [
                0,
                -17.5,
                0
              ],
              "lerp_mode": "catmullrom"
            }
          }
        },
        "hair": {
          "rotation": {
            "0.0": {
              "post": [
                -4.37974,
                26.77984,
                -6.60696
              ],
              "lerp_mode": "catmullrom"
            },
            "0.3": {
              "post": [
                17.82816,
                26.48878,
                26.71329
              ],
              "lerp_mode": "catmullrom"
            },
            "0.5": {
              "post": [
                -5.89579,
                26.34789,
                -8.84453
              ],
              "lerp_mode": "catmullrom"
            },
            "0.8": {
              "post": [
                13.85201,
                26.1643,
                21.01606
              ],
              "lerp_mode": "catmullrom"
            },
            "1.0": {
              "post": [
                -4.37974,
                26.77984,
                -6.60696
              ],
              "lerp_mode": "catmullrom"
            }
          }
        },
        "hair2": {
          "rotation": {
            "0.0": {
              "post": [
                0,
                25,
                0
              ],
              "lerp_mode": "catmullrom"
            },
            "1.0": {
              "post": [
                0,
                25,
                0
              ],
              "lerp_mode": "catmullrom"
            }
          }
        },
        "hair3": {
          "rotation": {
            "0.0": {
              "post": [
                0,
                27.5,
                0
              ],
              "lerp_mode": "catmullrom"
            },
            "1.0": {
              "post": [
                0,
                27.5,
                0
              ],
              "lerp_mode": "catmullrom"
            }
          }
        },
        "hair4": {
          "rotation": {
            "0.0": {
              "post": [
                0,
                30,
                0
              ],
              "lerp_mode": "catmullrom"
            },
            "1.0": {
              "post": [
                0,
                30,
                0
              ],
              "lerp_mode": "catmullrom"
            }
          }
        },
        "hair5": {
          "rotation": {
            "0.0": {
              "post": [
                0,
                35,
                0
              ],
              "lerp_mode": "catmullrom"
            },
            "1.0": {
              "post": [
                0,
                35,
                0
              ],
              "lerp_mode": "catmullrom"
            }
          }
        },
        "hair6": {
          "rotation": {
            "0.0": {
              "post": [
                -5.35334,
                25.77987,
                -9.17935
              ],
              "lerp_mode": "catmullrom"
            },
            "0.3": {
              "post": [
                4.30934,
                44.75607,
                4.7873
              ],
              "lerp_mode": "catmullrom"
            },
            "0.5": {
              "post": [
                -25.38043,
                39.31956,
                -33.72246
              ],
              "lerp_mode": "catmullrom"
            },
            "0.8": {
              "post": [
                -3.29581,
                32.64196,
                -3.42109
              ],
              "lerp_mode": "catmullrom"
            },
            "1.0": {
              "post": [
                -5.35334,
                25.77987,
                -9.17935
              ],
              "lerp_mode": "catmullrom"
            }
          }
        },
        "hair7": {
          "rotation": {
            "0.0": {
              "post": [
                -8.48635,
                27.462,
                -13.10854
              ],
              "lerp_mode": "catmullrom"
            },
            "1.0": {
              "post": [
                -8.48635,
                27.462,
                -13.10854
              ],
              "lerp_mode": "catmullrom"
            }
          }
        },
        "hair8": {
          "rotation": {
            "0.0": {
              "post": [
                -2.40046,
                31.57936,
                -7.72783
              ],
              "lerp_mode": "catmullrom"
            },
            "0.3": {
              "post": [
                2.78909,
                32.05981,
                5.79418
              ],
              "lerp_mode": "catmullrom"
            },
            "0.5": {
              "post": [
                -4.27257,
                25.25338,
                -11.60597
              ],
              "lerp_mode": "catmullrom"
            },
            "0.8": {
              "post": [
                1.39875,
                31.91607,
                2.18768
              ],
              "lerp_mode": "catmullrom"
            },
            "1.0": {
              "post": [
                -2.40046,
                31.57936,
                -7.72783
              ],
              "lerp_mode": "catmullrom"
            }
          }
        },
        "hair25": {
          "rotation": {
            "0.0": {
              "post": [
                -3.40035,
                37.38147,
                -10.94708
              ],
              "lerp_mode": "catmullrom"
            },
            "0.3": {
              "post": [
                -4.02189,
                54.86221,
                -11.97914
              ],
              "lerp_mode": "catmullrom"
            },
            "0.5": {
              "post": [
                -3.32056,
                30.99782,
                -10.68504
              ],
              "lerp_mode": "catmullrom"
            },
            "0.8": {
              "post": [
                0.96508,
                32.73164,
                0.14073
              ],
              "lerp_mode": "catmullrom"
            },
            "1.0": {
              "post": [
                -3.40035,
                37.38147,
                -10.94708
              ],
              "lerp_mode": "catmullrom"
            }
          }
        },
        "hair26": {
          "rotation": {
            "0.0": {
              "post": [
                0,
                -35,
                0
              ],
              "lerp_mode": "catmullrom"
            },
            "0.3": {
              "post": [
                0,
                -42.5,
                0
              ],
              "lerp_mode": "catmullrom"
            },
            "0.5": {
              "post": [
                0,
                -23.33,
                0
              ],
              "lerp_mode": "catmullrom"
            },
            "0.8": {
              "post": [
                3.28236,
                -27.50745,
                -10.51361
              ],
              "lerp_mode": "catmullrom"
            },
            "1.0": {
              "post": [
                0,
                -35,
                0
              ],
              "lerp_mode": "catmullrom"
            }
          }
        },
        "hair9": {
          "rotation": {
            "0.0": {
              "post": [
                0,
                27.5,
                0
              ],
              "lerp_mode": "catmullrom"
            },
            "1.0": {
              "post": [
                0,
                27.5,
                0
              ],
              "lerp_mode": "catmullrom"
            }
          }
        },
        "hair10": {
          "rotation": {
            "0.0": {
              "post": [
                -3.88714,
                27.24513,
                -8.44236
              ],
              "lerp_mode": "catmullrom"
            },
            "1.0": {
              "post": [
                -3.88714,
                27.24513,
                -8.44236
              ],
              "lerp_mode": "catmullrom"
            }
          }
        },
        "hair11": {
          "rotation": {
            "0.0": {
              "post": [
                0,
                27.5,
                0
              ],
              "lerp_mode": "catmullrom"
            },
            "0.5": {
              "post": [
                0,
                50,
                0
              ],
              "lerp_mode": "catmullrom"
            },
            "1.0": {
              "post": [
                0,
                27.5,
                0
              ],
              "lerp_mode": "catmullrom"
            }
          }
        },
        "har": {
          "rotation": {
            "0.0": {
              "post": [
                0,
                17.5,
                0
              ],
              "lerp_mode": "catmullrom"
            },
            "1.0": {
              "post": [
                0,
                17.5,
                0
              ],
              "lerp_mode": "catmullrom"
            }
          }
        },
        "hair12": {
          "rotation": {
            "0.0": {
              "post": [
                0,
                22.5,
                0
              ],
              "lerp_mode": "catmullrom"
            },
            "1.0": {
              "post": [
                0,
                22.5,
                0
              ],
              "lerp_mode": "catmullrom"
            }
          }
        },
        "bangs2": {
          "rotation": {
            "0.0": {
              "post": [
                0,
                0,
                0
              ],
              "lerp_mode": "catmullrom"
            },
            "0.3": {
              "post": [
                0,
                0,
                7.5
              ],
              "lerp_mode": "catmullrom"
            },
            "0.5": {
              "post": [
                0,
                0,
                0
              ],
              "lerp_mode": "catmullrom"
            },
            "0.8": {
              "post": [
                0,
                0,
                7.03
              ],
              "lerp_mode": "catmullrom"
            },
            "1.0": {
              "post": [
                0,
                0,
                0
              ],
              "lerp_mode": "catmullrom"
            }
          }
        },
        "bangs": {
          "rotation": {
            "0.0": {
              "post": [
                0,
                0,
                0
              ],
              "lerp_mode": "catmullrom"
            },
            "0.3": {
              "post": [
                0,
                0,
                -7.5
              ],
              "lerp_mode": "catmullrom"
            },
            "0.5": {
              "post": [
                0,
                0,
                0
              ],
              "lerp_mode": "catmullrom"
            },
            "0.8": {
              "post": [
                -0.24758,
                0.20341,
                -7.02485
              ],
              "lerp_mode": "catmullrom"
            },
            "1.0": {
              "post": [
                0,
                0,
                0
              ],
              "lerp_mode": "catmullrom"
            }
          }
        },
        "left_arm": {
          "rotation": {
            "0.0": {
              "post": [
                -24.71261,
                3.76353,
                6.57348
              ],
              "lerp_mode": "catmullrom"
            },
            "0.5": {
              "post": [
                22.78739,
                3.76353,
                6.57348
              ],
              "lerp_mode": "catmullrom"
            },
            "1.0": {
              "post": [
                -24.71261,
                3.76353,
                6.57348
              ],
              "lerp_mode": "catmullrom"
            }
          }
        },
        "left_arm2": {
          "rotation": {
            "0.0": {
              "post": [
                -17.5,
                0,
                5
              ],
              "lerp_mode": "catmullrom"
            },
            "0.2": {
              "post": [
                7.73065,
                2.80296,
                -14.81058
              ],
              "lerp_mode": "catmullrom"
            },
            "0.6": {
              "post": [
                22.5,
                0,
                5
              ],
              "lerp_mode": "catmullrom"
            },
            "0.8": {
              "post": [
                11.81451,
                2.95906,
                -8.43692
              ],
              "lerp_mode": "catmullrom"
            },
            "1.0": {
              "post": [
                -17.5,
                0,
                5
              ],
              "lerp_mode": "catmullrom"
            }
          }
        },
        "left_hand": {
          "rotation": {
            "0.0": {
              "post": [
                -12.5,
                0,
                0
              ],
              "lerp_mode": "catmullrom"
            },
            "0.3": {
              "post": [
                27.29887,
                3.45533,
                -6.66067
              ],
              "lerp_mode": "catmullrom"
            },
            "0.6": {
              "post": [
                -12.5,
                0,
                0
              ],
              "lerp_mode": "catmullrom"
            },
            "1.0": {
              "post": [
                -12.5,
                0,
                0
              ],
              "lerp_mode": "catmullrom"
            }
          }
        },
        "right_arm": {
          "rotation": {
            "0.0": {
              "post": [
                34.76905,
                4.29357,
                -1.15518
              ],
              "lerp_mode": "catmullrom"
            },
            "0.2": {
              "post": [
                6.63569,
                4.58668,
                -3.64542
              ],
              "lerp_mode": "catmullrom"
            },
            "0.5": {
              "post": [
                -27.73095,
                4.29357,
                -1.15518
              ],
              "lerp_mode": "catmullrom"
            },
            "0.8": {
              "post": [
                7.85197,
                4.97957,
                -5.99597
              ],
              "lerp_mode": "catmullrom"
            },
            "1.0": {
              "post": [
                34.76905,
                4.29357,
                -1.15518
              ],
              "lerp_mode": "catmullrom"
            }
          }
        },
        "right_arm2": {
          "rotation": {
            "0.0": {
              "post": [
                0,
                0,
                -2.5
              ],
              "lerp_mode": "catmullrom"
            },
            "0.2": {
              "post": [
                -6.24315,
                1.38107,
                9.92468
              ],
              "lerp_mode": "catmullrom"
            },
            "0.6": {
              "post": [
                -17.5,
                0,
                -2.5
              ],
              "lerp_mode": "catmullrom"
            },
            "0.8": {
              "post": [
                -9.15903,
                2.35296,
                11.52783
              ],
              "lerp_mode": "catmullrom"
            },
            "1.0": {
              "post": [
                0,
                0,
                -2.5
              ],
              "lerp_mode": "catmullrom"
            }
          }
        },
        "right_hand": {
          "rotation": {
            "0.0": {
              "post": [
                22.5,
                0,
                0
              ],
              "lerp_mode": "catmullrom"
            },
            "0.3": {
              "post": [
                2.18054,
                -0.90291,
                22.48282
              ],
              "lerp_mode": "catmullrom"
            },
            "0.6": {
              "post": [
                -25,
                0,
                0
              ],
              "lerp_mode": "catmullrom"
            },
            "1.0": {
              "post": [
                22.5,
                0,
                0
              ],
              "lerp_mode": "catmullrom"
            }
          }
        },
        "hair_ribbon": {
          "rotation": {
            "0.0": {
              "post": [
                0,
                0,
                0
              ],
              "lerp_mode": "catmullrom"
            },
            "1.0": {
              "post": [
                0,
                0,
                0
              ],
              "lerp_mode": "catmullrom"
            }
          }
        },
        "skirt": {
          "rotation": {
            "0.0": {
              "post": [
                2.5,
                0,
                5
              ],
              "lerp_mode": "catmullrom"
            },
            "0.3": {
              "post": [
                -22.85333,
                -10.36501,
                4.40538
              ],
              "lerp_mode": "catmullrom"
            },
            "0.5": {
              "post": [
                -1.88194,
                2.09246,
                -4.63125
              ],
              "lerp_mode": "catmullrom"
            },
            "0.8": {
              "post": [
                -13.71655,
                14.09498,
                -2.79458
              ],
              "lerp_mode": "catmullrom"
            },
            "1.0": {
              "post": [
                2.5,
                0,
                5
              ],
              "lerp_mode": "catmullrom"
            }
          }
        }
      }
    },
    "animation.ragatha_01.run": {
      "loop": true,
      "animation_length": 1,
      "bones": {
        "all": {
          "rotation": {
            "0.0": {
              "post": [
                0,
                0,
                0
              ],
              "lerp_mode": "catmullrom"
            },
            "0.8": {
              "post": [
                28.24509,
                4.53876,
                0.95184
              ],
              "lerp_mode": "catmullrom"
            },
            "1.0": {
              "post": [
                0,
                0,
                0
              ],
              "lerp_mode": "catmullrom"
            }
          },
          "position": {
            "0.0": {
              "post": [
                0,
                0,
                0
              ],
              "lerp_mode": "catmullrom"
            },
            "0.3": {
              "post": [
                0,
                -2,
                0
              ],
              "lerp_mode": "catmullrom"
            },
            "0.5": {
              "post": [
                0,
                0,
                0
              ],
              "lerp_mode": "catmullrom"
            },
            "0.8": {
              "post": [
                0,
                -1.75,
                0
              ],
              "lerp_mode": "catmullrom"
            },
            "1.0": {
              "post": [
                0,
                0,
                0
              ],
              "lerp_mode": "catmullrom"
            }
          }
        },
        "right_leg": {
          "rotation": {
            "0.0": {
              "post": [
                -47.06283,
                -7.35559,
                -6.79333
              ],
              "lerp_mode": "catmullrom"
            },
            "0.3": {
              "post": [
                -9.96864,
                -6.11192,
                0.65443
              ],
              "lerp_mode": "catmullrom"
            },
            "0.5": {
              "post": [
                20.43717,
                -7.35559,
                -6.79333
              ],
              "lerp_mode": "catmullrom"
            },
            "0.8": {
              "post": [
                -51.41247,
                -7.43332,
                -7.25882
              ],
              "lerp_mode": "catmullrom"
            },
            "1.0": {
              "post": [
                -47.06283,
                -7.35559,
                -6.79333
              ],
              "lerp_mode": "catmullrom"
            }
          }
        },
        "right_leg2": {
          "rotation": {
            "0.0": {
              "post": [
                12.5,
                0,
                0
              ],
              "lerp_mode": "catmullrom"
            },
            "0.8": {
              "post": [
                102.5,
                0,
                0
              ],
              "lerp_mode": "catmullrom"
            },
            "1.0": {
              "post": [
                12.5,
                0,
                0
              ],
              "lerp_mode": "catmullrom"
            }
          }
        },
        "left_leg": {
          "rotation": {
            "0.0": {
              "post": [
                28.33406,
                1.5399,
                5.08746
              ],
              "lerp_mode": "catmullrom"
            },
            "0.3": {
              "post": [
                -40.03236,
                0.45792,
                0.20512
              ],
              "lerp_mode": "catmullrom"
            },
            "0.5": {
              "post": [
                -44.16594,
                1.5399,
                5.08746
              ],
              "lerp_mode": "catmullrom"
            },
            "1.0": {
              "post": [
                28.33406,
                1.5399,
                5.08746
              ],
              "lerp_mode": "catmullrom"
            }
          }
        },
        "left_leg2": {
          "rotation": {
            "0.0": {
              "post": [
                22.28813,
                2.03115,
                -1.97595
              ],
              "lerp_mode": "catmullrom"
            },
            "0.3": {
              "post": [
                114.78813,
                2.03115,
                -1.97595
              ],
              "lerp_mode": "catmullrom"
            },
            "0.5": {
              "post": [
                31.73257,
                2.03115,
                -1.97595
              ],
              "lerp_mode": "catmullrom"
            },
            "0.8": {
              "post": [
                -3.18062,
                2.03115,
                -1.97595
              ],
              "lerp_mode": "catmullrom"
            },
            "1.0": {
              "post": [
                22.28813,
                2.03115,
                -1.97595
              ],
              "lerp_mode": "catmullrom"
            }
          }
        },
        "base": {
          "rotation": {
            "0.0": {
              "post": [
                -15,
                0,
                0
              ],
              "lerp_mode": "catmullrom"
            },
            "0.3": {
              "post": [
                -10,
                0,
                0
              ],
              "lerp_mode": "catmullrom"
            },
            "0.5": {
              "post": [
                -15,
                0,
                0
              ],
              "lerp_mode": "catmullrom"
            },
            "0.8": {
              "post": [
                -10.31,
                0,
                0
              ],
              "lerp_mode": "catmullrom"
            },
            "1.0": {
              "post": [
                -15,
                0,
                0
              ],
              "lerp_mode": "catmullrom"
            }
          }
        },
        "neck": {
          "rotation": {
            "0.0": {
              "post": [
                15,
                0,
                0
              ],
              "lerp_mode": "catmullrom"
            },
            "1.0": {
              "post": [
                15,
                0,
                0
              ],
              "lerp_mode": "catmullrom"
            }
          }
        },
        "hair18": {
          "rotation": {
            "0.0": {
              "post": [
                0,
                -27.5,
                0
              ],
              "lerp_mode": "catmullrom"
            },
            "0.3": {
              "post": [
                -28.45085,
                -26.45427,
                32.07395
              ],
              "lerp_mode": "catmullrom"
            },
            "0.5": {
              "post": [
                0,
                -27.5,
                0
              ],
              "lerp_mode": "catmullrom"
            },
            "0.8": {
              "post": [
                -35.94557,
                -24.91553,
                40.62535
              ],
              "lerp_mode": "catmullrom"
            },
            "1.0": {
              "post": [
                0,
                -27.5,
                0
              ],
              "lerp_mode": "catmullrom"
            }
          }
        },
        "hair19": {
          "rotation": {
            "0.0": {
              "post": [
                0,
                0,
                0
              ],
              "lerp_mode": "catmullrom"
            },
            "0.3": {
              "post": [
                0,
                0,
                12.5
              ],
              "lerp_mode": "catmullrom"
            },
            "0.5": {
              "post": [
                0,
                0,
                0
              ],
              "lerp_mode": "catmullrom"
            },
            "0.8": {
              "post": [
                0,
                0,
                17.04
              ],
              "lerp_mode": "catmullrom"
            },
            "1.0": {
              "post": [
                0,
                0,
                0
              ],
              "lerp_mode": "catmullrom"
            }
          }
        },
        "hair20": {
          "rotation": {
            "0.0": {
              "post": [
                0,
                -27.5,
                0
              ],
              "lerp_mode": "catmullrom"
            },
            "0.3": {
              "post": [
                -2.42397,
                -27.02854,
                7.86736
              ],
              "lerp_mode": "catmullrom"
            },
            "0.5": {
              "post": [
                0,
                -27.5,
                0
              ],
              "lerp_mode": "catmullrom"
            },
            "0.8": {
              "post": [
                -6.14661,
                -25.6082,
                20.56268
              ],
              "lerp_mode": "catmullrom"
            },
            "1.0": {
              "post": [
                0,
                -27.5,
                0
              ],
              "lerp_mode": "catmullrom"
            }
          }
        },
        "hair23": {
          "rotation": {
            "0.0": {
              "post": [
                4.48867,
                -0.58195,
                -16.5457
              ],
              "lerp_mode": "catmullrom"
            },
            "0.3": {
              "post": [
                5.32185,
                -1.75036,
                -4.07246
              ],
              "lerp_mode": "catmullrom"
            },
            "0.5": {
              "post": [
                4.48867,
                -0.58195,
                -16.5457
              ],
              "lerp_mode": "catmullrom"
            },
            "0.8": {
              "post": [
                5.9516,
                -3.29489,
                10.39647
              ],
              "lerp_mode": "catmullrom"
            },
            "1.0": {
              "post": [
                4.48867,
                -0.58195,
                -16.5457
              ],
              "lerp_mode": "catmullrom"
            }
          }
        },
        "hair6": {
          "rotation": {
            "0.0": {
              "post": [
                17.29497,
                34.40695,
                8.84507
              ],
              "lerp_mode": "catmullrom"
            },
            "0.3": {
              "post": [
                -3.97971,
                39.82365,
                -19.7778
              ],
              "lerp_mode": "catmullrom"
            },
            "0.5": {
              "post": [
                17.29497,
                34.40695,
                8.84507
              ],
              "lerp_mode": "catmullrom"
            },
            "0.8": {
              "post": [
                -0.10462,
                39.60897,
                -14.70617
              ],
              "lerp_mode": "catmullrom"
            },
            "1.0": {
              "post": [
                17.29497,
                34.40695,
                8.84507
              ],
              "lerp_mode": "catmullrom"
            }
          }
        },
        "hair7": {
          "rotation": {
            "0.0": {
              "post": [
                0,
                32.5,
                0
              ],
              "lerp_mode": "catmullrom"
            },
            "0.5": {
              "post": [
                0,
                32.5,
                0
              ],
              "lerp_mode": "catmullrom"
            },
            "1.0": {
              "post": [
                0,
                32.5,
                0
              ],
              "lerp_mode": "catmullrom"
            }
          }
        },
        "hair8": {
          "rotation": {
            "0.0": {
              "post": [
                0,
                30,
                0
              ],
              "lerp_mode": "catmullrom"
            },
            "0.3": {
              "post": [
                -5.46532,
                28.65252,
                -15.90267
              ],
              "lerp_mode": "catmullrom"
            },
            "0.5": {
              "post": [
                0,
                30,
                0
              ],
              "lerp_mode": "catmullrom"
            },
            "0.8": {
              "post": [
                -6.1503,
                28.39991,
                -17.9473
              ],
              "lerp_mode": "catmullrom"
            },
            "1.0": {
              "post": [
                0,
                30,
                0
              ],
              "lerp_mode": "catmullrom"
            }
          }
        },
        "hair25": {
          "rotation": {
            "0.0": {
              "post": [
                -1.25307,
                2.43739,
                10.07781
              ],
              "lerp_mode": "catmullrom"
            },
            "0.3": {
              "post": [
                0.61741,
                2.6129,
                -5.03669
              ],
              "lerp_mode": "catmullrom"
            },
            "0.5": {
              "post": [
                -1.25307,
                2.43739,
                10.07781
              ],
              "lerp_mode": "catmullrom"
            },
            "0.8": {
              "post": [
                0.55226,
                2.5887,
                -4.47759
              ],
              "lerp_mode": "catmullrom"
            },
            "1.0": {
              "post": [
                -1.25307,
                2.43739,
                10.07781
              ],
              "lerp_mode": "catmullrom"
            }
          }
        },
        "hair26": {
          "rotation": {
            "0.0": {
              "post": [
                -1.02235,
                12.60393,
                -12.5524
              ],
              "lerp_mode": "catmullrom"
            },
            "0.3": {
              "post": [
                5.97504,
                11.53733,
                6.25463
              ],
              "lerp_mode": "catmullrom"
            },
            "0.5": {
              "post": [
                -1.02235,
                12.60393,
                -12.5524
              ],
              "lerp_mode": "catmullrom"
            },
            "0.8": {
              "post": [
                5.74513,
                11.6521,
                5.57298
              ],
              "lerp_mode": "catmullrom"
            },
            "1.0": {
              "post": [
                -1.02235,
                12.60393,
                -12.5524
              ],
              "lerp_mode": "catmullrom"
            }
          }
        },
        "hair11": {
          "rotation": {
            "0.0": {
              "post": [
                0,
                0,
                17.5
              ],
              "lerp_mode": "catmullrom"
            },
            "0.3": {
              "post": [
                0,
                0,
                5
              ],
              "lerp_mode": "catmullrom"
            },
            "0.5": {
              "post": [
                0,
                0,
                17.5
              ],
              "lerp_mode": "catmullrom"
            },
            "0.8": {
              "post": [
                -8.71661,
                2.3196,
                -10.1025
              ],
              "lerp_mode": "catmullrom"
            },
            "1.0": {
              "post": [
                0,
                0,
                17.5
              ],
              "lerp_mode": "catmullrom"
            }
          }
        },
        "bangs2": {
          "rotation": {
            "0.0": {
              "post": [
                0,
                0,
                -22.5
              ],
              "lerp_mode": "catmullrom"
            },
            "0.3": {
              "post": [
                0,
                0,
                -10
              ],
              "lerp_mode": "catmullrom"
            },
            "0.5": {
              "post": [
                0,
                0,
                -22.5
              ],
              "lerp_mode": "catmullrom"
            },
            "0.8": {
              "post": [
                0,
                0,
                -0.46
              ],
              "lerp_mode": "catmullrom"
            },
            "1.0": {
              "post": [
                0,
                0,
                -22.5
              ],
              "lerp_mode": "catmullrom"
            }
          }
        },
        "bangs": {
          "rotation": {
            "0.0": {
              "post": [
                0,
                0,
                17.5
              ],
              "lerp_mode": "catmullrom"
            },
            "0.3": {
              "post": [
                0,
                0,
                10
              ],
              "lerp_mode": "catmullrom"
            },
            "0.5": {
              "post": [
                0,
                0,
                17.5
              ],
              "lerp_mode": "catmullrom"
            },
            "0.8": {
              "post": [
                0.39515,
                2.57543,
                3.01342
              ],
              "lerp_mode": "catmullrom"
            },
            "1.0": {
              "post": [
                0,
                0,
                17.5
              ],
              "lerp_mode": "catmullrom"
            }
          }
        },
        "left_arm": {
          "rotation": {
            "0.0": {
              "post": [
                92.5,
                0,
                0
              ],
              "lerp_mode": "catmullrom"
            },
            "0.4": {
              "post": [
                -46.18124,
                -1.30593,
                5.60974
              ],
              "lerp_mode": "catmullrom"
            },
            "1.0": {
              "post": [
                92.5,
                0,
                0
              ],
              "lerp_mode": "catmullrom"
            }
          }
        },
        "left_arm2": {
          "rotation": {
            "0.0": {
              "post": [
                -17.5,
                0,
                0
              ],
              "lerp_mode": "catmullrom"
            },
            "0.6": {
              "post": [
                -62.5,
                0,
                0
              ],
              "lerp_mode": "catmullrom"
            },
            "1.0": {
              "post": [
                -17.5,
                0,
                0
              ],
              "lerp_mode": "catmullrom"
            }
          }
        },
        "left_hand": {
          "rotation": {
            "0.0": {
              "post": [
                -12.5,
                0,
                0
              ],
              "lerp_mode": "catmullrom"
            },
            "0.5": {
              "post": [
                -47.5,
                0,
                0
              ],
              "lerp_mode": "catmullrom"
            },
            "1.0": {
              "post": [
                -12.5,
                0,
                0
              ],
              "lerp_mode": "catmullrom"
            }
          }
        },
        "right_arm": {
          "rotation": {
            "0.0": {
              "post": [
                -52.5,
                0,
                0
              ],
              "lerp_mode": "catmullrom"
            },
            "0.4": {
              "post": [
                69.34609,
                -2.8756,
                6.02037
              ],
              "lerp_mode": "catmullrom"
            },
            "1.0": {
              "post": [
                -52.5,
                0,
                0
              ],
              "lerp_mode": "catmullrom"
            }
          }
        },
        "right_arm2": {
          "rotation": {
            "0.0": {
              "post": [
                -22.5,
                0,
                0
              ],
              "lerp_mode": "catmullrom"
            },
            "0.6": {
              "post": [
                27.5,
                0,
                0
              ],
              "lerp_mode": "catmullrom"
            },
            "1.0": {
              "post": [
                -22.5,
                0,
                0
              ],
              "lerp_mode": "catmullrom"
            }
          }
        },
        "right_hand": {
          "rotation": {
            "0.0": {
              "post": [
                -7.5,
                0,
                0
              ],
              "lerp_mode": "catmullrom"
            },
            "0.5": {
              "post": [
                32.5,
                0,
                0
              ],
              "lerp_mode": "catmullrom"
            },
            "1.0": {
              "post": [
                -7.5,
                0,
                0
              ],
              "lerp_mode": "catmullrom"
            }
          }
        },
        "skirt": {
          "rotation": {
            "0.0": {
              "post": [
                0,
                0,
                0
              ],
              "lerp_mode": "catmullrom"
            },
            "0.3": {
              "post": [
                12.45392,
                -1.08089,
                4.88206
              ],
              "lerp_mode": "catmullrom"
            },
            "0.5": {
              "post": [
                -0.28,
                0,
                0
              ],
              "lerp_mode": "catmullrom"
            },
            "0.8": {
              "post": [
                6.53525,
                0.5705,
                -4.96743
              ],
              "lerp_mode": "catmullrom"
            },
            "1.0": {
              "post": [
                0,
                0,
                0
              ],
              "lerp_mode": "catmullrom"
            }
          }
        }
      }
    },
    "animation.ragatha_01.attack": {
      "loop": true,
      "bones": {
        "right_leg": {
          "rotation": [
            26.06663,
            9.08661,
            -17.89244
          ]
        },
        "base": {
          "rotation": [
            41.28773,
            -18.42031,
            -7.92945
          ]
        },
        "head": {
          "rotation": [
            -20.88852,
            16.41371,
            -6.15491
          ]
        },
        "left_arm": {
          "rotation": [
            0,
            0,
            7.5
          ]
        },
        "left_arm2": {
          "rotation": [
            0,
            0,
            -27.5
          ]
        },
        "right_arm": {
          "rotation": [
            -77.5,
            0,
            0
          ]
        },
        "right_hand": {
          "rotation": [
            0,
            0,
            -25
          ]
        },
        "skirt": {
          "rotation": [
            -25,
            0,
            0
          ]
        }
      }
    }
  }
}