{
	"format_version": "1.16.100",
	"minecraft:item": {
		"description": {
			"identifier": "knights:green_cloak",
			"category": "equipment"
		},
		"components": {
			"minecraft:max_stack_size": 1,
			"minecraft:display_name": {
				"value": "Green Cloak"
			},
			"minecraft:enchantable": {
				"value": 9,
				"slot": "armor_feet"
			},
			"minecraft:icon": {
				"texture": "knights_green_cloak"
			},
			"minecraft:render_offsets": "boots",
			"minecraft:armor": {
				"protection": 1
			},
			"minecraft:wearable": {
				"slot": "slot.armor.feet"
			},
			"minecraft:creative_category": {
				"parent": "itemGroup.name.boots"
			}
		}
	}
}