{"mob.yg_huggy_buddys.ambient":{"max_distance":20,"sounds":["sounds/mobs/huggy_buddys/huggy_buddys_idle"]},"mob.yg_mommy_long_legs.ambient":{"max_distance":20,"sounds":["sounds/mobs/mommy_long_legs/mommy_idle","sounds/mobs/mommy_long_legs/mommy_idle2","sounds/mobs/mommy_long_legs/mommy_idle3","sounds/mobs/mommy_long_legs/mommy_idle4","sounds/mobs/mommy_long_legs/mommy_idle5","sounds/mobs/mommy_long_legs/mommy_idle6","sounds/mobs/mommy_long_legs/mommy_idle7","sounds/mobs/mommy_long_legs/mommy_idle8","sounds/mobs/mommy_long_legs/mommy_idle9","sounds/mobs/mommy_long_legs/mommy_idle10","sounds/mobs/mommy_long_legs/mommy_idle11","sounds/mobs/mommy_long_legs/mommy_idle12"]},"mob.yg_poppy.ambient":{"max_distance":20,"sounds":["sounds/mobs/poppy/poppy_idle","sounds/mobs/poppy/poppy_idle2","sounds/mobs/poppy/poppy_idle3","sounds/mobs/poppy/poppy_idle4","sounds/mobs/poppy/poppy_idle5","sounds/mobs/poppy/poppy_idle6","sounds/mobs/poppy/poppy_idle7"]},"mob.yg_prototype.ambient":{"max_distance":20,"sounds":["sounds/mobs/prototype/prototype_idle"]},"mob.yg_bunzo_bunny.attack":{"category":"hostile","max_distance":100,"sounds":["sounds/mobs/bunzo_bunny/bunzo_attack"]},"mob.yg_catnap.attack":{"category":"hostile","max_distance":100,"sounds":["sounds/mobs/catnap/catnap_attack"]},"mob.yg_huggy_wuggy.attack":{"category":"hostile","max_distance":100,"sounds":["sounds/mobs/huggy_wuggy/huggy_attack"]},"mob.yg_huggy_buddys.attack":{"category":"hostile","max_distance":100,"sounds":["sounds/mobs/huggy_buddys/huggy_buddys_attack"]},"mob.yg_mommy_long_legs.attack":{"category":"hostile","max_distance":20,"sounds":["sounds/mobs/mommy_long_legs/mommy_attack"]},"mob.yg_pj_pugapillar.attack":{"category":"hostile","max_distance":100,"sounds":["sounds/mobs/pj_pugapillar/pj_pugapillar_attack"]},"mob.yg_bunzo_bunny.death":{"category":" neutral","sounds":["sounds/mobs/bunzo_bunny/bunzo_death"]},"mob.yg_huggy_buddys.death":{"category":" neutral","sounds":["sounds/mobs/huggy_buddys/huggy_buddys_death"]},"mob.yg_mommy_long_legs.death":{"category":" neutral","sounds":["sounds/mobs/mommy_long_legs/mommy_death"]},"mob.yg_poppy.death":{"category":" neutral","sounds":["sounds/mobs/poppy/poppy_death"]},"mob.yg_bunzo_bunny.hurt":{"category":" neutral","sounds":["sounds/mobs/bunzo_bunny/bunzo_hurt"]},"mob.yg_huggy_buddys.hurt":{"category":" neutral","sounds":["sounds/mobs/huggy_buddys/huggy_buddys_hurt"]},"mob.yg_mommy_long_legs.hurt":{"category":" neutral","sounds":["sounds/mobs/mommy_long_legs/mommy_hurt","sounds/mobs/mommy_long_legs/mommy_hurt2"]},"mob.yg_poppy.hurt":{"category":" neutral","sounds":["sounds/mobs/poppy/poppy_hurt"]},"mob.yg_bunzo_bunny.step":{"max_distance":20,"sounds":["sounds/mobs/bunzo_bunny/bunzo_step"]},"mob.yg_huggy_wuggy.target":{"category":"music","sounds":[{"name":"sounds/mobs/chase/huggy_theme","load_on_low_memory":true,"volume":1,"stream":true}]},"music.yg_huggy_wuggy.target":{"category":"music","sounds":[{"name":"sounds/chase/huggy_theme","stream":true,"volume":0.6,"load_on_low_memory":true}]},"music.yg_mommy_long_legs.target":{"category":"music","sounds":[{"name":"sounds/chase/mommy_theme","stream":true,"volume":0.6,"load_on_low_memory":true}]},"mob.yg_catnap.roar":{"category":"hostile","max_distance":25,"sounds":["sounds/mobs/catnap/catnap_roar"]},"grabpack.shoot":{"category":"neutral","sounds":["sounds/grabpack_shoot"]}}