{
  "resource_pack_name": "vanilla",
  "texture_name": "atlas.items",
  "texture_data": {
    "egg_camel": {
      "textures": "textures/items/egg_camel"
    },
    "egg_lion": {
      "textures": "textures/items/egg_lion"
    },
    "egg_penguin": {
      "textures": "textures/items/egg_penguin"
    },
    "egg_tiger": {
      "textures": "textures/items/egg_tiger"
    },
    "egg_elephant": {
      "textures": "textures/items/egg_elephant"
    },
    "egg_deer": {
      "textures": "textures/items/egg_deer"
    },
    "egg_panther": {
      "textures": "textures/items/egg_panther"
    },
    "egg_frog": {
      "textures": "textures/items/egg_frog"
    },
    "egg_crocodile": {
      "textures": "textures/items/egg_crocodile"
    },
    "egg_mouse": {
      "textures": "textures/items/egg_mouse"
    },
    "gallardo": {
      "textures": "textures/items/gallardo"
    },
    "bench": {
      "textures": "textures/items/bench"
    },
    "christmas_tree": {
      "textures": "textures/items/christmas_tree"
    },
    "tivi": {
      "textures": "textures/items/tivi"
    },
    "closet": {
      "textures": "textures/items/closet"
    },
    "laptop": {
      "textures": "textures/items/laptop"
    },
    "piano": {
      "textures": "textures/items/piano"
    },
    "armchairs": {
      "textures": "textures/items/armchairs"
    },
    "chair": {
      "textures": "textures/items/chair"
    },
    "big_table": {
      "textures": "textures/items/big_table"
    },
    "small_table": {
      "textures": "textures/items/small_table"
    },
    "drone": {
      "textures": "textures/items/drone"
    },
    "colorful_gifts": {
      "textures": "textures/items/colorful_gifts"
    },
    "fc:raw_koi": {
      "textures": "textures/items/pamobile/fc_raw_koi"
    },
    "fc:deer": {
      "textures": "textures/items/pamobile/fc_deer"
    },
    "fc_unicorn_horn_sword": {
      "textures": "textures/items/pamobile/fc_unicorn_horn_sword"
    },
    "fc:yeti": {
      "textures": "textures/items/pamobile/fc_yeti"
    },
    "fc_siren_sword": {
      "textures": "textures/items/pamobile/fc_siren_sword"
    },
    "fc:medusa": {
      "textures": "textures/items/pamobile/fc_medusa"
    },
    "fc_flower_tiara": {
      "textures": [
        "textures/items/pamobile/fc_flower_tiara"
      ]
    },
    "fc:death_worm_leather": {
      "textures": "textures/items/pamobile/fc_death_worm_leather"
    },
    "fc:lhamacorn": {
      "textures": "textures/items/pamobile/fc_lhamacorn"
    },
    "fc_siren_tail_green": {
      "textures": [
        "textures/items/pamobile/fc_siren_tail_green"
      ]
    },
    "fc_yeti_chestplate": {
      "textures": [
        "textures/items/pamobile/fc_yeti_chestplate"
      ]
    },
    "fc_siren_tail": {
      "textures": [
        "textures/items/pamobile/fc_siren_tail"
      ]
    },
    "fc:ent": {
      "textures": "textures/items/pamobile/fc_ent"
    },
    "fc:hippocampus": {
      "textures": "textures/items/pamobile/fc_hippocampus"
    },
    "fc:cocked_koi": {
      "textures": "textures/items/pamobile/fc_cocked_koi"
    },
    "fc_siren_tail_purple": {
      "textures": [
        "textures/items/pamobile/fc_siren_tail_purple"
      ]
    },
    "fc_fairy_dust_arrow": {
      "textures": "textures/items/pamobile/fc_fairy_dust_arrow"
    },
    "fc:fairy_dust": {
      "textures": "textures/items/pamobile/fc_fairy_dust"
    },
    "fc_siren_tail_pink": {
      "textures": [
        "textures/items/pamobile/fc_siren_tail_pink"
      ]
    },
    "fc:siren_scale": {
      "textures": "textures/items/pamobile/fc_siren_scale"
    },
    "fc_siren_helmet": {
      "textures": [
        "textures/items/pamobile/fc_siren_helmet"
      ]
    },
    "fc_medusa_head": {
      "textures": "textures/items/pamobile/fc_medusa_head"
    },
    "fc_spear": {
      "textures": "textures/items/pamobile/fc_spear"
    },
    "fc:unicorn_horn": {
      "textures": "textures/items/pamobile/fc_unicorn_horn"
    },
    "fc:candy": {
      "textures": "textures/items/pamobile/fc_candy"
    },
    "fc:yeti_leather": {
      "textures": "textures/items/pamobile/fc_yeti_leather"
    },
    "fc:ningyo": {
      "textures": "textures/items/pamobile/fc_ningyo"
    },
    "fc:siren": {
      "textures": "textures/items/pamobile/fc_siren"
    },
    "fc:dirt_golem": {
      "textures": "textures/items/pamobile/fc_dirt_golem"
    },
    "fc:koi": {
      "textures": "textures/items/pamobile/fc_koi"
    },
    "fc:death_worm": {
      "textures": "textures/items/pamobile/fc_death_worm"
    },
    "fc:minotauro": {
      "textures": "textures/items/pamobile/fc_minotauro"
    },
    "fc:goblin": {
      "textures": "textures/items/pamobile/fc_goblin"
    },
    "fc:fairy": {
      "textures": "textures/items/pamobile/fc_fairy"
    }
  }
}