{
  "resource_pack_name": "vanilla",
  "texture_name": "atlas.items",
  "texture_data": {
    "egg_camel": {
      "textures": "textures/items/egg_camel"
    },
    "egg_lion": {
      "textures": "textures/items/egg_lion"
    },
    "egg_penguin": {
      "textures": "textures/items/egg_penguin"
    },
    "egg_tiger": {
      "textures": "textures/items/egg_tiger"
    },
    "egg_elephant": {
      "textures": "textures/items/egg_elephant"
    },
    "egg_deer": {
      "textures": "textures/items/egg_deer"
    },
    "egg_panther": {
      "textures": "textures/items/egg_panther"
    },
    "egg_frog": {
      "textures": "textures/items/egg_frog"
    },
    "egg_crocodile": {
      "textures": "textures/items/egg_crocodile"
    },
    "egg_mouse": {
      "textures": "textures/items/egg_mouse"
    },
    "gallardo": {
      "textures": "textures/items/gallardo"
    },
    "bench": {
      "textures": "textures/items/bench"
    },
    "christmas_tree": {
      "textures": "textures/items/christmas_tree"
    },
    "tivi": {
      "textures": "textures/items/tivi"
    },
    "closet": {
      "textures": "textures/items/closet"
    },
    "laptop": {
      "textures": "textures/items/laptop"
    },
    "piano": {
      "textures": "textures/items/piano"
    },
    "armchairs": {
      "textures": "textures/items/armchairs"
    },
    "chair": {
      "textures": "textures/items/chair"
    },
    "big_table": {
      "textures": "textures/items/big_table"
    },
    "small_table": {
      "textures": "textures/items/small_table"
    },
    "drone": {
      "textures": "textures/items/drone"
    },
    "colorful_gifts": {
      "textures": "textures/items/colorful_gifts"
    },
    "pa:jax": {
      "textures": "textures/items/pamobile/pa_jax"
    },
    "pa:gangle": {
      "textures": "textures/items/pamobile/pa_gangle"
    },
    "pa:ragatha": {
      "textures": "textures/items/pamobile/pa_ragatha"
    },
    "pa:pomni": {
      "textures": "textures/items/pamobile/pa_pomni"
    },
    "pa:kinger": {
      "textures": "textures/items/pamobile/pa_kinger"
    },
    "pa:bubble": {
      "textures": "textures/items/pamobile/pa_bubble"
    },
    "pa:caine": {
      "textures": "textures/items/pamobile/pa_caine"
    },
    "pa:zooble": {
      "textures": "textures/items/pamobile/pa_zooble"
    },
    "pa:queenie": {
      "textures": "textures/items/pamobile/pa_queenie"
    },
    "pa:abstracted": {
      "textures": "textures/items/pamobile/pa_abstracted"
    },
    "pa:ragatha_abstract": {
      "textures": "textures/items/pamobile/pa_ragatha_abstract"
    }
  }
}