{
	"format_version": "1.16.100",
	"minecraft:item": {
		"description": {
			"identifier": "knights:netherite_ninjato_twohanded",
			"category": "equipment"
		},
		"components": {
			"minecraft:can_destroy_in_creative": false,
			"minecraft:creative_category": {
				"parent": "itemGroup.name.sword"
			},
			"minecraft:durability": {
				"max_durability": 2031
			},
			"minecraft:damage": 10,
			"minecraft:digger": {
				"use_efficiency": true,
				"destroy_speeds": [
					{
						"block": "minecraft:web",
						"on_dig": {
							"event": "on_tool_used",
							"target": "self"
						},
						"speed": 50
					},
					{
						"block": "minecraft:bamboo",
						"on_dig": {
							"event": "on_tool_used",
							"target": "self"
						},
						"speed": 150
					}
				]
			},
			"minecraft:enchantable": {
				"value": 14,
				"slot": "sword"
			},
			"minecraft:hand_equipped": true,
			"minecraft:allow_off_hand": true,
			"minecraft:display_name": {
				"value": "Netherite Ninjato"
			},
			"minecraft:icon": {
				"texture": "knights_netherite_ninjato_twohanded"
			},
			"minecraft:max_stack_size": 1,
			"minecraft:repairable": {
				"repair_items": [
					{
						"items": [
							"minecraft:netherite_ingot"
						],
						"repair_amount": "query.max_durability*0.25"
					},
					{
						"items": [
							"minecraft:netherite_scrap"
						],
						"repair_amount": "query.max_durability*0.125"
					},
					{
						"items": [
							"knights:netherite_ninjato_twohanded"
						],
						"repair_amount": "context.other->query.remaining_durability+0.12*context.other->query.max_durability"
					}
				]
			},
			"minecraft:weapon": {
				"on_hurt_entity": {
					"event": "ninjato",
					"target": "self"
				}
			},
			"tag:minecraft:is_sword": {},
			"tag:damage:netherite": {},
			"tag:minecraft:is_odachi": {},
			"tag:minecraft:is_tool": {}
		},
		"events": {
			"ninjato": {
				"sequence": [
					{
						"condition": "query.health<=14",
						"run_command": {
							"command": [
								"effect @s speed 5 1 true"
							]
						}
					}
				],
				"damage": {
					"type": "durability",
					"amount": 1,
					"target": "self"
				}
			},
			"on_tool_used": {
				"damage": {
					"type": "durability",
					"amount": 2,
					"target": "self"
				}
			}
		}
	}
}