{
  "format_version": "1.10.0",
  "animation_controllers": {
    "controller.animation.3d_item": {
      "initial_state": "default",
      "states": {
        "default": {
          "on_entry": [
            "/tag @s[name=\"Wooden Mace\"] add wdnMace",
            "/tag @s[name=\"Stone Mace\"] add stnMace",
            "/tag @s[name=\"Iron Mace\"] add rnMace",
            "/tag @s[name=\"Golden Mace\"] add gldnMace",
            "/tag @s[name=\"Diamond Mace\"] add dmndMace",
            "/tag @s[name=\"Netherite Mace\"] add nthrMace",
            "/tag @s[name=\"Giant Mace\"] add gntMace",
            "/tag @s[name=\"Wooden Saber\"] add wdnSaber",
            "/tag @s[name=\"Stone Saber\"] add stnSaber",
            "/tag @s[name=\"Iron Saber\"] add rnSaber",
            "/tag @s[name=\"Golden Saber\"] add gldnSaber",
            "/tag @s[name=\"Diamond Saber\"] add dmndSaber",
            "/tag @s[name=\"Netherite Saber\"] add nthrSaber",
            "/tag @s[name=\"Chaos Steel Saber\"] add chsSaber",
            "/tag @s[name=\"Wooden Dagger\"] add wdndagger",
            "/tag @s[name=\"Stone Dagger\"] add stndagger",
            "/tag @s[name=\"Iron Dagger\"] add rndagger",
            "/tag @s[name=\"Golden Dagger\"] add gldndagger",
            "/tag @s[name=\"Diamond Dagger\"] add dmnddagger",
            "/tag @s[name=\"Netherite Dagger\"] add nthrdagger",
            "/tag @s[name=\"Wooden Katana\"] add wdnkatana",
            "/tag @s[name=\"Stone Katana\"] add stnkatana",
            "/tag @s[name=\"Iron Katana\"] add rnkatana",
            "/tag @s[name=\"Golden Katana\"] add gldnkatana",
            "/tag @s[name=\"Diamond Katana\"] add dmndkatana",
            "/tag @s[name=\"Netherite Katana\"] add nthrkatana",
            "/tag @s[name=\"Wooden Longsword\"] add wdnLngswrd",
            "/tag @s[name=\"Stone Longsword\"] add stnLngswrd",
            "/tag @s[name=\"Iron Longsword\"] add rnLngswrd",
            "/tag @s[name=\"Golden Longsword\"] add gldnLngswrd",
            "/tag @s[name=\"Diamond Longsword\"] add dmndLngswrd",
            "/tag @s[name=\"Netherite Longsword\"] add nthrLngswrd",
            "/tag @s[name=\"Wooden Spear\"] add wdnSpear",
            "/tag @s[name=\"Stone Spear\"] add stnSpear",
            "/tag @s[name=\"Iron Spear\"] add rnSpear",
            "/tag @s[name=\"Golden Spear\"] add gldnSpear",
            "/tag @s[name=\"Diamond Spear\"] add dmndSpear",
            "/tag @s[name=\"Netherite Spear\"] add nthrSpear",
            "/tag @s[name=\"Wooden Glaive\"] add wdnGlaive",
            "/tag @s[name=\"Stone Glaive\"] add stnGlaive",
            "/tag @s[name=\"Iron Glaive\"] add rnGlaive",
            "/tag @s[name=\"Golden Glaive\"] add gldnGlaive",
            "/tag @s[name=\"Diamond Glaive\"] add dmndGlaive",
            "/tag @s[name=\"Netherite Glaive\"] add nthrGlaive",
            "/tag @s[name=\"Wooden Katar\"] add wdnKatar",
            "/tag @s[name=\"Stone Katar\"] add stnKatar",
            "/tag @s[name=\"Iron Katar\"] add rnKatar",
            "/tag @s[name=\"Golden Katar\"] add gldnKatar",
            "/tag @s[name=\"Diamond Katar\"] add dmndKatar",
            "/tag @s[name=\"Netherite Katar\"] add nthrKatar",
            "/tag @s[name=\"Wooden Lance\"] add wdnLance",
            "/tag @s[name=\"Stone Lance\"] add stnLance",
            "/tag @s[name=\"Iron Lance\"] add rnLance",
            "/tag @s[name=\"Golden Lance\"] add gldnLance",
            "/tag @s[name=\"Diamond Lance\"] add dmndLance",
            "/tag @s[name=\"Netherite Lance\"] add nthrLance",
            "/tag @s[name=\"Iron Rapier\"] add rnRapier",
            "/tag @s[name=\"Golden Rapier\"] add gldnRapier",
            "/tag @s[name=\"Diamond Rapier\"] add dmndRapier",
            "/tag @s[name=\"Netherite Rapier\"] add nthrRapier",
            "/tag @s[name=\"Wooden Longsword\"] add wdnLngswrd",
            "/tag @s[name=\"Stone Longsword\"] add stnLngswrd",
            "/tag @s[name=\"Iron Longsword\"] add rnLngswrd",
            "/tag @s[name=\"Golden Longsword\"] add gldnLngswrd",
            "/tag @s[name=\"Diamond Longsword\"] add dmndLngswrd",
            "/tag @s[name=\"Netherite Longsword\"] add nthrLngswrd",
            "/tag @s[name=\"Wooden Wakizashi\"] add wdnWkzsh",
            "/tag @s[name=\"Stone Wakizashi\"] add stnWkzsh",
            "/tag @s[name=\"Iron Wakizashi\"] add rnWkzsh",
            "/tag @s[name=\"Golden Wakizashi\"] add gldnWkzsh",
            "/tag @s[name=\"Diamond Wakizashi\"] add dmndWkzsh",
            "/tag @s[name=\"Netherite Wakizashi\"] add nthrWkzsh",
            "/tag @s[name=\"Stone Greatsword\"] add stnGrtswrd",
            "/tag @s[name=\"Iron Greatsword\"] add rnGrtswrd",
            "/tag @s[name=\"Netherite Greatsword\"] add nthrGrtswrd",
            "/tag @s[name=\"Bec De Corbin\"] add bdc",
            "/tag @s[name=\"Polehammer\"] add plhmmr",
            "/tag @s[name=\"Iron Odachi\"] add rnOdachi"
          ]
        }
      }
    }
  }
}