{
  "format_version": "1.12.0",
  "minecraft:geometry": [
    {
      "description": {
        "identifier": "geometry.pa_bantengan",
        "texture_width": 128,
        "texture_height": 128,
        "visible_bounds_width": 5,
        "visible_bounds_height": 5,
        "visible_bounds_offset": [
          0,
          0.5,
          0
        ]
      },
      "bones": [
        {
          "name": "bb_main",
          "cubes": [
            {
              "origin": [
                -5.0,
                0.0,
                -1.0
              ],
              "size": [
                10.0,
                6.0,
                9.0
              ],
              "uv": {
                "north": {
                  "uv": [
                    0,
                    92.75
                  ],
                  "uv_size": [
                    41.58333,
                    35.25
                  ]
                },
                "east": {
                  "uv": [
                    0,
                    93.41667
                  ],
                  "uv_size": [
                    37.08333,
                    34.58333
                  ]
                },
                "south": {
                  "uv": [
                    0,
                    85.33333
                  ],
                  "uv_size": [
                    41.58333,
                    42.66667
                  ]
                },
                "west": {
                  "uv": [
                    0,
                    85.91667
                  ],
                  "uv_size": [
                    42.16667,
                    42.08333
                  ]
                },
                "up": {
                  "uv": [
                    43.16667,
                    128
                  ],
                  "uv_size": [
                    -43.16667,
                    -43.41667
                  ]
                },
                "down": {
                  "uv": [
                    40.58333,
                    128
                  ],
                  "uv_size": [
                    -40.58333,
                    -38.33333
                  ]
                }
              },
              "inflate": 0
            },
            {
              "origin": [
                -5.1,
                3.0,
                -1.0
              ],
              "size": [
                0.1,
                1.0,
                6.0
              ],
              "uv": {
                "north": {
                  "uv": [
                    86.41667,
                    92.75
                  ],
                  "uv_size": [
                    41.58333,
                    35.25
                  ]
                },
                "east": {
                  "uv": [
                    90.91667,
                    93.41667
                  ],
                  "uv_size": [
                    37.08333,
                    34.58333
                  ]
                },
                "south": {
                  "uv": [
                    86.41667,
                    85.33333
                  ],
                  "uv_size": [
                    41.58333,
                    42.66667
                  ]
                },
                "west": {
                  "uv": [
                    85.83333,
                    85.91667
                  ],
                  "uv_size": [
                    42.16667,
                    42.08333
                  ]
                },
                "up": {
                  "uv": [
                    128,
                    128
                  ],
                  "uv_size": [
                    -43.16667,
                    -43.41667
                  ]
                },
                "down": {
                  "uv": [
                    128,
                    128
                  ],
                  "uv_size": [
                    -40.58333,
                    -38.33333
                  ]
                }
              },
              "inflate": 0
            },
            {
              "origin": [
                5.0,
                3.0,
                -1.0
              ],
              "size": [
                0.1,
                1.0,
                6.0
              ],
              "uv": {
                "north": {
                  "uv": [
                    86.41667,
                    92.75
                  ],
                  "uv_size": [
                    41.58333,
                    35.25
                  ]
                },
                "east": {
                  "uv": [
                    90.91667,
                    93.41667
                  ],
                  "uv_size": [
                    37.08333,
                    34.58333
                  ]
                },
                "south": {
                  "uv": [
                    86.41667,
                    85.33333
                  ],
                  "uv_size": [
                    41.58333,
                    42.66667
                  ]
                },
                "west": {
                  "uv": [
                    85.83333,
                    85.91667
                  ],
                  "uv_size": [
                    42.16667,
                    42.08333
                  ]
                },
                "up": {
                  "uv": [
                    128,
                    128
                  ],
                  "uv_size": [
                    -43.16667,
                    -43.41667
                  ]
                },
                "down": {
                  "uv": [
                    128,
                    128
                  ],
                  "uv_size": [
                    -40.58333,
                    -38.33333
                  ]
                }
              },
              "inflate": 0
            },
            {
              "origin": [
                -4.0,
                0.0,
                -8.0
              ],
              "size": [
                8.0,
                4.0,
                8.0
              ],
              "uv": {
                "north": {
                  "uv": [
                    0,
                    92.75
                  ],
                  "uv_size": [
                    41.58333,
                    35.25
                  ]
                },
                "east": {
                  "uv": [
                    0,
                    93.41667
                  ],
                  "uv_size": [
                    37.08333,
                    34.58333
                  ]
                },
                "south": {
                  "uv": [
                    0,
                    85.33333
                  ],
                  "uv_size": [
                    41.58333,
                    42.66667
                  ]
                },
                "west": {
                  "uv": [
                    0,
                    85.91667
                  ],
                  "uv_size": [
                    42.16667,
                    42.08333
                  ]
                },
                "up": {
                  "uv": [
                    43.16667,
                    128
                  ],
                  "uv_size": [
                    -43.16667,
                    -43.41667
                  ]
                },
                "down": {
                  "uv": [
                    40.58333,
                    128
                  ],
                  "uv_size": [
                    -40.58333,
                    -38.33333
                  ]
                }
              },
              "inflate": 0
            },
            {
              "origin": [
                -4.0,
                2.0,
                -8.1
              ],
              "size": [
                8.0,
                2.0,
                0.0
              ],
              "uv": {
                "north": {
                  "uv": [
                    2.13333,
                    29.28333
                  ],
                  "uv_size": [
                    63.27222,
                    17.47222
                  ]
                },
                "east": {
                  "uv": [
                    90.91667,
                    0
                  ],
                  "uv_size": [
                    37.08333,
                    34.58333
                  ]
                },
                "south": {
                  "uv": [
                    86.41667,
                    0
                  ],
                  "uv_size": [
                    41.58333,
                    42.66667
                  ]
                },
                "west": {
                  "uv": [
                    85.83333,
                    0
                  ],
                  "uv_size": [
                    42.16667,
                    42.08333
                  ]
                },
                "up": {
                  "uv": [
                    128,
                    43.41667
                  ],
                  "uv_size": [
                    -43.16667,
                    -43.41667
                  ]
                },
                "down": {
                  "uv": [
                    128,
                    38.33333
                  ],
                  "uv_size": [
                    -40.58333,
                    -38.33333
                  ]
                }
              },
              "inflate": 0
            },
            {
              "origin": [
                4.1,
                2.0,
                -8.1
              ],
              "size": [
                0.0,
                2.0,
                2.0
              ],
              "uv": {
                "north": {
                  "uv": [
                    86.41667,
                    0
                  ],
                  "uv_size": [
                    41.58333,
                    35.25
                  ]
                },
                "east": {
                  "uv": [
                    90.91667,
                    0
                  ],
                  "uv_size": [
                    37.08333,
                    34.58333
                  ]
                },
                "south": {
                  "uv": [
                    86.41667,
                    0
                  ],
                  "uv_size": [
                    41.58333,
                    42.66667
                  ]
                },
                "west": {
                  "uv": [
                    32.92222,
                    29.38333
                  ],
                  "uv_size": [
                    -32.92222,
                    17.90556
                  ]
                },
                "up": {
                  "uv": [
                    128,
                    43.41667
                  ],
                  "uv_size": [
                    -43.16667,
                    -43.41667
                  ]
                },
                "down": {
                  "uv": [
                    128,
                    38.33333
                  ],
                  "uv_size": [
                    -40.58333,
                    -38.33333
                  ]
                }
              },
              "inflate": 0
            },
            {
              "origin": [
                -4.1,
                2.0,
                -8.1
              ],
              "size": [
                0.0,
                2.0,
                2.0
              ],
              "uv": {
                "north": {
                  "uv": [
                    86.41667,
                    0
                  ],
                  "uv_size": [
                    41.58333,
                    35.25
                  ]
                },
                "east": {
                  "uv": [
                    0,
                    29.23889
                  ],
                  "uv_size": [
                    32.63889,
                    17.69444
                  ]
                },
                "south": {
                  "uv": [
                    86.41667,
                    0
                  ],
                  "uv_size": [
                    41.58333,
                    42.66667
                  ]
                },
                "west": {
                  "uv": [
                    85.83333,
                    0
                  ],
                  "uv_size": [
                    42.16667,
                    42.08333
                  ]
                },
                "up": {
                  "uv": [
                    128,
                    43.41667
                  ],
                  "uv_size": [
                    -43.16667,
                    -43.41667
                  ]
                },
                "down": {
                  "uv": [
                    128,
                    38.33333
                  ],
                  "uv_size": [
                    -40.58333,
                    -38.33333
                  ]
                }
              },
              "inflate": 0
            },
            {
              "origin": [
                -4.0,
                4.0,
                -8.0
              ],
              "size": [
                8.0,
                2.0,
                3.0
              ],
              "uv": {
                "north": {
                  "uv": [
                    0,
                    92.75
                  ],
                  "uv_size": [
                    41.58333,
                    35.25
                  ]
                },
                "east": {
                  "uv": [
                    0,
                    93.41667
                  ],
                  "uv_size": [
                    37.08333,
                    34.58333
                  ]
                },
                "south": {
                  "uv": [
                    0,
                    85.33333
                  ],
                  "uv_size": [
                    41.58333,
                    42.66667
                  ]
                },
                "west": {
                  "uv": [
                    0,
                    85.91667
                  ],
                  "uv_size": [
                    42.16667,
                    42.08333
                  ]
                },
                "up": {
                  "uv": [
                    43.16667,
                    128
                  ],
                  "uv_size": [
                    -43.16667,
                    -43.41667
                  ]
                },
                "down": {
                  "uv": [
                    40.58333,
                    128
                  ],
                  "uv_size": [
                    -40.58333,
                    -38.33333
                  ]
                }
              },
              "inflate": 0
            },
            {
              "origin": [
                -4.0,
                6.0,
                -6.0
              ],
              "size": [
                8.0,
                0.1,
                1.0
              ],
              "uv": {
                "north": {
                  "uv": [
                    86.41667,
                    92.75
                  ],
                  "uv_size": [
                    41.58333,
                    35.25
                  ]
                },
                "east": {
                  "uv": [
                    90.91667,
                    93.41667
                  ],
                  "uv_size": [
                    37.08333,
                    34.58333
                  ]
                },
                "south": {
                  "uv": [
                    86.41667,
                    85.33333
                  ],
                  "uv_size": [
                    41.58333,
                    42.66667
                  ]
                },
                "west": {
                  "uv": [
                    85.83333,
                    85.91667
                  ],
                  "uv_size": [
                    42.16667,
                    42.08333
                  ]
                },
                "up": {
                  "uv": [
                    128,
                    128
                  ],
                  "uv_size": [
                    -43.16667,
                    -43.41667
                  ]
                },
                "down": {
                  "uv": [
                    128,
                    128
                  ],
                  "uv_size": [
                    -40.58333,
                    -38.33333
                  ]
                }
              },
              "inflate": 0
            },
            {
              "origin": [
                -4.1,
                0.0,
                -6.0
              ],
              "size": [
                0.1,
                6.1,
                1.0
              ],
              "uv": {
                "north": {
                  "uv": [
                    86.41667,
                    92.75
                  ],
                  "uv_size": [
                    41.58333,
                    35.25
                  ]
                },
                "east": {
                  "uv": [
                    90.91667,
                    93.41667
                  ],
                  "uv_size": [
                    37.08333,
                    34.58333
                  ]
                },
                "south": {
                  "uv": [
                    86.41667,
                    85.33333
                  ],
                  "uv_size": [
                    41.58333,
                    42.66667
                  ]
                },
                "west": {
                  "uv": [
                    85.83333,
                    85.91667
                  ],
                  "uv_size": [
                    42.16667,
                    42.08333
                  ]
                },
                "up": {
                  "uv": [
                    128,
                    128
                  ],
                  "uv_size": [
                    -43.16667,
                    -43.41667
                  ]
                },
                "down": {
                  "uv": [
                    128,
                    128
                  ],
                  "uv_size": [
                    -40.58333,
                    -38.33333
                  ]
                }
              },
              "inflate": 0
            },
            {
              "origin": [
                4.0,
                0.0,
                -6.0
              ],
              "size": [
                0.1,
                6.1,
                1.0
              ],
              "uv": {
                "north": {
                  "uv": [
                    86.41667,
                    92.75
                  ],
                  "uv_size": [
                    41.58333,
                    35.25
                  ]
                },
                "east": {
                  "uv": [
                    90.91667,
                    93.41667
                  ],
                  "uv_size": [
                    37.08333,
                    34.58333
                  ]
                },
                "south": {
                  "uv": [
                    86.41667,
                    85.33333
                  ],
                  "uv_size": [
                    41.58333,
                    42.66667
                  ]
                },
                "west": {
                  "uv": [
                    85.83333,
                    85.91667
                  ],
                  "uv_size": [
                    42.16667,
                    42.08333
                  ]
                },
                "up": {
                  "uv": [
                    128,
                    128
                  ],
                  "uv_size": [
                    -43.16667,
                    -43.41667
                  ]
                },
                "down": {
                  "uv": [
                    128,
                    128
                  ],
                  "uv_size": [
                    -40.58333,
                    -38.33333
                  ]
                }
              },
              "inflate": 0
            },
            {
              "origin": [
                -5.0,
                5.0,
                4.0
              ],
              "size": [
                10.0,
                3.0,
                4.0
              ],
              "uv": {
                "north": {
                  "uv": [
                    0,
                    92.75
                  ],
                  "uv_size": [
                    41.58333,
                    35.25
                  ]
                },
                "east": {
                  "uv": [
                    0,
                    93.41667
                  ],
                  "uv_size": [
                    37.08333,
                    34.58333
                  ]
                },
                "south": {
                  "uv": [
                    0,
                    85.33333
                  ],
                  "uv_size": [
                    41.58333,
                    42.66667
                  ]
                },
                "west": {
                  "uv": [
                    0,
                    85.91667
                  ],
                  "uv_size": [
                    42.16667,
                    42.08333
                  ]
                },
                "up": {
                  "uv": [
                    43.16667,
                    128
                  ],
                  "uv_size": [
                    -43.16667,
                    -43.41667
                  ]
                },
                "down": {
                  "uv": [
                    40.58333,
                    128
                  ],
                  "uv_size": [
                    -40.58333,
                    -38.33333
                  ]
                }
              },
              "inflate": 0
            },
            {
              "origin": [
                -5.0,
                4.0,
                1.0
              ],
              "size": [
                10.0,
                2.0,
                6.0
              ],
              "pivot": [
                0.0,
                0.0,
                0.0
              ],
              "rotation": [
                20.0,
                0.0,
                0.0
              ],
              "uv": {
                "north": {
                  "uv": [
                    0,
                    92.75
                  ],
                  "uv_size": [
                    41.58333,
                    35.25
                  ]
                },
                "east": {
                  "uv": [
                    0,
                    93.41667
                  ],
                  "uv_size": [
                    37.08333,
                    34.58333
                  ]
                },
                "south": {
                  "uv": [
                    0,
                    85.33333
                  ],
                  "uv_size": [
                    41.58333,
                    42.66667
                  ]
                },
                "west": {
                  "uv": [
                    0,
                    85.91667
                  ],
                  "uv_size": [
                    42.16667,
                    42.08333
                  ]
                },
                "up": {
                  "uv": [
                    43.16667,
                    128
                  ],
                  "uv_size": [
                    -43.16667,
                    -43.41667
                  ]
                },
                "down": {
                  "uv": [
                    40.58333,
                    128
                  ],
                  "uv_size": [
                    -40.58333,
                    -38.33333
                  ]
                }
              },
              "inflate": 0
            },
            {
              "origin": [
                -5.1,
                4.0,
                2.0
              ],
              "size": [
                0.0,
                2.0,
                3.0
              ],
              "pivot": [
                0.0,
                0.0,
                0.0
              ],
              "rotation": [
                20.0,
                0.0,
                0.0
              ],
              "uv": {
                "north": {
                  "uv": [
                    86.41667,
                    0
                  ],
                  "uv_size": [
                    41.58333,
                    35.25
                  ]
                },
                "east": {
                  "uv": [
                    0,
                    0
                  ],
                  "uv_size": [
                    31.57222,
                    20.18333
                  ]
                },
                "south": {
                  "uv": [
                    86.41667,
                    0
                  ],
                  "uv_size": [
                    41.58333,
                    42.66667
                  ]
                },
                "west": {
                  "uv": [
                    85.83333,
                    0
                  ],
                  "uv_size": [
                    42.16667,
                    42.08333
                  ]
                },
                "up": {
                  "uv": [
                    128,
                    43.41667
                  ],
                  "uv_size": [
                    -43.16667,
                    -43.41667
                  ]
                },
                "down": {
                  "uv": [
                    128,
                    38.33333
                  ],
                  "uv_size": [
                    -40.58333,
                    -38.33333
                  ]
                }
              },
              "inflate": 0
            },
            {
              "origin": [
                5.1,
                4.0,
                2.0
              ],
              "size": [
                0.0,
                2.0,
                3.0
              ],
              "pivot": [
                0.0,
                0.0,
                0.0
              ],
              "rotation": [
                20.0,
                0.0,
                0.0
              ],
              "uv": {
                "north": {
                  "uv": [
                    86.41667,
                    0
                  ],
                  "uv_size": [
                    41.58333,
                    35.25
                  ]
                },
                "east": {
                  "uv": [
                    90.91667,
                    0
                  ],
                  "uv_size": [
                    37.08333,
                    34.58333
                  ]
                },
                "south": {
                  "uv": [
                    86.41667,
                    0
                  ],
                  "uv_size": [
                    41.58333,
                    42.66667
                  ]
                },
                "west": {
                  "uv": [
                    0,
                    0
                  ],
                  "uv_size": [
                    32.03333,
                    20.39444
                  ]
                },
                "up": {
                  "uv": [
                    128,
                    43.41667
                  ],
                  "uv_size": [
                    -43.16667,
                    -43.41667
                  ]
                },
                "down": {
                  "uv": [
                    128,
                    38.33333
                  ],
                  "uv_size": [
                    -40.58333,
                    -38.33333
                  ]
                }
              },
              "inflate": 0
            },
            {
              "origin": [
                5.0,
                5.0,
                5.0
              ],
              "size": [
                2.0,
                2.0,
                2.0
              ],
              "uv": {
                "north": {
                  "uv": [
                    0,
                    92.75
                  ],
                  "uv_size": [
                    41.58333,
                    35.25
                  ]
                },
                "east": {
                  "uv": [
                    0,
                    93.41667
                  ],
                  "uv_size": [
                    37.08333,
                    34.58333
                  ]
                },
                "south": {
                  "uv": [
                    0,
                    85.33333
                  ],
                  "uv_size": [
                    41.58333,
                    42.66667
                  ]
                },
                "west": {
                  "uv": [
                    0,
                    85.91667
                  ],
                  "uv_size": [
                    42.16667,
                    42.08333
                  ]
                },
                "up": {
                  "uv": [
                    43.16667,
                    128
                  ],
                  "uv_size": [
                    -43.16667,
                    -43.41667
                  ]
                },
                "down": {
                  "uv": [
                    40.58333,
                    128
                  ],
                  "uv_size": [
                    -40.58333,
                    -38.33333
                  ]
                }
              },
              "inflate": 0
            },
            {
              "origin": [
                5.0,
                3.0,
                5.0
              ],
              "size": [
                3.0,
                2.0,
                0.1
              ],
              "uv": {
                "north": {
                  "uv": [
                    0,
                    92.75
                  ],
                  "uv_size": [
                    41.58333,
                    35.25
                  ]
                },
                "east": {
                  "uv": [
                    0,
                    93.41667
                  ],
                  "uv_size": [
                    37.08333,
                    34.58333
                  ]
                },
                "south": {
                  "uv": [
                    0,
                    85.33333
                  ],
                  "uv_size": [
                    41.58333,
                    42.66667
                  ]
                },
                "west": {
                  "uv": [
                    0,
                    85.91667
                  ],
                  "uv_size": [
                    42.16667,
                    42.08333
                  ]
                },
                "up": {
                  "uv": [
                    43.16667,
                    128
                  ],
                  "uv_size": [
                    -43.16667,
                    -43.41667
                  ]
                },
                "down": {
                  "uv": [
                    40.58333,
                    128
                  ],
                  "uv_size": [
                    -40.58333,
                    -38.33333
                  ]
                }
              },
              "inflate": 0
            },
            {
              "origin": [
                -8.0,
                3.0,
                5.0
              ],
              "size": [
                3.0,
                2.0,
                0.1
              ],
              "uv": {
                "north": {
                  "uv": [
                    0,
                    92.75
                  ],
                  "uv_size": [
                    41.58333,
                    35.25
                  ]
                },
                "east": {
                  "uv": [
                    0,
                    93.41667
                  ],
                  "uv_size": [
                    37.08333,
                    34.58333
                  ]
                },
                "south": {
                  "uv": [
                    0,
                    85.33333
                  ],
                  "uv_size": [
                    41.58333,
                    42.66667
                  ]
                },
                "west": {
                  "uv": [
                    0,
                    85.91667
                  ],
                  "uv_size": [
                    42.16667,
                    42.08333
                  ]
                },
                "up": {
                  "uv": [
                    43.16667,
                    128
                  ],
                  "uv_size": [
                    -43.16667,
                    -43.41667
                  ]
                },
                "down": {
                  "uv": [
                    40.58333,
                    128
                  ],
                  "uv_size": [
                    -40.58333,
                    -38.33333
                  ]
                }
              },
              "inflate": 0
            },
            {
              "origin": [
                -7.0,
                5.0,
                5.0
              ],
              "size": [
                2.0,
                2.0,
                2.0
              ],
              "uv": {
                "north": {
                  "uv": [
                    0,
                    92.75
                  ],
                  "uv_size": [
                    41.58333,
                    35.25
                  ]
                },
                "east": {
                  "uv": [
                    0,
                    93.41667
                  ],
                  "uv_size": [
                    37.08333,
                    34.58333
                  ]
                },
                "south": {
                  "uv": [
                    0,
                    85.33333
                  ],
                  "uv_size": [
                    41.58333,
                    42.66667
                  ]
                },
                "west": {
                  "uv": [
                    0,
                    85.91667
                  ],
                  "uv_size": [
                    42.16667,
                    42.08333
                  ]
                },
                "up": {
                  "uv": [
                    43.16667,
                    128
                  ],
                  "uv_size": [
                    -43.16667,
                    -43.41667
                  ]
                },
                "down": {
                  "uv": [
                    40.58333,
                    128
                  ],
                  "uv_size": [
                    -40.58333,
                    -38.33333
                  ]
                }
              },
              "inflate": 0
            },
            {
              "origin": [
                8.0,
                3.0,
                5.0
              ],
              "size": [
                3.0,
                2.0,
                2.0
              ],
              "pivot": [
                0.0,
                0.0,
                0.0
              ],
              "rotation": [
                0.0,
                0.0,
                -17.5
              ],
              "uv": {
                "north": {
                  "uv": [
                    0,
                    92.75
                  ],
                  "uv_size": [
                    41.58333,
                    35.25
                  ]
                },
                "east": {
                  "uv": [
                    0,
                    93.41667
                  ],
                  "uv_size": [
                    37.08333,
                    34.58333
                  ]
                },
                "south": {
                  "uv": [
                    0,
                    85.33333
                  ],
                  "uv_size": [
                    41.58333,
                    42.66667
                  ]
                },
                "west": {
                  "uv": [
                    0,
                    85.91667
                  ],
                  "uv_size": [
                    42.16667,
                    42.08333
                  ]
                },
                "up": {
                  "uv": [
                    43.16667,
                    128
                  ],
                  "uv_size": [
                    -43.16667,
                    -43.41667
                  ]
                },
                "down": {
                  "uv": [
                    40.58333,
                    128
                  ],
                  "uv_size": [
                    -40.58333,
                    -38.33333
                  ]
                }
              },
              "inflate": 0
            },
            {
              "origin": [
                8.0,
                -4.0,
                5.0
              ],
              "size": [
                3.0,
                2.0,
                2.0
              ],
              "pivot": [
                0.0,
                0.0,
                0.0
              ],
              "rotation": [
                0.0,
                0.0,
                -155.0
              ],
              "uv": {
                "north": {
                  "uv": [
                    0,
                    92.75
                  ],
                  "uv_size": [
                    41.58333,
                    35.25
                  ]
                },
                "east": {
                  "uv": [
                    0,
                    93.41667
                  ],
                  "uv_size": [
                    37.08333,
                    34.58333
                  ]
                },
                "south": {
                  "uv": [
                    0,
                    85.33333
                  ],
                  "uv_size": [
                    41.58333,
                    42.66667
                  ]
                },
                "west": {
                  "uv": [
                    0,
                    85.91667
                  ],
                  "uv_size": [
                    42.16667,
                    42.08333
                  ]
                },
                "up": {
                  "uv": [
                    43.16667,
                    128
                  ],
                  "uv_size": [
                    -43.16667,
                    -43.41667
                  ]
                },
                "down": {
                  "uv": [
                    40.58333,
                    128
                  ],
                  "uv_size": [
                    -40.58333,
                    -38.33333
                  ]
                }
              },
              "inflate": 0
            },
            {
              "origin": [
                10.0,
                -6.0,
                5.0
              ],
              "size": [
                3.0,
                2.0,
                2.0
              ],
              "pivot": [
                0.0,
                0.0,
                0.0
              ],
              "rotation": [
                0.0,
                0.0,
                -65.0
              ],
              "uv": {
                "north": {
                  "uv": [
                    0,
                    92.75
                  ],
                  "uv_size": [
                    41.58333,
                    35.25
                  ]
                },
                "east": {
                  "uv": [
                    0,
                    93.41667
                  ],
                  "uv_size": [
                    37.08333,
                    34.58333
                  ]
                },
                "south": {
                  "uv": [
                    0,
                    85.33333
                  ],
                  "uv_size": [
                    41.58333,
                    42.66667
                  ]
                },
                "west": {
                  "uv": [
                    0,
                    85.91667
                  ],
                  "uv_size": [
                    42.16667,
                    42.08333
                  ]
                },
                "up": {
                  "uv": [
                    43.16667,
                    128
                  ],
                  "uv_size": [
                    -43.16667,
                    -43.41667
                  ]
                },
                "down": {
                  "uv": [
                    40.58333,
                    128
                  ],
                  "uv_size": [
                    -40.58333,
                    -38.33333
                  ]
                }
              },
              "inflate": 0
            },
            {
              "origin": [
                10.0,
                3.0,
                5.0
              ],
              "size": [
                3.0,
                2.0,
                2.0
              ],
              "pivot": [
                0.0,
                0.0,
                0.0
              ],
              "rotation": [
                0.0,
                0.0,
                -117.5
              ],
              "uv": {
                "north": {
                  "uv": [
                    0,
                    92.75
                  ],
                  "uv_size": [
                    41.58333,
                    35.25
                  ]
                },
                "east": {
                  "uv": [
                    0,
                    93.41667
                  ],
                  "uv_size": [
                    37.08333,
                    34.58333
                  ]
                },
                "south": {
                  "uv": [
                    0,
                    85.33333
                  ],
                  "uv_size": [
                    41.58333,
                    42.66667
                  ]
                },
                "west": {
                  "uv": [
                    0,
                    85.91667
                  ],
                  "uv_size": [
                    42.16667,
                    42.08333
                  ]
                },
                "up": {
                  "uv": [
                    43.16667,
                    128
                  ],
                  "uv_size": [
                    -43.16667,
                    -43.41667
                  ]
                },
                "down": {
                  "uv": [
                    40.58333,
                    128
                  ],
                  "uv_size": [
                    -40.58333,
                    -38.33333
                  ]
                }
              },
              "inflate": 0
            },
            {
              "origin": [
                9.0,
                -11.0,
                5.0
              ],
              "size": [
                3.0,
                2.0,
                2.0
              ],
              "pivot": [
                0.0,
                0.0,
                0.0
              ],
              "rotation": [
                0.0,
                0.0,
                -90.0
              ],
              "uv": {
                "north": {
                  "uv": [
                    0,
                    92.75
                  ],
                  "uv_size": [
                    41.58333,
                    35.25
                  ]
                },
                "east": {
                  "uv": [
                    0,
                    93.41667
                  ],
                  "uv_size": [
                    37.08333,
                    34.58333
                  ]
                },
                "south": {
                  "uv": [
                    0,
                    85.33333
                  ],
                  "uv_size": [
                    41.58333,
                    42.66667
                  ]
                },
                "west": {
                  "uv": [
                    0,
                    85.91667
                  ],
                  "uv_size": [
                    42.16667,
                    42.08333
                  ]
                },
                "up": {
                  "uv": [
                    43.16667,
                    128
                  ],
                  "uv_size": [
                    -43.16667,
                    -43.41667
                  ]
                },
                "down": {
                  "uv": [
                    40.58333,
                    128
                  ],
                  "uv_size": [
                    -40.58333,
                    -38.33333
                  ]
                }
              },
              "inflate": 0
            },
            {
              "origin": [
                9.0,
                8.0,
                5.0
              ],
              "size": [
                4.0,
                2.0,
                2.0
              ],
              "pivot": [
                0.0,
                0.0,
                0.0
              ],
              "rotation": [
                0.0,
                0.0,
                -90.0
              ],
              "uv": {
                "north": {
                  "uv": [
                    0,
                    92.75
                  ],
                  "uv_size": [
                    41.58333,
                    35.25
                  ]
                },
                "east": {
                  "uv": [
                    0,
                    93.41667
                  ],
                  "uv_size": [
                    37.08333,
                    34.58333
                  ]
                },
                "south": {
                  "uv": [
                    0,
                    85.33333
                  ],
                  "uv_size": [
                    41.58333,
                    42.66667
                  ]
                },
                "west": {
                  "uv": [
                    0,
                    85.91667
                  ],
                  "uv_size": [
                    42.16667,
                    42.08333
                  ]
                },
                "up": {
                  "uv": [
                    43.16667,
                    128
                  ],
                  "uv_size": [
                    -43.16667,
                    -43.41667
                  ]
                },
                "down": {
                  "uv": [
                    40.58333,
                    128
                  ],
                  "uv_size": [
                    -40.58333,
                    -38.33333
                  ]
                }
              },
              "inflate": 0
            },
            {
              "origin": [
                6.0,
                -15.0,
                5.0
              ],
              "size": [
                3.0,
                2.0,
                2.0
              ],
              "pivot": [
                0.0,
                0.0,
                0.0
              ],
              "rotation": [
                0.0,
                0.0,
                -115.0
              ],
              "uv": {
                "north": {
                  "uv": [
                    0,
                    92.75
                  ],
                  "uv_size": [
                    41.58333,
                    35.25
                  ]
                },
                "east": {
                  "uv": [
                    0,
                    93.41667
                  ],
                  "uv_size": [
                    37.08333,
                    34.58333
                  ]
                },
                "south": {
                  "uv": [
                    0,
                    85.33333
                  ],
                  "uv_size": [
                    41.58333,
                    42.66667
                  ]
                },
                "west": {
                  "uv": [
                    0,
                    85.91667
                  ],
                  "uv_size": [
                    42.16667,
                    42.08333
                  ]
                },
                "up": {
                  "uv": [
                    43.16667,
                    128
                  ],
                  "uv_size": [
                    -43.16667,
                    -43.41667
                  ]
                },
                "down": {
                  "uv": [
                    40.58333,
                    128
                  ],
                  "uv_size": [
                    -40.58333,
                    -38.33333
                  ]
                }
              },
              "inflate": 0
            },
            {
              "origin": [
                -9.0,
                -15.0,
                5.0
              ],
              "size": [
                3.0,
                2.0,
                2.0
              ],
              "pivot": [
                0.0,
                0.0,
                0.0
              ],
              "rotation": [
                0.0,
                0.0,
                120.0
              ],
              "uv": {
                "north": {
                  "uv": [
                    0,
                    92.75
                  ],
                  "uv_size": [
                    41.58333,
                    35.25
                  ]
                },
                "east": {
                  "uv": [
                    0,
                    93.41667
                  ],
                  "uv_size": [
                    37.08333,
                    34.58333
                  ]
                },
                "south": {
                  "uv": [
                    0,
                    85.33333
                  ],
                  "uv_size": [
                    41.58333,
                    42.66667
                  ]
                },
                "west": {
                  "uv": [
                    0,
                    85.91667
                  ],
                  "uv_size": [
                    42.16667,
                    42.08333
                  ]
                },
                "up": {
                  "uv": [
                    43.16667,
                    128
                  ],
                  "uv_size": [
                    -43.16667,
                    -43.41667
                  ]
                },
                "down": {
                  "uv": [
                    40.58333,
                    128
                  ],
                  "uv_size": [
                    -40.58333,
                    -38.33333
                  ]
                }
              },
              "inflate": 0
            },
            {
              "origin": [
                -1.0,
                -17.0,
                5.0
              ],
              "size": [
                3.0,
                1.0,
                2.0
              ],
              "pivot": [
                0.0,
                0.0,
                0.0
              ],
              "rotation": [
                0.0,
                0.0,
                -150.0
              ],
              "uv": {
                "north": {
                  "uv": [
                    0,
                    92.75
                  ],
                  "uv_size": [
                    41.58333,
                    35.25
                  ]
                },
                "east": {
                  "uv": [
                    0,
                    93.41667
                  ],
                  "uv_size": [
                    37.08333,
                    34.58333
                  ]
                },
                "south": {
                  "uv": [
                    0,
                    85.33333
                  ],
                  "uv_size": [
                    41.58333,
                    42.66667
                  ]
                },
                "west": {
                  "uv": [
                    0,
                    85.91667
                  ],
                  "uv_size": [
                    42.16667,
                    42.08333
                  ]
                },
                "up": {
                  "uv": [
                    43.16667,
                    128
                  ],
                  "uv_size": [
                    -43.16667,
                    -43.41667
                  ]
                },
                "down": {
                  "uv": [
                    40.58333,
                    128
                  ],
                  "uv_size": [
                    -40.58333,
                    -38.33333
                  ]
                }
              },
              "inflate": 0
            },
            {
              "origin": [
                -3.0,
                -17.0,
                5.0
              ],
              "size": [
                3.0,
                1.0,
                2.0
              ],
              "pivot": [
                0.0,
                0.0,
                0.0
              ],
              "rotation": [
                0.0,
                0.0,
                150.0
              ],
              "uv": {
                "north": {
                  "uv": [
                    0,
                    92.75
                  ],
                  "uv_size": [
                    41.58333,
                    35.25
                  ]
                },
                "east": {
                  "uv": [
                    0,
                    93.41667
                  ],
                  "uv_size": [
                    37.08333,
                    34.58333
                  ]
                },
                "south": {
                  "uv": [
                    0,
                    85.33333
                  ],
                  "uv_size": [
                    41.58333,
                    42.66667
                  ]
                },
                "west": {
                  "uv": [
                    0,
                    85.91667
                  ],
                  "uv_size": [
                    42.16667,
                    42.08333
                  ]
                },
                "up": {
                  "uv": [
                    43.16667,
                    128
                  ],
                  "uv_size": [
                    -43.16667,
                    -43.41667
                  ]
                },
                "down": {
                  "uv": [
                    40.58333,
                    128
                  ],
                  "uv_size": [
                    -40.58333,
                    -38.33333
                  ]
                }
              },
              "inflate": 0
            },
            {
              "origin": [
                -5.0,
                0.0,
                -5.0
              ],
              "size": [
                5.0,
                6.0,
                5.0
              ],
              "pivot": [
                0.0,
                0.0,
                0.0
              ],
              "rotation": [
                0.0,
                -12.5,
                0.0
              ],
              "uv": {
                "north": {
                  "uv": [
                    0,
                    92.75
                  ],
                  "uv_size": [
                    41.58333,
                    35.25
                  ]
                },
                "east": {
                  "uv": [
                    0,
                    93.41667
                  ],
                  "uv_size": [
                    37.08333,
                    34.58333
                  ]
                },
                "south": {
                  "uv": [
                    0,
                    85.33333
                  ],
                  "uv_size": [
                    41.58333,
                    42.66667
                  ]
                },
                "west": {
                  "uv": [
                    0,
                    85.91667
                  ],
                  "uv_size": [
                    42.16667,
                    42.08333
                  ]
                },
                "up": {
                  "uv": [
                    43.16667,
                    128
                  ],
                  "uv_size": [
                    -43.16667,
                    -43.41667
                  ]
                },
                "down": {
                  "uv": [
                    40.58333,
                    128
                  ],
                  "uv_size": [
                    -40.58333,
                    -38.33333
                  ]
                }
              },
              "inflate": 0
            },
            {
              "origin": [
                -5.1,
                3.0,
                -5.0
              ],
              "size": [
                0.1,
                1.0,
                6.0
              ],
              "pivot": [
                0.0,
                0.0,
                0.0
              ],
              "rotation": [
                0.0,
                -12.5,
                0.0
              ],
              "uv": {
                "north": {
                  "uv": [
                    86.41667,
                    92.75
                  ],
                  "uv_size": [
                    41.58333,
                    35.25
                  ]
                },
                "east": {
                  "uv": [
                    90.91667,
                    93.41667
                  ],
                  "uv_size": [
                    37.08333,
                    34.58333
                  ]
                },
                "south": {
                  "uv": [
                    86.41667,
                    85.33333
                  ],
                  "uv_size": [
                    41.58333,
                    42.66667
                  ]
                },
                "west": {
                  "uv": [
                    85.83333,
                    85.91667
                  ],
                  "uv_size": [
                    42.16667,
                    42.08333
                  ]
                },
                "up": {
                  "uv": [
                    128,
                    128
                  ],
                  "uv_size": [
                    -43.16667,
                    -43.41667
                  ]
                },
                "down": {
                  "uv": [
                    128,
                    128
                  ],
                  "uv_size": [
                    -40.58333,
                    -38.33333
                  ]
                }
              },
              "inflate": 0
            },
            {
              "origin": [
                -3.0,
                0.0,
                -5.0
              ],
              "size": [
                8.0,
                6.0,
                5.0
              ],
              "pivot": [
                0.0,
                0.0,
                0.0
              ],
              "rotation": [
                0.0,
                12.5,
                0.0
              ],
              "uv": {
                "north": {
                  "uv": [
                    0,
                    92.75
                  ],
                  "uv_size": [
                    41.58333,
                    35.25
                  ]
                },
                "east": {
                  "uv": [
                    0,
                    93.41667
                  ],
                  "uv_size": [
                    37.08333,
                    34.58333
                  ]
                },
                "south": {
                  "uv": [
                    0,
                    85.33333
                  ],
                  "uv_size": [
                    41.58333,
                    42.66667
                  ]
                },
                "west": {
                  "uv": [
                    0,
                    85.91667
                  ],
                  "uv_size": [
                    42.16667,
                    42.08333
                  ]
                },
                "up": {
                  "uv": [
                    43.16667,
                    128
                  ],
                  "uv_size": [
                    -43.16667,
                    -43.41667
                  ]
                },
                "down": {
                  "uv": [
                    40.58333,
                    128
                  ],
                  "uv_size": [
                    -40.58333,
                    -38.33333
                  ]
                }
              },
              "inflate": 0
            },
            {
              "origin": [
                5.0,
                3.0,
                -5.0
              ],
              "size": [
                0.1,
                1.0,
                6.0
              ],
              "pivot": [
                0.0,
                0.0,
                0.0
              ],
              "rotation": [
                0.0,
                12.5,
                0.0
              ],
              "uv": {
                "north": {
                  "uv": [
                    86.41667,
                    92.75
                  ],
                  "uv_size": [
                    41.58333,
                    35.25
                  ]
                },
                "east": {
                  "uv": [
                    90.91667,
                    93.41667
                  ],
                  "uv_size": [
                    37.08333,
                    34.58333
                  ]
                },
                "south": {
                  "uv": [
                    86.41667,
                    85.33333
                  ],
                  "uv_size": [
                    41.58333,
                    42.66667
                  ]
                },
                "west": {
                  "uv": [
                    85.83333,
                    85.91667
                  ],
                  "uv_size": [
                    42.16667,
                    42.08333
                  ]
                },
                "up": {
                  "uv": [
                    128,
                    128
                  ],
                  "uv_size": [
                    -43.16667,
                    -43.41667
                  ]
                },
                "down": {
                  "uv": [
                    128,
                    128
                  ],
                  "uv_size": [
                    -40.58333,
                    -38.33333
                  ]
                }
              },
              "inflate": 0
            }
          ]
        },
        {
          "name": "bb_main3"
        },
        {
          "name": "root",
          "rotation": [
            0,
            -2.5,
            0
          ]
        },
        {
          "name": "waist",
          "pivot": [
            0,
            12,
            0
          ],
          "parent": "root"
        },
        {
          "name": "leftLeg",
          "pivot": [
            8.9,
            4,
            -3
          ],
          "parent": "root",
          "rotation": [
            -7.38733,
            1.29876,
            74.91615
          ]
        },
        {
          "name": "leftPants",
          "pivot": [
            8.9,
            4,
            -3
          ],
          "parent": "leftLeg"
        },
        {
          "name": "rightLeg",
          "pivot": [
            -9.9,
            3,
            -4
          ],
          "parent": "root",
          "rotation": [
            0,
            0,
            -82.5
          ]
        },
        {
          "name": "rightPants",
          "pivot": [
            -9.9,
            3,
            -4
          ],
          "parent": "rightLeg"
        },
        {
          "name": "gong1",
          "pivot": [
            -14,
            28,
            0
          ]
        },
        {
          "name": "tiang",
          "pivot": [
            -14,
            -2,
            -18
          ]
        },
        {
          "name": "gong2",
          "pivot": [
            -2,
            0,
            2
          ]
        },
        {
          "name": "root2",
          "rotation": [
            0,
            -2.5,
            0
          ]
        },
        {
          "name": "waist2",
          "pivot": [
            0,
            12,
            0
          ],
          "parent": "root2"
        },
        {
          "name": "leftLeg2",
          "pivot": [
            8.9,
            4,
            -3
          ],
          "parent": "root2",
          "rotation": [
            -7.38733,
            1.29876,
            74.91615
          ]
        },
        {
          "name": "leftPants2",
          "pivot": [
            8.9,
            4,
            -3
          ],
          "parent": "leftLeg2"
        },
        {
          "name": "rightLeg2",
          "pivot": [
            -9.9,
            3,
            -4
          ],
          "parent": "root2",
          "rotation": [
            0,
            0,
            -82.5
          ]
        },
        {
          "name": "rightPants2",
          "pivot": [
            -9.9,
            3,
            -4
          ],
          "parent": "rightLeg2"
        },
        {
          "name": "gong4",
          "pivot": [
            -14,
            28,
            0
          ]
        },
        {
          "name": "tiang2",
          "pivot": [
            -14,
            -2,
            -18
          ]
        },
        {
          "name": "gong3",
          "pivot": [
            -2,
            0,
            2
          ]
        },
        {
          "name": "bone8",
          "pivot": [
            30,
            0,
            1
          ],
          "rotation": [
            20,
            0,
            0
          ]
        },
        {
          "name": "bone9",
          "pivot": [
            30,
            0,
            14
          ],
          "rotation": [
            -20,
            0,
            0
          ]
        },
        {
          "name": "bb_main7"
        },
        {
          "name": "root4",
          "rotation": [
            0,
            -2.5,
            0
          ]
        },
        {
          "name": "waist4",
          "pivot": [
            0,
            12,
            0
          ],
          "parent": "root4"
        },
        {
          "name": "leftLeg4",
          "pivot": [
            8.9,
            4,
            -3
          ],
          "parent": "root4",
          "rotation": [
            -7.38733,
            1.29876,
            74.91615
          ]
        },
        {
          "name": "leftPants4",
          "pivot": [
            8.9,
            4,
            -3
          ],
          "parent": "leftLeg4"
        },
        {
          "name": "rightLeg4",
          "pivot": [
            -9.9,
            3,
            -4
          ],
          "parent": "root4",
          "rotation": [
            0,
            0,
            -82.5
          ]
        },
        {
          "name": "rightPants4",
          "pivot": [
            -9.9,
            3,
            -4
          ],
          "parent": "rightLeg4"
        },
        {
          "name": "gong8",
          "pivot": [
            -14,
            28,
            0
          ]
        },
        {
          "name": "tiang4",
          "pivot": [
            -14,
            -2,
            -18
          ]
        },
        {
          "name": "gong7",
          "pivot": [
            -2,
            0,
            2
          ]
        },
        {
          "name": "root3",
          "rotation": [
            0,
            -2.5,
            0
          ]
        },
        {
          "name": "waist3",
          "pivot": [
            0,
            12,
            0
          ],
          "parent": "root3"
        },
        {
          "name": "leftLeg3",
          "pivot": [
            8.9,
            4,
            -3
          ],
          "parent": "root3",
          "rotation": [
            -7.38733,
            1.29876,
            74.91615
          ]
        },
        {
          "name": "leftPants3",
          "pivot": [
            8.9,
            4,
            -3
          ],
          "parent": "leftLeg3"
        },
        {
          "name": "rightLeg3",
          "pivot": [
            -9.9,
            3,
            -4
          ],
          "parent": "root3",
          "rotation": [
            0,
            0,
            -82.5
          ]
        },
        {
          "name": "rightPants3",
          "pivot": [
            -9.9,
            3,
            -4
          ],
          "parent": "rightLeg3"
        },
        {
          "name": "gong6",
          "pivot": [
            -14,
            28,
            0
          ]
        },
        {
          "name": "tiang3",
          "pivot": [
            -14,
            -2,
            -18
          ]
        },
        {
          "name": "gong5",
          "pivot": [
            -2,
            0,
            2
          ]
        },
        {
          "name": "bone4"
        },
        {
          "name": "bone13"
        },
        {
          "name": "bb_main5"
        },
        {
          "name": "bb_main6"
        },
        {
          "name": "bb_main4"
        },
        {
          "name": "bone12"
        },
        {
          "name": "bone11",
          "pivot": [
            0,
            63,
            -8
          ]
        },
        {
          "name": "bone6",
          "pivot": [
            -1,
            23,
            22
          ],
          "parent": "bone11",
          "rotation": [
            0,
            17.5,
            0
          ]
        },
        {
          "name": "bone5",
          "pivot": [
            -1,
            23,
            19
          ],
          "parent": "bone11",
          "rotation": [
            0,
            37.5,
            0
          ]
        },
        {
          "name": "bone7",
          "pivot": [
            -5,
            23,
            1
          ],
          "parent": "bone11"
        },
        {
          "name": "bone10",
          "pivot": [
            0,
            63,
            -8
          ]
        },
        {
          "name": "isuzu_elf"
        },
        {
          "name": "Chassis",
          "pivot": [
            0.02808,
            9.7882,
            -7.84328
          ],
          "parent": "isuzu_elf"
        },
        {
          "name": "fronttire1",
          "pivot": [
            15.05,
            7.25,
            -28.4492
          ],
          "parent": "Chassis"
        },
        {
          "name": "bb_main14"
        },
        {
          "name": "root11",
          "rotation": [
            0,
            -2.5,
            0
          ]
        },
        {
          "name": "waist11",
          "pivot": [
            0,
            12,
            0
          ],
          "parent": "root11"
        },
        {
          "name": "leftLeg11",
          "pivot": [
            8.9,
            4,
            -3
          ],
          "parent": "root11",
          "rotation": [
            -7.38733,
            1.29876,
            74.91615
          ]
        },
        {
          "name": "leftPants11",
          "pivot": [
            8.9,
            4,
            -3
          ],
          "parent": "leftLeg11"
        },
        {
          "name": "rightLeg11",
          "pivot": [
            -9.9,
            3,
            -4
          ],
          "parent": "root11",
          "rotation": [
            0,
            0,
            -82.5
          ]
        },
        {
          "name": "rightPants11",
          "pivot": [
            -9.9,
            3,
            -4
          ],
          "parent": "rightLeg11"
        },
        {
          "name": "gong22",
          "pivot": [
            -14,
            28,
            0
          ]
        },
        {
          "name": "tiang11",
          "pivot": [
            -14,
            -2,
            -18
          ]
        },
        {
          "name": "gong21",
          "pivot": [
            -2,
            0,
            2
          ]
        },
        {
          "name": "root10",
          "rotation": [
            0,
            -2.5,
            0
          ]
        },
        {
          "name": "waist10",
          "pivot": [
            0,
            12,
            0
          ],
          "parent": "root10"
        },
        {
          "name": "leftLeg10",
          "pivot": [
            8.9,
            4,
            -3
          ],
          "parent": "root10",
          "rotation": [
            -7.38733,
            1.29876,
            74.91615
          ]
        },
        {
          "name": "leftPants10",
          "pivot": [
            8.9,
            4,
            -3
          ],
          "parent": "leftLeg10"
        },
        {
          "name": "rightLeg10",
          "pivot": [
            -9.9,
            3,
            -4
          ],
          "parent": "root10",
          "rotation": [
            0,
            0,
            -82.5
          ]
        },
        {
          "name": "rightPants10",
          "pivot": [
            -9.9,
            3,
            -4
          ],
          "parent": "rightLeg10"
        },
        {
          "name": "gong20",
          "pivot": [
            -14,
            28,
            0
          ]
        },
        {
          "name": "tiang10",
          "pivot": [
            -14,
            -2,
            -18
          ]
        },
        {
          "name": "gong19",
          "pivot": [
            -2,
            0,
            2
          ]
        },
        {
          "name": "bone26",
          "pivot": [
            30,
            0,
            1
          ],
          "rotation": [
            20,
            0,
            0
          ]
        },
        {
          "name": "bone25",
          "pivot": [
            30,
            0,
            14
          ],
          "rotation": [
            -20,
            0,
            0
          ]
        },
        {
          "name": "bone24"
        },
        {
          "name": "bb_main13"
        },
        {
          "name": "root9",
          "rotation": [
            0,
            -2.5,
            0
          ]
        },
        {
          "name": "waist9",
          "pivot": [
            0,
            12,
            0
          ],
          "parent": "root9"
        },
        {
          "name": "leftLeg9",
          "pivot": [
            8.9,
            4,
            -3
          ],
          "parent": "root9",
          "rotation": [
            -7.38733,
            1.29876,
            74.91615
          ]
        },
        {
          "name": "leftPants9",
          "pivot": [
            8.9,
            4,
            -3
          ],
          "parent": "leftLeg9"
        },
        {
          "name": "rightLeg9",
          "pivot": [
            -9.9,
            3,
            -4
          ],
          "parent": "root9",
          "rotation": [
            0,
            0,
            -82.5
          ]
        },
        {
          "name": "rightPants9",
          "pivot": [
            -9.9,
            3,
            -4
          ],
          "parent": "rightLeg9"
        },
        {
          "name": "gong18",
          "pivot": [
            -14,
            28,
            0
          ]
        },
        {
          "name": "tiang9",
          "pivot": [
            -14,
            -2,
            -18
          ]
        },
        {
          "name": "gong17",
          "pivot": [
            -2,
            0,
            2
          ]
        },
        {
          "name": "root8",
          "rotation": [
            0,
            -2.5,
            0
          ]
        },
        {
          "name": "waist8",
          "pivot": [
            0,
            12,
            0
          ],
          "parent": "root8"
        },
        {
          "name": "leftLeg8",
          "pivot": [
            8.9,
            4,
            -3
          ],
          "parent": "root8",
          "rotation": [
            -7.38733,
            1.29876,
            74.91615
          ]
        },
        {
          "name": "leftPants8",
          "pivot": [
            8.9,
            4,
            -3
          ],
          "parent": "leftLeg8"
        },
        {
          "name": "rightLeg8",
          "pivot": [
            -9.9,
            3,
            -4
          ],
          "parent": "root8",
          "rotation": [
            0,
            0,
            -82.5
          ]
        },
        {
          "name": "rightPants8",
          "pivot": [
            -9.9,
            3,
            -4
          ],
          "parent": "rightLeg8"
        },
        {
          "name": "gong16",
          "pivot": [
            -14,
            28,
            0
          ]
        },
        {
          "name": "tiang8",
          "pivot": [
            -14,
            -2,
            -18
          ]
        },
        {
          "name": "gong15",
          "pivot": [
            -2,
            0,
            2
          ]
        },
        {
          "name": "bone23"
        },
        {
          "name": "bone22"
        },
        {
          "name": "bb_main12"
        },
        {
          "name": "bb_main11"
        },
        {
          "name": "bb_main9"
        },
        {
          "name": "bone21"
        },
        {
          "name": "bone20",
          "pivot": [
            0,
            63,
            -8
          ]
        },
        {
          "name": "bone19",
          "pivot": [
            -1,
            23,
            22
          ],
          "parent": "bone20",
          "rotation": [
            0,
            17.5,
            0
          ]
        },
        {
          "name": "bone18",
          "pivot": [
            -1,
            23,
            19
          ],
          "parent": "bone20",
          "rotation": [
            0,
            37.5,
            0
          ]
        },
        {
          "name": "bone17",
          "pivot": [
            -5,
            23,
            1
          ],
          "parent": "bone20"
        },
        {
          "name": "bone16",
          "pivot": [
            0,
            63,
            -8
          ]
        },
        {
          "name": "isuzu_elf2"
        },
        {
          "name": "Chassis2",
          "pivot": [
            0.02808,
            9.7882,
            -7.84328
          ],
          "parent": "isuzu_elf2"
        },
        {
          "name": "fronttire2",
          "pivot": [
            15.05,
            7.25,
            -28.4492
          ],
          "parent": "Chassis2"
        },
        {
          "name": "root7",
          "rotation": [
            0,
            -2.5,
            0
          ]
        },
        {
          "name": "waist7",
          "pivot": [
            0,
            12,
            0
          ],
          "parent": "root7"
        },
        {
          "name": "leftLeg7",
          "pivot": [
            8.9,
            4,
            -3
          ],
          "parent": "root7",
          "rotation": [
            -7.38733,
            1.29876,
            74.91615
          ]
        },
        {
          "name": "leftPants7",
          "pivot": [
            8.9,
            4,
            -3
          ],
          "parent": "leftLeg7"
        },
        {
          "name": "rightLeg7",
          "pivot": [
            -9.9,
            3,
            -4
          ],
          "parent": "root7",
          "rotation": [
            0,
            0,
            -82.5
          ]
        },
        {
          "name": "rightPants7",
          "pivot": [
            -9.9,
            3,
            -4
          ],
          "parent": "rightLeg7"
        },
        {
          "name": "gong14",
          "pivot": [
            -14,
            28,
            0
          ]
        },
        {
          "name": "tiang7",
          "pivot": [
            -14,
            -2,
            -18
          ]
        },
        {
          "name": "gong13",
          "pivot": [
            -2,
            0,
            2
          ]
        },
        {
          "name": "root6",
          "rotation": [
            0,
            -2.5,
            0
          ]
        },
        {
          "name": "waist6",
          "pivot": [
            0,
            12,
            0
          ],
          "parent": "root6"
        },
        {
          "name": "leftLeg6",
          "pivot": [
            8.9,
            4,
            -3
          ],
          "parent": "root6",
          "rotation": [
            -7.38733,
            1.29876,
            74.91615
          ]
        },
        {
          "name": "leftPants6",
          "pivot": [
            8.9,
            4,
            -3
          ],
          "parent": "leftLeg6"
        },
        {
          "name": "rightLeg6",
          "pivot": [
            -9.9,
            3,
            -4
          ],
          "parent": "root6",
          "rotation": [
            0,
            0,
            -82.5
          ]
        },
        {
          "name": "rightPants6",
          "pivot": [
            -9.9,
            3,
            -4
          ],
          "parent": "rightLeg6"
        },
        {
          "name": "gong12",
          "pivot": [
            -14,
            28,
            0
          ]
        },
        {
          "name": "tiang6",
          "pivot": [
            -14,
            -2,
            -18
          ]
        },
        {
          "name": "gong11",
          "pivot": [
            -2,
            0,
            2
          ]
        },
        {
          "name": "root5",
          "rotation": [
            0,
            -2.5,
            0
          ]
        },
        {
          "name": "waist5",
          "pivot": [
            0,
            12,
            0
          ],
          "parent": "root5"
        },
        {
          "name": "leftLeg5",
          "pivot": [
            8.9,
            4,
            -3
          ],
          "parent": "root5",
          "rotation": [
            -7.38733,
            1.29876,
            74.91615
          ]
        },
        {
          "name": "leftPants5",
          "pivot": [
            8.9,
            4,
            -3
          ],
          "parent": "leftLeg5"
        },
        {
          "name": "rightLeg5",
          "pivot": [
            -9.9,
            3,
            -4
          ],
          "parent": "root5",
          "rotation": [
            0,
            0,
            -82.5
          ]
        },
        {
          "name": "rightPants5",
          "pivot": [
            -9.9,
            3,
            -4
          ],
          "parent": "rightLeg5"
        },
        {
          "name": "gong10",
          "pivot": [
            -14,
            28,
            0
          ]
        },
        {
          "name": "tiang5",
          "pivot": [
            -14,
            -2,
            -18
          ]
        },
        {
          "name": "gong9",
          "pivot": [
            -2,
            0,
            2
          ]
        },
        {
          "name": "bb_main8"
        },
        {
          "name": "bone15",
          "pivot": [
            30,
            0,
            1
          ],
          "rotation": [
            20,
            0,
            0
          ]
        },
        {
          "name": "bone14",
          "pivot": [
            30,
            0,
            14
          ],
          "rotation": [
            -20,
            0,
            0
          ]
        },
        {
          "name": "bb_main17"
        },
        {
          "name": "root13",
          "rotation": [
            0,
            -2.5,
            0
          ]
        },
        {
          "name": "waist13",
          "pivot": [
            0,
            12,
            0
          ],
          "parent": "root13"
        },
        {
          "name": "leftLeg13",
          "pivot": [
            8.9,
            4,
            -3
          ],
          "parent": "root13",
          "rotation": [
            -7.38733,
            1.29876,
            74.91615
          ]
        },
        {
          "name": "leftPants13",
          "pivot": [
            8.9,
            4,
            -3
          ],
          "parent": "leftLeg13"
        },
        {
          "name": "rightLeg13",
          "pivot": [
            -9.9,
            3,
            -4
          ],
          "parent": "root13",
          "rotation": [
            0,
            0,
            -82.5
          ]
        },
        {
          "name": "rightPants13",
          "pivot": [
            -9.9,
            3,
            -4
          ],
          "parent": "rightLeg13"
        },
        {
          "name": "gong26",
          "pivot": [
            -14,
            28,
            0
          ]
        },
        {
          "name": "tiang13",
          "pivot": [
            -14,
            -2,
            -18
          ]
        },
        {
          "name": "gong25",
          "pivot": [
            -2,
            0,
            2
          ]
        },
        {
          "name": "root12",
          "rotation": [
            0,
            -2.5,
            0
          ]
        },
        {
          "name": "waist12",
          "pivot": [
            0,
            12,
            0
          ],
          "parent": "root12"
        },
        {
          "name": "leftLeg12",
          "pivot": [
            8.9,
            4,
            -3
          ],
          "parent": "root12",
          "rotation": [
            -7.38733,
            1.29876,
            74.91615
          ]
        },
        {
          "name": "leftPants12",
          "pivot": [
            8.9,
            4,
            -3
          ],
          "parent": "leftLeg12"
        },
        {
          "name": "rightLeg12",
          "pivot": [
            -9.9,
            3,
            -4
          ],
          "parent": "root12",
          "rotation": [
            0,
            0,
            -82.5
          ]
        },
        {
          "name": "rightPants12",
          "pivot": [
            -9.9,
            3,
            -4
          ],
          "parent": "rightLeg12"
        },
        {
          "name": "gong24",
          "pivot": [
            -14,
            28,
            0
          ]
        },
        {
          "name": "tiang12",
          "pivot": [
            -14,
            -2,
            -18
          ]
        },
        {
          "name": "gong23",
          "pivot": [
            -2,
            0,
            2
          ]
        },
        {
          "name": "bone35"
        },
        {
          "name": "bb_main16"
        },
        {
          "name": "bb_main15"
        },
        {
          "name": "bb_main10"
        },
        {
          "name": "bone33"
        },
        {
          "name": "bone32",
          "pivot": [
            0,
            63,
            -8
          ]
        },
        {
          "name": "bone31",
          "pivot": [
            -1,
            23,
            22
          ],
          "parent": "bone32",
          "rotation": [
            0,
            17.5,
            0
          ]
        },
        {
          "name": "bone30",
          "pivot": [
            -1,
            23,
            19
          ],
          "parent": "bone32",
          "rotation": [
            0,
            37.5,
            0
          ]
        },
        {
          "name": "bone29",
          "pivot": [
            -5,
            23,
            1
          ],
          "parent": "bone32"
        },
        {
          "name": "bone28",
          "pivot": [
            0,
            63,
            -8
          ]
        },
        {
          "name": "isuzu_elf3"
        },
        {
          "name": "Chassis3",
          "pivot": [
            0.02808,
            9.7882,
            -7.84328
          ],
          "parent": "isuzu_elf3"
        },
        {
          "name": "fronttire3",
          "pivot": [
            15.05,
            7.25,
            -28.4492
          ],
          "parent": "Chassis3"
        }
      ]
    }
  ]
}