{
  "format_version": "1.12.0",
  "minecraft:geometry": [
    {
      "description": {
        "identifier": "geometry.pa_macanputih",
        "texture_width": 128,
        "texture_height": 128,
        "visible_bounds_width": 5,
        "visible_bounds_height": 5,
        "visible_bounds_offset": [
          0,
          0.5,
          0
        ]
      },
      "bones": [
        {
          "name": "bb_main",
          "cubes": [
            {
              "origin": [
                -3.0,
                2.0,
                -3.1
              ],
              "size": [
                6.0,
                3.0,
                11.0
              ],
              "uv": {
                "north": {
                  "uv": [
                    116,
                    117
                  ],
                  "uv_size": [
                    12,
                    11
                  ]
                },
                "east": {
                  "uv": [
                    0,
                    93.41667
                  ],
                  "uv_size": [
                    37.08333,
                    34.58333
                  ]
                },
                "south": {
                  "uv": [
                    0,
                    85.33333
                  ],
                  "uv_size": [
                    41.58333,
                    42.66667
                  ]
                },
                "west": {
                  "uv": [
                    0,
                    85.91667
                  ],
                  "uv_size": [
                    42.16667,
                    42.08333
                  ]
                },
                "up": {
                  "uv": [
                    43.16667,
                    128
                  ],
                  "uv_size": [
                    -43.16667,
                    -43.41667
                  ]
                },
                "down": {
                  "uv": [
                    40.58333,
                    128
                  ],
                  "uv_size": [
                    -40.58333,
                    -38.33333
                  ]
                }
              },
              "inflate": 0
            },
            {
              "origin": [
                -5.0,
                0.0,
                -3.0
              ],
              "size": [
                10.0,
                8.0,
                11.0
              ],
              "uv": {
                "north": {
                  "uv": [
                    0,
                    92.75
                  ],
                  "uv_size": [
                    41.58333,
                    35.25
                  ]
                },
                "east": {
                  "uv": [
                    0,
                    93.41667
                  ],
                  "uv_size": [
                    37.08333,
                    34.58333
                  ]
                },
                "south": {
                  "uv": [
                    0,
                    85.33333
                  ],
                  "uv_size": [
                    41.58333,
                    42.66667
                  ]
                },
                "west": {
                  "uv": [
                    0,
                    85.91667
                  ],
                  "uv_size": [
                    42.16667,
                    42.08333
                  ]
                },
                "up": {
                  "uv": [
                    43.16667,
                    128
                  ],
                  "uv_size": [
                    -43.16667,
                    -43.41667
                  ]
                },
                "down": {
                  "uv": [
                    40.58333,
                    128
                  ],
                  "uv_size": [
                    -40.58333,
                    -38.33333
                  ]
                }
              },
              "inflate": 0
            },
            {
              "origin": [
                5.0,
                0.0,
                -1.0
              ],
              "size": [
                1.0,
                10.0,
                7.0
              ],
              "uv": {
                "north": {
                  "uv": [
                    0,
                    86.58333
                  ],
                  "uv_size": [
                    41.75,
                    41.41667
                  ]
                },
                "east": {
                  "uv": [
                    0,
                    87.58333
                  ],
                  "uv_size": [
                    38.08333,
                    40.41667
                  ]
                },
                "south": {
                  "uv": [
                    0,
                    85.5
                  ],
                  "uv_size": [
                    42.66667,
                    42.5
                  ]
                },
                "west": {
                  "uv": [
                    0,
                    84.58333
                  ],
                  "uv_size": [
                    41.91667,
                    43.41667
                  ]
                },
                "up": {
                  "uv": [
                    39.66667,
                    128
                  ],
                  "uv_size": [
                    -39.66667,
                    -40.08333
                  ]
                },
                "down": {
                  "uv": [
                    40.83333,
                    128
                  ],
                  "uv_size": [
                    -40.83333,
                    -38.08333
                  ]
                }
              },
              "inflate": 0
            },
            {
              "origin": [
                -6.0,
                0.0,
                -1.0
              ],
              "size": [
                1.0,
                10.0,
                7.0
              ],
              "uv": {
                "north": {
                  "uv": [
                    0,
                    86.58333
                  ],
                  "uv_size": [
                    41.75,
                    41.41667
                  ]
                },
                "east": {
                  "uv": [
                    0,
                    87.58333
                  ],
                  "uv_size": [
                    38.08333,
                    40.41667
                  ]
                },
                "south": {
                  "uv": [
                    0,
                    85.5
                  ],
                  "uv_size": [
                    42.66667,
                    42.5
                  ]
                },
                "west": {
                  "uv": [
                    0,
                    84.58333
                  ],
                  "uv_size": [
                    41.91667,
                    43.41667
                  ]
                },
                "up": {
                  "uv": [
                    39.66667,
                    128
                  ],
                  "uv_size": [
                    -39.66667,
                    -40.08333
                  ]
                },
                "down": {
                  "uv": [
                    40.83333,
                    128
                  ],
                  "uv_size": [
                    -40.83333,
                    -38.08333
                  ]
                }
              },
              "inflate": 0
            },
            {
              "origin": [
                2.0,
                8.0,
                -2.1
              ],
              "size": [
                2.0,
                2.0,
                0.0
              ],
              "uv": {
                "north": {
                  "uv": [
                    88.08333,
                    81.16667
                  ],
                  "uv_size": [
                    -44,
                    46.83333
                  ]
                },
                "east": {
                  "uv": [
                    87.16667,
                    37.66667
                  ],
                  "uv_size": [
                    40.83333,
                    -37.66667
                  ]
                },
                "south": {
                  "uv": [
                    89.66667,
                    0
                  ],
                  "uv_size": [
                    38.33333,
                    34.91667
                  ]
                },
                "west": {
                  "uv": [
                    86.33333,
                    0
                  ],
                  "uv_size": [
                    41.66667,
                    40.91667
                  ]
                },
                "up": {
                  "uv": [
                    128,
                    41
                  ],
                  "uv_size": [
                    -33.58333,
                    -38.83333
                  ]
                },
                "down": {
                  "uv": [
                    128,
                    52.33333
                  ],
                  "uv_size": [
                    -37.83333,
                    -37.58333
                  ]
                }
              },
              "inflate": 0
            },
            {
              "origin": [
                -4.0,
                8.0,
                -2.1
              ],
              "size": [
                2.0,
                2.0,
                0.0
              ],
              "uv": {
                "north": {
                  "uv": [
                    88.08333,
                    81.16667
                  ],
                  "uv_size": [
                    -44,
                    46.83333
                  ]
                },
                "east": {
                  "uv": [
                    87.16667,
                    37.66667
                  ],
                  "uv_size": [
                    40.83333,
                    -37.66667
                  ]
                },
                "south": {
                  "uv": [
                    89.66667,
                    0
                  ],
                  "uv_size": [
                    38.33333,
                    34.91667
                  ]
                },
                "west": {
                  "uv": [
                    86.33333,
                    0
                  ],
                  "uv_size": [
                    41.66667,
                    40.91667
                  ]
                },
                "up": {
                  "uv": [
                    128,
                    41
                  ],
                  "uv_size": [
                    -33.58333,
                    -38.83333
                  ]
                },
                "down": {
                  "uv": [
                    128,
                    52.33333
                  ],
                  "uv_size": [
                    -37.83333,
                    -37.58333
                  ]
                }
              },
              "inflate": 0
            },
            {
              "origin": [
                -5.0,
                8.0,
                -2.0
              ],
              "size": [
                10.0,
                3.0,
                9.0
              ],
              "uv": {
                "north": {
                  "uv": [
                    0,
                    88.83333
                  ],
                  "uv_size": [
                    41.33333,
                    39.16667
                  ]
                },
                "east": {
                  "uv": [
                    0,
                    128
                  ],
                  "uv_size": [
                    40.83333,
                    -37.66667
                  ]
                },
                "south": {
                  "uv": [
                    0,
                    93.08333
                  ],
                  "uv_size": [
                    38.33333,
                    34.91667
                  ]
                },
                "west": {
                  "uv": [
                    0,
                    87.08333
                  ],
                  "uv_size": [
                    41.66667,
                    40.91667
                  ]
                },
                "up": {
                  "uv": [
                    33.58333,
                    128
                  ],
                  "uv_size": [
                    -33.58333,
                    -38.83333
                  ]
                },
                "down": {
                  "uv": [
                    37.83333,
                    128
                  ],
                  "uv_size": [
                    -37.83333,
                    -37.58333
                  ]
                }
              },
              "inflate": 0
            },
            {
              "origin": [
                -1.0,
                11.0,
                0.0
              ],
              "size": [
                2.0,
                3.0,
                1.0
              ],
              "pivot": [
                0.0,
                0.0,
                0.0
              ],
              "rotation": [
                0.0,
                0.0,
                25.0
              ],
              "uv": {
                "north": {
                  "uv": [
                    0,
                    96.58333
                  ],
                  "uv_size": [
                    27.66667,
                    31.41667
                  ]
                },
                "east": {
                  "uv": [
                    0,
                    88.16667
                  ],
                  "uv_size": [
                    40.5,
                    39.83333
                  ]
                },
                "south": {
                  "uv": [
                    0,
                    86.08333
                  ],
                  "uv_size": [
                    39.91667,
                    41.91667
                  ]
                },
                "west": {
                  "uv": [
                    0,
                    86.91667
                  ],
                  "uv_size": [
                    38.5,
                    41.08333
                  ]
                },
                "up": {
                  "uv": [
                    37.91667,
                    128
                  ],
                  "uv_size": [
                    -37.91667,
                    -40.91667
                  ]
                },
                "down": {
                  "uv": [
                    41.5,
                    128
                  ],
                  "uv_size": [
                    -41.5,
                    -42.83333
                  ]
                }
              },
              "inflate": 0
            },
            {
              "origin": [
                -1.0,
                11.0,
                0.0
              ],
              "size": [
                2.0,
                3.0,
                1.0
              ],
              "pivot": [
                0.0,
                0.0,
                0.0
              ],
              "rotation": [
                0.0,
                0.0,
                -22.5
              ],
              "uv": {
                "north": {
                  "uv": [
                    0,
                    87.66667
                  ],
                  "uv_size": [
                    16.5,
                    40.33333
                  ]
                },
                "east": {
                  "uv": [
                    0,
                    88.16667
                  ],
                  "uv_size": [
                    40.5,
                    39.83333
                  ]
                },
                "south": {
                  "uv": [
                    0,
                    86.08333
                  ],
                  "uv_size": [
                    39.91667,
                    41.91667
                  ]
                },
                "west": {
                  "uv": [
                    0,
                    86.91667
                  ],
                  "uv_size": [
                    38.5,
                    41.08333
                  ]
                },
                "up": {
                  "uv": [
                    37.91667,
                    128
                  ],
                  "uv_size": [
                    -37.91667,
                    -40.91667
                  ]
                },
                "down": {
                  "uv": [
                    41.5,
                    128
                  ],
                  "uv_size": [
                    -41.5,
                    -42.83333
                  ]
                }
              },
              "inflate": 0
            },
            {
              "origin": [
                -3.0,
                5.5,
                -7.0
              ],
              "size": [
                6.0,
                1.5,
                4.0
              ],
              "uv": {
                "north": {
                  "uv": [
                    0,
                    98.91667
                  ],
                  "uv_size": [
                    33.83333,
                    29.08333
                  ]
                },
                "east": {
                  "uv": [
                    0,
                    99.33333
                  ],
                  "uv_size": [
                    33.08333,
                    28.66667
                  ]
                },
                "south": {
                  "uv": [
                    0,
                    93.66667
                  ],
                  "uv_size": [
                    35.83333,
                    34.33333
                  ]
                },
                "west": {
                  "uv": [
                    0,
                    98.91667
                  ],
                  "uv_size": [
                    28.75,
                    29.08333
                  ]
                },
                "up": {
                  "uv": [
                    28.41667,
                    128
                  ],
                  "uv_size": [
                    -28.41667,
                    -28.66667
                  ]
                },
                "down": {
                  "uv": [
                    128,
                    128
                  ],
                  "uv_size": [
                    -13.08333,
                    -11.41667
                  ]
                }
              },
              "inflate": 0
            },
            {
              "origin": [
                -3.0,
                4.5,
                -7.0
              ],
              "size": [
                6.0,
                0.5,
                0.5
              ],
              "uv": {
                "north": {
                  "uv": [
                    110.5,
                    88.33333
                  ],
                  "uv_size": [
                    17.5,
                    13
                  ]
                },
                "east": {
                  "uv": [
                    117.16667,
                    89
                  ],
                  "uv_size": [
                    10.83333,
                    8
                  ]
                },
                "south": {
                  "uv": [
                    127.08333,
                    89.33333
                  ],
                  "uv_size": [
                    0.91667,
                    12.33333
                  ]
                },
                "west": {
                  "uv": [
                    121.5,
                    90.91667
                  ],
                  "uv_size": [
                    6.5,
                    10.91667
                  ]
                },
                "up": {
                  "uv": [
                    128,
                    101.16667
                  ],
                  "uv_size": [
                    -0.16667,
                    -11
                  ]
                },
                "down": {
                  "uv": [
                    128,
                    102.08333
                  ],
                  "uv_size": [
                    0,
                    -12.91667
                  ]
                }
              },
              "inflate": 0
            },
            {
              "origin": [
                -3.0,
                4.0,
                -7.0
              ],
              "size": [
                0.5,
                1.0,
                0.5
              ],
              "uv": {
                "north": {
                  "uv": [
                    110.5,
                    88.33333
                  ],
                  "uv_size": [
                    17.5,
                    13
                  ]
                },
                "east": {
                  "uv": [
                    117.16667,
                    89
                  ],
                  "uv_size": [
                    10.83333,
                    8
                  ]
                },
                "south": {
                  "uv": [
                    127.08333,
                    89.33333
                  ],
                  "uv_size": [
                    0.91667,
                    12.33333
                  ]
                },
                "west": {
                  "uv": [
                    121.5,
                    90.91667
                  ],
                  "uv_size": [
                    6.5,
                    10.91667
                  ]
                },
                "up": {
                  "uv": [
                    128,
                    101.16667
                  ],
                  "uv_size": [
                    -0.16667,
                    -11
                  ]
                },
                "down": {
                  "uv": [
                    128,
                    102.08333
                  ],
                  "uv_size": [
                    0,
                    -12.91667
                  ]
                }
              },
              "inflate": 0
            },
            {
              "origin": [
                2.5,
                4.0,
                -7.0
              ],
              "size": [
                0.5,
                1.0,
                0.5
              ],
              "uv": {
                "north": {
                  "uv": [
                    110.5,
                    88.33333
                  ],
                  "uv_size": [
                    17.5,
                    13
                  ]
                },
                "east": {
                  "uv": [
                    117.16667,
                    89
                  ],
                  "uv_size": [
                    10.83333,
                    8
                  ]
                },
                "south": {
                  "uv": [
                    127.08333,
                    89.33333
                  ],
                  "uv_size": [
                    0.91667,
                    12.33333
                  ]
                },
                "west": {
                  "uv": [
                    121.5,
                    90.91667
                  ],
                  "uv_size": [
                    6.5,
                    10.91667
                  ]
                },
                "up": {
                  "uv": [
                    128,
                    101.16667
                  ],
                  "uv_size": [
                    -0.16667,
                    -11
                  ]
                },
                "down": {
                  "uv": [
                    128,
                    102.08333
                  ],
                  "uv_size": [
                    0,
                    -12.91667
                  ]
                }
              },
              "inflate": 0
            },
            {
              "origin": [
                -3.0,
                3.0,
                -7.0
              ],
              "size": [
                0.5,
                0.5,
                4.5
              ],
              "uv": {
                "north": {
                  "uv": [
                    110.5,
                    88.33333
                  ],
                  "uv_size": [
                    17.5,
                    13
                  ]
                },
                "east": {
                  "uv": [
                    117.16667,
                    89
                  ],
                  "uv_size": [
                    10.83333,
                    8
                  ]
                },
                "south": {
                  "uv": [
                    127.08333,
                    89.33333
                  ],
                  "uv_size": [
                    0.91667,
                    12.33333
                  ]
                },
                "west": {
                  "uv": [
                    121.5,
                    90.91667
                  ],
                  "uv_size": [
                    6.5,
                    10.91667
                  ]
                },
                "up": {
                  "uv": [
                    128,
                    101.16667
                  ],
                  "uv_size": [
                    -0.16667,
                    -11
                  ]
                },
                "down": {
                  "uv": [
                    128,
                    102.08333
                  ],
                  "uv_size": [
                    0,
                    -12.91667
                  ]
                }
              },
              "inflate": 0
            },
            {
              "origin": [
                -3.0,
                2.5,
                -7.0
              ],
              "size": [
                0.5,
                0.5,
                4.5
              ],
              "uv": {
                "north": {
                  "uv": [
                    109.25,
                    112.33333
                  ],
                  "uv_size": [
                    17.5,
                    13
                  ]
                },
                "east": {
                  "uv": [
                    114.41667,
                    116.33333
                  ],
                  "uv_size": [
                    10.83333,
                    8
                  ]
                },
                "south": {
                  "uv": [
                    120.25,
                    116.08333
                  ],
                  "uv_size": [
                    0.41667,
                    2.75
                  ]
                },
                "west": {
                  "uv": [
                    114.16667,
                    117.08333
                  ],
                  "uv_size": [
                    6.5,
                    10.91667
                  ]
                },
                "up": {
                  "uv": [
                    122.16667,
                    121.91667
                  ],
                  "uv_size": [
                    -0.16667,
                    -11
                  ]
                },
                "down": {
                  "uv": [
                    119.41667,
                    128
                  ],
                  "uv_size": [
                    0,
                    -12.91667
                  ]
                }
              },
              "inflate": 0
            },
            {
              "origin": [
                -3.0,
                4.5,
                -7.0
              ],
              "size": [
                0.5,
                0.5,
                4.5
              ],
              "uv": {
                "north": {
                  "uv": [
                    110.5,
                    88.33333
                  ],
                  "uv_size": [
                    17.5,
                    13
                  ]
                },
                "east": {
                  "uv": [
                    117.16667,
                    89
                  ],
                  "uv_size": [
                    10.83333,
                    8
                  ]
                },
                "south": {
                  "uv": [
                    127.08333,
                    89.33333
                  ],
                  "uv_size": [
                    0.91667,
                    12.33333
                  ]
                },
                "west": {
                  "uv": [
                    121.5,
                    90.91667
                  ],
                  "uv_size": [
                    6.5,
                    10.91667
                  ]
                },
                "up": {
                  "uv": [
                    128,
                    101.16667
                  ],
                  "uv_size": [
                    -0.16667,
                    -11
                  ]
                },
                "down": {
                  "uv": [
                    128,
                    102.08333
                  ],
                  "uv_size": [
                    0,
                    -12.91667
                  ]
                }
              },
              "inflate": 0
            },
            {
              "origin": [
                -3.0,
                5.0,
                -7.0
              ],
              "size": [
                0.5,
                0.5,
                4.5
              ],
              "uv": {
                "north": {
                  "uv": [
                    114,
                    112.83333
                  ],
                  "uv_size": [
                    8.66667,
                    13
                  ]
                },
                "east": {
                  "uv": [
                    110.33333,
                    109.5
                  ],
                  "uv_size": [
                    10.83333,
                    8
                  ]
                },
                "south": {
                  "uv": [
                    117,
                    113.08333
                  ],
                  "uv_size": [
                    0.91667,
                    12.33333
                  ]
                },
                "west": {
                  "uv": [
                    111.91667,
                    117
                  ],
                  "uv_size": [
                    6.5,
                    10.91667
                  ]
                },
                "up": {
                  "uv": [
                    113.33333,
                    124.66667
                  ],
                  "uv_size": [
                    -0.16667,
                    -11
                  ]
                },
                "down": {
                  "uv": [
                    115.33333,
                    125.83333
                  ],
                  "uv_size": [
                    0,
                    -12.91667
                  ]
                }
              },
              "inflate": 0
            },
            {
              "origin": [
                -3.0,
                5.0,
                -7.0
              ],
              "size": [
                5.5,
                0.5,
                4.5
              ],
              "uv": {
                "north": {
                  "uv": [
                    114,
                    112.83333
                  ],
                  "uv_size": [
                    8.66667,
                    13
                  ]
                },
                "east": {
                  "uv": [
                    110.33333,
                    109.5
                  ],
                  "uv_size": [
                    10.83333,
                    8
                  ]
                },
                "south": {
                  "uv": [
                    117,
                    113.08333
                  ],
                  "uv_size": [
                    0.91667,
                    12.33333
                  ]
                },
                "west": {
                  "uv": [
                    111.91667,
                    117
                  ],
                  "uv_size": [
                    6.5,
                    10.91667
                  ]
                },
                "up": {
                  "uv": [
                    113.33333,
                    124.66667
                  ],
                  "uv_size": [
                    -0.16667,
                    -11
                  ]
                },
                "down": {
                  "uv": [
                    115.33333,
                    125.83333
                  ],
                  "uv_size": [
                    0,
                    -12.91667
                  ]
                }
              },
              "inflate": 0
            },
            {
              "origin": [
                2.5,
                5.0,
                -7.0
              ],
              "size": [
                0.5,
                0.5,
                4.5
              ],
              "uv": {
                "north": {
                  "uv": [
                    114,
                    112.83333
                  ],
                  "uv_size": [
                    8.66667,
                    13
                  ]
                },
                "east": {
                  "uv": [
                    110.33333,
                    109.5
                  ],
                  "uv_size": [
                    10.83333,
                    8
                  ]
                },
                "south": {
                  "uv": [
                    117,
                    113.08333
                  ],
                  "uv_size": [
                    0.91667,
                    12.33333
                  ]
                },
                "west": {
                  "uv": [
                    111.91667,
                    117
                  ],
                  "uv_size": [
                    6.5,
                    10.91667
                  ]
                },
                "up": {
                  "uv": [
                    113.33333,
                    124.66667
                  ],
                  "uv_size": [
                    -0.16667,
                    -11
                  ]
                },
                "down": {
                  "uv": [
                    115.33333,
                    125.83333
                  ],
                  "uv_size": [
                    0,
                    -12.91667
                  ]
                }
              },
              "inflate": 0
            },
            {
              "origin": [
                2.5,
                3.0,
                -7.0
              ],
              "size": [
                0.5,
                0.5,
                4.5
              ],
              "uv": {
                "north": {
                  "uv": [
                    110.5,
                    88.33333
                  ],
                  "uv_size": [
                    17.5,
                    13
                  ]
                },
                "east": {
                  "uv": [
                    117.16667,
                    89
                  ],
                  "uv_size": [
                    10.83333,
                    8
                  ]
                },
                "south": {
                  "uv": [
                    127.08333,
                    89.33333
                  ],
                  "uv_size": [
                    0.91667,
                    12.33333
                  ]
                },
                "west": {
                  "uv": [
                    121.5,
                    90.91667
                  ],
                  "uv_size": [
                    6.5,
                    10.91667
                  ]
                },
                "up": {
                  "uv": [
                    128,
                    101.16667
                  ],
                  "uv_size": [
                    -0.16667,
                    -11
                  ]
                },
                "down": {
                  "uv": [
                    128,
                    102.08333
                  ],
                  "uv_size": [
                    0,
                    -12.91667
                  ]
                }
              },
              "inflate": 0
            },
            {
              "origin": [
                2.5,
                2.5,
                -7.0
              ],
              "size": [
                0.5,
                0.5,
                4.5
              ],
              "uv": {
                "north": {
                  "uv": [
                    113.75,
                    109.08333
                  ],
                  "uv_size": [
                    9.16667,
                    13
                  ]
                },
                "east": {
                  "uv": [
                    114.66667,
                    113.5
                  ],
                  "uv_size": [
                    10.83333,
                    8
                  ]
                },
                "south": {
                  "uv": [
                    117,
                    114.08333
                  ],
                  "uv_size": [
                    0.91667,
                    12.33333
                  ]
                },
                "west": {
                  "uv": [
                    114.91667,
                    111.66667
                  ],
                  "uv_size": [
                    6.5,
                    10.91667
                  ]
                },
                "up": {
                  "uv": [
                    118.66667,
                    123.66667
                  ],
                  "uv_size": [
                    -0.16667,
                    -11
                  ]
                },
                "down": {
                  "uv": [
                    118.91667,
                    124.08333
                  ],
                  "uv_size": [
                    0,
                    -12.91667
                  ]
                }
              },
              "inflate": 0
            },
            {
              "origin": [
                2.5,
                4.5,
                -7.0
              ],
              "size": [
                0.5,
                0.5,
                4.5
              ],
              "uv": {
                "north": {
                  "uv": [
                    110.5,
                    88.33333
                  ],
                  "uv_size": [
                    17.5,
                    13
                  ]
                },
                "east": {
                  "uv": [
                    117.16667,
                    89
                  ],
                  "uv_size": [
                    10.83333,
                    8
                  ]
                },
                "south": {
                  "uv": [
                    127.08333,
                    89.33333
                  ],
                  "uv_size": [
                    0.91667,
                    12.33333
                  ]
                },
                "west": {
                  "uv": [
                    121.5,
                    90.91667
                  ],
                  "uv_size": [
                    6.5,
                    10.91667
                  ]
                },
                "up": {
                  "uv": [
                    128,
                    101.16667
                  ],
                  "uv_size": [
                    -0.16667,
                    -11
                  ]
                },
                "down": {
                  "uv": [
                    128,
                    102.08333
                  ],
                  "uv_size": [
                    0,
                    -12.91667
                  ]
                }
              },
              "inflate": 0
            },
            {
              "origin": [
                -3.0,
                3.0,
                -7.0
              ],
              "size": [
                6.0,
                0.5,
                0.5
              ],
              "uv": {
                "north": {
                  "uv": [
                    110.5,
                    88.33333
                  ],
                  "uv_size": [
                    17.5,
                    13
                  ]
                },
                "east": {
                  "uv": [
                    117.16667,
                    89
                  ],
                  "uv_size": [
                    10.83333,
                    8
                  ]
                },
                "south": {
                  "uv": [
                    127.08333,
                    89.33333
                  ],
                  "uv_size": [
                    0.91667,
                    12.33333
                  ]
                },
                "west": {
                  "uv": [
                    121.5,
                    90.91667
                  ],
                  "uv_size": [
                    6.5,
                    10.91667
                  ]
                },
                "up": {
                  "uv": [
                    128,
                    101.16667
                  ],
                  "uv_size": [
                    -0.16667,
                    -11
                  ]
                },
                "down": {
                  "uv": [
                    128,
                    102.08333
                  ],
                  "uv_size": [
                    0,
                    -12.91667
                  ]
                }
              },
              "inflate": 0
            },
            {
              "origin": [
                -3.0,
                2.5,
                -7.0
              ],
              "size": [
                6.0,
                0.5,
                5.5
              ],
              "uv": {
                "north": {
                  "uv": [
                    109.25,
                    115
                  ],
                  "uv_size": [
                    17.5,
                    13
                  ]
                },
                "east": {
                  "uv": [
                    110.83333,
                    120
                  ],
                  "uv_size": [
                    10.83333,
                    8
                  ]
                },
                "south": {
                  "uv": [
                    120.5,
                    115.66667
                  ],
                  "uv_size": [
                    0.91667,
                    12.33333
                  ]
                },
                "west": {
                  "uv": [
                    113.41667,
                    117.08333
                  ],
                  "uv_size": [
                    6.5,
                    10.91667
                  ]
                },
                "up": {
                  "uv": [
                    114.58333,
                    128
                  ],
                  "uv_size": [
                    -0.16667,
                    -11
                  ]
                },
                "down": {
                  "uv": [
                    118.91667,
                    128
                  ],
                  "uv_size": [
                    0,
                    -12.91667
                  ]
                }
              },
              "inflate": 0
            },
            {
              "origin": [
                -3.0,
                1.0,
                -7.0
              ],
              "size": [
                6.0,
                1.5,
                4.0
              ],
              "uv": {
                "north": {
                  "uv": [
                    0,
                    98.91667
                  ],
                  "uv_size": [
                    33.83333,
                    29.08333
                  ]
                },
                "east": {
                  "uv": [
                    0,
                    99.33333
                  ],
                  "uv_size": [
                    33.08333,
                    28.66667
                  ]
                },
                "south": {
                  "uv": [
                    0,
                    93.66667
                  ],
                  "uv_size": [
                    35.83333,
                    34.33333
                  ]
                },
                "west": {
                  "uv": [
                    0,
                    98.91667
                  ],
                  "uv_size": [
                    28.75,
                    29.08333
                  ]
                },
                "up": {
                  "uv": [
                    128,
                    127.75
                  ],
                  "uv_size": [
                    -13.08333,
                    -10.16667
                  ]
                },
                "down": {
                  "uv": [
                    31.58333,
                    128
                  ],
                  "uv_size": [
                    -31.58333,
                    -28.75
                  ]
                }
              },
              "inflate": 0
            },
            {
              "origin": [
                -1.0,
                3.5,
                -8.0
              ],
              "size": [
                2.0,
                0.1,
                3.0
              ],
              "uv": {
                "north": {
                  "uv": [
                    124.41667,
                    117.41667
                  ],
                  "uv_size": [
                    3.58333,
                    10.58333
                  ]
                },
                "east": {
                  "uv": [
                    128,
                    125.5
                  ],
                  "uv_size": [
                    0,
                    2.5
                  ]
                },
                "south": {
                  "uv": [
                    128,
                    122.25
                  ],
                  "uv_size": [
                    0,
                    5.75
                  ]
                },
                "west": {
                  "uv": [
                    125.66667,
                    124.16667
                  ],
                  "uv_size": [
                    2.33333,
                    3.83333
                  ]
                },
                "up": {
                  "uv": [
                    128,
                    127.75
                  ],
                  "uv_size": [
                    -13.08333,
                    -10.16667
                  ]
                },
                "down": {
                  "uv": [
                    128,
                    128
                  ],
                  "uv_size": [
                    -0.83333,
                    -14.08333
                  ]
                }
              },
              "inflate": 0
            },
            {
              "origin": [
                -1.0,
                -1.5,
                -6.0
              ],
              "size": [
                2.0,
                0.1,
                1.5
              ],
              "pivot": [
                0.0,
                0.0,
                0.0
              ],
              "rotation": [
                -47.5,
                0.0,
                0.0
              ],
              "uv": {
                "north": {
                  "uv": [
                    124.41667,
                    117.41667
                  ],
                  "uv_size": [
                    3.58333,
                    10.58333
                  ]
                },
                "east": {
                  "uv": [
                    128,
                    125.5
                  ],
                  "uv_size": [
                    0,
                    2.5
                  ]
                },
                "south": {
                  "uv": [
                    128,
                    122.25
                  ],
                  "uv_size": [
                    0,
                    5.75
                  ]
                },
                "west": {
                  "uv": [
                    125.66667,
                    124.16667
                  ],
                  "uv_size": [
                    2.33333,
                    3.83333
                  ]
                },
                "up": {
                  "uv": [
                    128,
                    127.75
                  ],
                  "uv_size": [
                    -13.08333,
                    -10.16667
                  ]
                },
                "down": {
                  "uv": [
                    128,
                    128
                  ],
                  "uv_size": [
                    -0.83333,
                    -14.08333
                  ]
                }
              },
              "inflate": 0
            },
            {
              "origin": [
                -3.0,
                2.0,
                0.0
              ],
              "size": [
                6.0,
                5.0,
                1.0
              ],
              "pivot": [
                0.0,
                0.0,
                0.0
              ],
              "rotation": [
                82.5,
                0.0,
                0.0
              ],
              "uv": {
                "north": {
                  "uv": [
                    30.75,
                    92.83333
                  ],
                  "uv_size": [
                    -30.75,
                    35.16667
                  ]
                },
                "east": {
                  "uv": [
                    4,
                    100.91667
                  ],
                  "uv_size": [
                    -4,
                    27.08333
                  ]
                },
                "south": {
                  "uv": [
                    66,
                    0
                  ],
                  "uv_size": [
                    8,
                    6
                  ]
                },
                "west": {
                  "uv": [
                    6.91667,
                    105.41667
                  ],
                  "uv_size": [
                    -6.91667,
                    22.58333
                  ]
                },
                "up": {
                  "uv": [
                    29,
                    5
                  ],
                  "uv_size": [
                    -8,
                    -5
                  ]
                },
                "down": {
                  "uv": [
                    54,
                    5
                  ],
                  "uv_size": [
                    -8,
                    -5
                  ]
                }
              },
              "inflate": 0
            },
            {
              "origin": [
                1.0,
                7.0,
                -6.5
              ],
              "size": [
                1.0,
                2.0,
                2.0
              ],
              "uv": {
                "north": {
                  "uv": [
                    0,
                    95.25
                  ],
                  "uv_size": [
                    8.08333,
                    27.5
                  ]
                },
                "east": {
                  "uv": [
                    6,
                    95.83333
                  ],
                  "uv_size": [
                    -6,
                    32.16667
                  ]
                },
                "south": {
                  "uv": [
                    0,
                    93.83333
                  ],
                  "uv_size": [
                    11.91667,
                    34.16667
                  ]
                },
                "west": {
                  "uv": [
                    0,
                    98.33333
                  ],
                  "uv_size": [
                    9.25,
                    29.66667
                  ]
                },
                "up": {
                  "uv": [
                    0,
                    128
                  ],
                  "uv_size": [
                    10.16667,
                    -35.41667
                  ]
                },
                "down": {
                  "uv": [
                    0,
                    128
                  ],
                  "uv_size": [
                    13,
                    -40.41667
                  ]
                }
              },
              "inflate": 0
            },
            {
              "origin": [
                -2.0,
                7.0,
                -6.5
              ],
              "size": [
                1.0,
                2.0,
                2.0
              ],
              "uv": {
                "north": {
                  "uv": [
                    0,
                    95.25
                  ],
                  "uv_size": [
                    8.08333,
                    27.5
                  ]
                },
                "east": {
                  "uv": [
                    6,
                    95.83333
                  ],
                  "uv_size": [
                    -6,
                    32.16667
                  ]
                },
                "south": {
                  "uv": [
                    0,
                    93.83333
                  ],
                  "uv_size": [
                    11.91667,
                    34.16667
                  ]
                },
                "west": {
                  "uv": [
                    0,
                    98.33333
                  ],
                  "uv_size": [
                    9.25,
                    29.66667
                  ]
                },
                "up": {
                  "uv": [
                    0,
                    128
                  ],
                  "uv_size": [
                    10.16667,
                    -35.41667
                  ]
                },
                "down": {
                  "uv": [
                    0,
                    128
                  ],
                  "uv_size": [
                    13,
                    -40.41667
                  ]
                }
              },
              "inflate": 0
            },
            {
              "origin": [
                -1.0,
                7.0,
                -7.0
              ],
              "size": [
                2.0,
                2.5,
                5.0
              ],
              "uv": {
                "north": {
                  "uv": [
                    0,
                    98.5
                  ],
                  "uv_size": [
                    19.83333,
                    29.5
                  ]
                },
                "east": {
                  "uv": [
                    0,
                    104.83333
                  ],
                  "uv_size": [
                    19.91667,
                    23.16667
                  ]
                },
                "south": {
                  "uv": [
                    0,
                    93.41667
                  ],
                  "uv_size": [
                    35.66667,
                    34.58333
                  ]
                },
                "west": {
                  "uv": [
                    0,
                    98.91667
                  ],
                  "uv_size": [
                    24.08333,
                    29.08333
                  ]
                },
                "up": {
                  "uv": [
                    34.16667,
                    128
                  ],
                  "uv_size": [
                    -34.16667,
                    -27.58333
                  ]
                },
                "down": {
                  "uv": [
                    40.66667,
                    128
                  ],
                  "uv_size": [
                    -40.66667,
                    -39.66667
                  ]
                }
              },
              "inflate": 0
            },
            {
              "origin": [
                -1.0,
                7.0,
                0.0
              ],
              "size": [
                2.0,
                3.0,
                2.0
              ],
              "pivot": [
                0.0,
                0.0,
                0.0
              ],
              "rotation": [
                17.5,
                0.0,
                0.0
              ],
              "uv": {
                "north": {
                  "uv": [
                    0,
                    86.08333
                  ],
                  "uv_size": [
                    38.66667,
                    41.91667
                  ]
                },
                "east": {
                  "uv": [
                    0,
                    89.83333
                  ],
                  "uv_size": [
                    40.25,
                    38.16667
                  ]
                },
                "south": {
                  "uv": [
                    0,
                    87.58333
                  ],
                  "uv_size": [
                    39.16667,
                    40.41667
                  ]
                },
                "west": {
                  "uv": [
                    0,
                    88.83333
                  ],
                  "uv_size": [
                    39.66667,
                    39.16667
                  ]
                },
                "up": {
                  "uv": [
                    20.16667,
                    128
                  ],
                  "uv_size": [
                    -20.16667,
                    -29.25
                  ]
                },
                "down": {
                  "uv": [
                    40.5,
                    128
                  ],
                  "uv_size": [
                    -40.5,
                    -38.66667
                  ]
                }
              },
              "inflate": 0
            },
            {
              "origin": [
                -1.0,
                0.0,
                -1.0
              ],
              "size": [
                2.0,
                2.0,
                2.0
              ],
              "uv": {
                "north": {
                  "uv": [
                    0,
                    0
                  ],
                  "uv_size": [
                    2,
                    2
                  ]
                },
                "east": {
                  "uv": [
                    0,
                    0
                  ],
                  "uv_size": [
                    2,
                    2
                  ]
                },
                "south": {
                  "uv": [
                    0,
                    0
                  ],
                  "uv_size": [
                    2,
                    2
                  ]
                },
                "west": {
                  "uv": [
                    0,
                    0
                  ],
                  "uv_size": [
                    2,
                    2
                  ]
                },
                "up": {
                  "uv": [
                    2,
                    2
                  ],
                  "uv_size": [
                    -2,
                    -2
                  ]
                },
                "down": {
                  "uv": [
                    2,
                    2
                  ],
                  "uv_size": [
                    -2,
                    -2
                  ]
                }
              },
              "inflate": 0
            }
          ]
        },
        {
          "name": "bb_main3"
        },
        {
          "name": "root",
          "rotation": [
            0,
            -2.5,
            0
          ]
        },
        {
          "name": "waist",
          "pivot": [
            0,
            12,
            0
          ],
          "parent": "root"
        },
        {
          "name": "leftLeg",
          "pivot": [
            8.9,
            4,
            -3
          ],
          "parent": "root",
          "rotation": [
            -7.38733,
            1.29876,
            74.91615
          ]
        },
        {
          "name": "leftPants",
          "pivot": [
            8.9,
            4,
            -3
          ],
          "parent": "leftLeg"
        },
        {
          "name": "rightLeg",
          "pivot": [
            -9.9,
            3,
            -4
          ],
          "parent": "root",
          "rotation": [
            0,
            0,
            -82.5
          ]
        },
        {
          "name": "rightPants",
          "pivot": [
            -9.9,
            3,
            -4
          ],
          "parent": "rightLeg"
        },
        {
          "name": "gong1",
          "pivot": [
            -14,
            28,
            0
          ]
        },
        {
          "name": "tiang",
          "pivot": [
            -14,
            -2,
            -18
          ]
        },
        {
          "name": "gong2",
          "pivot": [
            -2,
            0,
            2
          ]
        },
        {
          "name": "root2",
          "rotation": [
            0,
            -2.5,
            0
          ]
        },
        {
          "name": "waist2",
          "pivot": [
            0,
            12,
            0
          ],
          "parent": "root2"
        },
        {
          "name": "leftLeg2",
          "pivot": [
            8.9,
            4,
            -3
          ],
          "parent": "root2",
          "rotation": [
            -7.38733,
            1.29876,
            74.91615
          ]
        },
        {
          "name": "leftPants2",
          "pivot": [
            8.9,
            4,
            -3
          ],
          "parent": "leftLeg2"
        },
        {
          "name": "rightLeg2",
          "pivot": [
            -9.9,
            3,
            -4
          ],
          "parent": "root2",
          "rotation": [
            0,
            0,
            -82.5
          ]
        },
        {
          "name": "rightPants2",
          "pivot": [
            -9.9,
            3,
            -4
          ],
          "parent": "rightLeg2"
        },
        {
          "name": "gong4",
          "pivot": [
            -14,
            28,
            0
          ]
        },
        {
          "name": "tiang2",
          "pivot": [
            -14,
            -2,
            -18
          ]
        },
        {
          "name": "gong3",
          "pivot": [
            -2,
            0,
            2
          ]
        },
        {
          "name": "bone8",
          "pivot": [
            30,
            0,
            1
          ],
          "rotation": [
            20,
            0,
            0
          ]
        },
        {
          "name": "bone9",
          "pivot": [
            30,
            0,
            14
          ],
          "rotation": [
            -20,
            0,
            0
          ]
        },
        {
          "name": "bb_main7"
        },
        {
          "name": "root4",
          "rotation": [
            0,
            -2.5,
            0
          ]
        },
        {
          "name": "waist4",
          "pivot": [
            0,
            12,
            0
          ],
          "parent": "root4"
        },
        {
          "name": "leftLeg4",
          "pivot": [
            8.9,
            4,
            -3
          ],
          "parent": "root4",
          "rotation": [
            -7.38733,
            1.29876,
            74.91615
          ]
        },
        {
          "name": "leftPants4",
          "pivot": [
            8.9,
            4,
            -3
          ],
          "parent": "leftLeg4"
        },
        {
          "name": "rightLeg4",
          "pivot": [
            -9.9,
            3,
            -4
          ],
          "parent": "root4",
          "rotation": [
            0,
            0,
            -82.5
          ]
        },
        {
          "name": "rightPants4",
          "pivot": [
            -9.9,
            3,
            -4
          ],
          "parent": "rightLeg4"
        },
        {
          "name": "gong8",
          "pivot": [
            -14,
            28,
            0
          ]
        },
        {
          "name": "tiang4",
          "pivot": [
            -14,
            -2,
            -18
          ]
        },
        {
          "name": "gong7",
          "pivot": [
            -2,
            0,
            2
          ]
        },
        {
          "name": "root3",
          "rotation": [
            0,
            -2.5,
            0
          ]
        },
        {
          "name": "waist3",
          "pivot": [
            0,
            12,
            0
          ],
          "parent": "root3"
        },
        {
          "name": "leftLeg3",
          "pivot": [
            8.9,
            4,
            -3
          ],
          "parent": "root3",
          "rotation": [
            -7.38733,
            1.29876,
            74.91615
          ]
        },
        {
          "name": "leftPants3",
          "pivot": [
            8.9,
            4,
            -3
          ],
          "parent": "leftLeg3"
        },
        {
          "name": "rightLeg3",
          "pivot": [
            -9.9,
            3,
            -4
          ],
          "parent": "root3",
          "rotation": [
            0,
            0,
            -82.5
          ]
        },
        {
          "name": "rightPants3",
          "pivot": [
            -9.9,
            3,
            -4
          ],
          "parent": "rightLeg3"
        },
        {
          "name": "gong6",
          "pivot": [
            -14,
            28,
            0
          ]
        },
        {
          "name": "tiang3",
          "pivot": [
            -14,
            -2,
            -18
          ]
        },
        {
          "name": "gong5",
          "pivot": [
            -2,
            0,
            2
          ]
        },
        {
          "name": "bone4"
        },
        {
          "name": "bone13"
        },
        {
          "name": "bb_main5"
        },
        {
          "name": "bb_main6"
        },
        {
          "name": "bb_main4"
        },
        {
          "name": "bone12"
        },
        {
          "name": "bone11",
          "pivot": [
            0,
            63,
            -8
          ]
        },
        {
          "name": "bone6",
          "pivot": [
            -1,
            23,
            22
          ],
          "parent": "bone11",
          "rotation": [
            0,
            17.5,
            0
          ]
        },
        {
          "name": "bone5",
          "pivot": [
            -1,
            23,
            19
          ],
          "parent": "bone11",
          "rotation": [
            0,
            37.5,
            0
          ]
        },
        {
          "name": "bone7",
          "pivot": [
            -5,
            23,
            1
          ],
          "parent": "bone11"
        },
        {
          "name": "bone10",
          "pivot": [
            0,
            63,
            -8
          ]
        },
        {
          "name": "isuzu_elf"
        },
        {
          "name": "Chassis",
          "pivot": [
            0.02808,
            9.7882,
            -7.84328
          ],
          "parent": "isuzu_elf"
        },
        {
          "name": "fronttire1",
          "pivot": [
            15.05,
            7.25,
            -28.4492
          ],
          "parent": "Chassis"
        },
        {
          "name": "bb_main14"
        },
        {
          "name": "root11",
          "rotation": [
            0,
            -2.5,
            0
          ]
        },
        {
          "name": "waist11",
          "pivot": [
            0,
            12,
            0
          ],
          "parent": "root11"
        },
        {
          "name": "leftLeg11",
          "pivot": [
            8.9,
            4,
            -3
          ],
          "parent": "root11",
          "rotation": [
            -7.38733,
            1.29876,
            74.91615
          ]
        },
        {
          "name": "leftPants11",
          "pivot": [
            8.9,
            4,
            -3
          ],
          "parent": "leftLeg11"
        },
        {
          "name": "rightLeg11",
          "pivot": [
            -9.9,
            3,
            -4
          ],
          "parent": "root11",
          "rotation": [
            0,
            0,
            -82.5
          ]
        },
        {
          "name": "rightPants11",
          "pivot": [
            -9.9,
            3,
            -4
          ],
          "parent": "rightLeg11"
        },
        {
          "name": "gong22",
          "pivot": [
            -14,
            28,
            0
          ]
        },
        {
          "name": "tiang11",
          "pivot": [
            -14,
            -2,
            -18
          ]
        },
        {
          "name": "gong21",
          "pivot": [
            -2,
            0,
            2
          ]
        },
        {
          "name": "root10",
          "rotation": [
            0,
            -2.5,
            0
          ]
        },
        {
          "name": "waist10",
          "pivot": [
            0,
            12,
            0
          ],
          "parent": "root10"
        },
        {
          "name": "leftLeg10",
          "pivot": [
            8.9,
            4,
            -3
          ],
          "parent": "root10",
          "rotation": [
            -7.38733,
            1.29876,
            74.91615
          ]
        },
        {
          "name": "leftPants10",
          "pivot": [
            8.9,
            4,
            -3
          ],
          "parent": "leftLeg10"
        },
        {
          "name": "rightLeg10",
          "pivot": [
            -9.9,
            3,
            -4
          ],
          "parent": "root10",
          "rotation": [
            0,
            0,
            -82.5
          ]
        },
        {
          "name": "rightPants10",
          "pivot": [
            -9.9,
            3,
            -4
          ],
          "parent": "rightLeg10"
        },
        {
          "name": "gong20",
          "pivot": [
            -14,
            28,
            0
          ]
        },
        {
          "name": "tiang10",
          "pivot": [
            -14,
            -2,
            -18
          ]
        },
        {
          "name": "gong19",
          "pivot": [
            -2,
            0,
            2
          ]
        },
        {
          "name": "bone26",
          "pivot": [
            30,
            0,
            1
          ],
          "rotation": [
            20,
            0,
            0
          ]
        },
        {
          "name": "bone25",
          "pivot": [
            30,
            0,
            14
          ],
          "rotation": [
            -20,
            0,
            0
          ]
        },
        {
          "name": "bone24"
        },
        {
          "name": "bb_main13"
        },
        {
          "name": "root9",
          "rotation": [
            0,
            -2.5,
            0
          ]
        },
        {
          "name": "waist9",
          "pivot": [
            0,
            12,
            0
          ],
          "parent": "root9"
        },
        {
          "name": "leftLeg9",
          "pivot": [
            8.9,
            4,
            -3
          ],
          "parent": "root9",
          "rotation": [
            -7.38733,
            1.29876,
            74.91615
          ]
        },
        {
          "name": "leftPants9",
          "pivot": [
            8.9,
            4,
            -3
          ],
          "parent": "leftLeg9"
        },
        {
          "name": "rightLeg9",
          "pivot": [
            -9.9,
            3,
            -4
          ],
          "parent": "root9",
          "rotation": [
            0,
            0,
            -82.5
          ]
        },
        {
          "name": "rightPants9",
          "pivot": [
            -9.9,
            3,
            -4
          ],
          "parent": "rightLeg9"
        },
        {
          "name": "gong18",
          "pivot": [
            -14,
            28,
            0
          ]
        },
        {
          "name": "tiang9",
          "pivot": [
            -14,
            -2,
            -18
          ]
        },
        {
          "name": "gong17",
          "pivot": [
            -2,
            0,
            2
          ]
        },
        {
          "name": "root8",
          "rotation": [
            0,
            -2.5,
            0
          ]
        },
        {
          "name": "waist8",
          "pivot": [
            0,
            12,
            0
          ],
          "parent": "root8"
        },
        {
          "name": "leftLeg8",
          "pivot": [
            8.9,
            4,
            -3
          ],
          "parent": "root8",
          "rotation": [
            -7.38733,
            1.29876,
            74.91615
          ]
        },
        {
          "name": "leftPants8",
          "pivot": [
            8.9,
            4,
            -3
          ],
          "parent": "leftLeg8"
        },
        {
          "name": "rightLeg8",
          "pivot": [
            -9.9,
            3,
            -4
          ],
          "parent": "root8",
          "rotation": [
            0,
            0,
            -82.5
          ]
        },
        {
          "name": "rightPants8",
          "pivot": [
            -9.9,
            3,
            -4
          ],
          "parent": "rightLeg8"
        },
        {
          "name": "gong16",
          "pivot": [
            -14,
            28,
            0
          ]
        },
        {
          "name": "tiang8",
          "pivot": [
            -14,
            -2,
            -18
          ]
        },
        {
          "name": "gong15",
          "pivot": [
            -2,
            0,
            2
          ]
        },
        {
          "name": "bone23"
        },
        {
          "name": "bone22"
        },
        {
          "name": "bb_main12"
        },
        {
          "name": "bb_main11"
        },
        {
          "name": "bb_main9"
        },
        {
          "name": "bone21"
        },
        {
          "name": "bone20",
          "pivot": [
            0,
            63,
            -8
          ]
        },
        {
          "name": "bone19",
          "pivot": [
            -1,
            23,
            22
          ],
          "parent": "bone20",
          "rotation": [
            0,
            17.5,
            0
          ]
        },
        {
          "name": "bone18",
          "pivot": [
            -1,
            23,
            19
          ],
          "parent": "bone20",
          "rotation": [
            0,
            37.5,
            0
          ]
        },
        {
          "name": "bone17",
          "pivot": [
            -5,
            23,
            1
          ],
          "parent": "bone20"
        },
        {
          "name": "bone16",
          "pivot": [
            0,
            63,
            -8
          ]
        },
        {
          "name": "isuzu_elf2"
        },
        {
          "name": "Chassis2",
          "pivot": [
            0.02808,
            9.7882,
            -7.84328
          ],
          "parent": "isuzu_elf2"
        },
        {
          "name": "fronttire2",
          "pivot": [
            15.05,
            7.25,
            -28.4492
          ],
          "parent": "Chassis2"
        },
        {
          "name": "root7",
          "rotation": [
            0,
            -2.5,
            0
          ]
        },
        {
          "name": "waist7",
          "pivot": [
            0,
            12,
            0
          ],
          "parent": "root7"
        },
        {
          "name": "leftLeg7",
          "pivot": [
            8.9,
            4,
            -3
          ],
          "parent": "root7",
          "rotation": [
            -7.38733,
            1.29876,
            74.91615
          ]
        },
        {
          "name": "leftPants7",
          "pivot": [
            8.9,
            4,
            -3
          ],
          "parent": "leftLeg7"
        },
        {
          "name": "rightLeg7",
          "pivot": [
            -9.9,
            3,
            -4
          ],
          "parent": "root7",
          "rotation": [
            0,
            0,
            -82.5
          ]
        },
        {
          "name": "rightPants7",
          "pivot": [
            -9.9,
            3,
            -4
          ],
          "parent": "rightLeg7"
        },
        {
          "name": "gong14",
          "pivot": [
            -14,
            28,
            0
          ]
        },
        {
          "name": "tiang7",
          "pivot": [
            -14,
            -2,
            -18
          ]
        },
        {
          "name": "gong13",
          "pivot": [
            -2,
            0,
            2
          ]
        },
        {
          "name": "root6",
          "rotation": [
            0,
            -2.5,
            0
          ]
        },
        {
          "name": "waist6",
          "pivot": [
            0,
            12,
            0
          ],
          "parent": "root6"
        },
        {
          "name": "leftLeg6",
          "pivot": [
            8.9,
            4,
            -3
          ],
          "parent": "root6",
          "rotation": [
            -7.38733,
            1.29876,
            74.91615
          ]
        },
        {
          "name": "leftPants6",
          "pivot": [
            8.9,
            4,
            -3
          ],
          "parent": "leftLeg6"
        },
        {
          "name": "rightLeg6",
          "pivot": [
            -9.9,
            3,
            -4
          ],
          "parent": "root6",
          "rotation": [
            0,
            0,
            -82.5
          ]
        },
        {
          "name": "rightPants6",
          "pivot": [
            -9.9,
            3,
            -4
          ],
          "parent": "rightLeg6"
        },
        {
          "name": "gong12",
          "pivot": [
            -14,
            28,
            0
          ]
        },
        {
          "name": "tiang6",
          "pivot": [
            -14,
            -2,
            -18
          ]
        },
        {
          "name": "gong11",
          "pivot": [
            -2,
            0,
            2
          ]
        },
        {
          "name": "root5",
          "rotation": [
            0,
            -2.5,
            0
          ]
        },
        {
          "name": "waist5",
          "pivot": [
            0,
            12,
            0
          ],
          "parent": "root5"
        },
        {
          "name": "leftLeg5",
          "pivot": [
            8.9,
            4,
            -3
          ],
          "parent": "root5",
          "rotation": [
            -7.38733,
            1.29876,
            74.91615
          ]
        },
        {
          "name": "leftPants5",
          "pivot": [
            8.9,
            4,
            -3
          ],
          "parent": "leftLeg5"
        },
        {
          "name": "rightLeg5",
          "pivot": [
            -9.9,
            3,
            -4
          ],
          "parent": "root5",
          "rotation": [
            0,
            0,
            -82.5
          ]
        },
        {
          "name": "rightPants5",
          "pivot": [
            -9.9,
            3,
            -4
          ],
          "parent": "rightLeg5"
        },
        {
          "name": "gong10",
          "pivot": [
            -14,
            28,
            0
          ]
        },
        {
          "name": "tiang5",
          "pivot": [
            -14,
            -2,
            -18
          ]
        },
        {
          "name": "gong9",
          "pivot": [
            -2,
            0,
            2
          ]
        },
        {
          "name": "bb_main8"
        },
        {
          "name": "bone15",
          "pivot": [
            30,
            0,
            1
          ],
          "rotation": [
            20,
            0,
            0
          ]
        },
        {
          "name": "bone14",
          "pivot": [
            30,
            0,
            14
          ],
          "rotation": [
            -20,
            0,
            0
          ]
        },
        {
          "name": "bb_main17"
        },
        {
          "name": "root13",
          "rotation": [
            0,
            -2.5,
            0
          ]
        },
        {
          "name": "waist13",
          "pivot": [
            0,
            12,
            0
          ],
          "parent": "root13"
        },
        {
          "name": "leftLeg13",
          "pivot": [
            8.9,
            4,
            -3
          ],
          "parent": "root13",
          "rotation": [
            -7.38733,
            1.29876,
            74.91615
          ]
        },
        {
          "name": "leftPants13",
          "pivot": [
            8.9,
            4,
            -3
          ],
          "parent": "leftLeg13"
        },
        {
          "name": "rightLeg13",
          "pivot": [
            -9.9,
            3,
            -4
          ],
          "parent": "root13",
          "rotation": [
            0,
            0,
            -82.5
          ]
        },
        {
          "name": "rightPants13",
          "pivot": [
            -9.9,
            3,
            -4
          ],
          "parent": "rightLeg13"
        },
        {
          "name": "gong26",
          "pivot": [
            -14,
            28,
            0
          ]
        },
        {
          "name": "tiang13",
          "pivot": [
            -14,
            -2,
            -18
          ]
        },
        {
          "name": "gong25",
          "pivot": [
            -2,
            0,
            2
          ]
        },
        {
          "name": "root12",
          "rotation": [
            0,
            -2.5,
            0
          ]
        },
        {
          "name": "waist12",
          "pivot": [
            0,
            12,
            0
          ],
          "parent": "root12"
        },
        {
          "name": "leftLeg12",
          "pivot": [
            8.9,
            4,
            -3
          ],
          "parent": "root12",
          "rotation": [
            -7.38733,
            1.29876,
            74.91615
          ]
        },
        {
          "name": "leftPants12",
          "pivot": [
            8.9,
            4,
            -3
          ],
          "parent": "leftLeg12"
        },
        {
          "name": "rightLeg12",
          "pivot": [
            -9.9,
            3,
            -4
          ],
          "parent": "root12",
          "rotation": [
            0,
            0,
            -82.5
          ]
        },
        {
          "name": "rightPants12",
          "pivot": [
            -9.9,
            3,
            -4
          ],
          "parent": "rightLeg12"
        },
        {
          "name": "gong24",
          "pivot": [
            -14,
            28,
            0
          ]
        },
        {
          "name": "tiang12",
          "pivot": [
            -14,
            -2,
            -18
          ]
        },
        {
          "name": "gong23",
          "pivot": [
            -2,
            0,
            2
          ]
        },
        {
          "name": "bone35"
        },
        {
          "name": "bb_main16"
        },
        {
          "name": "bb_main15"
        },
        {
          "name": "bb_main10"
        },
        {
          "name": "bone33"
        },
        {
          "name": "bone32",
          "pivot": [
            0,
            63,
            -8
          ]
        },
        {
          "name": "bone31",
          "pivot": [
            -1,
            23,
            22
          ],
          "parent": "bone32",
          "rotation": [
            0,
            17.5,
            0
          ]
        },
        {
          "name": "bone30",
          "pivot": [
            -1,
            23,
            19
          ],
          "parent": "bone32",
          "rotation": [
            0,
            37.5,
            0
          ]
        },
        {
          "name": "bone29",
          "pivot": [
            -5,
            23,
            1
          ],
          "parent": "bone32"
        },
        {
          "name": "bone28",
          "pivot": [
            0,
            63,
            -8
          ]
        },
        {
          "name": "isuzu_elf3"
        },
        {
          "name": "Chassis3",
          "pivot": [
            0.02808,
            9.7882,
            -7.84328
          ],
          "parent": "isuzu_elf3"
        },
        {
          "name": "fronttire3",
          "pivot": [
            15.05,
            7.25,
            -28.4492
          ],
          "parent": "Chassis3"
        }
      ]
    }
  ]
}