{
	"format_version": "1.8.0",
	"animations": {
		"animation.ccat.space_infvoid": {
			"loop": "hold_on_last_frame",
			"animation_length": 20,
			"override_previous_animation": true,
			"bones": {
				"leftArm": {
					"rotation": {
						"0.0": [
							0,
							0,
							0
						],
						"0.75": [
							0,
							0,
							1
						]
					}
				},
				"rightArm": {
					"rotation": {
						"0.0": [
							0,
							0,
							0
						],
						"0.0417": [
							-0.12744,
							0.0781,
							0.14234
						],
						"0.0833": [
							-0.44064,
							0.2148,
							0.42052
						],
						"0.125": [
							-0.90968,
							0.36408,
							0.76528
						],
						"0.1667": [
							-1.53233,
							0.51055,
							1.15592
						],
						"0.2083": [
							-2.31651,
							0.64547,
							1.58367
						],
						"0.25": [
							-3.2779,
							0.76199,
							2.0447
						],
						"0.2917": [
							-4.4396,
							0.8535,
							2.53791
						],
						"0.3333": [
							-5.83602,
							0.91233,
							3.06443
						],
						"0.375": [
							-7.51525,
							0.92889,
							3.62736
						],
						"0.4167": [
							-9.55116,
							0.8895,
							4.23278
						],
						"0.4583": [
							-12.06126,
							0.77316,
							4.89133
						],
						"0.5": [
							-15.25621,
							0.54288,
							5.623
						],
						"0.5417": [
							-19.58754,
							0.12006,
							6.47153
						],
						"0.5833": [
							-26.51963,
							-0.74935,
							7.57972
						],
						"0.625": [
							-43.97817,
							-3.42792,
							9.76301
						],
						"0.6667": [
							-91.17232,
							-11.27816,
							14.9391
						],
						"0.7083": [
							-130.91027,
							-18.09017,
							19.05685
						],
						"0.75": [
							-138.18458,
							-19.35063,
							19.79458
						]
					},
					"position": {
						"0.0": [
							0,
							0,
							0
						],
						"0.5833": [
							0.2,
							-1,
							-0.4
						],
						"0.75": [
							1,
							-2,
							-2
						]
					},
					"scale": {
						"0.0": [
							1,
							1,
							1
						],
						"0.5833": [
							1,
							0.98,
							1
						],
						"0.75": [
							1,
							0.9,
							1
						]
					}
				}
			}
		},
		"animation.ccat.space_infvoid2": {
			"animation_length": 0.5,
			"override_previous_animation": true,
			"bones": {
				"leftArm": {
					"rotation": {
						"0.0": [
							0,
							0,
							1
						],
						"0.375": [
							0,
							0,
							0
						]
					}
				},
				"rightArm": {
					"rotation": {
						"0.0": [
							-138.18458,
							-19.35063,
							19.79458
						],
						"0.375": [
							0,
							0,
							0
						]
					},
					"position": {
						"0.0": [
							1,
							-2,
							-2
						],
						"0.375": [
							0,
							0,
							0
						]
					},
					"scale": {
						"0.0": [
							1,
							0.9,
							1
						],
						"0.375": [
							1,
							1,
							1
						]
					}
				}
			}
		}
	}
}