{
	"format_version": "1.8.0",
	"animations": {
		"animation.ccat.space_purple": {
			"animation_length": 20,
			"override_previous_animation": true,
			"bones": {
				"leftArm": {
					"rotation": {
						"0.0": [
							0,
							0,
							0
						],
						"1.25": [
							-65,
							-20,
							0
						],
						"1.7917": [
							-65,
							-20,
							0
						],
						"1.8333": [
							-66.71132,
							-16.2351,
							0
						],
						"1.875": [
							-72.87687,
							-2.67088,
							0
						],
						"1.9167": [
							-82.12313,
							17.67088,
							0
						],
						"1.9583": [
							-88.28868,
							31.2351,
							0
						],
						"2.0": [
							-90,
							35,
							0
						]
					},
					"position": {
						"0.0": [
							0,
							0,
							0
						],
						"1.25": [
							0,
							0,
							-1
						],
						"1.7917": [
							0,
							0,
							-1
						],
						"2.0": [
							0,
							0,
							-1
						]
					}
				},
				"rightArm": {
					"rotation": {
						"0.0": [
							0,
							0,
							0
						],
						"1.25": [
							-65,
							20,
							0
						],
						"1.7917": [
							-65,
							20,
							0
						],
						"1.8333": [
							-66.71132,
							16.2351,
							0
						],
						"1.875": [
							-72.87687,
							2.67088,
							0
						],
						"1.9167": [
							-82.12313,
							-17.67088,
							0
						],
						"1.9583": [
							-88.28868,
							-31.2351,
							0
						],
						"2.0": [
							-90,
							-35,
							0
						]
					},
					"position": {
						"0.0": [
							0,
							0,
							0
						],
						"1.25": [
							0,
							0,
							-1
						],
						"1.7917": [
							0,
							0,
							-1
						],
						"2.0": [
							0,
							0,
							-1
						]
					}
				}
			}
		},
		"animation.ccat.space_purple2": {
			"loop": "hold_on_last_frame",
			"animation_length": 20,
			"override_previous_animation": true,
			"bones": {
				"leftArm": {
					"rotation": {
						"0.0": [
							-90,
							35,
							0
						],
						"0.5417": [
							-94.36999,
							30.63001,
							0
						],
						"1.0833": [
							-99.1611,
							25.8389,
							0
						],
						"1.625": [
							-103.83878,
							21.16122,
							0
						],
						"1.7917": [
							-105,
							20,
							0
						]
					},
					"position": {
						"0.0": [
							0,
							0,
							-1
						],
						"1.2083": [
							-0.71,
							0,
							0.15
						],
						"1.7917": [
							-1,
							0,
							1
						]
					},
					"scale": {
						"0.0": [
							1,
							1,
							1
						],
						"1.7917": [
							1,
							0.9,
							1
						]
					}
				},
				"rightArm": {
					"rotation": {
						"0.0": [
							-90,
							-35,
							0
						],
						"0.0417": [
							-90,
							-34.62443,
							-1.25191
						],
						"0.0833": [
							-90,
							-34.08965,
							-3.0345
						],
						"0.625": [
							-90,
							-25.81456,
							-30.61815
						],
						"1.1667": [
							-90,
							-17.18544,
							-59.38185
						],
						"1.5417": [
							-90,
							-11.33296,
							-78.89015
						],
						"1.7083": [
							-90,
							-8.91035,
							-86.9655
						],
						"1.75": [
							-90,
							-8.37557,
							-88.74809
						],
						"1.7917": [
							-90,
							-8,
							-90
						],
						"2.25": [
							-90,
							-8,
							-90
						],
						"2.2917": [
							-90,
							-7.52081,
							-90
						],
						"2.3333": [
							-90,
							-6.09251,
							-90
						],
						"2.4167": [
							-90,
							-1.90749,
							-90
						],
						"2.4583": [
							-90,
							-0.47919,
							-90
						],
						"2.5": [
							-90,
							0,
							-90
						]
					},
					"position": {
						"0.0": [
							0,
							0,
							-1
						],
						"1.2083": [
							0.42,
							0,
							-2
						],
						"1.7917": [
							1,
							0,
							-3
						]
					}
				},
				"leftLeg": {
					"rotation": {
						"0.0": [
							0,
							0,
							0
						],
						"0.0417": [
							0.16903,
							-0.09015,
							-0.20205
						],
						"0.5833": [
							4.38373,
							-2.26031,
							-5.17396
						],
						"1.125": [
							9.01858,
							-4.33338,
							-10.3744
						],
						"1.2083": [
							9.72966,
							-4.4493,
							-11
						],
						"1.25": [
							10.26325,
							-4.40888,
							-11.24051
						],
						"1.625": [
							17.38228,
							-5.39461,
							-14.68787
						],
						"1.7083": [
							18.78913,
							-5.64014,
							-15.37707
						],
						"1.75": [
							19.35124,
							-5.74077,
							-15.65283
						],
						"1.7917": [
							19.6487,
							-5.7948,
							-15.79889
						]
					},
					"position": {
						"0.0": [
							0,
							0,
							0
						],
						"0.5417": [
							0,
							0,
							0.39557
						],
						"1.0417": [
							0,
							0,
							0.75517
						],
						"1.1667": [
							0,
							0,
							0.80922
						],
						"1.2083": [
							0,
							0,
							0.8
						],
						"1.25": [
							0,
							0,
							0.76957
						],
						"1.75": [
							0,
							0,
							0.79631
						],
						"1.7917": [
							0,
							0,
							0.8
						]
					}
				},
				"rightLeg": {
					"rotation": {
						"0.0": [
							0,
							0,
							0
						],
						"0.0417": [
							-0.93335,
							0.16302,
							0.1127
						],
						"0.0833": [
							-2.3298,
							0.40692,
							0.28132
						],
						"0.625": [
							-24.58617,
							4.29422,
							2.96875
						],
						"1.125": [
							-45.71164,
							7.98399,
							5.51962
						],
						"1.2917": [
							-52.18601,
							9.1148,
							6.30139
						],
						"1.3333": [
							-53.58246,
							9.3587,
							6.47001
						],
						"1.375": [
							-54.51581,
							9.52172,
							6.58271
						],
						"1.4167": [
							-53.56659,
							9.65186,
							6.69637
						],
						"1.4583": [
							-51.52005,
							9.93243,
							6.94142
						],
						"1.5": [
							-48.93681,
							10.28659,
							7.25074
						],
						"1.5417": [
							-46.07206,
							10.67933,
							7.59377
						],
						"1.625": [
							-40.09445,
							11.49884,
							8.30953
						],
						"1.6667": [
							-37.2297,
							11.89159,
							8.65255
						],
						"1.7083": [
							-34.64646,
							12.24574,
							8.96187
						],
						"1.75": [
							-32.59992,
							12.52632,
							9.20693
						],
						"1.7917": [
							-31.6507,
							12.65645,
							9.32059
						]
					},
					"position": {
						"0.0": [
							0,
							0,
							0
						],
						"0.5417": [
							-0.06463,
							-0.14679,
							-0.2266
						],
						"1.0833": [
							-0.14383,
							-0.30436,
							-0.50393
						],
						"1.3333": [
							-0.18858,
							-0.36626,
							-0.66028
						],
						"1.375": [
							-0.2,
							-0.37,
							-0.7
						],
						"1.4167": [
							-0.2239,
							-0.37584,
							-0.78123
						],
						"1.4583": [
							-0.25574,
							-0.39481,
							-0.88803
						],
						"1.625": [
							-0.40131,
							-0.51115,
							-1.37267
						],
						"1.6667": [
							-0.43531,
							-0.54112,
							-1.48553
						],
						"1.7083": [
							-0.46552,
							-0.5683,
							-1.58571
						],
						"1.75": [
							-0.48915,
							-0.58993,
							-1.66404
						],
						"1.7917": [
							-0.5,
							-0.6,
							-1.7
						]
					}
				}
			}
		},
		"animation.ccat.space_purple3": {
			"animation_length": 1,
			"override_previous_animation": true,
			"bones": {
				"leftArm": {
					"rotation": {
						"0.0": [
							-105,
							20,
							0
						],
						"0.0417": [
							-100.64102,
							19.16972,
							0
						],
						"0.0833": [
							-91.243,
							17.37962,
							0
						],
						"0.125": [
							-79.38038,
							15.12007,
							0
						],
						"0.1667": [
							-66.22503,
							12.61429,
							0
						],
						"0.25": [
							-38.77497,
							7.38571,
							0
						],
						"0.2917": [
							-25.61962,
							4.87993,
							0
						],
						"0.3333": [
							-13.757,
							2.62038,
							0
						],
						"0.375": [
							-4.35898,
							0.83028,
							0
						],
						"0.4167": [
							0,
							0,
							0
						]
					},
					"position": {
						"0.0": [
							-1,
							0,
							1
						],
						"0.4167": [
							0,
							0,
							0
						]
					},
					"scale": {
						"0.0": [
							1,
							0.9,
							1
						],
						"0.4167": [
							1,
							1,
							1
						]
					}
				},
				"rightArm": {
					"rotation": {
						"0.0": [
							-90,
							0,
							-90
						],
						"0.0417": [
							-86.26373,
							0,
							-86.26373
						],
						"0.0833": [
							-78.20828,
							0,
							-78.20828
						],
						"0.125": [
							-68.04032,
							0,
							-68.04032
						],
						"0.1667": [
							-56.76431,
							0,
							-56.76431
						],
						"0.25": [
							-33.23569,
							0,
							-33.23569
						],
						"0.2917": [
							-21.95968,
							0,
							-21.95968
						],
						"0.3333": [
							-11.79172,
							0,
							-11.79172
						],
						"0.375": [
							-3.73627,
							0,
							-3.73627
						],
						"0.4167": [
							0,
							0,
							0
						]
					},
					"position": {
						"0.0": [
							1,
							0,
							-3
						],
						"0.4167": [
							0,
							0,
							0
						]
					}
				},
				"leftLeg": {
					"rotation": {
						"0.0": [
							19.6487,
							-5.7948,
							-15.79889
						],
						"0.0417": [
							18.833,
							-5.55423,
							-15.14301
						],
						"0.0833": [
							17.07434,
							-5.03557,
							-13.72893
						],
						"0.125": [
							14.85449,
							-4.38089,
							-11.94401
						],
						"0.1667": [
							12.39272,
							-3.65486,
							-9.96459
						],
						"0.25": [
							7.25598,
							-2.13994,
							-5.8343
						],
						"0.2917": [
							4.79421,
							-1.41391,
							-3.85487
						],
						"0.3333": [
							2.57435,
							-0.75923,
							-2.06996
						],
						"0.375": [
							0.8157,
							-0.24057,
							-0.65588
						],
						"0.4167": [
							0,
							0,
							0
						]
					},
					"position": {
						"0.0": [
							0,
							0,
							0.8
						],
						"0.4167": [
							0,
							0,
							0
						]
					}
				},
				"rightLeg": {
					"rotation": {
						"0.0": [
							-31.6507,
							12.65645,
							9.32059
						],
						"0.0417": [
							-30.33675,
							12.13103,
							8.93365
						],
						"0.0833": [
							-27.50385,
							10.99822,
							8.09941
						],
						"0.125": [
							-23.92804,
							9.56832,
							7.0464
						],
						"0.1667": [
							-19.96255,
							7.98261,
							5.87863
						],
						"0.25": [
							-11.68814,
							4.67384,
							3.44196
						],
						"0.2917": [
							-7.72266,
							3.08813,
							2.27419
						],
						"0.3333": [
							-4.14685,
							1.65824,
							1.22117
						],
						"0.375": [
							-1.31395,
							0.52542,
							0.38694
						],
						"0.4167": [
							0,
							0,
							0
						]
					},
					"position": {
						"0.0": [
							-0.5,
							-0.6,
							-1.7
						],
						"0.4167": [
							0,
							0,
							0
						]
					}
				}
			}
		}
	}
}