{
	"format_version": "1.16.100",
	"minecraft:item": {
		"description": {
			"identifier": "ccat:space_infvoid_cooldown",
			"category": "equipment"
		},
		"components": {
			"minecraft:icon": {
				"texture": "space_infvoid"
			},
			"minecraft:max_stack_size": 1,
			"minecraft:cooldown": {
				"category": "space_infvoid",
				"duration": 0.2
			},
			"minecraft:foil": true,
			"minecraft:render_offsets": {
				"main_hand": {
					"third_person": {
						"scale": [
							0,
							0,
							0
						]
					}
				}
			}
		}
	}
}