{
	"format_version": "1.16.100",
	"minecraft:item": {
		"description": {
			"identifier": "ccat:space_purple",
			"category": "equipment"
		},
		"components": {
			"minecraft:icon": {
				"texture": "space_purple"
			},
			"minecraft:max_stack_size": 1,
			"minecraft:cooldown": {
				"category": "space_purple",
				"duration": 0.2
			},
			"minecraft:foil": true,
			"minecraft:on_use": {
				"on_use": {
					"event": "event_space_purple",
					"condition": "query.scoreboard('ccat.space_purple_activate')==1",
					"target": "self"
				}
			}
		},
		"events": {
			"event_space_purple": {
				"run_command": {
					"command": [
						"scoreboard players set @s ccat.space_purple 1"
					]
				},
				"swing": {}
			}
		}
	}
}