{
	"format_version": "1.10.0",
	"animation_controllers": {
		"controller.animation.dodge": {
			"states": {
				"default": {
					"transitions": [
						{
"dodge": "!query.is_on_ground && query.is_sprinting && query.scoreboard('ddgskl') == 1"
						}
					]
				},
				"dodge": {
					"on_entry": [
		    "/execute as @s run tp @s ^ ^ ^3 true",
		    "/gamerule sendcommandfeedback false"
					],
					"transitions": [
						{
							"longer": "(1.0)"
						}
					]
				},
				"longer": {
					"transitions": [
						{
							"default": "!query.is_sprinting"
						}
					]
				}
			}
		}
	}
}