{
  "format_version": "1.16.100",
  "minecraft:item": {
    "description": {
      "identifier": "zm:light",
      "category": "equipment"
    },
    "components": {
      "minecraft:cooldown": {
        "category": "light",
        "duration": 0.5
      },
      "minecraft:max_stack_size": 1,
      "minecraft:display_name": {
        "value": "Night Light"
      },
      "minecraft:icon": {
        "texture": "zm:light"
      },
      "minecraft:creative_category": {
        "parent": "equipment"
      },
      "minecraft:allow_off_hand": true,
      "minecraft:on_use": {
        "on_use": {
          "event": "use_event"
        }
      },
      "minecraft:durability": {
        "max_durability": 100
      }
    },
    "events": {
      "use_event": {
        "sequence": [
          {
            "run_command": {
              "command": [
                ""
              ],
              "target": "holder"
            }
          }
        ]
      }
    }
  }
}