{
  "format_version": "1.8.0",
  "animations": {
    "animation.fc_death_worm.new": {
      "loop": true,
      "animation_length": 2,
      "bones": {
        "body1": {
          "position": {
            "0.0": [
              0,
              0,
              0
            ],
            "1.0": [
              0,
              -1,
              0
            ],
            "2.0": [
              0,
              0,
              0
            ]
          }
        },
        "body2": {
          "rotation": {
            "0.0": [
              0,
              0,
              0
            ],
            "0.5": [
              0,
              5,
              0
            ],
            "1.5": [
              -0.20597,
              0.1256,
              1.08562
            ]
          }
        },
        "body3": {
          "rotation": {
            "0.0": [
              0,
              2.5,
              0
            ],
            "0.5": [
              0,
              -2.5,
              0
            ],
            "1.0": [
              0,
              2.5,
              0
            ],
            "1.5": [
              0,
              7.5,
              0
            ],
            "2.0": [
              0,
              2.5,
              0
            ]
          }
        },
        "body4": {
          "rotation": {
            "0.0": [
              0,
              0,
              0
            ],
            "0.5": [
              0,
              -5,
              0
            ],
            "1.0": [
              0,
              0,
              0
            ],
            "1.5": [
              0,
              5,
              0
            ],
            "2.0": [
              0.47883,
              0.28154,
              1.60604
            ]
          }
        },
        "body5": {
          "rotation": {
            "0.0": [
              0,
              0,
              0
            ],
            "0.5": [
              0,
              -5,
              0
            ],
            "1.0": [
              0,
              0,
              0
            ],
            "1.5": [
              0,
              7.5,
              0
            ],
            "2.0": [
              0,
              2.5,
              0
            ]
          }
        }
      }
    }
  }
}