{
  "format_version": "1.8.0",
  "animations": {
    "animation.fc_fairy.fly": {
      "loop": true,
      "animation_length": 3,
      "bones": {
        "bone2": {
          "rotation": {
            "0.0": [
              0,
              0,
              0
            ],
            "0.5": [
              0,
              47.5,
              0
            ],
            "1.0": [
              0,
              0,
              0
            ],
            "1.5": [
              0,
              47.5,
              0
            ],
            "2.0": [
              0,
              0,
              0
            ],
            "2.5": [
              0,
              47.5,
              0
            ],
            "3.0": [
              0,
              0,
              0
            ]
          }
        },
        "bone3": {
          "rotation": {
            "0.0": [
              0,
              0,
              0
            ],
            "0.5": [
              0,
              -47.5,
              0
            ],
            "1.0": [
              0,
              0,
              0
            ],
            "1.5": [
              0,
              -47.5,
              0
            ],
            "2.0": [
              0,
              0,
              0
            ],
            "2.5": [
              0,
              -47.5,
              0
            ],
            "3.0": [
              0,
              0,
              0
            ]
          }
        },
        "bone": {
          "position": {
            "0.0": [
              0,
              10,
              0
            ],
            "1.5": [
              0,
              -6,
              0
            ],
            "3.0": [
              0,
              10,
              0
            ]
          }
        }
      }
    }
  }
}