{
  "format_version": "1.8.0",
  "animations": {
    "animation.fc_hippocampus.flop": {
      "loop": true,
      "animation_length": 2,
      "bones": {
        "tail": {
          "rotation": [
            -7.85952,
            -17.34551,
            2.35666
          ]
        },
        "bone2": {
          "rotation": {
            "0.0": [
              0,
              -22.5,
              0
            ],
            "0.5": [
              7.5,
              -22.5,
              0
            ],
            "1.0": [
              0,
              -22.5,
              0
            ]
          }
        },
        "le0": {
          "rotation": [
            -27.5,
            0,
            87.5
          ]
        },
        "head": {
          "rotation": {
            "0.0": [
              32.5,
              0,
              0
            ],
            "1.0": [
              35,
              0,
              0
            ],
            "2.0": [
              32.5,
              0,
              0
            ]
          },
          "position": [
            0,
            0,
            2
          ]
        },
        "bone6": {
          "rotation": [
            0,
            -47.5,
            0
          ]
        },
        "le1": {
          "rotation": [
            -27.5,
            0,
            -87.5
          ]
        },
        "bone7": {
          "rotation": [
            0,
            50,
            0
          ]
        }
      }
    },
    "animation.fc_hippocampus.swim": {
      "loop": true,
      "animation_length": 1.5,
      "bones": {
        "tail": {
          "rotation": {
            "0.0": [
              0,
              0,
              0
            ],
            "0.5": [
              10,
              0,
              0
            ],
            "1.0": [
              -10,
              0,
              0
            ],
            "1.5": [
              0,
              0,
              0
            ]
          }
        },
        "bone2": {
          "rotation": {
            "0.0": [
              0,
              0,
              0
            ],
            "0.5": [
              -20,
              0,
              0
            ],
            "0.75": [
              10,
              0,
              0
            ],
            "1.0": [
              -20,
              0,
              0
            ],
            "1.25": [
              0,
              0,
              0
            ]
          }
        },
        "le0": {
          "rotation": {
            "0.0": [
              0,
              0,
              0
            ],
            "0.5": [
              -65,
              0,
              0
            ],
            "1.0": [
              65,
              0,
              0
            ],
            "1.5": [
              0,
              0,
              0
            ]
          }
        },
        "head": {
          "rotation": {
            "0.0": [
              30,
              0,
              0
            ],
            "0.75": [
              20,
              0,
              0
            ],
            "1.5": [
              30,
              0,
              0
            ]
          },
          "position": [
            0,
            0,
            2
          ]
        },
        "bone6": {
          "rotation": {
            "0.0": [
              0,
              0,
              0
            ],
            "0.75": [
              0,
              -20,
              0
            ],
            "1.5": [
              0,
              0,
              0
            ]
          }
        },
        "le1": {
          "rotation": {
            "0.0": [
              0.11332,
              0.23899,
              0.69983
            ],
            "0.5": [
              -69.88668,
              0.23899,
              0.69983
            ],
            "1.0": [
              70.11332,
              0.23899,
              0.69983
            ],
            "1.5": [
              -2.38668,
              0.23899,
              0.69983
            ]
          }
        },
        "bone7": {
          "rotation": {
            "0.0": [
              0,
              0,
              0
            ],
            "0.75": [
              0,
              20,
              0
            ],
            "1.5": [
              0,
              0,
              0
            ]
          }
        },
        "bone8": {
          "rotation": {
            "0.0": [
              0,
              0,
              0
            ],
            "0.75": [
              2.5,
              0,
              0
            ],
            "1.5": [
              0,
              0,
              0
            ]
          }
        }
      }
    }
  }
}