{
  "format_version": "1.8.0",
  "animations": {
    "animation.fc_koi.Swim": {
      "loop": true,
      "animation_length": 1.25,
      "bones": {
        "body_front": {
          "rotation": {
            "0.0": [
              0,
              0,
              0
            ],
            "0.25": [
              0,
              -17.5,
              0
            ],
            "0.75": [
              0,
              15,
              0
            ],
            "1.0": [
              0,
              20,
              0
            ],
            "1.25": [
              -0.00001,
              2.5,
              0.00002
            ]
          }
        },
        "body_back": {
          "rotation": {
            "0.0": [
              0,
              0,
              0
            ],
            "0.25": [
              0,
              20,
              0
            ],
            "0.5": [
              0,
              2.5,
              0
            ],
            "0.75": [
              0,
              -15,
              0
            ],
            "1.0": [
              0,
              0,
              0
            ],
            "1.25": [
              0.00001,
              -2.5,
              -0.00002
            ]
          }
        },
        "tailfin": {
          "rotation": {
            "0.0": [
              0,
              0,
              0
            ],
            "0.25": [
              0,
              17.5,
              0
            ],
            "0.5": [
              0,
              0,
              0
            ],
            "0.75": [
              0,
              -17.5,
              0
            ],
            "1.0": [
              0,
              2.5,
              0
            ]
          }
        }
      }
    },
    "animation.fc_koi.flop": {
      "loop": true,
      "animation_length": 0.75,
      "bones": {
        "body_front": {
          "rotation": [
            0,
            0,
            -92.5
          ],
          "position": [
            7,
            3,
            0
          ],
          "scale": {
            "0.0": [
              1,
              1,
              1
            ],
            "0.375": [
              1.1,
              1.1,
              1
            ],
            "0.75": [
              1,
              1,
              1
            ]
          }
        },
        "body_back": {
          "rotation": {
            "0.0": [
              0,
              0,
              0
            ],
            "0.25": [
              0,
              2.5,
              0
            ],
            "0.5": [
              0,
              5,
              0
            ],
            "0.75": [
              0,
              -2.5,
              0
            ]
          }
        },
        "tailfin": {
          "rotation": {
            "0.0": [
              0,
              0,
              0
            ],
            "0.25": [
              0,
              -5,
              0
            ],
            "0.5": [
              0,
              -2.5,
              0
            ],
            "0.75": [
              0,
              5,
              0
            ]
          }
        }
      }
    }
  }
}