{
  "format_version": "1.8.0",
  "animations": {
    "animation.fc_medusa.death": {
      "loop": true,
      "bones": {
        "Body": {
          "rotation": [
            -87.5,
            0,
            0
          ],
          "position": [
            0,
            -9,
            0
          ]
        },
        "head": {
          "rotation": [
            -5,
            0,
            0
          ],
          "position": [
            0,
            15,
            2
          ]
        },
        "bone3": {
          "rotation": [
            0,
            -72.5,
            0
          ]
        },
        "bone13": {
          "rotation": [
            0,
            80,
            0
          ]
        },
        "bone8": {
          "rotation": [
            0,
            57.5,
            0
          ]
        },
        "bone7": {
          "rotation": [
            0,
            -97.5,
            0
          ]
        },
        "bone9": {
          "rotation": [
            0,
            -110,
            0
          ]
        },
        "bone11": {
          "rotation": [
            0,
            -92.5,
            0
          ]
        },
        "bone10": {
          "rotation": [
            0,
            100,
            0
          ]
        },
        "bone12": {
          "rotation": [
            0,
            82.5,
            0
          ]
        },
        "rightArm": {
          "rotation": [
            0,
            0,
            -22.5
          ]
        },
        "leftArm": {
          "rotation": [
            0,
            0,
            15
          ]
        },
        "bone4": {
          "rotation": [
            -40,
            0,
            0
          ]
        },
        "bone14": {
          "rotation": [
            -55,
            0,
            0
          ]
        },
        "bone15": {
          "rotation": [
            0,
            0,
            15
          ]
        },
        "bone16": {
          "rotation": [
            0,
            0,
            25
          ]
        },
        "bone17": {
          "rotation": [
            0,
            0,
            30
          ]
        },
        "bone18": {
          "rotation": [
            0,
            0,
            37.5
          ]
        },
        "bone19": {
          "rotation": [
            0,
            0,
            32.5
          ]
        },
        "bone20": {
          "rotation": [
            5.74391,
            -3.05985,
            -13.67659
          ]
        },
        "bone22": {
          "rotation": [
            0,
            0,
            -37.5
          ]
        },
        "bone23": {
          "rotation": [
            0,
            0,
            -27.5
          ]
        },
        "bone24": {
          "rotation": [
            0,
            0,
            -37.5
          ]
        },
        "bone25": {
          "rotation": [
            0,
            0,
            -40
          ]
        },
        "bone5": {
          "rotation": [
            0,
            0,
            -47.5
          ]
        },
        "bone26": {
          "rotation": [
            12.5,
            0,
            0
          ],
          "position": [
            0,
            -1,
            7
          ]
        }
      }
    },
    "animation.fc_medusa.walk": {
      "loop": true,
      "animation_length": 2,
      "bones": {
        "bone26": {
          "position": {
            "0.0": [
              0,
              0,
              0
            ],
            "0.5": [
              0,
              -1,
              0
            ],
            "1.0": [
              0,
              0,
              0
            ],
            "1.5": [
              0,
              1,
              0
            ],
            "2.0": [
              0,
              0,
              0
            ]
          }
        },
        "bone3": {
          "rotation": {
            "0.0": [
              0,
              0,
              0
            ],
            "0.5": [
              0,
              0,
              5
            ],
            "1.0": [
              0,
              0,
              0
            ],
            "1.5": [
              0,
              0,
              -5
            ],
            "2.0": [
              0,
              0,
              0
            ]
          }
        },
        "bone13": {
          "rotation": {
            "0.0": [
              0,
              0,
              0
            ],
            "0.5": [
              0,
              0,
              -5
            ],
            "1.0": [
              0,
              0,
              0
            ],
            "1.5": [
              0,
              0,
              5
            ],
            "2.0": [
              0,
              0,
              0
            ]
          }
        },
        "bone8": {
          "rotation": {
            "0.0": [
              0,
              0,
              0
            ],
            "0.5": [
              0,
              0,
              -5
            ],
            "1.0": [
              0,
              0,
              0
            ],
            "1.5": [
              0,
              0,
              5
            ],
            "2.0": [
              0,
              0,
              0
            ]
          }
        },
        "bone7": {
          "rotation": {
            "0.0": [
              0,
              0,
              0
            ],
            "0.5": [
              0,
              0,
              5
            ],
            "1.0": [
              0,
              0,
              0
            ],
            "1.5": [
              0,
              0,
              -5
            ],
            "2.0": [
              0,
              0,
              0
            ]
          }
        },
        "bone9": {
          "rotation": {
            "0.0": [
              0,
              0,
              0
            ],
            "0.5": [
              0,
              0,
              5
            ],
            "1.0": [
              0,
              0,
              0
            ],
            "1.5": [
              0,
              0,
              -5
            ],
            "2.0": [
              0,
              0,
              0
            ]
          }
        },
        "bone11": {
          "rotation": {
            "0.0": [
              0,
              0,
              0
            ],
            "0.5": [
              0,
              0,
              5
            ],
            "1.0": [
              0,
              0,
              0
            ],
            "1.5": [
              0,
              0,
              -5
            ],
            "2.0": [
              0,
              0,
              0
            ]
          }
        },
        "bone10": {
          "rotation": {
            "0.0": [
              0,
              0,
              0
            ],
            "0.5": [
              0,
              0,
              -5
            ],
            "1.0": [
              0,
              0,
              0
            ],
            "1.5": [
              0,
              0,
              5
            ],
            "2.0": [
              0,
              0,
              0
            ]
          }
        },
        "bone12": {
          "rotation": {
            "0.0": [
              0,
              0,
              0
            ],
            "0.5": [
              0,
              0,
              -5
            ],
            "1.0": [
              0,
              0,
              0
            ],
            "1.5": [
              0,
              0,
              5
            ],
            "2.0": [
              0,
              0,
              0
            ]
          }
        },
        "rightArm": {
          "rotation": {
            "0.0": [
              0,
              0,
              0
            ],
            "1.0": [
              0,
              0,
              -5
            ],
            "2.0": [
              0,
              0,
              0
            ]
          }
        },
        "leftArm": {
          "rotation": {
            "0.0": [
              0,
              0,
              0
            ],
            "1.0": [
              0,
              0,
              5
            ],
            "2.0": [
              0,
              0,
              0
            ]
          }
        },
        "bone14": {
          "rotation": {
            "0.0": [
              0,
              0,
              0
            ],
            "0.5": [
              0,
              0,
              -10
            ],
            "1.0": [
              0,
              0,
              0
            ],
            "1.5": [
              0,
              0,
              25
            ],
            "2.0": [
              0,
              0,
              0
            ]
          }
        },
        "bone15": {
          "rotation": {
            "0.0": [
              0,
              0,
              0
            ],
            "0.5": [
              0,
              0,
              12.5
            ],
            "1.0": [
              0,
              0,
              0
            ],
            "1.5": [
              0,
              0,
              -22.5
            ],
            "2.0": [
              0,
              0,
              0
            ]
          }
        },
        "bone16": {
          "rotation": {
            "0.0": [
              0,
              0,
              0
            ],
            "0.5": [
              0,
              0,
              15
            ],
            "1.0": [
              0,
              0,
              0
            ],
            "1.5": [
              0,
              0,
              -22.5
            ],
            "2.0": [
              0,
              0,
              0
            ]
          }
        },
        "bone17": {
          "rotation": {
            "0.0": [
              0,
              0,
              0
            ],
            "0.5": [
              0,
              0,
              15
            ],
            "1.0": [
              0,
              0,
              0
            ],
            "1.5": [
              -1.28488,
              0.01828,
              -22.85569
            ],
            "2.0": [
              -1.18011,
              0.50855,
              -0.36073
            ]
          }
        },
        "bone18": {
          "rotation": {
            "0.0": [
              0,
              0,
              0
            ],
            "0.5": [
              0,
              0,
              20
            ],
            "1.0": [
              0,
              0,
              0
            ],
            "1.5": [
              0,
              0,
              -22.5
            ],
            "2.0": [
              0,
              0,
              0
            ]
          }
        },
        "bone19": {
          "rotation": {
            "0.0": [
              0,
              0,
              0
            ],
            "0.5": [
              -0.63302,
              2.48268,
              19.82316
            ],
            "1.0": [
              -1.44332,
              -0.3828,
              -0.12681
            ],
            "1.5": [
              -1.18702,
              -0.90595,
              -22.62225
            ],
            "2.0": [
              -1.44332,
              -0.3828,
              -0.12681
            ]
          }
        },
        "bone20": {
          "rotation": {
            "0.0": [
              0,
              0,
              0
            ],
            "0.5": [
              0,
              0,
              20
            ],
            "1.0": [
              0,
              0,
              0
            ],
            "1.5": [
              0,
              0,
              -22.5
            ],
            "2.0": [
              0,
              0,
              0
            ]
          }
        },
        "bone22": {
          "rotation": {
            "0.0": [
              0,
              0,
              0
            ],
            "0.5": [
              0,
              0,
              30
            ],
            "1.0": [
              0,
              0,
              0
            ],
            "1.5": [
              0,
              0,
              -22.5
            ],
            "2.0": [
              0,
              0,
              0
            ]
          }
        },
        "bone23": {
          "rotation": {
            "0.0": [
              0,
              0,
              0
            ],
            "0.5": [
              0,
              0,
              27.5
            ],
            "1.0": [
              0,
              0,
              0
            ],
            "1.5": [
              0,
              0,
              -22.5
            ],
            "2.0": [
              0,
              0,
              -2.5
            ]
          }
        },
        "bone24": {
          "rotation": {
            "0.0": [
              0,
              0,
              0
            ],
            "0.5": [
              0,
              0,
              27.5
            ],
            "1.0": [
              0,
              0,
              0
            ],
            "1.5": [
              0,
              0,
              -22.5
            ],
            "2.0": [
              0,
              0,
              0
            ]
          }
        },
        "bone25": {
          "rotation": {
            "0.0": [
              0,
              0,
              0
            ],
            "0.5": [
              0,
              0,
              30
            ],
            "1.0": [
              0,
              0,
              0
            ],
            "1.5": [
              -10.0796,
              -2.3624,
              -17.11742
            ],
            "2.0": [
              -0.32228,
              0.76042,
              0.10553
            ]
          }
        },
        "bone5": {
          "rotation": {
            "0.0": [
              0,
              0,
              0
            ],
            "0.5": [
              2.22342,
              -1.17975,
              7.04275
            ],
            "1.0": [
              2.39526,
              1.72196,
              -2.84611
            ]
          }
        },
        "bone6": {
          "rotation": [
            0,
            0,
            0
          ]
        }
      }
    },
    "animation.fc_medusa.step": {
      "animation_length": 2,
      "bones": {
        "rightArm": {
          "rotation": {
            "0.0": [
              0,
              0,
              -2.5
            ],
            "1.0": [
              0,
              0,
              0
            ],
            "2.0": [
              0,
              0,
              -2.5
            ]
          }
        },
        "leftArm": {
          "rotation": {
            "0.0": [
              0,
              0,
              2.5
            ],
            "1.0": [
              0,
              0,
              0
            ],
            "2.0": [
              0.03183,
              0.6344,
              2.41815
            ]
          }
        },
        "bone14": {
          "rotation": [
            0,
            0,
            0
          ]
        },
        "bone15": {
          "rotation": [
            0,
            0,
            27.5
          ]
        },
        "bone16": {
          "rotation": [
            0,
            0,
            20
          ]
        },
        "bone17": {
          "rotation": [
            0,
            0,
            25
          ]
        },
        "bone18": {
          "rotation": [
            0,
            0,
            32.5
          ]
        },
        "bone19": {
          "rotation": [
            0,
            0,
            30
          ]
        },
        "bone20": {
          "rotation": [
            0,
            0,
            25
          ]
        },
        "bone22": {
          "rotation": [
            0,
            0,
            40
          ]
        },
        "bone23": {
          "rotation": [
            0,
            0,
            27.5
          ]
        },
        "bone24": {
          "rotation": [
            0,
            0,
            37.5
          ]
        },
        "bone25": {
          "rotation": [
            0,
            0,
            42.5
          ]
        },
        "bone5": {
          "rotation": [
            0,
            0,
            37.5
          ]
        },
        "bone6": {
          "rotation": [
            0,
            0,
            32.5
          ]
        }
      }
    }
  }
}