{
  "format_version": "1.8.0",
  "animations": {
    "animation.fc_ningyo.swim": {
      "loop": true,
      "animation_length": 1.5,
      "bones": {
        "head": {
          "rotation": {
            "0.0": [
              -72.5,
              0,
              0
            ],
            "0.5": [
              -75,
              0,
              0
            ],
            "1.0": [
              -72.5,
              0,
              0
            ]
          }
        },
        "bone": {
          "rotation": [
            90,
            0,
            0
          ],
          "position": [
            0,
            -21,
            0
          ]
        },
        "bone5": {
          "rotation": {
            "0.0": [
              0,
              0,
              -30
            ],
            "0.5": [
              0,
              0,
              -22.5
            ],
            "1.0": [
              0,
              0,
              -35
            ],
            "1.25": [
              0,
              0,
              -30
            ]
          }
        },
        "bone6": {
          "rotation": {
            "0.0": [
              0,
              0,
              30
            ],
            "0.5": [
              0,
              0,
              22.5
            ],
            "1.0": [
              0,
              0,
              30
            ]
          }
        },
        "bone2": {
          "rotation": {
            "0.0": [
              0,
              0,
              0
            ],
            "0.25": [
              0,
              0,
              -10
            ],
            "0.75": [
              0,
              0,
              10
            ],
            "1.0": [
              0,
              0,
              10
            ],
            "1.25": [
              0,
              0,
              0
            ],
            "1.5": [
              0,
              0,
              0
            ]
          }
        },
        "bone3": {
          "rotation": {
            "0.0": [
              0,
              0,
              0
            ],
            "0.25": [
              0,
              0,
              10
            ],
            "0.5": [
              0,
              0,
              0
            ],
            "0.75": [
              0,
              0,
              -10
            ],
            "1.0": [
              0,
              0,
              0
            ],
            "1.25": [
              0,
              0,
              10
            ],
            "1.5": [
              0,
              0,
              0
            ]
          }
        },
        "bone4": {
          "rotation": {
            "0.0": [
              0,
              0,
              0
            ],
            "0.25": [
              0,
              0,
              10
            ],
            "0.5": [
              0,
              0,
              0
            ],
            "0.75": [
              0,
              0,
              -10
            ],
            "1.0": [
              0,
              0,
              0
            ],
            "1.25": [
              0,
              0,
              10
            ],
            "1.5": [
              0,
              0,
              0
            ]
          }
        },
        "bone7": {
          "rotation": [
            57.5,
            0,
            0
          ],
          "position": [
            0,
            2,
            1
          ]
        }
      }
    },
    "animation.fc_ningyo.flop": {
      "loop": true,
      "animation_length": 1,
      "bones": {
        "bone": {
          "rotation": [
            -90,
            0,
            0
          ],
          "position": [
            0,
            -22,
            0
          ],
          "scale": {
            "0.0": [
              1,
              1,
              1
            ],
            "0.5": [
              0.9,
              1,
              0.9
            ],
            "1.0": [
              1,
              1,
              1
            ]
          }
        },
        "bone5": {
          "rotation": {
            "0.0": [
              0,
              0,
              -45
            ],
            "0.5": [
              0,
              0,
              -30
            ],
            "1.0": [
              0,
              0,
              -45
            ]
          }
        },
        "bone6": {
          "rotation": {
            "0.0": [
              0,
              0,
              45
            ],
            "0.5": [
              0,
              0,
              30
            ],
            "1.0": [
              0,
              0,
              45
            ]
          }
        },
        "bone2": {
          "rotation": [
            0,
            0,
            -10
          ]
        },
        "bone3": {
          "rotation": [
            8.29012,
            39.27345,
            -29.53752
          ]
        },
        "bone4": {
          "rotation": {
            "0.0": [
              -350,
              85,
              -377.5
            ],
            "0.5": [
              -335,
              85,
              -377.5
            ],
            "1.0": [
              -350,
              85,
              -377.5
            ]
          }
        },
        "bone7": {
          "rotation": [
            0,
            0,
            -45
          ],
          "position": [
            0,
            0,
            -1
          ]
        }
      }
    }
  }
}