{
  "format_version": "1.8.0",
  "animations": {
    "animation.fc_siren.swim": {
      "loop": true,
      "animation_length": 1.5,
      "bones": {
        "rightLeg": {
          "rotation": {
            "0.0": [
              0,
              0,
              0
            ],
            "0.25": [
              15,
              0,
              0
            ],
            "0.75": [
              -15,
              0,
              0
            ],
            "1.25": [
              0,
              0,
              0
            ]
          }
        },
        "bone": {
          "rotation": {
            "0.0": [
              0,
              0,
              0
            ],
            "0.25": [
              -15,
              0,
              0
            ],
            "0.5": [
              0,
              0,
              0
            ],
            "0.75": [
              15,
              0,
              0
            ],
            "1.0": [
              0,
              0,
              0
            ],
            "1.25": [
              -15,
              0,
              0
            ],
            "1.5": [
              0,
              0,
              0
            ]
          }
        },
        "bone2": {
          "rotation": {
            "0.0": [
              0,
              0,
              0
            ],
            "0.25": [
              -15,
              0,
              0
            ],
            "0.5": [
              0,
              0,
              0
            ],
            "0.75": [
              15,
              0,
              0
            ],
            "1.0": [
              0,
              0,
              0
            ],
            "1.25": [
              -13.96986,
              3.94281,
              3.34887
            ],
            "1.5": [
              1.03014,
              3.94281,
              3.34887
            ]
          }
        },
        "bone3": {
          "rotation": {
            "0.0": [
              0,
              0,
              0
            ],
            "0.25": [
              -15,
              0,
              0
            ],
            "0.5": [
              0,
              0,
              0
            ],
            "0.75": [
              15,
              0,
              0
            ],
            "1.0": [
              0,
              0,
              0
            ],
            "1.25": [
              -15,
              0,
              0
            ],
            "1.5": [
              0,
              0,
              0
            ]
          }
        },
        "bone4": {
          "rotation": [
            90,
            0,
            0
          ],
          "position": [
            0,
            -12,
            0
          ]
        },
        "bone5": {
          "rotation": {
            "0.0": [
              -62.5,
              0,
              0
            ],
            "1.0": [
              -67.5,
              0,
              0
            ],
            "1.5": [
              -62.5,
              0,
              0
            ]
          }
        },
        "bone6": {
          "rotation": [
            -156.69304,
            -9.30727,
            20.57639
          ]
        },
        "bone7": {
          "rotation": [
            -153.93337,
            9.08661,
            -17.89244
          ]
        },
        "bone8": {
          "rotation": {
            "0.0": [
              62.5,
              0,
              0
            ],
            "1.0": [
              70,
              0,
              0
            ],
            "1.5": [
              62.5,
              0,
              0
            ]
          }
        }
      }
    },
    "animation.fc_siren.step": {
      "loop": true,
      "animation_length": 1,
      "bones": {
        "bone4": {
          "rotation": [
            62.5,
            0,
            0
          ],
          "position": [
            0,
            -10,
            0
          ]
        },
        "bone5": {
          "rotation": {
            "0.0": [
              -52.46963,
              -0.91263,
              1.94718
            ],
            "0.5": [
              -54.96963,
              -0.91263,
              1.94718
            ],
            "1.0": [
              -52.46963,
              -0.91263,
              1.94718
            ]
          }
        },
        "bone8": {
          "rotation": [
            52.5,
            0,
            0
          ]
        },
        "bone6": {
          "rotation": [
            -105,
            0,
            0
          ]
        },
        "bone7": {
          "rotation": [
            -102.5,
            0,
            0
          ]
        },
        "rightLeg": {
          "rotation": [
            20,
            0,
            0
          ]
        },
        "bone": {
          "rotation": {
            "0.0": [
              7.5,
              0,
              0
            ],
            "0.25": [
              7.05239,
              -2.55868,
              19.8423
            ],
            "0.75": [
              7.5,
              0,
              0
            ]
          }
        },
        "bone2": {
          "rotation": {
            "0.0": [
              0,
              0,
              0
            ],
            "0.25": [
              0,
              0,
              -20
            ],
            "0.5": [
              0,
              0,
              0
            ],
            "0.75": [
              0,
              0,
              20
            ],
            "1.0": [
              0,
              0,
              0
            ]
          }
        },
        "bone3": {
          "rotation": {
            "0.0": [
              0,
              0,
              0
            ],
            "0.25": [
              0,
              0,
              -20
            ],
            "0.5": [
              0,
              0,
              0
            ],
            "0.75": [
              0,
              0,
              20
            ],
            "1.0": [
              0,
              0,
              0
            ]
          }
        }
      }
    }
  }
}