{
	"format_version": "1.10.0",
	"animation_controllers": {
		"controller.animation.shield.wield": {
			"initial_state": "default",
			"states": {
				"default": {
					"animations": [
						{
							"wield_main_hand_first_person": "c.item_slot=='main_hand'"
						},
						{
							"wield_off_hand_first_person": "c.item_slot!='main_hand'"
						}
					],
					"transitions": [
						{
							"blocking": "query.blocking"
						},
						{
							"third_person": "!c.is_first_person"
						}
					]
				},
				"blocking": {
					"animations": [
						{
							"wield_main_hand_first_person_block": "query.blocking&&query.get_equipped_item_name('off_hand')!='shield'||query.get_equipped_item_name('off_hand')!='shield'&&query.get_equipped_item_name=='shield'||query.get_equipped_item_name=='heater_shield'||query.get_equipped_item_name=='tartsche_shield'||query.get_equipped_item_name=='kite_shield'||query.get_equipped_item_name=='heater_shield_blue'||query.get_equipped_item_name=='heater_shield_white'||query.get_equipped_item_name=='heater_shield_red'||query.get_equipped_item_name=='heater_shield_red_blackcross'||query.get_equipped_item_name=='heater_shield_blue_blackcross'||query.get_equipped_item_name=='heater_shield_white_blackcross'||query.get_equipped_item_name=='heater_shield_yellow_blackcross'||query.get_equipped_item_name=='heater_shield_yellow'||query.get_equipped_item_name=='heater_shield_orange_blackcross'||query.get_equipped_item_name=='heater_shield_purple_blackcross'||query.get_equipped_item_name=='heater_shield_purple'||query.get_equipped_item_name=='heater_shield_orange'||query.get_equipped_item_name=='heater_shield_orange_blacktwoeadedeagle'||query.get_equipped_item_name=='heater_shield_yellow_blacktwoeadedeagle'||query.get_equipped_item_name=='heater_shield_blue_blacktwoeadedeagle'||query.get_equipped_item_name=='heater_shield_red_blacktwoeadedeagle'||query.get_equipped_item_name=='heater_shield_green_blacktwoeadedeagle'||query.get_equipped_item_name=='heater_shield_purple_blacktwoeadedeagle'||query.get_equipped_item_name=='heater_shield_white_blacktwoeadedeagle'||query.get_equipped_item_name=='heater_shield_blue_blackdragon'||query.get_equipped_item_name=='heater_shield_red_blackdragon'||query.get_equipped_item_name=='heater_shield_yellow_blackdragon'||query.get_equipped_item_name=='heater_shield_orange_blackdragon'||query.get_equipped_item_name=='heater_shield_purple_blackdragon'||query.get_equipped_item_name=='heater_shield_white_blackdragon'||query.get_equipped_item_name=='tartsche_shield_white'||query.get_equipped_item_name=='tartsche_shield_blue'||query.get_equipped_item_name=='tartsche_shield_red'||query.get_equipped_item_name=='tartsche_shield_yellow'||query.get_equipped_item_name=='tartsche_shield_orange'||query.get_equipped_item_name=='tartsche_shield_purple'||query.get_equipped_item_name=='tartsche_shield_white_blackcross'||query.get_equipped_item_name=='tartsche_shield_blue_blackcross'||query.get_equipped_item_name=='tartsche_shield_red_blackcross'||query.get_equipped_item_name=='tartsche_shield_yellow_blackcross'||query.get_equipped_item_name=='tartsche_shield_orange_blackcross'||query.get_equipped_item_name=='tartsche_shield_purple_blackcross'||query.get_equipped_item_name=='tartsche_shield_white_blackdragon'||query.get_equipped_item_name=='tartsche_shield_red_blackdragon'||query.get_equipped_item_name=='tartsche_shield_blue_blackdragon'||query.get_equipped_item_name=='tartsche_shield_yellow_blackdragon'||query.get_equipped_item_name=='tartsche_shield_orange_blackdragon'||query.get_equipped_item_name=='tartsche_shield_purple_blackdragon'||query.get_equipped_item_name=='tartsche_shield_white_blacktwoheadedeagle'||query.get_equipped_item_name=='tartsche_shield_blue_blacktwoheadedeagle'||query.get_equipped_item_name=='tartsche_shield_red_blacktwoheadedeagle'||query.get_equipped_item_name=='tartsche_shield_yellow_blacktwoheadedeagle'||query.get_equipped_item_name=='tartsche_shield_orange_blacktwoheadedeagle'||query.get_equipped_item_name=='tartsche_shield_purple_blacktwoheadedeagle'||query.get_equipped_item_name=='kite_shield_white'||query.get_equipped_item_name=='kite_shield_blue'||query.get_equipped_item_name=='kite_shield_red'||query.get_equipped_item_name=='kite_shield_yellow'||query.get_equipped_item_name=='kite_shield_orange'||query.get_equipped_item_name=='kite_shield_purple'||query.get_equipped_item_name=='kite_shield_white_blackcross'||query.get_equipped_item_name=='kite_shield_blue_blackcross'||query.get_equipped_item_name=='kite_shield_red_blackcross'||query.get_equipped_item_name=='kite_shield_yellow_blackcross'||query.get_equipped_item_name=='kite_shield_orange_blackcross'||query.get_equipped_item_name=='kite_shield_purple_blackcross'||query.get_equipped_item_name=='kite_shield_white_blackdragon'||query.get_equipped_item_name=='kite_shield_blue_blackdragon'||query.get_equipped_item_name=='kite_shield_red_blackdragon'||query.get_equipped_item_name=='kite_shield_yellow_blackdragon'||query.get_equipped_item_name=='kite_shield_orange_blackdragon'||query.get_equipped_item_name=='kite_shield_purple_blackdragon'||query.get_equipped_item_name=='kite_shield_white_blacktwoheadedeagle'||query.get_equipped_item_name=='kite_shield_blue_blacktwoheadedeagle'||query.get_equipped_item_name=='kite_shield_red_blacktwoheadedeagle'||query.get_equipped_item_name=='kite_shield_yellow_blacktwoheadedeagle'||query.get_equipped_item_name=='kite_shield_orange_blacktwoheadedeagle'||query.get_equipped_item_name=='kite_shield_purple_blacktwoheadedeagle'&&c.item_slot=='main_hand'"
						},
						{
							"wield_off_hand_first_person_block": "query.blocking&&query.get_equipped_item_name('off_hand')=='shield'||query.get_equipped_item_name('off_hand')=='heater_shield'||query.get_equipped_item_name('off_hand')=='tartsche_shield'||query.get_equipped_item_name('off_hand')=='kite_shield'||query.get_equipped_item_name('off_hand')=='heater_shield_blue'||query.get_equipped_item_name('off_hand')=='heater_shield_white'||query.get_equipped_item_name('off_hand')=='heater_shield_red'||query.get_equipped_item_name('off_hand')=='heater_shield_red_blackcross'||query.get_equipped_item_name('off_hand')=='heater_shield_blue_blackcross'||query.get_equipped_item_name('off_hand')=='heater_shield_white_blackcross'||query.get_equipped_item_name('off_hand')=='heater_shield_yellow_blackcross'||query.get_equipped_item_name('off_hand')=='heater_shield_yellow'||query.get_equipped_item_name('off_hand')=='heater_shield_orange_blackcross'||query.get_equipped_item_name('off_hand')=='heater_shield_purple_blackcross'||query.get_equipped_item_name('off_hand')=='heater_shield_purple'||query.get_equipped_item_name('off_hand')=='heater_shield_orange'||query.get_equipped_item_name('off_hand')=='heater_shield_orange_blacktwoeadedeagle'||query.get_equipped_item_name('off_hand')=='heater_shield_yellow_blacktwoeadedeagle'||query.get_equipped_item_name('off_hand')=='heater_shield_blue_blacktwoeadedeagle'||query.get_equipped_item_name('off_hand')=='heater_shield_red_blacktwoeadedeagle'||query.get_equipped_item_name('off_hand')=='heater_shield_green_blacktwoeadedeagle'||query.get_equipped_item_name('off_hand')=='heater_shield_purple_blacktwoeadedeagle'||query.get_equipped_item_name('off_hand')=='heater_shield_white_blacktwoeadedeagle'||query.get_equipped_item_name('off_hand')=='heater_shield_blue_blackdragon'||query.get_equipped_item_name('off_hand')=='heater_shield_red_blackdragon'||query.get_equipped_item_name('off_hand')=='heater_shield_yellow_blackdragon'||query.get_equipped_item_name('off_hand')=='heater_shield_orange_blackdragon'||query.get_equipped_item_name('off_hand')=='heater_shield_purple_blackdragon'||query.get_equipped_item_name('off_hand')=='heater_shield_white_blackdragon'||query.get_equipped_item_name('off_hand')=='tartsche_shield_white'||query.get_equipped_item_name('off_hand')=='tartsche_shield_blue'||query.get_equipped_item_name('off_hand')=='tartsche_shield_red'||query.get_equipped_item_name('off_hand')=='tartsche_shield_yellow'||query.get_equipped_item_name('off_hand')=='tartsche_shield_orange'||query.get_equipped_item_name('off_hand')=='tartsche_shield_purple'||query.get_equipped_item_name('off_hand')=='tartsche_shield_white_blackcross'||query.get_equipped_item_name('off_hand')=='tartsche_shield_blue_blackcross'||query.get_equipped_item_name('off_hand')=='tartsche_shield_red_blackcross'||query.get_equipped_item_name('off_hand')=='tartsche_shield_yellow_blackcross'||query.get_equipped_item_name('off_hand')=='tartsche_shield_orange_blackcross'||query.get_equipped_item_name('off_hand')=='tartsche_shield_purple_blackcross'||query.get_equipped_item_name('off_hand')=='tartsche_shield_white_blackdragon'||query.get_equipped_item_name('off_hand')=='tartsche_shield_red_blackdragon'||query.get_equipped_item_name('off_hand')=='tartsche_shield_blue_blackdragon'||query.get_equipped_item_name('off_hand')=='tartsche_shield_yellow_blackdragon'||query.get_equipped_item_name('off_hand')=='tartsche_shield_orange_blackdragon'||query.get_equipped_item_name('off_hand')=='tartsche_shield_purple_blackdragon'||query.get_equipped_item_name('off_hand')=='tartsche_shield_white_blacktwoheadedeagle'||query.get_equipped_item_name('off_hand')=='tartsche_shield_blue_blacktwoheadedeagle'||query.get_equipped_item_name('off_hand')=='tartsche_shield_red_blacktwoheadedeagle'||query.get_equipped_item_name('off_hand')=='tartsche_shield_yellow_blacktwoheadedeagle'||query.get_equipped_item_name('off_hand')=='tartsche_shield_orange_blacktwoheadedeagle'||query.get_equipped_item_name('off_hand')=='tartsche_shield_purple_blacktwoheadedeagle'||query.get_equipped_item_name('off_hand')=='kite_shield_white'||query.get_equipped_item_name('off_hand')=='kite_shield_blue'||query.get_equipped_item_name('off_hand')=='kite_shield_red'||query.get_equipped_item_name('off_hand')=='kite_shield_yellow'||query.get_equipped_item_name('off_hand')=='kite_shield_orange'||query.get_equipped_item_name('off_hand')=='kite_shield_purple'||query.get_equipped_item_name('off_hand')=='kite_shield_white_blackcross'||query.get_equipped_item_name('off_hand')=='kite_shield_blue_blackcross'||query.get_equipped_item_name('off_hand')=='kite_shield_red_blackcross'||query.get_equipped_item_name('off_hand')=='kite_shield_yellow_blackcross'||query.get_equipped_item_name('off_hand')=='kite_shield_orange_blackcross'||query.get_equipped_item_name('off_hand')=='kite_shield_purple_blackcross'||query.get_equipped_item_name('off_hand')=='kite_shield_white_blackdragon'||query.get_equipped_item_name('off_hand')=='kite_shield_blue_blackdragon'||query.get_equipped_item_name('off_hand')=='kite_shield_red_blackdragon'||query.get_equipped_item_name('off_hand')=='kite_shield_yellow_blackdragon'||query.get_equipped_item_name('off_hand')=='kite_shield_orange_blackdragon'||query.get_equipped_item_name('off_hand')=='kite_shield_purple_blackdragon'||query.get_equipped_item_name('off_hand')=='kite_shield_white_blacktwoheadedeagle'||query.get_equipped_item_name('off_hand')=='kite_shield_blue_blacktwoheadedeagle'||query.get_equipped_item_name('off_hand')=='kite_shield_red_blacktwoheadedeagle'||query.get_equipped_item_name('off_hand')=='kite_shield_yellow_blacktwoheadedeagle'||query.get_equipped_item_name('off_hand')=='kite_shield_orange_blacktwoheadedeagle'||query.get_equipped_item_name('off_hand')=='kite_shield_purple_blacktwoheadedeagle'&&c.item_slot!='main_hand'"
						}
					],
					"transitions": [
						{
							"default": "!query.blocking"
						},
						{
							"third_person": "!c.is_first_person"
						}
					]
				},
				"third_person": {
					"animations": [
						"wield_third_person"
					],
					"transitions": [
						{
							"default": "c.is_first_person"
						}
					]
				}
			}
		}
	}
}