{
	"format_version": "1.16.100",
	"minecraft:item": {
		"description": {
			"identifier": "knights:samurai_armour_black",
			"category": "equipment"
		},
		"components": {
			"minecraft:max_stack_size": 1,
			"minecraft:display_name": {
				"value": "Samurai Armour"
			},
			"minecraft:enchantable": {
				"value": 9,
				"slot": "armor_torso"
			},
			"minecraft:durability": {
				"max_durability": 500,
				"damage_chance": {
					"min": 60,
					"max": 100
				}
			},
			"minecraft:icon": {
				"texture": "knights_samurai_armour_black"
			},
			"minecraft:render_offsets": "chestplates",
			"minecraft:armor": {
				"protection": 8
			},
			"minecraft:wearable": {
				"slot": "slot.armor.chest"
			},
			"minecraft:creative_category": {
				"parent": "itemGroup.name.chestplate"
			},
			"minecraft:repairable": {
				"repair_items": [
					{
						"items": [
							"minecraft:iron_ingot"
						],
						"repair_amount": "query.max_durability*0.25"
					},
					{
						"items": [
							"knights:samurai_armour_black"
						],
						"repair_amount": "context.other->query.remaining_durability+0.12*context.other->query.max_durability"
					}
				]
			}
		}
	}
}