{
  "format_version": "1.12.0",
  "minecraft:geometry": [
    {
      "description": {
        "identifier": "geometry.pa_celeng",
        "texture_width": 96,
        "texture_height": 96,
        "visible_bounds_width": 5,
        "visible_bounds_height": 6,
        "visible_bounds_offset": [
          0,
          1,
          0
        ]
      },
      "bones": [
        {
          "name": "bb_main",
          "cubes": [
            {
              "origin": [
                1.0,
                0.0,
                -21.0
              ],
              "size": [
                0.0,
                15.0,
                40.0
              ],
              "pivot": [
                0.0,
                0.0,
                0.0
              ],
              "rotation": [
                0.0,
                0.0,
                -2.5
              ],
              "uv": {
                "north": {
                  "uv": [
                    0,
                    0
                  ],
                  "uv_size": [
                    0,
                    14
                  ]
                },
                "east": {
                  "uv": [
                    87.15,
                    55.275
                  ],
                  "uv_size": [
                    -82.5,
                    29.975
                  ]
                },
                "south": {
                  "uv": [
                    0,
                    0
                  ],
                  "uv_size": [
                    0,
                    14
                  ]
                },
                "west": {
                  "uv": [
                    4.65,
                    55.275
                  ],
                  "uv_size": [
                    82.45,
                    29.975
                  ]
                },
                "up": {
                  "uv": [
                    0,
                    25
                  ],
                  "uv_size": [
                    0,
                    -25
                  ]
                },
                "down": {
                  "uv": [
                    0,
                    25
                  ],
                  "uv_size": [
                    0,
                    -25
                  ]
                }
              },
              "inflate": 0
            },
            {
              "origin": [
                3.0,
                0.0,
                -21.0
              ],
              "size": [
                0.0,
                15.0,
                40.0
              ],
              "pivot": [
                0.0,
                0.0,
                0.0
              ],
              "rotation": [
                0.0,
                0.0,
                -7.5
              ],
              "uv": {
                "north": {
                  "uv": [
                    0,
                    0
                  ],
                  "uv_size": [
                    0,
                    14
                  ]
                },
                "east": {
                  "uv": [
                    87.15,
                    55.275
                  ],
                  "uv_size": [
                    -82.5,
                    29.975
                  ]
                },
                "south": {
                  "uv": [
                    0,
                    0
                  ],
                  "uv_size": [
                    0,
                    14
                  ]
                },
                "west": {
                  "uv": [
                    4.65,
                    55.275
                  ],
                  "uv_size": [
                    82.45,
                    29.975
                  ]
                },
                "up": {
                  "uv": [
                    0,
                    25
                  ],
                  "uv_size": [
                    0,
                    -25
                  ]
                },
                "down": {
                  "uv": [
                    0,
                    25
                  ],
                  "uv_size": [
                    0,
                    -25
                  ]
                }
              },
              "inflate": 0
            },
            {
              "origin": [
                -1.0,
                0.0,
                -21.0
              ],
              "size": [
                0.0,
                15.0,
                40.0
              ],
              "pivot": [
                0.0,
                0.0,
                0.0
              ],
              "rotation": [
                0.0,
                0.0,
                2.5
              ],
              "uv": {
                "north": {
                  "uv": [
                    0,
                    0
                  ],
                  "uv_size": [
                    0,
                    14
                  ]
                },
                "east": {
                  "uv": [
                    87.15,
                    55.275
                  ],
                  "uv_size": [
                    -82.5,
                    29.975
                  ]
                },
                "south": {
                  "uv": [
                    0,
                    0
                  ],
                  "uv_size": [
                    0,
                    14
                  ]
                },
                "west": {
                  "uv": [
                    4.65,
                    55.275
                  ],
                  "uv_size": [
                    82.45,
                    29.975
                  ]
                },
                "up": {
                  "uv": [
                    0,
                    25
                  ],
                  "uv_size": [
                    0,
                    -25
                  ]
                },
                "down": {
                  "uv": [
                    0,
                    25
                  ],
                  "uv_size": [
                    0,
                    -25
                  ]
                }
              },
              "inflate": 0
            },
            {
              "origin": [
                -3.0,
                0.0,
                -21.0
              ],
              "size": [
                0.0,
                15.0,
                40.0
              ],
              "pivot": [
                0.0,
                0.0,
                0.0
              ],
              "rotation": [
                0.0,
                0.0,
                7.5
              ],
              "uv": {
                "north": {
                  "uv": [
                    0,
                    0
                  ],
                  "uv_size": [
                    0,
                    14
                  ]
                },
                "east": {
                  "uv": [
                    87.15,
                    55.275
                  ],
                  "uv_size": [
                    -82.5,
                    29.975
                  ]
                },
                "south": {
                  "uv": [
                    0,
                    0
                  ],
                  "uv_size": [
                    0,
                    14
                  ]
                },
                "west": {
                  "uv": [
                    4.65,
                    55.275
                  ],
                  "uv_size": [
                    82.45,
                    29.975
                  ]
                },
                "up": {
                  "uv": [
                    0,
                    25
                  ],
                  "uv_size": [
                    0,
                    -25
                  ]
                },
                "down": {
                  "uv": [
                    0,
                    25
                  ],
                  "uv_size": [
                    0,
                    -25
                  ]
                }
              },
              "inflate": 0
            }
          ]
        },
        {
          "name": "bb_main3"
        },
        {
          "name": "gong1",
          "pivot": [
            -14,
            28,
            0
          ]
        },
        {
          "name": "tiang",
          "pivot": [
            -14,
            -2,
            -18
          ]
        },
        {
          "name": "gong2",
          "pivot": [
            -2,
            0,
            2
          ]
        },
        {
          "name": "root2",
          "rotation": [
            0,
            -2.5,
            0
          ]
        },
        {
          "name": "waist2",
          "pivot": [
            0,
            12,
            0
          ],
          "parent": "root2"
        },
        {
          "name": "leftLeg2",
          "pivot": [
            8.9,
            4,
            -3
          ],
          "parent": "root2",
          "rotation": [
            -7.38733,
            1.29876,
            74.91615
          ]
        },
        {
          "name": "leftPants2",
          "pivot": [
            8.9,
            4,
            -3
          ],
          "parent": "leftLeg2"
        },
        {
          "name": "rightLeg2",
          "pivot": [
            -9.9,
            3,
            -4
          ],
          "parent": "root2",
          "rotation": [
            0,
            0,
            -82.5
          ]
        },
        {
          "name": "rightPants2",
          "pivot": [
            -9.9,
            3,
            -4
          ],
          "parent": "rightLeg2"
        },
        {
          "name": "gong4",
          "pivot": [
            -14,
            28,
            0
          ]
        },
        {
          "name": "tiang2",
          "pivot": [
            -14,
            -2,
            -18
          ]
        },
        {
          "name": "gong3",
          "pivot": [
            -2,
            0,
            2
          ]
        },
        {
          "name": "bb_main2",
          "pivot": [
            0,
            -8,
            0
          ]
        },
        {
          "name": "bone8",
          "pivot": [
            30,
            0,
            1
          ],
          "rotation": [
            20,
            0,
            0
          ]
        },
        {
          "name": "bone9",
          "pivot": [
            30,
            0,
            14
          ],
          "rotation": [
            -20,
            0,
            0
          ]
        },
        {
          "name": "bb_main7"
        },
        {
          "name": "root4",
          "rotation": [
            0,
            -2.5,
            0
          ]
        },
        {
          "name": "waist4",
          "pivot": [
            0,
            12,
            0
          ],
          "parent": "root4"
        },
        {
          "name": "leftLeg4",
          "pivot": [
            8.9,
            4,
            -3
          ],
          "parent": "root4",
          "rotation": [
            -7.38733,
            1.29876,
            74.91615
          ]
        },
        {
          "name": "leftPants4",
          "pivot": [
            8.9,
            4,
            -3
          ],
          "parent": "leftLeg4"
        },
        {
          "name": "rightLeg4",
          "pivot": [
            -9.9,
            3,
            -4
          ],
          "parent": "root4",
          "rotation": [
            0,
            0,
            -82.5
          ]
        },
        {
          "name": "rightPants4",
          "pivot": [
            -9.9,
            3,
            -4
          ],
          "parent": "rightLeg4"
        },
        {
          "name": "gong8",
          "pivot": [
            -14,
            28,
            0
          ]
        },
        {
          "name": "tiang4",
          "pivot": [
            -14,
            -2,
            -18
          ]
        },
        {
          "name": "gong7",
          "pivot": [
            -2,
            0,
            2
          ]
        },
        {
          "name": "root3",
          "rotation": [
            0,
            -2.5,
            0
          ]
        },
        {
          "name": "waist3",
          "pivot": [
            0,
            12,
            0
          ],
          "parent": "root3"
        },
        {
          "name": "leftLeg3",
          "pivot": [
            8.9,
            4,
            -3
          ],
          "parent": "root3",
          "rotation": [
            -7.38733,
            1.29876,
            74.91615
          ]
        },
        {
          "name": "leftPants3",
          "pivot": [
            8.9,
            4,
            -3
          ],
          "parent": "leftLeg3"
        },
        {
          "name": "rightLeg3",
          "pivot": [
            -9.9,
            3,
            -4
          ],
          "parent": "root3",
          "rotation": [
            0,
            0,
            -82.5
          ]
        },
        {
          "name": "rightPants3",
          "pivot": [
            -9.9,
            3,
            -4
          ],
          "parent": "rightLeg3"
        },
        {
          "name": "gong6",
          "pivot": [
            -14,
            28,
            0
          ]
        },
        {
          "name": "tiang3",
          "pivot": [
            -14,
            -2,
            -18
          ]
        },
        {
          "name": "gong5",
          "pivot": [
            -2,
            0,
            2
          ]
        },
        {
          "name": "bone4"
        },
        {
          "name": "bone13"
        },
        {
          "name": "bb_main5"
        },
        {
          "name": "bb_main6"
        },
        {
          "name": "bb_main4"
        },
        {
          "name": "bone12"
        },
        {
          "name": "bone11",
          "pivot": [
            0,
            63,
            -8
          ]
        },
        {
          "name": "bone6",
          "pivot": [
            -1,
            23,
            22
          ],
          "parent": "bone11",
          "rotation": [
            0,
            17.5,
            0
          ]
        },
        {
          "name": "bone5",
          "pivot": [
            -1,
            23,
            19
          ],
          "parent": "bone11",
          "rotation": [
            0,
            37.5,
            0
          ]
        },
        {
          "name": "bone7",
          "pivot": [
            -5,
            23,
            1
          ],
          "parent": "bone11"
        },
        {
          "name": "bone10",
          "pivot": [
            0,
            63,
            -8
          ]
        },
        {
          "name": "isuzu_elf"
        },
        {
          "name": "Chassis",
          "pivot": [
            0.02808,
            9.7882,
            -7.84328
          ],
          "parent": "isuzu_elf"
        },
        {
          "name": "fronttire1",
          "pivot": [
            15.05,
            7.25,
            -28.4492
          ],
          "parent": "Chassis"
        },
        {
          "name": "bb_main14"
        },
        {
          "name": "root11",
          "rotation": [
            0,
            -2.5,
            0
          ]
        },
        {
          "name": "waist11",
          "pivot": [
            0,
            12,
            0
          ],
          "parent": "root11"
        },
        {
          "name": "leftLeg11",
          "pivot": [
            8.9,
            4,
            -3
          ],
          "parent": "root11",
          "rotation": [
            -7.38733,
            1.29876,
            74.91615
          ]
        },
        {
          "name": "leftPants11",
          "pivot": [
            8.9,
            4,
            -3
          ],
          "parent": "leftLeg11"
        },
        {
          "name": "rightLeg11",
          "pivot": [
            -9.9,
            3,
            -4
          ],
          "parent": "root11",
          "rotation": [
            0,
            0,
            -82.5
          ]
        },
        {
          "name": "rightPants11",
          "pivot": [
            -9.9,
            3,
            -4
          ],
          "parent": "rightLeg11"
        },
        {
          "name": "gong22",
          "pivot": [
            -14,
            28,
            0
          ]
        },
        {
          "name": "tiang11",
          "pivot": [
            -14,
            -2,
            -18
          ]
        },
        {
          "name": "gong21",
          "pivot": [
            -2,
            0,
            2
          ]
        },
        {
          "name": "root10",
          "rotation": [
            0,
            -2.5,
            0
          ]
        },
        {
          "name": "waist10",
          "pivot": [
            0,
            12,
            0
          ],
          "parent": "root10"
        },
        {
          "name": "leftLeg10",
          "pivot": [
            8.9,
            4,
            -3
          ],
          "parent": "root10",
          "rotation": [
            -7.38733,
            1.29876,
            74.91615
          ]
        },
        {
          "name": "leftPants10",
          "pivot": [
            8.9,
            4,
            -3
          ],
          "parent": "leftLeg10"
        },
        {
          "name": "rightLeg10",
          "pivot": [
            -9.9,
            3,
            -4
          ],
          "parent": "root10",
          "rotation": [
            0,
            0,
            -82.5
          ]
        },
        {
          "name": "rightPants10",
          "pivot": [
            -9.9,
            3,
            -4
          ],
          "parent": "rightLeg10"
        },
        {
          "name": "gong20",
          "pivot": [
            -14,
            28,
            0
          ]
        },
        {
          "name": "tiang10",
          "pivot": [
            -14,
            -2,
            -18
          ]
        },
        {
          "name": "gong19",
          "pivot": [
            -2,
            0,
            2
          ]
        },
        {
          "name": "bone26",
          "pivot": [
            30,
            0,
            1
          ],
          "rotation": [
            20,
            0,
            0
          ]
        },
        {
          "name": "bone25",
          "pivot": [
            30,
            0,
            14
          ],
          "rotation": [
            -20,
            0,
            0
          ]
        },
        {
          "name": "bone24"
        },
        {
          "name": "bb_main13"
        },
        {
          "name": "root9",
          "rotation": [
            0,
            -2.5,
            0
          ]
        },
        {
          "name": "waist9",
          "pivot": [
            0,
            12,
            0
          ],
          "parent": "root9"
        },
        {
          "name": "leftLeg9",
          "pivot": [
            8.9,
            4,
            -3
          ],
          "parent": "root9",
          "rotation": [
            -7.38733,
            1.29876,
            74.91615
          ]
        },
        {
          "name": "leftPants9",
          "pivot": [
            8.9,
            4,
            -3
          ],
          "parent": "leftLeg9"
        },
        {
          "name": "rightLeg9",
          "pivot": [
            -9.9,
            3,
            -4
          ],
          "parent": "root9",
          "rotation": [
            0,
            0,
            -82.5
          ]
        },
        {
          "name": "rightPants9",
          "pivot": [
            -9.9,
            3,
            -4
          ],
          "parent": "rightLeg9"
        },
        {
          "name": "gong18",
          "pivot": [
            -14,
            28,
            0
          ]
        },
        {
          "name": "tiang9",
          "pivot": [
            -14,
            -2,
            -18
          ]
        },
        {
          "name": "gong17",
          "pivot": [
            -2,
            0,
            2
          ]
        },
        {
          "name": "root8",
          "rotation": [
            0,
            -2.5,
            0
          ]
        },
        {
          "name": "waist8",
          "pivot": [
            0,
            12,
            0
          ],
          "parent": "root8"
        },
        {
          "name": "leftLeg8",
          "pivot": [
            8.9,
            4,
            -3
          ],
          "parent": "root8",
          "rotation": [
            -7.38733,
            1.29876,
            74.91615
          ]
        },
        {
          "name": "leftPants8",
          "pivot": [
            8.9,
            4,
            -3
          ],
          "parent": "leftLeg8"
        },
        {
          "name": "rightLeg8",
          "pivot": [
            -9.9,
            3,
            -4
          ],
          "parent": "root8",
          "rotation": [
            0,
            0,
            -82.5
          ]
        },
        {
          "name": "rightPants8",
          "pivot": [
            -9.9,
            3,
            -4
          ],
          "parent": "rightLeg8"
        },
        {
          "name": "gong16",
          "pivot": [
            -14,
            28,
            0
          ]
        },
        {
          "name": "tiang8",
          "pivot": [
            -14,
            -2,
            -18
          ]
        },
        {
          "name": "gong15",
          "pivot": [
            -2,
            0,
            2
          ]
        },
        {
          "name": "bone23"
        },
        {
          "name": "bone22"
        },
        {
          "name": "bb_main12"
        },
        {
          "name": "bb_main11"
        },
        {
          "name": "bb_main9"
        },
        {
          "name": "bone21"
        },
        {
          "name": "bone20",
          "pivot": [
            0,
            63,
            -8
          ]
        },
        {
          "name": "bone19",
          "pivot": [
            -1,
            23,
            22
          ],
          "parent": "bone20",
          "rotation": [
            0,
            17.5,
            0
          ]
        },
        {
          "name": "bone18",
          "pivot": [
            -1,
            23,
            19
          ],
          "parent": "bone20",
          "rotation": [
            0,
            37.5,
            0
          ]
        },
        {
          "name": "bone17",
          "pivot": [
            -5,
            23,
            1
          ],
          "parent": "bone20"
        },
        {
          "name": "bone16",
          "pivot": [
            0,
            63,
            -8
          ]
        },
        {
          "name": "isuzu_elf2"
        },
        {
          "name": "Chassis2",
          "pivot": [
            0.02808,
            9.7882,
            -7.84328
          ],
          "parent": "isuzu_elf2"
        },
        {
          "name": "fronttire2",
          "pivot": [
            15.05,
            7.25,
            -28.4492
          ],
          "parent": "Chassis2"
        },
        {
          "name": "root7",
          "rotation": [
            0,
            -2.5,
            0
          ]
        },
        {
          "name": "waist7",
          "pivot": [
            0,
            12,
            0
          ],
          "parent": "root7"
        },
        {
          "name": "leftLeg7",
          "pivot": [
            8.9,
            4,
            -3
          ],
          "parent": "root7",
          "rotation": [
            -7.38733,
            1.29876,
            74.91615
          ]
        },
        {
          "name": "leftPants7",
          "pivot": [
            8.9,
            4,
            -3
          ],
          "parent": "leftLeg7"
        },
        {
          "name": "rightLeg7",
          "pivot": [
            -9.9,
            3,
            -4
          ],
          "parent": "root7",
          "rotation": [
            0,
            0,
            -82.5
          ]
        },
        {
          "name": "rightPants7",
          "pivot": [
            -9.9,
            3,
            -4
          ],
          "parent": "rightLeg7"
        },
        {
          "name": "gong14",
          "pivot": [
            -14,
            28,
            0
          ]
        },
        {
          "name": "tiang7",
          "pivot": [
            -14,
            -2,
            -18
          ]
        },
        {
          "name": "gong13",
          "pivot": [
            -2,
            0,
            2
          ]
        },
        {
          "name": "root6",
          "rotation": [
            0,
            -2.5,
            0
          ]
        },
        {
          "name": "waist6",
          "pivot": [
            0,
            12,
            0
          ],
          "parent": "root6"
        },
        {
          "name": "leftLeg6",
          "pivot": [
            8.9,
            4,
            -3
          ],
          "parent": "root6",
          "rotation": [
            -7.38733,
            1.29876,
            74.91615
          ]
        },
        {
          "name": "leftPants6",
          "pivot": [
            8.9,
            4,
            -3
          ],
          "parent": "leftLeg6"
        },
        {
          "name": "rightLeg6",
          "pivot": [
            -9.9,
            3,
            -4
          ],
          "parent": "root6",
          "rotation": [
            0,
            0,
            -82.5
          ]
        },
        {
          "name": "rightPants6",
          "pivot": [
            -9.9,
            3,
            -4
          ],
          "parent": "rightLeg6"
        },
        {
          "name": "gong12",
          "pivot": [
            -14,
            28,
            0
          ]
        },
        {
          "name": "tiang6",
          "pivot": [
            -14,
            -2,
            -18
          ]
        },
        {
          "name": "gong11",
          "pivot": [
            -2,
            0,
            2
          ]
        },
        {
          "name": "root5",
          "rotation": [
            0,
            -2.5,
            0
          ]
        },
        {
          "name": "waist5",
          "pivot": [
            0,
            12,
            0
          ],
          "parent": "root5"
        },
        {
          "name": "leftLeg5",
          "pivot": [
            8.9,
            4,
            -3
          ],
          "parent": "root5",
          "rotation": [
            -7.38733,
            1.29876,
            74.91615
          ]
        },
        {
          "name": "leftPants5",
          "pivot": [
            8.9,
            4,
            -3
          ],
          "parent": "leftLeg5"
        },
        {
          "name": "rightLeg5",
          "pivot": [
            -9.9,
            3,
            -4
          ],
          "parent": "root5",
          "rotation": [
            0,
            0,
            -82.5
          ]
        },
        {
          "name": "rightPants5",
          "pivot": [
            -9.9,
            3,
            -4
          ],
          "parent": "rightLeg5"
        },
        {
          "name": "gong10",
          "pivot": [
            -14,
            28,
            0
          ]
        },
        {
          "name": "tiang5",
          "pivot": [
            -14,
            -2,
            -18
          ]
        },
        {
          "name": "gong9",
          "pivot": [
            -2,
            0,
            2
          ]
        },
        {
          "name": "bb_main8"
        },
        {
          "name": "bone15",
          "pivot": [
            30,
            0,
            1
          ],
          "rotation": [
            20,
            0,
            0
          ]
        },
        {
          "name": "bone14",
          "pivot": [
            30,
            0,
            14
          ],
          "rotation": [
            -20,
            0,
            0
          ]
        },
        {
          "name": "bb_main17"
        },
        {
          "name": "root13",
          "rotation": [
            0,
            -2.5,
            0
          ]
        },
        {
          "name": "waist13",
          "pivot": [
            0,
            12,
            0
          ],
          "parent": "root13"
        },
        {
          "name": "leftLeg13",
          "pivot": [
            8.9,
            4,
            -3
          ],
          "parent": "root13",
          "rotation": [
            -7.38733,
            1.29876,
            74.91615
          ]
        },
        {
          "name": "leftPants13",
          "pivot": [
            8.9,
            4,
            -3
          ],
          "parent": "leftLeg13"
        },
        {
          "name": "rightLeg13",
          "pivot": [
            -9.9,
            3,
            -4
          ],
          "parent": "root13",
          "rotation": [
            0,
            0,
            -82.5
          ]
        },
        {
          "name": "rightPants13",
          "pivot": [
            -9.9,
            3,
            -4
          ],
          "parent": "rightLeg13"
        },
        {
          "name": "gong26",
          "pivot": [
            -14,
            28,
            0
          ]
        },
        {
          "name": "tiang13",
          "pivot": [
            -14,
            -2,
            -18
          ]
        },
        {
          "name": "gong25",
          "pivot": [
            -2,
            0,
            2
          ]
        },
        {
          "name": "root12",
          "rotation": [
            0,
            -2.5,
            0
          ]
        },
        {
          "name": "waist12",
          "pivot": [
            0,
            12,
            0
          ],
          "parent": "root12"
        },
        {
          "name": "leftLeg12",
          "pivot": [
            8.9,
            4,
            -3
          ],
          "parent": "root12",
          "rotation": [
            -7.38733,
            1.29876,
            74.91615
          ]
        },
        {
          "name": "leftPants12",
          "pivot": [
            8.9,
            4,
            -3
          ],
          "parent": "leftLeg12"
        },
        {
          "name": "rightLeg12",
          "pivot": [
            -9.9,
            3,
            -4
          ],
          "parent": "root12",
          "rotation": [
            0,
            0,
            -82.5
          ]
        },
        {
          "name": "rightPants12",
          "pivot": [
            -9.9,
            3,
            -4
          ],
          "parent": "rightLeg12"
        },
        {
          "name": "gong24",
          "pivot": [
            -14,
            28,
            0
          ]
        },
        {
          "name": "tiang12",
          "pivot": [
            -14,
            -2,
            -18
          ]
        },
        {
          "name": "gong23",
          "pivot": [
            -2,
            0,
            2
          ]
        },
        {
          "name": "bone35"
        },
        {
          "name": "bb_main16"
        },
        {
          "name": "bb_main15"
        },
        {
          "name": "bb_main10"
        },
        {
          "name": "bone33"
        },
        {
          "name": "bone32",
          "pivot": [
            0,
            63,
            -8
          ]
        },
        {
          "name": "bone31",
          "pivot": [
            -1,
            23,
            22
          ],
          "parent": "bone32",
          "rotation": [
            0,
            17.5,
            0
          ]
        },
        {
          "name": "bone30",
          "pivot": [
            -1,
            23,
            19
          ],
          "parent": "bone32",
          "rotation": [
            0,
            37.5,
            0
          ]
        },
        {
          "name": "bone29",
          "pivot": [
            -5,
            23,
            1
          ],
          "parent": "bone32"
        },
        {
          "name": "bone28",
          "pivot": [
            0,
            63,
            -8
          ]
        },
        {
          "name": "isuzu_elf3"
        },
        {
          "name": "Chassis3",
          "pivot": [
            0.02808,
            9.7882,
            -7.84328
          ],
          "parent": "isuzu_elf3"
        },
        {
          "name": "fronttire3",
          "pivot": [
            15.05,
            7.25,
            -28.4492
          ],
          "parent": "Chassis3"
        },
        {
          "name": "bb_main32"
        },
        {
          "name": "bb_main31"
        },
        {
          "name": "root27",
          "rotation": [
            0,
            -2.5,
            0
          ]
        },
        {
          "name": "waist27",
          "pivot": [
            0,
            12,
            0
          ],
          "parent": "root27"
        },
        {
          "name": "leftLeg27",
          "pivot": [
            8.9,
            4,
            -3
          ],
          "parent": "root27",
          "rotation": [
            -7.38733,
            1.29876,
            74.91615
          ]
        },
        {
          "name": "leftPants27",
          "pivot": [
            8.9,
            4,
            -3
          ],
          "parent": "leftLeg27"
        },
        {
          "name": "rightLeg27",
          "pivot": [
            -9.9,
            3,
            -4
          ],
          "parent": "root27",
          "rotation": [
            0,
            0,
            -82.5
          ]
        },
        {
          "name": "rightPants27",
          "pivot": [
            -9.9,
            3,
            -4
          ],
          "parent": "rightLeg27"
        },
        {
          "name": "gong54",
          "pivot": [
            -14,
            28,
            0
          ]
        },
        {
          "name": "tiang27",
          "pivot": [
            -14,
            -2,
            -18
          ]
        },
        {
          "name": "gong53",
          "pivot": [
            -2,
            0,
            2
          ]
        },
        {
          "name": "root26",
          "rotation": [
            0,
            -2.5,
            0
          ]
        },
        {
          "name": "waist26",
          "pivot": [
            0,
            12,
            0
          ],
          "parent": "root26"
        },
        {
          "name": "leftLeg26",
          "pivot": [
            8.9,
            4,
            -3
          ],
          "parent": "root26",
          "rotation": [
            -7.38733,
            1.29876,
            74.91615
          ]
        },
        {
          "name": "leftPants26",
          "pivot": [
            8.9,
            4,
            -3
          ],
          "parent": "leftLeg26"
        },
        {
          "name": "rightLeg26",
          "pivot": [
            -9.9,
            3,
            -4
          ],
          "parent": "root26",
          "rotation": [
            0,
            0,
            -82.5
          ]
        },
        {
          "name": "rightPants26",
          "pivot": [
            -9.9,
            3,
            -4
          ],
          "parent": "rightLeg26"
        },
        {
          "name": "gong52",
          "pivot": [
            -14,
            28,
            0
          ]
        },
        {
          "name": "tiang26",
          "pivot": [
            -14,
            -2,
            -18
          ]
        },
        {
          "name": "gong51",
          "pivot": [
            -2,
            0,
            2
          ]
        },
        {
          "name": "bb_main30"
        },
        {
          "name": "bone61",
          "pivot": [
            30,
            0,
            1
          ],
          "rotation": [
            20,
            0,
            0
          ]
        },
        {
          "name": "bone60",
          "pivot": [
            30,
            0,
            14
          ],
          "rotation": [
            -20,
            0,
            0
          ]
        },
        {
          "name": "bone59"
        },
        {
          "name": "bb_main29"
        },
        {
          "name": "root25",
          "rotation": [
            0,
            -2.5,
            0
          ]
        },
        {
          "name": "waist25",
          "pivot": [
            0,
            12,
            0
          ],
          "parent": "root25"
        },
        {
          "name": "leftLeg25",
          "pivot": [
            8.9,
            4,
            -3
          ],
          "parent": "root25",
          "rotation": [
            -7.38733,
            1.29876,
            74.91615
          ]
        },
        {
          "name": "leftPants25",
          "pivot": [
            8.9,
            4,
            -3
          ],
          "parent": "leftLeg25"
        },
        {
          "name": "rightLeg25",
          "pivot": [
            -9.9,
            3,
            -4
          ],
          "parent": "root25",
          "rotation": [
            0,
            0,
            -82.5
          ]
        },
        {
          "name": "rightPants25",
          "pivot": [
            -9.9,
            3,
            -4
          ],
          "parent": "rightLeg25"
        },
        {
          "name": "gong50",
          "pivot": [
            -14,
            28,
            0
          ]
        },
        {
          "name": "tiang25",
          "pivot": [
            -14,
            -2,
            -18
          ]
        },
        {
          "name": "gong49",
          "pivot": [
            -2,
            0,
            2
          ]
        },
        {
          "name": "root24",
          "rotation": [
            0,
            -2.5,
            0
          ]
        },
        {
          "name": "waist24",
          "pivot": [
            0,
            12,
            0
          ],
          "parent": "root24"
        },
        {
          "name": "leftLeg24",
          "pivot": [
            8.9,
            4,
            -3
          ],
          "parent": "root24",
          "rotation": [
            -7.38733,
            1.29876,
            74.91615
          ]
        },
        {
          "name": "leftPants24",
          "pivot": [
            8.9,
            4,
            -3
          ],
          "parent": "leftLeg24"
        },
        {
          "name": "rightLeg24",
          "pivot": [
            -9.9,
            3,
            -4
          ],
          "parent": "root24",
          "rotation": [
            0,
            0,
            -82.5
          ]
        },
        {
          "name": "rightPants24",
          "pivot": [
            -9.9,
            3,
            -4
          ],
          "parent": "rightLeg24"
        },
        {
          "name": "gong48",
          "pivot": [
            -14,
            28,
            0
          ]
        },
        {
          "name": "tiang24",
          "pivot": [
            -14,
            -2,
            -18
          ]
        },
        {
          "name": "gong47",
          "pivot": [
            -2,
            0,
            2
          ]
        },
        {
          "name": "bone58"
        },
        {
          "name": "bone57"
        },
        {
          "name": "bb_main28"
        },
        {
          "name": "bb_main27"
        },
        {
          "name": "bb_main26"
        },
        {
          "name": "bone56"
        },
        {
          "name": "bone55",
          "pivot": [
            0,
            63,
            -8
          ]
        },
        {
          "name": "bone54",
          "pivot": [
            -1,
            23,
            22
          ],
          "parent": "bone55",
          "rotation": [
            0,
            17.5,
            0
          ]
        },
        {
          "name": "bone53",
          "pivot": [
            -1,
            23,
            19
          ],
          "parent": "bone55",
          "rotation": [
            0,
            37.5,
            0
          ]
        },
        {
          "name": "bone52",
          "pivot": [
            -5,
            23,
            1
          ],
          "parent": "bone55"
        },
        {
          "name": "bone51",
          "pivot": [
            0,
            63,
            -8
          ]
        },
        {
          "name": "isuzu_elf5"
        },
        {
          "name": "Chassis5",
          "pivot": [
            0.02808,
            9.7882,
            -7.84328
          ],
          "parent": "isuzu_elf5"
        },
        {
          "name": "fronttire5",
          "pivot": [
            15.05,
            7.25,
            -28.4492
          ],
          "parent": "Chassis5"
        },
        {
          "name": "root23",
          "rotation": [
            0,
            -2.5,
            0
          ]
        },
        {
          "name": "waist23",
          "pivot": [
            0,
            12,
            0
          ],
          "parent": "root23"
        },
        {
          "name": "leftLeg23",
          "pivot": [
            8.9,
            4,
            -3
          ],
          "parent": "root23",
          "rotation": [
            -7.38733,
            1.29876,
            74.91615
          ]
        },
        {
          "name": "leftPants23",
          "pivot": [
            8.9,
            4,
            -3
          ],
          "parent": "leftLeg23"
        },
        {
          "name": "rightLeg23",
          "pivot": [
            -9.9,
            3,
            -4
          ],
          "parent": "root23",
          "rotation": [
            0,
            0,
            -82.5
          ]
        },
        {
          "name": "rightPants23",
          "pivot": [
            -9.9,
            3,
            -4
          ],
          "parent": "rightLeg23"
        },
        {
          "name": "gong46",
          "pivot": [
            -14,
            28,
            0
          ]
        },
        {
          "name": "gong45",
          "pivot": [
            -14,
            28,
            0
          ],
          "parent": "gong46"
        },
        {
          "name": "tiang23",
          "pivot": [
            -14,
            -2,
            -18
          ]
        },
        {
          "name": "gong44",
          "pivot": [
            -2,
            0,
            2
          ]
        },
        {
          "name": "root22",
          "rotation": [
            0,
            -2.5,
            0
          ]
        },
        {
          "name": "waist22",
          "pivot": [
            0,
            12,
            0
          ],
          "parent": "root22"
        },
        {
          "name": "leftLeg22",
          "pivot": [
            8.9,
            4,
            -3
          ],
          "parent": "root22",
          "rotation": [
            -7.38733,
            1.29876,
            74.91615
          ]
        },
        {
          "name": "leftPants22",
          "pivot": [
            8.9,
            4,
            -3
          ],
          "parent": "leftLeg22"
        },
        {
          "name": "rightLeg22",
          "pivot": [
            -9.9,
            3,
            -4
          ],
          "parent": "root22",
          "rotation": [
            0,
            0,
            -82.5
          ]
        },
        {
          "name": "rightPants22",
          "pivot": [
            -9.9,
            3,
            -4
          ],
          "parent": "rightLeg22"
        },
        {
          "name": "tiang22",
          "pivot": [
            -14,
            -2,
            -18
          ]
        },
        {
          "name": "gong43",
          "pivot": [
            -2,
            0,
            2
          ]
        },
        {
          "name": "root21",
          "rotation": [
            0,
            -2.5,
            0
          ]
        },
        {
          "name": "waist21",
          "pivot": [
            0,
            12,
            0
          ],
          "parent": "root21"
        },
        {
          "name": "leftLeg21",
          "pivot": [
            8.9,
            4,
            -3
          ],
          "parent": "root21",
          "rotation": [
            -7.38733,
            1.29876,
            74.91615
          ]
        },
        {
          "name": "leftPants21",
          "pivot": [
            8.9,
            4,
            -3
          ],
          "parent": "leftLeg21"
        },
        {
          "name": "rightLeg21",
          "pivot": [
            -9.9,
            3,
            -4
          ],
          "parent": "root21",
          "rotation": [
            0,
            0,
            -82.5
          ]
        },
        {
          "name": "rightPants21",
          "pivot": [
            -9.9,
            3,
            -4
          ],
          "parent": "rightLeg21"
        },
        {
          "name": "gong42",
          "pivot": [
            -14,
            28,
            0
          ]
        },
        {
          "name": "tiang21",
          "pivot": [
            -14,
            -2,
            -18
          ]
        },
        {
          "name": "gong41",
          "pivot": [
            -2,
            0,
            2
          ]
        },
        {
          "name": "bb_main25"
        },
        {
          "name": "bone50",
          "pivot": [
            30,
            0,
            1
          ],
          "rotation": [
            20,
            0,
            0
          ]
        },
        {
          "name": "bone49",
          "pivot": [
            30,
            0,
            14
          ],
          "rotation": [
            -20,
            0,
            0
          ]
        },
        {
          "name": "bb_main23"
        },
        {
          "name": "root14",
          "rotation": [
            0,
            -2.5,
            0
          ]
        },
        {
          "name": "waist14",
          "pivot": [
            0,
            12,
            0
          ],
          "parent": "root14"
        },
        {
          "name": "leftLeg14",
          "pivot": [
            8.9,
            4,
            -3
          ],
          "parent": "root14",
          "rotation": [
            -7.38733,
            1.29876,
            74.91615
          ]
        },
        {
          "name": "leftPants14",
          "pivot": [
            8.9,
            4,
            -3
          ],
          "parent": "leftLeg14"
        },
        {
          "name": "rightLeg14",
          "pivot": [
            -9.9,
            3,
            -4
          ],
          "parent": "root14",
          "rotation": [
            0,
            0,
            -82.5
          ]
        },
        {
          "name": "rightPants14",
          "pivot": [
            -9.9,
            3,
            -4
          ],
          "parent": "rightLeg14"
        },
        {
          "name": "gong28",
          "pivot": [
            -14,
            28,
            0
          ]
        },
        {
          "name": "tiang14",
          "pivot": [
            -14,
            -2,
            -18
          ]
        },
        {
          "name": "gong27",
          "pivot": [
            -2,
            0,
            2
          ]
        },
        {
          "name": "root20",
          "rotation": [
            0,
            -2.5,
            0
          ]
        },
        {
          "name": "waist20",
          "pivot": [
            0,
            12,
            0
          ],
          "parent": "root20"
        },
        {
          "name": "leftLeg20",
          "pivot": [
            8.9,
            4,
            -3
          ],
          "parent": "root20",
          "rotation": [
            -7.38733,
            1.29876,
            74.91615
          ]
        },
        {
          "name": "leftPants20",
          "pivot": [
            8.9,
            4,
            -3
          ],
          "parent": "leftLeg20"
        },
        {
          "name": "rightLeg20",
          "pivot": [
            -9.9,
            3,
            -4
          ],
          "parent": "root20",
          "rotation": [
            0,
            0,
            -82.5
          ]
        },
        {
          "name": "rightPants20",
          "pivot": [
            -9.9,
            3,
            -4
          ],
          "parent": "rightLeg20"
        },
        {
          "name": "gong40",
          "pivot": [
            -14,
            28,
            0
          ]
        },
        {
          "name": "tiang20",
          "pivot": [
            -14,
            -2,
            -18
          ]
        },
        {
          "name": "gong39",
          "pivot": [
            -2,
            0,
            2
          ]
        },
        {
          "name": "bone48",
          "pivot": [
            30,
            0,
            1
          ],
          "rotation": [
            20,
            0,
            0
          ]
        },
        {
          "name": "bone47",
          "pivot": [
            30,
            0,
            14
          ],
          "rotation": [
            -20,
            0,
            0
          ]
        },
        {
          "name": "bone46"
        },
        {
          "name": "bb_main22"
        },
        {
          "name": "root19",
          "rotation": [
            0,
            -2.5,
            0
          ]
        },
        {
          "name": "waist19",
          "pivot": [
            0,
            12,
            0
          ],
          "parent": "root19"
        },
        {
          "name": "leftLeg19",
          "pivot": [
            8.9,
            4,
            -3
          ],
          "parent": "root19",
          "rotation": [
            -7.38733,
            1.29876,
            74.91615
          ]
        },
        {
          "name": "leftPants19",
          "pivot": [
            8.9,
            4,
            -3
          ],
          "parent": "leftLeg19"
        },
        {
          "name": "rightLeg19",
          "pivot": [
            -9.9,
            3,
            -4
          ],
          "parent": "root19",
          "rotation": [
            0,
            0,
            -82.5
          ]
        },
        {
          "name": "rightPants19",
          "pivot": [
            -9.9,
            3,
            -4
          ],
          "parent": "rightLeg19"
        },
        {
          "name": "gong38",
          "pivot": [
            -14,
            28,
            0
          ]
        },
        {
          "name": "tiang19",
          "pivot": [
            -14,
            -2,
            -18
          ]
        },
        {
          "name": "gong37",
          "pivot": [
            -2,
            0,
            2
          ]
        },
        {
          "name": "root18",
          "rotation": [
            0,
            -2.5,
            0
          ]
        },
        {
          "name": "waist18",
          "pivot": [
            0,
            12,
            0
          ],
          "parent": "root18"
        },
        {
          "name": "leftLeg18",
          "pivot": [
            8.9,
            4,
            -3
          ],
          "parent": "root18",
          "rotation": [
            -7.38733,
            1.29876,
            74.91615
          ]
        },
        {
          "name": "leftPants18",
          "pivot": [
            8.9,
            4,
            -3
          ],
          "parent": "leftLeg18"
        },
        {
          "name": "rightLeg18",
          "pivot": [
            -9.9,
            3,
            -4
          ],
          "parent": "root18",
          "rotation": [
            0,
            0,
            -82.5
          ]
        },
        {
          "name": "rightPants18",
          "pivot": [
            -9.9,
            3,
            -4
          ],
          "parent": "rightLeg18"
        },
        {
          "name": "gong36",
          "pivot": [
            -14,
            28,
            0
          ]
        },
        {
          "name": "tiang18",
          "pivot": [
            -14,
            -2,
            -18
          ]
        },
        {
          "name": "gong35",
          "pivot": [
            -2,
            0,
            2
          ]
        },
        {
          "name": "bone45"
        },
        {
          "name": "bone44"
        },
        {
          "name": "bb_main21"
        },
        {
          "name": "bb_main20"
        },
        {
          "name": "bb_main19"
        },
        {
          "name": "bone43"
        },
        {
          "name": "bone42",
          "pivot": [
            0,
            63,
            -8
          ]
        },
        {
          "name": "bone41",
          "pivot": [
            -1,
            23,
            22
          ],
          "parent": "bone42",
          "rotation": [
            0,
            17.5,
            0
          ]
        },
        {
          "name": "bone40",
          "pivot": [
            -1,
            23,
            19
          ],
          "parent": "bone42",
          "rotation": [
            0,
            37.5,
            0
          ]
        },
        {
          "name": "bone39",
          "pivot": [
            -5,
            23,
            1
          ],
          "parent": "bone42"
        },
        {
          "name": "bone38",
          "pivot": [
            0,
            63,
            -8
          ]
        },
        {
          "name": "isuzu_elf4"
        },
        {
          "name": "Chassis4",
          "pivot": [
            0.02808,
            9.7882,
            -7.84328
          ],
          "parent": "isuzu_elf4"
        },
        {
          "name": "fronttire4",
          "pivot": [
            15.05,
            7.25,
            -28.4492
          ],
          "parent": "Chassis4"
        },
        {
          "name": "root17",
          "rotation": [
            0,
            -2.5,
            0
          ]
        },
        {
          "name": "waist17",
          "pivot": [
            0,
            12,
            0
          ],
          "parent": "root17"
        },
        {
          "name": "leftLeg17",
          "pivot": [
            8.9,
            4,
            -3
          ],
          "parent": "root17",
          "rotation": [
            -7.38733,
            1.29876,
            74.91615
          ]
        },
        {
          "name": "leftPants17",
          "pivot": [
            8.9,
            4,
            -3
          ],
          "parent": "leftLeg17"
        },
        {
          "name": "rightLeg17",
          "pivot": [
            -9.9,
            3,
            -4
          ],
          "parent": "root17",
          "rotation": [
            0,
            0,
            -82.5
          ]
        },
        {
          "name": "rightPants17",
          "pivot": [
            -9.9,
            3,
            -4
          ],
          "parent": "rightLeg17"
        },
        {
          "name": "gong34",
          "pivot": [
            -14,
            28,
            0
          ]
        },
        {
          "name": "tiang17",
          "pivot": [
            -14,
            -2,
            -18
          ]
        },
        {
          "name": "gong33",
          "pivot": [
            -2,
            0,
            2
          ]
        },
        {
          "name": "root16",
          "rotation": [
            0,
            -2.5,
            0
          ]
        },
        {
          "name": "waist16",
          "pivot": [
            0,
            12,
            0
          ],
          "parent": "root16"
        },
        {
          "name": "leftLeg16",
          "pivot": [
            8.9,
            4,
            -3
          ],
          "parent": "root16",
          "rotation": [
            -7.38733,
            1.29876,
            74.91615
          ]
        },
        {
          "name": "leftPants16",
          "pivot": [
            8.9,
            4,
            -3
          ],
          "parent": "leftLeg16"
        },
        {
          "name": "rightLeg16",
          "pivot": [
            -9.9,
            3,
            -4
          ],
          "parent": "root16",
          "rotation": [
            0,
            0,
            -82.5
          ]
        },
        {
          "name": "rightPants16",
          "pivot": [
            -9.9,
            3,
            -4
          ],
          "parent": "rightLeg16"
        },
        {
          "name": "gong32",
          "pivot": [
            -14,
            28,
            0
          ]
        },
        {
          "name": "tiang16",
          "pivot": [
            -14,
            -2,
            -18
          ]
        },
        {
          "name": "gong31",
          "pivot": [
            -2,
            0,
            2
          ]
        },
        {
          "name": "root15",
          "rotation": [
            0,
            -2.5,
            0
          ]
        },
        {
          "name": "waist15",
          "pivot": [
            0,
            12,
            0
          ],
          "parent": "root15"
        },
        {
          "name": "leftLeg15",
          "pivot": [
            8.9,
            4,
            -3
          ],
          "parent": "root15",
          "rotation": [
            -7.38733,
            1.29876,
            74.91615
          ]
        },
        {
          "name": "leftPants15",
          "pivot": [
            8.9,
            4,
            -3
          ],
          "parent": "leftLeg15"
        },
        {
          "name": "rightLeg15",
          "pivot": [
            -9.9,
            3,
            -4
          ],
          "parent": "root15",
          "rotation": [
            0,
            0,
            -82.5
          ]
        },
        {
          "name": "rightPants15",
          "pivot": [
            -9.9,
            3,
            -4
          ],
          "parent": "rightLeg15"
        },
        {
          "name": "gong30",
          "pivot": [
            -14,
            28,
            0
          ]
        },
        {
          "name": "tiang15",
          "pivot": [
            -14,
            -2,
            -18
          ]
        },
        {
          "name": "gong29",
          "pivot": [
            -2,
            0,
            2
          ]
        },
        {
          "name": "bb_main18"
        },
        {
          "name": "bone37",
          "pivot": [
            30,
            0,
            1
          ],
          "rotation": [
            20,
            0,
            0
          ]
        },
        {
          "name": "bone36",
          "pivot": [
            30,
            0,
            14
          ],
          "rotation": [
            -20,
            0,
            0
          ]
        }
      ]
    }
  ]
}