{
  "format_version": "1.12.0",
  "minecraft:geometry": [
    {
      "description": {
        "identifier": "geometry.pa_sajen",
        "texture_width": 1024,
        "texture_height": 1024,
        "visible_bounds_width": 51,
        "visible_bounds_height": 51,
        "visible_bounds_offset": [
          0,
          0.5,
          0
        ]
      },
      "bones": [
        {
          "name": "bb_main",
          "cubes": [
            {
              "origin": [
                -6.0,
                0.0,
                -6.0
              ],
              "size": [
                12.0,
                1.0,
                12.0
              ],
              "uv": {
                "north": {
                  "uv": [
                    0,
                    0
                  ],
                  "uv_size": [
                    12,
                    1
                  ]
                },
                "east": {
                  "uv": [
                    0,
                    0
                  ],
                  "uv_size": [
                    12,
                    1
                  ]
                },
                "south": {
                  "uv": [
                    0,
                    0
                  ],
                  "uv_size": [
                    12,
                    1
                  ]
                },
                "west": {
                  "uv": [
                    0,
                    0
                  ],
                  "uv_size": [
                    12,
                    1
                  ]
                },
                "up": {
                  "uv": [
                    12,
                    12
                  ],
                  "uv_size": [
                    -12,
                    -12
                  ]
                },
                "down": {
                  "uv": [
                    12,
                    12
                  ],
                  "uv_size": [
                    -12,
                    -12
                  ]
                }
              },
              "inflate": 0
            },
            {
              "origin": [
                -7.0,
                0.0,
                -8.0
              ],
              "size": [
                14.0,
                3.0,
                1.0
              ],
              "uv": {
                "north": {
                  "uv": [
                    0,
                    0
                  ],
                  "uv_size": [
                    12,
                    3
                  ]
                },
                "east": {
                  "uv": [
                    0,
                    0
                  ],
                  "uv_size": [
                    1,
                    3
                  ]
                },
                "south": {
                  "uv": [
                    0,
                    0
                  ],
                  "uv_size": [
                    12,
                    3
                  ]
                },
                "west": {
                  "uv": [
                    0,
                    0
                  ],
                  "uv_size": [
                    1,
                    3
                  ]
                },
                "up": {
                  "uv": [
                    12,
                    1
                  ],
                  "uv_size": [
                    -12,
                    -1
                  ]
                },
                "down": {
                  "uv": [
                    12,
                    1
                  ],
                  "uv_size": [
                    -12,
                    -1
                  ]
                }
              },
              "inflate": 0
            },
            {
              "origin": [
                -7.0,
                0.0,
                7.0
              ],
              "size": [
                14.0,
                3.0,
                1.0
              ],
              "uv": {
                "north": {
                  "uv": [
                    0,
                    0
                  ],
                  "uv_size": [
                    12,
                    3
                  ]
                },
                "east": {
                  "uv": [
                    0,
                    0
                  ],
                  "uv_size": [
                    1,
                    3
                  ]
                },
                "south": {
                  "uv": [
                    0,
                    0
                  ],
                  "uv_size": [
                    12,
                    3
                  ]
                },
                "west": {
                  "uv": [
                    0,
                    0
                  ],
                  "uv_size": [
                    1,
                    3
                  ]
                },
                "up": {
                  "uv": [
                    12,
                    1
                  ],
                  "uv_size": [
                    -12,
                    -1
                  ]
                },
                "down": {
                  "uv": [
                    12,
                    1
                  ],
                  "uv_size": [
                    -12,
                    -1
                  ]
                }
              },
              "inflate": 0
            },
            {
              "origin": [
                -8.0,
                0.0,
                -7.0
              ],
              "size": [
                1.0,
                3.0,
                14.0
              ],
              "uv": {
                "north": {
                  "uv": [
                    0,
                    0
                  ],
                  "uv_size": [
                    1,
                    3
                  ]
                },
                "east": {
                  "uv": [
                    0,
                    0
                  ],
                  "uv_size": [
                    12,
                    3
                  ]
                },
                "south": {
                  "uv": [
                    0,
                    0
                  ],
                  "uv_size": [
                    1,
                    3
                  ]
                },
                "west": {
                  "uv": [
                    0,
                    0
                  ],
                  "uv_size": [
                    12,
                    3
                  ]
                },
                "up": {
                  "uv": [
                    1,
                    12
                  ],
                  "uv_size": [
                    -1,
                    -12
                  ]
                },
                "down": {
                  "uv": [
                    1,
                    12
                  ],
                  "uv_size": [
                    -1,
                    -12
                  ]
                }
              },
              "inflate": 0
            },
            {
              "origin": [
                -7.0,
                1.0,
                -7.0
              ],
              "size": [
                14.0,
                1.0,
                14.0
              ],
              "uv": {
                "north": {
                  "uv": [
                    0,
                    0
                  ],
                  "uv_size": [
                    12,
                    1
                  ]
                },
                "east": {
                  "uv": [
                    0,
                    0
                  ],
                  "uv_size": [
                    12,
                    1
                  ]
                },
                "south": {
                  "uv": [
                    0,
                    0
                  ],
                  "uv_size": [
                    12,
                    1
                  ]
                },
                "west": {
                  "uv": [
                    0,
                    0
                  ],
                  "uv_size": [
                    12,
                    1
                  ]
                },
                "up": {
                  "uv": [
                    462,
                    806
                  ],
                  "uv_size": [
                    -269,
                    -281
                  ]
                },
                "down": {
                  "uv": [
                    12,
                    12
                  ],
                  "uv_size": [
                    -12,
                    -12
                  ]
                }
              },
              "inflate": 0
            },
            {
              "origin": [
                2.0,
                1.0,
                1.0
              ],
              "size": [
                4.0,
                3.0,
                5.0
              ],
              "uv": {
                "north": {
                  "uv": [
                    203,
                    943
                  ],
                  "uv_size": [
                    192,
                    81
                  ]
                },
                "east": {
                  "uv": [
                    215,
                    934
                  ],
                  "uv_size": [
                    184,
                    90
                  ]
                },
                "south": {
                  "uv": [
                    208,
                    851
                  ],
                  "uv_size": [
                    200,
                    81
                  ]
                },
                "west": {
                  "uv": [
                    195,
                    873
                  ],
                  "uv_size": [
                    206,
                    151
                  ]
                },
                "up": {
                  "uv": [
                    405,
                    831
                  ],
                  "uv_size": [
                    -212,
                    152
                  ]
                },
                "down": {
                  "uv": [
                    4,
                    5
                  ],
                  "uv_size": [
                    -4,
                    -5
                  ]
                }
              },
              "inflate": 0
            },
            {
              "origin": [
                -3.5,
                0.0,
                -2.0
              ],
              "size": [
                2.0,
                12.0,
                0.1
              ],
              "pivot": [
                0.0,
                0.0,
                0.0
              ],
              "rotation": [
                -80.0,
                0.0,
                0.0
              ],
              "uv": {
                "north": {
                  "uv": [
                    88,
                    422
                  ],
                  "uv_size": [
                    78,
                    600
                  ]
                },
                "east": {
                  "uv": [
                    0,
                    537
                  ],
                  "uv_size": [
                    0,
                    481
                  ]
                },
                "south": {
                  "uv": [
                    2,
                    415
                  ],
                  "uv_size": [
                    80,
                    609
                  ]
                },
                "west": {
                  "uv": [
                    0,
                    449
                  ],
                  "uv_size": [
                    0,
                    571
                  ]
                },
                "up": {
                  "uv": [
                    2,
                    615.1
                  ],
                  "uv_size": [
                    -2,
                    -0.1
                  ]
                },
                "down": {
                  "uv": [
                    0,
                    651
                  ],
                  "uv_size": [
                    0,
                    372.9
                  ]
                }
              },
              "inflate": 0
            },
            {
              "origin": [
                -5.5,
                0.0,
                -2.0
              ],
              "size": [
                2.0,
                11.0,
                0.1
              ],
              "pivot": [
                0.0,
                0.0,
                0.0
              ],
              "rotation": [
                -80.0,
                0.0,
                0.0
              ],
              "uv": {
                "north": {
                  "uv": [
                    88,
                    422
                  ],
                  "uv_size": [
                    78,
                    600
                  ]
                },
                "east": {
                  "uv": [
                    0,
                    621
                  ],
                  "uv_size": [
                    0,
                    -202
                  ]
                },
                "south": {
                  "uv": [
                    0,
                    415
                  ],
                  "uv_size": [
                    80,
                    609
                  ]
                },
                "west": {
                  "uv": [
                    0,
                    721
                  ],
                  "uv_size": [
                    0.1,
                    11
                  ]
                },
                "up": {
                  "uv": [
                    4,
                    713.1
                  ],
                  "uv_size": [
                    -4,
                    -256.1
                  ]
                },
                "down": {
                  "uv": [
                    2,
                    690.1
                  ],
                  "uv_size": [
                    -2,
                    -0.1
                  ]
                }
              },
              "inflate": 0
            },
            {
              "origin": [
                7.0,
                0.0,
                -7.0
              ],
              "size": [
                1.0,
                3.0,
                14.0
              ],
              "uv": {
                "north": {
                  "uv": [
                    0,
                    0
                  ],
                  "uv_size": [
                    1,
                    3
                  ]
                },
                "east": {
                  "uv": [
                    0,
                    0
                  ],
                  "uv_size": [
                    12,
                    3
                  ]
                },
                "south": {
                  "uv": [
                    0,
                    0
                  ],
                  "uv_size": [
                    1,
                    3
                  ]
                },
                "west": {
                  "uv": [
                    0,
                    0
                  ],
                  "uv_size": [
                    12,
                    3
                  ]
                },
                "up": {
                  "uv": [
                    1,
                    12
                  ],
                  "uv_size": [
                    -1,
                    -12
                  ]
                },
                "down": {
                  "uv": [
                    1,
                    12
                  ],
                  "uv_size": [
                    -1,
                    -12
                  ]
                }
              },
              "inflate": 0
            }
          ]
        },
        {
          "name": "bb_main10"
        },
        {
          "name": "bb_main3"
        },
        {
          "name": "root",
          "rotation": [
            0,
            -2.5,
            0
          ]
        },
        {
          "name": "waist",
          "pivot": [
            0,
            12,
            0
          ],
          "parent": "root"
        },
        {
          "name": "leftLeg",
          "pivot": [
            8.9,
            4,
            -3
          ],
          "parent": "root",
          "rotation": [
            -7.38733,
            1.29876,
            74.91615
          ]
        },
        {
          "name": "leftPants",
          "pivot": [
            8.9,
            4,
            -3
          ],
          "parent": "leftLeg"
        },
        {
          "name": "rightLeg",
          "pivot": [
            -9.9,
            3,
            -4
          ],
          "parent": "root",
          "rotation": [
            0,
            0,
            -82.5
          ]
        },
        {
          "name": "rightPants",
          "pivot": [
            -9.9,
            3,
            -4
          ],
          "parent": "rightLeg"
        },
        {
          "name": "gong1",
          "pivot": [
            -14,
            28,
            0
          ]
        },
        {
          "name": "tiang",
          "pivot": [
            -14,
            -2,
            -18
          ]
        },
        {
          "name": "gong2",
          "pivot": [
            -2,
            0,
            2
          ]
        },
        {
          "name": "root2",
          "rotation": [
            0,
            -2.5,
            0
          ]
        },
        {
          "name": "waist2",
          "pivot": [
            0,
            12,
            0
          ],
          "parent": "root2"
        },
        {
          "name": "leftLeg2",
          "pivot": [
            8.9,
            4,
            -3
          ],
          "parent": "root2",
          "rotation": [
            -7.38733,
            1.29876,
            74.91615
          ]
        },
        {
          "name": "leftPants2",
          "pivot": [
            8.9,
            4,
            -3
          ],
          "parent": "leftLeg2"
        },
        {
          "name": "rightLeg2",
          "pivot": [
            -9.9,
            3,
            -4
          ],
          "parent": "root2",
          "rotation": [
            0,
            0,
            -82.5
          ]
        },
        {
          "name": "rightPants2",
          "pivot": [
            -9.9,
            3,
            -4
          ],
          "parent": "rightLeg2"
        },
        {
          "name": "gong4",
          "pivot": [
            -14,
            28,
            0
          ]
        },
        {
          "name": "tiang2",
          "pivot": [
            -14,
            -2,
            -18
          ]
        },
        {
          "name": "gong3",
          "pivot": [
            -2,
            0,
            2
          ]
        },
        {
          "name": "bone8",
          "pivot": [
            30,
            0,
            1
          ],
          "rotation": [
            20,
            0,
            0
          ]
        },
        {
          "name": "bone9",
          "pivot": [
            30,
            0,
            14
          ],
          "rotation": [
            -20,
            0,
            0
          ]
        },
        {
          "name": "bone3"
        },
        {
          "name": "bb_main7"
        },
        {
          "name": "root4",
          "rotation": [
            0,
            -2.5,
            0
          ]
        },
        {
          "name": "waist4",
          "pivot": [
            0,
            12,
            0
          ],
          "parent": "root4"
        },
        {
          "name": "leftLeg4",
          "pivot": [
            8.9,
            4,
            -3
          ],
          "parent": "root4",
          "rotation": [
            -7.38733,
            1.29876,
            74.91615
          ]
        },
        {
          "name": "leftPants4",
          "pivot": [
            8.9,
            4,
            -3
          ],
          "parent": "leftLeg4"
        },
        {
          "name": "rightLeg4",
          "pivot": [
            -9.9,
            3,
            -4
          ],
          "parent": "root4",
          "rotation": [
            0,
            0,
            -82.5
          ]
        },
        {
          "name": "rightPants4",
          "pivot": [
            -9.9,
            3,
            -4
          ],
          "parent": "rightLeg4"
        },
        {
          "name": "gong8",
          "pivot": [
            -14,
            28,
            0
          ]
        },
        {
          "name": "tiang4",
          "pivot": [
            -14,
            -2,
            -18
          ]
        },
        {
          "name": "gong7",
          "pivot": [
            -2,
            0,
            2
          ]
        },
        {
          "name": "root3",
          "rotation": [
            0,
            -2.5,
            0
          ]
        },
        {
          "name": "waist3",
          "pivot": [
            0,
            12,
            0
          ],
          "parent": "root3"
        },
        {
          "name": "leftLeg3",
          "pivot": [
            8.9,
            4,
            -3
          ],
          "parent": "root3",
          "rotation": [
            -7.38733,
            1.29876,
            74.91615
          ]
        },
        {
          "name": "leftPants3",
          "pivot": [
            8.9,
            4,
            -3
          ],
          "parent": "leftLeg3"
        },
        {
          "name": "rightLeg3",
          "pivot": [
            -9.9,
            3,
            -4
          ],
          "parent": "root3",
          "rotation": [
            0,
            0,
            -82.5
          ]
        },
        {
          "name": "rightPants3",
          "pivot": [
            -9.9,
            3,
            -4
          ],
          "parent": "rightLeg3"
        },
        {
          "name": "gong6",
          "pivot": [
            -14,
            28,
            0
          ]
        },
        {
          "name": "tiang3",
          "pivot": [
            -14,
            -2,
            -18
          ]
        },
        {
          "name": "gong5",
          "pivot": [
            -2,
            0,
            2
          ]
        },
        {
          "name": "bone4"
        },
        {
          "name": "bone13"
        },
        {
          "name": "bb_main5"
        },
        {
          "name": "bb_main6"
        },
        {
          "name": "bb_main4"
        },
        {
          "name": "bone12"
        },
        {
          "name": "bone11",
          "pivot": [
            0,
            63,
            -8
          ]
        },
        {
          "name": "bone6",
          "pivot": [
            -1,
            23,
            22
          ],
          "parent": "bone11",
          "rotation": [
            0,
            17.5,
            0
          ]
        },
        {
          "name": "bone5",
          "pivot": [
            -1,
            23,
            19
          ],
          "parent": "bone11",
          "rotation": [
            0,
            37.5,
            0
          ]
        },
        {
          "name": "bone7",
          "pivot": [
            -5,
            23,
            1
          ],
          "parent": "bone11"
        },
        {
          "name": "bone10",
          "pivot": [
            0,
            63,
            -8
          ]
        },
        {
          "name": "isuzu_elf"
        },
        {
          "name": "Chassis",
          "pivot": [
            0.02808,
            9.7882,
            -7.84328
          ],
          "parent": "isuzu_elf"
        },
        {
          "name": "fronttire1",
          "pivot": [
            15.05,
            7.25,
            -28.4492
          ],
          "parent": "Chassis"
        },
        {
          "name": "root7",
          "rotation": [
            0,
            -2.5,
            0
          ]
        },
        {
          "name": "waist7",
          "pivot": [
            0,
            12,
            0
          ],
          "parent": "root7"
        },
        {
          "name": "leftLeg7",
          "pivot": [
            8.9,
            4,
            -3
          ],
          "parent": "root7",
          "rotation": [
            -7.38733,
            1.29876,
            74.91615
          ]
        },
        {
          "name": "leftPants7",
          "pivot": [
            8.9,
            4,
            -3
          ],
          "parent": "leftLeg7"
        },
        {
          "name": "rightLeg7",
          "pivot": [
            -9.9,
            3,
            -4
          ],
          "parent": "root7",
          "rotation": [
            0,
            0,
            -82.5
          ]
        },
        {
          "name": "rightPants7",
          "pivot": [
            -9.9,
            3,
            -4
          ],
          "parent": "rightLeg7"
        },
        {
          "name": "gong14",
          "pivot": [
            -14,
            28,
            0
          ]
        },
        {
          "name": "gong12",
          "pivot": [
            -14,
            28,
            0
          ],
          "parent": "gong14"
        },
        {
          "name": "tiang7",
          "pivot": [
            -14,
            -2,
            -18
          ]
        },
        {
          "name": "gong13",
          "pivot": [
            -2,
            0,
            2
          ]
        },
        {
          "name": "root6",
          "rotation": [
            0,
            -2.5,
            0
          ]
        },
        {
          "name": "waist6",
          "pivot": [
            0,
            12,
            0
          ],
          "parent": "root6"
        },
        {
          "name": "leftLeg6",
          "pivot": [
            8.9,
            4,
            -3
          ],
          "parent": "root6",
          "rotation": [
            -7.38733,
            1.29876,
            74.91615
          ]
        },
        {
          "name": "leftPants6",
          "pivot": [
            8.9,
            4,
            -3
          ],
          "parent": "leftLeg6"
        },
        {
          "name": "rightLeg6",
          "pivot": [
            -9.9,
            3,
            -4
          ],
          "parent": "root6",
          "rotation": [
            0,
            0,
            -82.5
          ]
        },
        {
          "name": "rightPants6",
          "pivot": [
            -9.9,
            3,
            -4
          ],
          "parent": "rightLeg6"
        },
        {
          "name": "tiang6",
          "pivot": [
            -14,
            -2,
            -18
          ]
        },
        {
          "name": "gong11",
          "pivot": [
            -2,
            0,
            2
          ]
        },
        {
          "name": "root5",
          "rotation": [
            0,
            -2.5,
            0
          ]
        },
        {
          "name": "waist5",
          "pivot": [
            0,
            12,
            0
          ],
          "parent": "root5"
        },
        {
          "name": "leftLeg5",
          "pivot": [
            8.9,
            4,
            -3
          ],
          "parent": "root5",
          "rotation": [
            -7.38733,
            1.29876,
            74.91615
          ]
        },
        {
          "name": "leftPants5",
          "pivot": [
            8.9,
            4,
            -3
          ],
          "parent": "leftLeg5"
        },
        {
          "name": "rightLeg5",
          "pivot": [
            -9.9,
            3,
            -4
          ],
          "parent": "root5",
          "rotation": [
            0,
            0,
            -82.5
          ]
        },
        {
          "name": "rightPants5",
          "pivot": [
            -9.9,
            3,
            -4
          ],
          "parent": "rightLeg5"
        },
        {
          "name": "gong10",
          "pivot": [
            -14,
            28,
            0
          ]
        },
        {
          "name": "tiang5",
          "pivot": [
            -14,
            -2,
            -18
          ]
        },
        {
          "name": "gong9",
          "pivot": [
            -2,
            0,
            2
          ]
        },
        {
          "name": "bb_main8"
        },
        {
          "name": "bone15",
          "pivot": [
            30,
            0,
            1
          ],
          "rotation": [
            20,
            0,
            0
          ]
        },
        {
          "name": "bone14",
          "pivot": [
            30,
            0,
            14
          ],
          "rotation": [
            -20,
            0,
            0
          ]
        },
        {
          "name": "bb_main16"
        },
        {
          "name": "root14",
          "rotation": [
            0,
            -2.5,
            0
          ]
        },
        {
          "name": "waist14",
          "pivot": [
            0,
            12,
            0
          ],
          "parent": "root14"
        },
        {
          "name": "leftLeg14",
          "pivot": [
            8.9,
            4,
            -3
          ],
          "parent": "root14",
          "rotation": [
            -7.38733,
            1.29876,
            74.91615
          ]
        },
        {
          "name": "leftPants14",
          "pivot": [
            8.9,
            4,
            -3
          ],
          "parent": "leftLeg14"
        },
        {
          "name": "rightLeg14",
          "pivot": [
            -9.9,
            3,
            -4
          ],
          "parent": "root14",
          "rotation": [
            0,
            0,
            -82.5
          ]
        },
        {
          "name": "rightPants14",
          "pivot": [
            -9.9,
            3,
            -4
          ],
          "parent": "rightLeg14"
        },
        {
          "name": "gong28",
          "pivot": [
            -14,
            28,
            0
          ]
        },
        {
          "name": "tiang14",
          "pivot": [
            -14,
            -2,
            -18
          ]
        },
        {
          "name": "gong27",
          "pivot": [
            -2,
            0,
            2
          ]
        },
        {
          "name": "root13",
          "rotation": [
            0,
            -2.5,
            0
          ]
        },
        {
          "name": "waist13",
          "pivot": [
            0,
            12,
            0
          ],
          "parent": "root13"
        },
        {
          "name": "leftLeg13",
          "pivot": [
            8.9,
            4,
            -3
          ],
          "parent": "root13",
          "rotation": [
            -7.38733,
            1.29876,
            74.91615
          ]
        },
        {
          "name": "leftPants13",
          "pivot": [
            8.9,
            4,
            -3
          ],
          "parent": "leftLeg13"
        },
        {
          "name": "rightLeg13",
          "pivot": [
            -9.9,
            3,
            -4
          ],
          "parent": "root13",
          "rotation": [
            0,
            0,
            -82.5
          ]
        },
        {
          "name": "rightPants13",
          "pivot": [
            -9.9,
            3,
            -4
          ],
          "parent": "rightLeg13"
        },
        {
          "name": "gong26",
          "pivot": [
            -14,
            28,
            0
          ]
        },
        {
          "name": "tiang13",
          "pivot": [
            -14,
            -2,
            -18
          ]
        },
        {
          "name": "gong25",
          "pivot": [
            -2,
            0,
            2
          ]
        },
        {
          "name": "bone28",
          "pivot": [
            30,
            0,
            1
          ],
          "rotation": [
            20,
            0,
            0
          ]
        },
        {
          "name": "bone27",
          "pivot": [
            30,
            0,
            14
          ],
          "rotation": [
            -20,
            0,
            0
          ]
        },
        {
          "name": "bone26"
        },
        {
          "name": "bb_main15"
        },
        {
          "name": "root12",
          "rotation": [
            0,
            -2.5,
            0
          ]
        },
        {
          "name": "waist12",
          "pivot": [
            0,
            12,
            0
          ],
          "parent": "root12"
        },
        {
          "name": "leftLeg12",
          "pivot": [
            8.9,
            4,
            -3
          ],
          "parent": "root12",
          "rotation": [
            -7.38733,
            1.29876,
            74.91615
          ]
        },
        {
          "name": "leftPants12",
          "pivot": [
            8.9,
            4,
            -3
          ],
          "parent": "leftLeg12"
        },
        {
          "name": "rightLeg12",
          "pivot": [
            -9.9,
            3,
            -4
          ],
          "parent": "root12",
          "rotation": [
            0,
            0,
            -82.5
          ]
        },
        {
          "name": "rightPants12",
          "pivot": [
            -9.9,
            3,
            -4
          ],
          "parent": "rightLeg12"
        },
        {
          "name": "gong24",
          "pivot": [
            -14,
            28,
            0
          ]
        },
        {
          "name": "tiang12",
          "pivot": [
            -14,
            -2,
            -18
          ]
        },
        {
          "name": "gong23",
          "pivot": [
            -2,
            0,
            2
          ]
        },
        {
          "name": "root11",
          "rotation": [
            0,
            -2.5,
            0
          ]
        },
        {
          "name": "waist11",
          "pivot": [
            0,
            12,
            0
          ],
          "parent": "root11"
        },
        {
          "name": "leftLeg11",
          "pivot": [
            8.9,
            4,
            -3
          ],
          "parent": "root11",
          "rotation": [
            -7.38733,
            1.29876,
            74.91615
          ]
        },
        {
          "name": "leftPants11",
          "pivot": [
            8.9,
            4,
            -3
          ],
          "parent": "leftLeg11"
        },
        {
          "name": "rightLeg11",
          "pivot": [
            -9.9,
            3,
            -4
          ],
          "parent": "root11",
          "rotation": [
            0,
            0,
            -82.5
          ]
        },
        {
          "name": "rightPants11",
          "pivot": [
            -9.9,
            3,
            -4
          ],
          "parent": "rightLeg11"
        },
        {
          "name": "gong22",
          "pivot": [
            -14,
            28,
            0
          ]
        },
        {
          "name": "tiang11",
          "pivot": [
            -14,
            -2,
            -18
          ]
        },
        {
          "name": "gong21",
          "pivot": [
            -2,
            0,
            2
          ]
        },
        {
          "name": "bone25"
        },
        {
          "name": "bone24"
        },
        {
          "name": "bb_main14"
        },
        {
          "name": "bb_main13"
        },
        {
          "name": "bb_main12"
        },
        {
          "name": "bone23"
        },
        {
          "name": "bone22",
          "pivot": [
            0,
            63,
            -8
          ]
        },
        {
          "name": "bone21",
          "pivot": [
            -1,
            23,
            22
          ],
          "parent": "bone22",
          "rotation": [
            0,
            17.5,
            0
          ]
        },
        {
          "name": "bone20",
          "pivot": [
            -1,
            23,
            19
          ],
          "parent": "bone22",
          "rotation": [
            0,
            37.5,
            0
          ]
        },
        {
          "name": "bone19",
          "pivot": [
            -5,
            23,
            1
          ],
          "parent": "bone22"
        },
        {
          "name": "bone18",
          "pivot": [
            0,
            63,
            -8
          ]
        },
        {
          "name": "isuzu_elf2"
        },
        {
          "name": "Chassis2",
          "pivot": [
            0.02808,
            9.7882,
            -7.84328
          ],
          "parent": "isuzu_elf2"
        },
        {
          "name": "fronttire2",
          "pivot": [
            15.05,
            7.25,
            -28.4492
          ],
          "parent": "Chassis2"
        },
        {
          "name": "root10",
          "rotation": [
            0,
            -2.5,
            0
          ]
        },
        {
          "name": "waist10",
          "pivot": [
            0,
            12,
            0
          ],
          "parent": "root10"
        },
        {
          "name": "leftLeg10",
          "pivot": [
            8.9,
            4,
            -3
          ],
          "parent": "root10",
          "rotation": [
            -7.38733,
            1.29876,
            74.91615
          ]
        },
        {
          "name": "leftPants10",
          "pivot": [
            8.9,
            4,
            -3
          ],
          "parent": "leftLeg10"
        },
        {
          "name": "rightLeg10",
          "pivot": [
            -9.9,
            3,
            -4
          ],
          "parent": "root10",
          "rotation": [
            0,
            0,
            -82.5
          ]
        },
        {
          "name": "rightPants10",
          "pivot": [
            -9.9,
            3,
            -4
          ],
          "parent": "rightLeg10"
        },
        {
          "name": "gong20",
          "pivot": [
            -14,
            28,
            0
          ]
        },
        {
          "name": "tiang10",
          "pivot": [
            -14,
            -2,
            -18
          ]
        },
        {
          "name": "gong19",
          "pivot": [
            -2,
            0,
            2
          ]
        },
        {
          "name": "root9",
          "rotation": [
            0,
            -2.5,
            0
          ]
        },
        {
          "name": "waist9",
          "pivot": [
            0,
            12,
            0
          ],
          "parent": "root9"
        },
        {
          "name": "leftLeg9",
          "pivot": [
            8.9,
            4,
            -3
          ],
          "parent": "root9",
          "rotation": [
            -7.38733,
            1.29876,
            74.91615
          ]
        },
        {
          "name": "leftPants9",
          "pivot": [
            8.9,
            4,
            -3
          ],
          "parent": "leftLeg9"
        },
        {
          "name": "rightLeg9",
          "pivot": [
            -9.9,
            3,
            -4
          ],
          "parent": "root9",
          "rotation": [
            0,
            0,
            -82.5
          ]
        },
        {
          "name": "rightPants9",
          "pivot": [
            -9.9,
            3,
            -4
          ],
          "parent": "rightLeg9"
        },
        {
          "name": "gong18",
          "pivot": [
            -14,
            28,
            0
          ]
        },
        {
          "name": "tiang9",
          "pivot": [
            -14,
            -2,
            -18
          ]
        },
        {
          "name": "gong17",
          "pivot": [
            -2,
            0,
            2
          ]
        },
        {
          "name": "root8",
          "rotation": [
            0,
            -2.5,
            0
          ]
        },
        {
          "name": "waist8",
          "pivot": [
            0,
            12,
            0
          ],
          "parent": "root8"
        },
        {
          "name": "leftLeg8",
          "pivot": [
            8.9,
            4,
            -3
          ],
          "parent": "root8",
          "rotation": [
            -7.38733,
            1.29876,
            74.91615
          ]
        },
        {
          "name": "leftPants8",
          "pivot": [
            8.9,
            4,
            -3
          ],
          "parent": "leftLeg8"
        },
        {
          "name": "rightLeg8",
          "pivot": [
            -9.9,
            3,
            -4
          ],
          "parent": "root8",
          "rotation": [
            0,
            0,
            -82.5
          ]
        },
        {
          "name": "rightPants8",
          "pivot": [
            -9.9,
            3,
            -4
          ],
          "parent": "rightLeg8"
        },
        {
          "name": "gong16",
          "pivot": [
            -14,
            28,
            0
          ]
        },
        {
          "name": "tiang8",
          "pivot": [
            -14,
            -2,
            -18
          ]
        },
        {
          "name": "gong15",
          "pivot": [
            -2,
            0,
            2
          ]
        },
        {
          "name": "bb_main11"
        },
        {
          "name": "bone17",
          "pivot": [
            30,
            0,
            1
          ],
          "rotation": [
            20,
            0,
            0
          ]
        },
        {
          "name": "bone16",
          "pivot": [
            30,
            0,
            14
          ],
          "rotation": [
            -20,
            0,
            0
          ]
        }
      ]
    }
  ]
}