{
	"format_version": "1.10.0",
	"geometry.mechagodzilla": {
		"texturewidth": 512,
		"textureheight": 512,
		"visible_bounds_width": 20,
		"visible_bounds_height": 7,
		"visible_bounds_offset": [0, 0, 0],
		"bones": [
			{
				"name": "unknown_bone",
				"pivot": [0, 0, 0],
				"cubes": [
					{"origin": [8, 77, -35], "size": [7, 7, 49], "uv": [0, 0]}
				]
			},
			{
				"name": "body",
				"pivot": [0, 33, 0],
				"rotation": [5, 0, 0],
				"cubes": [
					{"origin": [-10, 27, -8.75], "size": [20, 22, 23], "uv": [57, 73]},
					{"origin": [-10, 70, -8], "size": [20, 9, 23], "uv": [72, 118]},
					{"origin": [-12, 40, -8.75], "size": [24, 18, 24], "uv": [0, 0]},
					{"origin": [-9, 58, -9.5], "size": [18, 17, 2], "uv": [80, 54]},
					{"origin": [-10, 40, -9.75], "size": [20, 18, 1], "uv": [72, 0]},
					{"origin": [-9, 31, -10], "size": [18, 14, 2], "uv": [114, 0]},
					{"origin": [-11, 58, -8], "size": [22, 12, 23], "uv": [73, 19]},
					{"origin": [-7, 75, -8.5], "size": [14, 4, 2], "uv": [185, 62]}
				]
			},
			{
				"name": "body1",
				"parent": "body",
				"pivot": [0, 79, 15],
				"rotation": [30, 0, 0],
				"cubes": [
					{"origin": [-8, 86, -4], "size": [16, 7, 18], "uv": [140, 0]},
					{"origin": [-9, 79, -4], "size": [18, 7, 18], "uv": [135, 100]},
					{"origin": [-0.5, 82, 14], "size": [1, 8, 2], "uv": [14, 242]},
					{"origin": [-0.5, 83, 16], "size": [1, 6, 4], "uv": [195, 197]},
					{"origin": [-0.5, 85, 20], "size": [1, 2, 4], "uv": [105, 265]},
					{"origin": [-1.5, 85, 16], "size": [3, 2, 4], "uv": [147, 239]},
					{"origin": [-1.5, 83, 14], "size": [3, 6, 2], "uv": [12, 42]},
					{"origin": [-6, 86, -4.5], "size": [12, 7, 1], "uv": [233, 151]}
				]
			},
			{
				"name": "body2",
				"parent": "body1",
				"pivot": [0, 93, 14],
				"rotation": [25, 0, 0],
				"cubes": [
					{"origin": [-7, 92.5, -1.5], "size": [14, 5, 15], "uv": [189, 85]},
					{"origin": [-6, 97.5, -1.5], "size": [12, 5, 15], "uv": [0, 192]},
					{"origin": [-4, 97.5, -1.75], "size": [8, 5, 1], "uv": [198, 105]}
				]
			},
			{
				"name": "head",
				"parent": "body2",
				"pivot": [0, 103, 14],
				"rotation": [30, 0, 0],
				"cubes": [
					{"origin": [-5.5, 101.85519, 3.37032], "size": [11, 13, 5], "uv": [42, 146]},
					{"origin": [-3, 114.85519, 3.37032], "size": [6, 6, 5], "uv": [239, 203], "inflate": 0.01},
					{"origin": [-4.75, 100.85519, -0.62968], "size": [10, 7, 4], "uv": [208, 182], "inflate": 0.01},
					{"origin": [-5.5, 101.85519, 8.37032], "size": [11, 9, 4], "uv": [135, 125]},
					{"origin": [1.125, 118.95519, 2.66618], "size": [1, 1, 1], "uv": [154, 8], "inflate": -0.1},
					{"origin": [1.125, 119.20519, 1.66618], "size": [1, 1, 2], "uv": [98, 243], "inflate": -0.2},
					{"origin": [1.525, 117.65519, 2.81618], "size": [1, 1, 1], "uv": [154, 6], "inflate": -0.1},
					{"origin": [1.525, 117.90519, 1.81618], "size": [1, 1, 2], "uv": [242, 162], "inflate": -0.2},
					{"origin": [1.525, 116.35519, 2.81618], "size": [1, 1, 1], "uv": [154, 4], "inflate": -0.1},
					{"origin": [1.525, 116.60519, 1.81618], "size": [1, 1, 2], "uv": [242, 159], "inflate": -0.2},
					{"origin": [2.075, 115.08019, 2.96618], "size": [1, 1, 1], "uv": [154, 2], "inflate": -0.1},
					{"origin": [2.075, 115.33019, 1.96618], "size": [1, 1, 2], "uv": [242, 94], "inflate": -0.2},
					{"origin": [2.075, 113.63019, 3.04118], "size": [1, 1, 1], "uv": [152, 0], "inflate": -0.1},
					{"origin": [2.075, 113.88019, 2.31618], "size": [1, 1, 2], "uv": [242, 53], "inflate": -0.2},
					{"origin": [-3.075, 113.88019, 2.31618], "size": [1, 1, 2], "uv": [242, 21], "inflate": -0.2},
					{"origin": [-3.075, 113.63019, 3.04118], "size": [1, 1, 1], "uv": [151, 138], "inflate": -0.1},
					{"origin": [-3.075, 115.33019, 1.96618], "size": [1, 1, 2], "uv": [241, 119], "inflate": -0.2},
					{"origin": [-3.075, 115.08019, 2.96618], "size": [1, 1, 1], "uv": [151, 56], "inflate": -0.1},
					{"origin": [-2.525, 116.60519, 1.81618], "size": [1, 1, 2], "uv": [241, 66], "inflate": -0.2},
					{"origin": [-2.525, 116.35519, 2.81618], "size": [1, 1, 1], "uv": [151, 54], "inflate": -0.1},
					{"origin": [-2.525, 117.90519, 1.81618], "size": [1, 1, 2], "uv": [230, 35], "inflate": -0.2},
					{"origin": [-2.525, 117.65519, 2.81618], "size": [1, 1, 1], "uv": [138, 150], "inflate": -0.1},
					{"origin": [-2.125, 119.20519, 1.66618], "size": [1, 1, 2], "uv": [229, 105], "inflate": -0.2},
					{"origin": [-2.125, 118.95519, 2.66618], "size": [1, 1, 1], "uv": [112, 150], "inflate": -0.1},
					{"origin": [-1.125, 118.95519, 2.66618], "size": [1, 1, 1], "uv": [69, 149], "inflate": -0.1},
					{"origin": [-1.125, 119.20519, 1.66618], "size": [1, 1, 2], "uv": [227, 227], "inflate": -0.2},
					{"origin": [0.125, 118.95519, 2.66618], "size": [1, 1, 1], "uv": [42, 148], "inflate": -0.1},
					{"origin": [0.125, 119.20519, 1.66618], "size": [1, 1, 2], "uv": [91, 222], "inflate": -0.2},
					{"origin": [-3.5, 110.85519, 7.37032], "size": [7, 4, 3], "uv": [250, 21]},
					{"origin": [-0.5, 102.85519, 11.87032], "size": [1, 3, 2], "uv": [35, 212]},
					{"origin": [-0.5, 103.85519, 13.87032], "size": [1, 1, 1], "uv": [146, 16]},
					{"origin": [-0.5, 108.10519, 13.37032], "size": [1, 1, 1], "uv": [42, 146]},
					{"origin": [-0.5, 107.10519, 11.37032], "size": [1, 2, 2], "uv": [152, 14]}
				]
			},
			{
				"name": "head0",
				"parent": "head",
				"pivot": [0, 93, -9],
				"rotation": [10, 0, 0],
				"cubes": [
					{"origin": [-3, 107.07834, 11.93929], "size": [6, 10, 1], "uv": [120, 54]},
					{"origin": [-3, 115.82834, 11.18929], "size": [6, 2, 2], "uv": [72, 19], "inflate": 0.1}
				]
			},
			{
				"name": "hyead1",
				"parent": "head0",
				"pivot": [0, 93, -9],
				"rotation": [-5, 5, 0],
				"cubes": [
					{"origin": [-0.19778, 110.75121, 10.10896], "size": [2, 4, 2], "uv": [265, 153]},
					{"origin": [-4.95342, 109.49739, 5.40212], "size": [2, 10, 5], "uv": [0, 242]}
				]
			},
			{
				"name": "hyead2",
				"parent": "head0",
				"pivot": [0, 93, -9],
				"rotation": [-5, -5, 0],
				"cubes": [
					{"origin": [-1.80222, 111.25121, 10.10896], "size": [2, 4, 2], "uv": [69, 248]},
					{"origin": [2.95342, 109.49739, 5.40212], "size": [2, 10, 5], "uv": [0, 192]}
				]
			},
			{
				"name": "head3",
				"parent": "head0",
				"pivot": [0, 93, -9],
				"rotation": [10, 0, 0],
				"cubes": [
					{"origin": [-3, 103.2895, 14.31176], "size": [6, 5, 2], "uv": [226, 255]},
					{"origin": [3, 102.2895, 15.31176], "size": [3, 6, 2], "uv": [89, 262]},
					{"origin": [-6, 102.2895, 15.31176], "size": [3, 6, 2], "uv": [39, 262]},
					{"origin": [2.5, 104.5395, 13.56176], "size": [3, 3, 3], "uv": [261, 208], "inflate": -0.8},
					{"origin": [-5.5, 104.5395, 13.56176], "size": [3, 3, 3], "uv": [261, 58], "inflate": -0.8}
				]
			},
			{
				"name": "xiae",
				"parent": "head",
				"pivot": [0, 112, 5],
				"rotation": [180, 180, 180],
				"cubes": [
					{"origin": [-2.5, 115.85519, 0.62032], "size": [5, 3, 3], "uv": [216, 105]},
					{"origin": [-3, 110.35519, 0.37032], "size": [6, 6, 3], "uv": [121, 252]},
					{"origin": [-2.5, 118.85519, 0.62032], "size": [5, 1, 3], "uv": [0, 60], "inflate": 0.2},
					{"origin": [-2, 115.60519, 2.87032], "size": [4, 3, 1], "uv": [240, 189]},
					{"origin": [-2.5, 110.60519, 2.62032], "size": [5, 5, 1], "uv": [261, 28]},
					{"origin": [1.125, 118.95519, 3.37032], "size": [1, 1, 1], "uv": [161, 138], "inflate": -0.1},
					{"origin": [1.125, 119.20519, 3.37032], "size": [1, 1, 2], "uv": [246, 96], "inflate": -0.2},
					{"origin": [1.525, 117.65519, 3.22032], "size": [1, 1, 1], "uv": [161, 25], "inflate": -0.1},
					{"origin": [1.525, 117.90519, 3.22032], "size": [1, 1, 2], "uv": [234, 246], "inflate": -0.2},
					{"origin": [1.525, 116.35519, 3.22032], "size": [1, 1, 1], "uv": [159, 36], "inflate": -0.1},
					{"origin": [1.525, 116.60519, 3.22032], "size": [1, 1, 2], "uv": [98, 246], "inflate": -0.2},
					{"origin": [2.075, 115.08019, 3.07032], "size": [1, 1, 1], "uv": [8, 159], "inflate": -0.1},
					{"origin": [2.075, 115.33019, 3.07032], "size": [1, 1, 2], "uv": [245, 127], "inflate": -0.2},
					{"origin": [2.075, 113.63019, 2.99532], "size": [1, 1, 1], "uv": [157, 138], "inflate": -0.1},
					{"origin": [2.075, 113.88019, 2.72032], "size": [1, 1, 2], "uv": [245, 120], "inflate": -0.2},
					{"origin": [-3.075, 113.88019, 2.72032], "size": [1, 1, 2], "uv": [245, 67], "inflate": -0.2},
					{"origin": [-3.075, 113.63019, 2.99532], "size": [1, 1, 1], "uv": [157, 56], "inflate": -0.1},
					{"origin": [-3.075, 115.33019, 3.07032], "size": [1, 1, 2], "uv": [128, 244], "inflate": -0.2},
					{"origin": [-3.075, 115.08019, 3.07032], "size": [1, 1, 1], "uv": [157, 54], "inflate": -0.1},
					{"origin": [-2.525, 116.60519, 3.22032], "size": [1, 1, 2], "uv": [243, 232], "inflate": -0.2},
					{"origin": [-2.525, 116.35519, 3.22032], "size": [1, 1, 1], "uv": [156, 69], "inflate": -0.1},
					{"origin": [-2.525, 117.90519, 3.22032], "size": [1, 1, 2], "uv": [243, 229], "inflate": -0.2},
					{"origin": [-2.525, 117.65519, 3.22032], "size": [1, 1, 1], "uv": [156, 67], "inflate": -0.1},
					{"origin": [-2.125, 119.20519, 3.37032], "size": [1, 1, 2], "uv": [234, 243], "inflate": -0.2},
					{"origin": [-2.125, 118.95519, 3.37032], "size": [1, 1, 1], "uv": [154, 139], "inflate": -0.1},
					{"origin": [-1.125, 118.95519, 3.37032], "size": [1, 1, 1], "uv": [154, 12], "inflate": -0.1},
					{"origin": [-4.75, 104.85519, -0.12968], "size": [10, 8, 5], "uv": [165, 126]},
					{"origin": [-1.125, 119.20519, 3.37032], "size": [1, 1, 2], "uv": [169, 243], "inflate": -0.2},
					{"origin": [0.125, 118.95519, 3.37032], "size": [1, 1, 1], "uv": [154, 10], "inflate": -0.1},
					{"origin": [0.125, 119.20519, 3.37032], "size": [1, 1, 2], "uv": [163, 243], "inflate": -0.2},
					{"origin": [-2, 105.85519, -0.62968], "size": [4, 8, 1], "uv": [154, 261]}
				]
			},
			{
				"name": "atomic",
				"parent": "head",
				"pivot": [0, 114, 4],
				"rotation": [90, 77, 90]
			},
			{
				"name": "bq15",
				"parent": "body2",
				"pivot": [0, 96, 13],
				"rotation": [5, 5, -5],
				"cubes": [
					{"origin": [3, 93.5, 13.5], "size": [1, 3, 2], "uv": [96, 194]},
					{"origin": [3, 94.5, 15.5], "size": [1, 1, 2], "uv": [219, 178]},
					{"origin": [3, 99.5, 15.5], "size": [1, 1, 2], "uv": [32, 219]},
					{"origin": [3, 98.5, 13.5], "size": [1, 3, 2], "uv": [86, 194]},
					{"origin": [2, 94.5, 12.5], "size": [3, 1, 2], "uv": [124, 16]},
					{"origin": [2, 92.5, 10.5], "size": [3, 3, 2], "uv": [247, 37]},
					{"origin": [2, 99.5, 12.5], "size": [3, 1, 2], "uv": [120, 65]},
					{"origin": [2, 98.5, 10.5], "size": [3, 3, 2], "uv": [20, 242]}
				]
			},
			{
				"name": "bq16",
				"parent": "body2",
				"pivot": [0, 96, 13],
				"rotation": [5, -5, 5],
				"cubes": [
					{"origin": [-4, 93.5, 13.5], "size": [1, 3, 2], "uv": [9, 192]},
					{"origin": [-4, 94.5, 15.5], "size": [1, 1, 2], "uv": [146, 218]},
					{"origin": [-4, 99.5, 15.5], "size": [1, 1, 2], "uv": [213, 151]},
					{"origin": [-4, 98.5, 13.5], "size": [1, 3, 2], "uv": [134, 150]},
					{"origin": [-5, 94.5, 12.5], "size": [3, 1, 2], "uv": [114, 16]},
					{"origin": [-5, 92.5, 10.5], "size": [3, 3, 2], "uv": [52, 240]},
					{"origin": [-5, 99.5, 12.5], "size": [3, 1, 2], "uv": [63, 42]},
					{"origin": [-5, 98.5, 10.5], "size": [3, 3, 2], "uv": [213, 80]}
				]
			},
			{
				"name": "bq13",
				"parent": "body1",
				"pivot": [0, 79, 15],
				"rotation": [0, -15, 5],
				"cubes": [
					{"origin": [-7, 83, 13], "size": [3, 6, 2], "uv": [132, 72]},
					{"origin": [-6, 82, 13], "size": [1, 8, 2], "uv": [32, 264]},
					{"origin": [-6, 83, 15], "size": [1, 6, 4], "uv": [194, 258]},
					{"origin": [-6, 85, 19], "size": [1, 2, 4], "uv": [265, 64]},
					{"origin": [-7, 85, 15], "size": [3, 2, 4], "uv": [255, 237]}
				]
			},
			{
				"name": "bq14",
				"parent": "body1",
				"pivot": [0, 79, 15],
				"rotation": [0, 15, -5],
				"cubes": [
					{"origin": [4, 83, 13], "size": [3, 6, 2], "uv": [84, 118]},
					{"origin": [5, 82, 13], "size": [1, 8, 2], "uv": [83, 263]},
					{"origin": [5, 83, 15], "size": [1, 6, 4], "uv": [53, 258]},
					{"origin": [5, 85, 19], "size": [1, 2, 4], "uv": [210, 265]},
					{"origin": [4, 85, 15], "size": [3, 2, 4], "uv": [38, 240]}
				]
			},
			{
				"name": "tail7",
				"parent": "body",
				"pivot": [0, 33, 0],
				"rotation": [35, 0, 0],
				"cubes": [
					{"origin": [-9, 0, -7], "size": [18, 32, 22], "uv": [0, 42]}
				]
			},
			{
				"name": "tail1",
				"parent": "tail7",
				"pivot": [0, 0, 15],
				"rotation": [35, 0, 0],
				"cubes": [
					{"origin": [-7, -18, -1], "size": [14, 30, 14], "uv": [60, 150], "inflate": 1}
				]
			},
			{
				"name": "tail2",
				"parent": "tail1",
				"pivot": [0, -18, 12],
				"rotation": [10, 0, 0],
				"cubes": [
					{"origin": [-5, -42.08716, 0.00381], "size": [10, 28, 11], "uv": [153, 186], "inflate": 1}
				]
			},
			{
				"name": "tail3",
				"parent": "tail2",
				"pivot": [0, -42, 10],
				"rotation": [5, 0, 0],
				"cubes": [
					{"origin": [-4, -61, 1], "size": [8, 22, 8], "uv": [0, 212], "inflate": 1}
				]
			},
			{
				"name": "tail4",
				"parent": "tail3",
				"pivot": [0, -61, 10],
				"rotation": [5, 0, 0],
				"cubes": [
					{"origin": [-3, -81.91284, 2.00381], "size": [6, 24, 6], "uv": [116, 150], "inflate": 1},
					{"origin": [-0.5, -66, 9], "size": [1, 3, 3], "uv": [235, 35]},
					{"origin": [-0.5, -65, 11], "size": [1, 1, 2], "uv": [209, 0]},
					{"origin": [-0.5, -72, 9], "size": [1, 3, 3], "uv": [232, 131]},
					{"origin": [-0.5, -71, 11], "size": [1, 1, 2], "uv": [202, 68]},
					{"origin": [-0.5, -78, 9], "size": [1, 3, 3], "uv": [225, 62]},
					{"origin": [-0.5, -77, 11], "size": [1, 1, 2], "uv": [153, 194]}
				]
			},
			{
				"name": "tail5",
				"parent": "tail4",
				"pivot": [0, -82, 8],
				"rotation": [15, 0, 0],
				"cubes": [
					{"origin": [-2, -100.65798, 3.06031], "size": [4, 20, 4], "uv": [0, 0], "inflate": 1},
					{"origin": [-0.5, -86, 8], "size": [1, 3, 1], "uv": [12, 0]},
					{"origin": [-0.5, -85, 9], "size": [1, 1, 1], "uv": [139, 89]},
					{"origin": [-0.5, -91, 8], "size": [1, 3, 1], "uv": [0, 0]},
					{"origin": [-0.5, -90, 9], "size": [1, 1, 1], "uv": [138, 16]},
					{"origin": [-0.5, -95, 8], "size": [1, 2, 1], "uv": [130, 65]},
					{"origin": [-0.5, -94, 9], "size": [1, 1, 1], "uv": [80, 136]},
					{"origin": [-0.5, -100, 8], "size": [1, 2, 1], "uv": [14, 109]},
					{"origin": [-0.5, -99, 9], "size": [1, 1, 1], "uv": [135, 127]}
				]
			},
			{
				"name": "tail6",
				"parent": "tail5",
				"pivot": [0, -101, 8],
				"rotation": [15, 0, 0],
				"cubes": [
					{"origin": [-1, -115.42642, 4.18085], "size": [2, 16, 2], "uv": [16, 0], "inflate": 1},
					{"origin": [-0.5, -105, 6.75], "size": [1, 2, 1], "uv": [91, 135]},
					{"origin": [-0.5, -111, 7], "size": [1, 1, 1], "uv": [145, 138]},
					{"origin": [-0.5, -108, 7], "size": [1, 1, 1], "uv": [142, 16]},
					{"origin": [-0.5, -114, 6.75], "size": [1, 1, 1], "uv": [139, 138]},
					{"origin": [-0.5, -104, 7.75], "size": [1, 1, 1], "uv": [139, 91]}
				]
			},
			{
				"name": "bq11",
				"parent": "tail3",
				"pivot": [0, -42, 12],
				"rotation": [-5, 5, 2],
				"cubes": [
					{"origin": [2, -46, 11], "size": [1, 5, 2], "uv": [49, 266]},
					{"origin": [2, -45, 12], "size": [1, 3, 4], "uv": [263, 230]},
					{"origin": [2, -44, 15], "size": [1, 1, 2], "uv": [192, 68]},
					{"origin": [1.5, -45, 10], "size": [2, 3, 3], "uv": [265, 45]},
					{"origin": [1.5, -44, 12], "size": [2, 1, 3], "uv": [238, 13]},
					{"origin": [2, -52.5, 11.25], "size": [1, 3, 4], "uv": [263, 197]},
					{"origin": [2, -51.5, 14.25], "size": [1, 1, 2], "uv": [175, 51]},
					{"origin": [1.5, -51.5, 11.25], "size": [2, 1, 3], "uv": [227, 203]},
					{"origin": [1.5, -52.5, 9.25], "size": [2, 3, 3], "uv": [265, 4]},
					{"origin": [2, -60, 10.5], "size": [1, 3, 4], "uv": [263, 146]},
					{"origin": [2, -59, 13.5], "size": [1, 1, 2], "uv": [169, 51]},
					{"origin": [1.5, -59, 10.5], "size": [2, 1, 3], "uv": [223, 80]},
					{"origin": [1.5, -60, 8], "size": [2, 3, 3], "uv": [246, 265]},
					{"origin": [2, -61, 9], "size": [1, 5, 2], "uv": [114, 218]}
				]
			},
			{
				"name": "bq12",
				"parent": "tail3",
				"pivot": [0, -42, 12],
				"rotation": [-5, -5, -2],
				"cubes": [
					{"origin": [-3, -46, 11], "size": [1, 5, 2], "uv": [189, 105]},
					{"origin": [-3, -45, 12], "size": [1, 3, 4], "uv": [73, 263]},
					{"origin": [-3, -44, 15], "size": [1, 1, 2], "uv": [163, 51]},
					{"origin": [-3.5, -45, 10], "size": [2, 3, 3], "uv": [236, 265]},
					{"origin": [-3.5, -44, 12], "size": [2, 1, 3], "uv": [222, 178]},
					{"origin": [-3, -52.5, 11.25], "size": [1, 3, 4], "uv": [262, 162]},
					{"origin": [-3, -51.5, 14.25], "size": [1, 1, 2], "uv": [147, 138]},
					{"origin": [-3.5, -51.5, 11.25], "size": [2, 1, 3], "uv": [212, 178]},
					{"origin": [-3.5, -52.5, 9.25], "size": [2, 3, 3], "uv": [0, 265]},
					{"origin": [-3, -60, 10.5], "size": [1, 3, 4], "uv": [262, 135]},
					{"origin": [-3, -59, 13.5], "size": [1, 1, 2], "uv": [141, 138]},
					{"origin": [-3.5, -59, 10.5], "size": [2, 1, 3], "uv": [195, 68]},
					{"origin": [-3.5, -60, 8], "size": [2, 3, 3], "uv": [264, 191]},
					{"origin": [-3, -61, 9], "size": [1, 5, 2], "uv": [184, 186]}
				]
			},
			{
				"name": "bq9",
				"parent": "tail2",
				"pivot": [0, -18, 12],
				"rotation": [0, 5, 2.5],
				"cubes": [
					{"origin": [3, -25, 12], "size": [1, 5, 2], "uv": [0, 146]},
					{"origin": [3, -24, 13], "size": [1, 3, 4], "uv": [261, 262]},
					{"origin": [3, -23, 16], "size": [1, 1, 2], "uv": [135, 138]},
					{"origin": [2.5, -24, 11], "size": [2, 3, 3], "uv": [264, 76]},
					{"origin": [2.5, -23, 13], "size": [2, 1, 3], "uv": [185, 68]},
					{"origin": [3, -31.5, 12.25], "size": [1, 3, 4], "uv": [226, 262]},
					{"origin": [3, -30.5, 15.25], "size": [1, 1, 2], "uv": [134, 16]},
					{"origin": [2.5, -30.5, 12.25], "size": [2, 1, 3], "uv": [47, 96]},
					{"origin": [2.5, -31.5, 10.25], "size": [2, 3, 3], "uv": [264, 34]},
					{"origin": [3, -39, 11.5], "size": [1, 3, 4], "uv": [204, 262]},
					{"origin": [3, -38, 14.5], "size": [1, 1, 2], "uv": [44, 96]},
					{"origin": [2.5, -38, 11.5], "size": [2, 1, 3], "uv": [37, 96]},
					{"origin": [2.5, -39, 9], "size": [2, 3, 3], "uv": [22, 264]},
					{"origin": [3, -40, 10], "size": [1, 5, 2], "uv": [142, 54]}
				]
			},
			{
				"name": "bq10",
				"parent": "tail2",
				"pivot": [0, -18, 12],
				"rotation": [0, -5, -2.5],
				"cubes": [
					{"origin": [-4, -25, 12], "size": [1, 5, 2], "uv": [140, 25]},
					{"origin": [-4, -24, 13], "size": [1, 3, 4], "uv": [141, 262]},
					{"origin": [-4, -23, 16], "size": [1, 1, 2], "uv": [34, 96]},
					{"origin": [-4.5, -24, 11], "size": [2, 3, 3], "uv": [263, 102]},
					{"origin": [-4.5, -23, 13], "size": [2, 1, 3], "uv": [27, 96]},
					{"origin": [-4, -31.5, 12.25], "size": [1, 3, 4], "uv": [99, 262]},
					{"origin": [-4, -30.5, 15.25], "size": [1, 1, 2], "uv": [24, 96]},
					{"origin": [-4.5, -30.5, 12.25], "size": [2, 1, 3], "uv": [17, 96]},
					{"origin": [-4.5, -31.5, 10.25], "size": [2, 3, 3], "uv": [261, 214]},
					{"origin": [-4, -39, 11.5], "size": [1, 3, 4], "uv": [151, 54]},
					{"origin": [-4, -38, 14.5], "size": [1, 1, 2], "uv": [14, 96]},
					{"origin": [-4.5, -38, 11.5], "size": [2, 1, 3], "uv": [85, 20]},
					{"origin": [-4.5, -39, 9], "size": [2, 3, 3], "uv": [55, 194]},
					{"origin": [-4, -40, 10], "size": [1, 5, 2], "uv": [0, 96]}
				]
			},
			{
				"name": "bq6",
				"parent": "tail1",
				"pivot": [0, 0, 15],
				"cubes": [
					{"origin": [-0.5, -7, 13], "size": [1, 9, 3], "uv": [14, 259]},
					{"origin": [-0.5, -5, 16], "size": [1, 5, 4], "uv": [131, 261]},
					{"origin": [-0.5, -3.5, 19], "size": [1, 2, 3], "uv": [256, 266]},
					{"origin": [-1.5, -5, 12], "size": [3, 5, 5], "uv": [254, 66]},
					{"origin": [-1.5, -3.5, 16], "size": [3, 2, 4], "uv": [211, 237]},
					{"origin": [-1.5, -14.5, 15], "size": [3, 2, 4], "uv": [191, 237]},
					{"origin": [-1.5, -16, 11], "size": [3, 5, 5], "uv": [254, 48]},
					{"origin": [-0.5, -14.5, 18], "size": [1, 2, 3], "uv": [164, 266]},
					{"origin": [-0.5, -16, 15], "size": [1, 5, 4], "uv": [121, 261]}
				]
			},
			{
				"name": "bq7",
				"parent": "tail1",
				"pivot": [0, 0, -1],
				"rotation": [-5, 15, 2.5],
				"cubes": [
					{"origin": [-0.5, -7, 12], "size": [1, 9, 3], "uv": [186, 258]},
					{"origin": [-0.5, -5, 15], "size": [1, 5, 4], "uv": [260, 253]},
					{"origin": [-0.5, -3.5, 18], "size": [1, 2, 3], "uv": [265, 243]},
					{"origin": [-1.5, -5, 11], "size": [3, 5, 5], "uv": [25, 254]},
					{"origin": [-1.5, -3.5, 15], "size": [3, 2, 4], "uv": [232, 94]},
					{"origin": [-1.5, -14.5, 14], "size": [3, 2, 4], "uv": [231, 119]},
					{"origin": [-1.5, -16, 9], "size": [3, 5, 5], "uv": [75, 253]},
					{"origin": [-0.5, -14.5, 17], "size": [1, 2, 3], "uv": [265, 184]},
					{"origin": [-0.5, -16, 14], "size": [1, 5, 4], "uv": [260, 85]}
				]
			},
			{
				"name": "bq8",
				"parent": "tail1",
				"pivot": [0, 0, -1],
				"rotation": [-5, -15, -2.5],
				"cubes": [
					{"origin": [-0.5, -7, 12], "size": [1, 9, 3], "uv": [58, 42]},
					{"origin": [-0.5, -5, 15], "size": [1, 5, 4], "uv": [63, 260]},
					{"origin": [-0.5, -3.5, 18], "size": [1, 2, 3], "uv": [265, 172]},
					{"origin": [-1.5, -5, 11], "size": [3, 5, 5], "uv": [139, 252]},
					{"origin": [-1.5, -3.5, 15], "size": [3, 2, 4], "uv": [231, 0]},
					{"origin": [-1.5, -14.5, 14], "size": [3, 2, 4], "uv": [177, 225]},
					{"origin": [-1.5, -16, 9], "size": [3, 5, 5], "uv": [251, 140]},
					{"origin": [-0.5, -14.5, 17], "size": [1, 2, 3], "uv": [264, 108]},
					{"origin": [-0.5, -16, 14], "size": [1, 5, 4], "uv": [259, 175]}
				]
			},
			{
				"name": "bq3",
				"parent": "tail7",
				"pivot": [0, 33, 0],
				"cubes": [
					{"origin": [-0.5, 16, 15], "size": [1, 10, 3], "uv": [178, 258]},
					{"origin": [-0.5, 18, 17], "size": [1, 6, 7], "uv": [154, 239]},
					{"origin": [-0.5, 20, 23], "size": [1, 2, 5], "uv": [259, 116]},
					{"origin": [-1.5, 18, 13], "size": [3, 6, 7], "uv": [241, 53]},
					{"origin": [-1.5, 20, 19], "size": [3, 2, 5], "uv": [91, 255]},
					{"origin": [-1.5, 6, 11], "size": [3, 6, 7], "uv": [25, 240]},
					{"origin": [-1.5, 8, 17], "size": [3, 2, 5], "uv": [41, 255]},
					{"origin": [-0.5, 6, 15], "size": [1, 6, 7], "uv": [218, 237]},
					{"origin": [-0.5, 8, 21], "size": [1, 2, 5], "uv": [258, 244]}
				]
			},
			{
				"name": "bq4",
				"parent": "tail7",
				"pivot": [0, 33, 0],
				"rotation": [-5, -20, 0],
				"cubes": [
					{"origin": [-0.5, 16, 15], "size": [1, 10, 3], "uv": [222, 25]},
					{"origin": [-0.5, 18, 17], "size": [1, 6, 7], "uv": [189, 105]},
					{"origin": [-0.5, 20, 23], "size": [1, 2, 5], "uv": [258, 184]},
					{"origin": [-1.5, 18, 13], "size": [3, 6, 7], "uv": [134, 239]},
					{"origin": [-1.5, 20, 19], "size": [3, 2, 5], "uv": [251, 0]},
					{"origin": [-1.5, 6, 11], "size": [3, 6, 7], "uv": [238, 0]},
					{"origin": [-1.5, 8, 17], "size": [3, 2, 5], "uv": [157, 225]},
					{"origin": [-0.5, 6, 15], "size": [1, 6, 7], "uv": [0, 146]},
					{"origin": [-0.5, 8, 21], "size": [1, 2, 5], "uv": [256, 201]}
				]
			},
			{
				"name": "bq5",
				"parent": "tail7",
				"pivot": [0, 33, 0],
				"rotation": [-5, 20, 0],
				"cubes": [
					{"origin": [-0.5, 16, 14], "size": [1, 10, 3], "uv": [141, 218]},
					{"origin": [-0.5, 18, 16], "size": [1, 6, 7], "uv": [142, 54]},
					{"origin": [-0.5, 20, 22], "size": [1, 2, 5], "uv": [235, 53]},
					{"origin": [-1.5, 18, 12], "size": [3, 6, 7], "uv": [198, 237]},
					{"origin": [-1.5, 20, 18], "size": [3, 2, 5], "uv": [203, 223]},
					{"origin": [-1.5, 6, 10], "size": [3, 6, 7], "uv": [178, 237]},
					{"origin": [-1.5, 8, 16], "size": [3, 2, 5], "uv": [24, 212]},
					{"origin": [-0.5, 6, 14], "size": [1, 6, 7], "uv": [0, 96]},
					{"origin": [-0.5, 8, 20], "size": [1, 2, 5], "uv": [78, 222]}
				]
			},
			{
				"name": "bq0",
				"parent": "body",
				"pivot": [0, 33, 0],
				"cubes": [
					{"origin": [-1, 53, 17], "size": [2, 14, 3], "uv": [111, 252]},
					{"origin": [-1, 55, 20], "size": [2, 10, 8], "uv": [235, 35]},
					{"origin": [-1, 57, 28], "size": [2, 6, 6], "uv": [200, 250]},
					{"origin": [-1, 59, 34], "size": [2, 3, 5], "uv": [164, 258]},
					{"origin": [-2, 55, 18], "size": [4, 10, 2], "uv": [195, 131]},
					{"origin": [-2, 57, 20], "size": [4, 6, 8], "uv": [232, 131]},
					{"origin": [-2, 61, 28], "size": [4, 2, 6], "uv": [180, 250]},
					{"origin": [-2, 72, 20], "size": [4, 2, 6], "uv": [244, 249]},
					{"origin": [-1, 72, 26], "size": [2, 3, 5], "uv": [257, 222]},
					{"origin": [-1, 70, 20], "size": [2, 6, 6], "uv": [248, 189]},
					{"origin": [-1, 68, 12], "size": [2, 10, 8], "uv": [78, 235]},
					{"origin": [-2, 70, 12], "size": [4, 6, 8], "uv": [231, 215]},
					{"origin": [-2, 45, 19], "size": [4, 2, 6], "uv": [248, 167]},
					{"origin": [-1, 45, 25], "size": [2, 3, 5], "uv": [251, 257]},
					{"origin": [-1, 43, 19], "size": [2, 6, 6], "uv": [248, 127]},
					{"origin": [-1, 41, 11], "size": [2, 10, 8], "uv": [232, 76]},
					{"origin": [-2, 43, 11], "size": [4, 6, 8], "uv": [231, 105]},
					{"origin": [-2, 33, 17], "size": [4, 2, 6], "uv": [247, 214]},
					{"origin": [-1, 31, 17], "size": [2, 6, 6], "uv": [59, 248]},
					{"origin": [-1, 33, 23], "size": [2, 3, 5], "uv": [237, 257]},
					{"origin": [-1, 29, 9], "size": [2, 10, 8], "uv": [230, 17]},
					{"origin": [-2, 31, 9], "size": [4, 6, 8], "uv": [227, 229]}
				]
			},
			{
				"name": "bq1",
				"parent": "body",
				"pivot": [0, 33, 0],
				"rotation": [0, 20, 0],
				"cubes": [
					{"origin": [-1, 53, 10], "size": [2, 14, 3], "uv": [216, 250]},
					{"origin": [-1, 55, 13], "size": [2, 10, 8], "uv": [228, 185]},
					{"origin": [-1, 57, 21], "size": [2, 6, 6], "uv": [247, 96]},
					{"origin": [-1, 59, 27], "size": [2, 3, 5], "uv": [0, 257]},
					{"origin": [-2, 55, 11], "size": [4, 10, 2], "uv": [183, 25]},
					{"origin": [-2, 57, 13], "size": [4, 6, 8], "uv": [225, 62]},
					{"origin": [-2, 61, 21], "size": [4, 2, 6], "uv": [247, 29]},
					{"origin": [-2, 72, 13], "size": [4, 2, 6], "uv": [39, 247]},
					{"origin": [-1, 72, 19], "size": [2, 3, 5], "uv": [256, 154]},
					{"origin": [-1, 70, 13], "size": [2, 6, 6], "uv": [14, 247]},
					{"origin": [-1, 68, 7], "size": [2, 10, 8], "uv": [165, 225]},
					{"origin": [-2, 70, 7], "size": [4, 6, 8], "uv": [141, 225]},
					{"origin": [-2, 45, 12], "size": [4, 2, 6], "uv": [246, 88]},
					{"origin": [-1, 45, 18], "size": [2, 3, 5], "uv": [256, 8]},
					{"origin": [-1, 43, 12], "size": [2, 6, 6], "uv": [164, 246]},
					{"origin": [-1, 41, 4], "size": [2, 10, 8], "uv": [120, 72]},
					{"origin": [-2, 43, 4], "size": [4, 6, 8], "uv": [211, 223]},
					{"origin": [-1, 34, 17.25], "size": [2, 3, 5], "uv": [255, 108]},
					{"origin": [-1, 32, 11.25], "size": [2, 6, 6], "uv": [245, 237]},
					{"origin": [-2, 34, 11.25], "size": [4, 2, 6], "uv": [245, 119]}
				]
			},
			{
				"name": "bq2",
				"parent": "body",
				"pivot": [0, 33, 0],
				"rotation": [0, -20, 0],
				"cubes": [
					{"origin": [-1, 53, 13], "size": [2, 14, 3], "uv": [143, 100]},
					{"origin": [-1, 55, 16], "size": [2, 10, 8], "uv": [72, 118]},
					{"origin": [-1, 57, 24], "size": [2, 6, 6], "uv": [244, 70]},
					{"origin": [-1, 59, 30], "size": [2, 3, 5], "uv": [255, 77]},
					{"origin": [-2, 55, 14], "size": [4, 10, 2], "uv": [102, 150]},
					{"origin": [-2, 57, 16], "size": [4, 6, 8], "uv": [187, 223]},
					{"origin": [-2, 61, 24], "size": [4, 2, 6], "uv": [114, 244]},
					{"origin": [-2, 72, 16], "size": [4, 2, 6], "uv": [243, 229]},
					{"origin": [-1, 72, 22], "size": [2, 3, 5], "uv": [255, 37]},
					{"origin": [-1, 70, 16], "size": [2, 6, 6], "uv": [234, 243]},
					{"origin": [-1, 68, 8], "size": [2, 10, 8], "uv": [58, 46]},
					{"origin": [-2, 70, 8], "size": [4, 6, 8], "uv": [62, 222]},
					{"origin": [-2, 45, 15], "size": [4, 2, 6], "uv": [242, 159]},
					{"origin": [-1, 45, 21], "size": [2, 3, 5], "uv": [155, 253]},
					{"origin": [-1, 43, 15], "size": [2, 6, 6], "uv": [98, 243]},
					{"origin": [-1, 41, 7], "size": [2, 10, 8], "uv": [0, 42]},
					{"origin": [-2, 43, 7], "size": [4, 6, 8], "uv": [39, 192]},
					{"origin": [-2, 34, 11], "size": [4, 2, 6], "uv": [242, 13]},
					{"origin": [-1, 32, 11], "size": [2, 6, 6], "uv": [86, 194]},
					{"origin": [-1, 34, 17], "size": [2, 3, 5], "uv": [203, 68]}
				]
			},
			{
				"name": "fj0",
				"parent": "body",
				"pivot": [0, 34, 1],
				"rotation": [0, 15, 0],
				"cubes": [
					{"origin": [-7.04923, 73.13073, -11.06216], "size": [8, 5, 3], "uv": [240, 181]},
					{"origin": [-7.04923, 68.13073, -11.06216], "size": [8, 4, 3], "uv": [194, 151]},
					{"origin": [0.95077, 74.13073, -11.06216], "size": [1, 4, 3], "uv": [9, 96]},
					{"origin": [0.95077, 69.13073, -11.06216], "size": [1, 3, 3], "uv": [62, 222]},
					{"origin": [0.95077, 65.13073, -11.06216], "size": [1, 2, 3], "uv": [9, 257]},
					{"origin": [-7.04923, 64.13073, -11.06216], "size": [8, 3, 3], "uv": [140, 36]}
				]
			},
			{
				"name": "fj00",
				"parent": "fj0",
				"pivot": [0, 34, 1],
				"rotation": [0, 0, -5],
				"cubes": [
					{"origin": [-4.04336, 59.00379, -11.06216], "size": [6, 4, 3], "uv": [68, 236]},
					{"origin": [1.95664, 61.00379, -11.06216], "size": [1, 2, 3], "uv": [262, 16]}
				]
			},
			{
				"name": "fj1",
				"parent": "body",
				"pivot": [0, 34, 1],
				"rotation": [0, -15, 0],
				"cubes": [
					{"origin": [-0.95077, 73.13073, -11.06216], "size": [8, 5, 3], "uv": [140, 186]},
					{"origin": [-0.95077, 68.13073, -11.06216], "size": [8, 4, 3], "uv": [190, 0]},
					{"origin": [-1.95077, 74.13073, -11.06216], "size": [1, 4, 3], "uv": [0, 42]},
					{"origin": [-1.95077, 69.13073, -11.06216], "size": [1, 3, 3], "uv": [0, 212]},
					{"origin": [-1.95077, 65.13073, -11.06216], "size": [1, 2, 3], "uv": [213, 155]},
					{"origin": [-0.95077, 64.13073, -11.06216], "size": [8, 3, 3], "uv": [120, 90]}
				]
			},
			{
				"name": "fj01",
				"parent": "fj1",
				"pivot": [0, 34, 1],
				"rotation": [0, 0, 5],
				"cubes": [
					{"origin": [-1.95664, 59.00379, -11.06216], "size": [6, 4, 3], "uv": [140, 150]},
					{"origin": [-2.95664, 61.00379, -11.06216], "size": [1, 2, 3], "uv": [231, 108]}
				]
			},
			{
				"name": "right_arm",
				"parent": "body",
				"pivot": [-14, 72, -3],
				"rotation": [-10, 0, 15],
				"cubes": [
					{"origin": [-19, 63, -9], "size": [10, 16, 12], "uv": [195, 195], "inflate": -1}
				]
			},
			{
				"name": "right_arm2",
				"parent": "right_arm",
				"pivot": [-14, 64, 1],
				"rotation": [-25, 0, 0],
				"cubes": [
					{"origin": [-18, 48.69221, -5.90467], "size": [8, 18, 7], "uv": [91, 218], "inflate": -1},
					{"origin": [-17, 49.69221, -6.90467], "size": [6, 18, 9], "uv": [32, 213], "inflate": -1}
				]
			},
			{
				"name": "right_arm3",
				"parent": "right_arm2",
				"pivot": [-15, 55, -4],
				"rotation": [-15, 15, -25],
				"cubes": [
					{"origin": [-14.66147, 46.30101, -4.76374], "size": [2, 4, 2], "uv": [199, 186]}
				]
			},
			{
				"name": "right_arm4",
				"parent": "right_arm3",
				"pivot": [-13, 50, -6],
				"rotation": [0, 0, 60],
				"cubes": [
					{"origin": [-11.41081, 45.56868, -4.76374], "size": [2, 3, 2], "uv": [246, 257]},
					{"origin": [-10.91081, 44.56868, -4.26374], "size": [1, 1, 1], "uv": [135, 125]}
				]
			},
			{
				"name": "right_arm5",
				"parent": "right_arm2",
				"pivot": [-14, 64, 1],
				"rotation": [-10, 0, 15],
				"cubes": [
					{"origin": [-13.89732, 46.34856, -3.89545], "size": [2, 4, 2], "uv": [155, 25]},
					{"origin": [-13.89732, 47.34856, 1.10455], "size": [2, 3, 2], "uv": [150, 252]},
					{"origin": [-13.89732, 46.34856, -1.39545], "size": [2, 4, 2], "uv": [114, 150]}
				]
			},
			{
				"name": "right_arm6",
				"parent": "right_arm5",
				"pivot": [-17, 49, -3],
				"rotation": [0, 0, -40],
				"cubes": [
					{"origin": [-16.17973, 41.1937, -3.89545], "size": [2, 4, 2], "uv": [39, 192]},
					{"origin": [-16.17973, 42.1937, -1.39545], "size": [2, 3, 2], "uv": [102, 255]},
					{"origin": [-15.67973, 42.6937, 1.10455], "size": [2, 3, 2], "uv": [86, 253]},
					{"origin": [-15.17973, 41.6937, 1.60455], "size": [1, 1, 1], "uv": [132, 16]},
					{"origin": [-15.67973, 41.1937, -0.89545], "size": [1, 1, 1], "uv": [124, 78]},
					{"origin": [-15.67973, 40.1937, -3.39545], "size": [1, 1, 1], "uv": [76, 124]}
				]
			},
			{
				"name": "right_arm7",
				"parent": "right_arm2",
				"pivot": [-14, 56, 1],
				"rotation": [-10, 0, 15]
			},
			{
				"name": "left_arm8",
				"parent": "right_arm7",
				"pivot": [-17, 49, -3],
				"rotation": [0, 0, -40]
			},
			{
				"name": "left_arm",
				"parent": "body",
				"pivot": [14, 72, -3],
				"rotation": [-10, 0, -15],
				"cubes": [
					{"origin": [9, 63, -9], "size": [10, 16, 12], "uv": [54, 194], "inflate": -1}
				]
			},
			{
				"name": "left_arm2",
				"parent": "left_arm",
				"pivot": [14, 64, 1],
				"rotation": [-25, 0, 0],
				"cubes": [
					{"origin": [10, 48.69221, -5.90467], "size": [8, 18, 7], "uv": [208, 0], "inflate": -1},
					{"origin": [11, 49.69221, -6.90467], "size": [6, 18, 9], "uv": [212, 151], "inflate": -1}
				]
			},
			{
				"name": "left_arm3",
				"parent": "left_arm2",
				"pivot": [15, 55, -4],
				"rotation": [-15, -15, 25],
				"cubes": [
					{"origin": [12.66147, 46.30101, -4.76374], "size": [2, 4, 2], "uv": [9, 146]}
				]
			},
			{
				"name": "left_arm4",
				"parent": "left_arm3",
				"pivot": [13, 50, -6],
				"rotation": [0, 0, -60],
				"cubes": [
					{"origin": [9.41081, 45.56868, -4.76374], "size": [2, 3, 2], "uv": [226, 250]},
					{"origin": [9.91081, 44.56868, -4.26374], "size": [1, 1, 1], "uv": [72, 124]}
				]
			},
			{
				"name": "left_arm5",
				"parent": "left_arm2",
				"pivot": [14, 64, 1],
				"rotation": [-10, 0, -15],
				"cubes": [
					{"origin": [11.89732, 46.34856, -3.89545], "size": [2, 4, 2], "uv": [72, 118]},
					{"origin": [11.89732, 47.34856, 1.10455], "size": [2, 3, 2], "uv": [10, 159]},
					{"origin": [11.89732, 46.34856, -1.39545], "size": [2, 4, 2], "uv": [16, 18]}
				]
			},
			{
				"name": "left_arm6",
				"parent": "left_arm5",
				"pivot": [17, 49, -3],
				"rotation": [0, 0, 40],
				"cubes": [
					{"origin": [14.17973, 41.1937, -3.89545], "size": [2, 4, 2], "uv": [120, 72]},
					{"origin": [14.17973, 42.1937, -1.39545], "size": [2, 3, 2], "uv": [53, 248]},
					{"origin": [13.67973, 42.6937, 1.10455], "size": [2, 3, 2], "uv": [247, 108]},
					{"origin": [14.17973, 41.6937, 1.60455], "size": [1, 1, 1], "uv": [122, 16]},
					{"origin": [14.67973, 41.1937, -0.89545], "size": [1, 1, 1], "uv": [120, 78]},
					{"origin": [14.67973, 40.1937, -3.39545], "size": [1, 1, 1], "uv": [78, 54]}
				]
			},
			{
				"name": "left_arm7",
				"parent": "left_arm2",
				"pivot": [14, 56, 1],
				"rotation": [-10, 0, -15]
			},
			{
				"name": "left_arm8",
				"parent": "left_arm7",
				"pivot": [17, 49, -3],
				"rotation": [0, 0, 40]
			},
			{
				"name": "left_leg",
				"parent": "body",
				"pivot": [14, 39, 0],
				"rotation": [-35, -5, -5]
			},
			{
				"name": "thigh0",
				"parent": "left_leg",
				"pivot": [14, 39, 0],
				"cubes": [
					{"origin": [7, 20, -8], "size": [12, 28, 18], "uv": [0, 146]},
					{"origin": [4, 20, -8], "size": [18, 28, 18], "uv": [140, 140], "inflate": -2}
				]
			},
			{
				"name": "low_leg0",
				"parent": "thigh0",
				"pivot": [14, 18, 1],
				"rotation": [45, 0, 0],
				"cubes": [
					{"origin": [6, -2, 1], "size": [12, 24, 13], "uv": [185, 25]},
					{"origin": [8, -2, -1], "size": [8, 24, 2], "uv": [121, 218]}
				]
			},
			{
				"name": "feet0",
				"parent": "low_leg0",
				"pivot": [13, 2, 5],
				"rotation": [-15, 0, 5],
				"cubes": [
					{"origin": [6, -5, -1], "size": [12, 6, 14], "uv": [194, 131], "inflate": 0.2},
					{"origin": [8.75, -5, -5], "size": [5, 5, 4], "uv": [190, 7]},
					{"origin": [9.25, -4.5, -7], "size": [4, 4, 2], "uv": [258, 127]},
					{"origin": [9.75, -4, -10], "size": [3, 3, 3], "uv": [257, 96]},
					{"origin": [10.25, -5, -11], "size": [2, 3, 1], "uv": [232, 181]}
				]
			},
			{
				"name": "jz01",
				"parent": "feet0",
				"pivot": [13, 0, 5],
				"rotation": [0, 10, 0],
				"cubes": [
					{"origin": [5.75, -5, -7], "size": [2, 3, 1], "uv": [237, 203]},
					{"origin": [4.75, -5, -4], "size": [4, 4, 14], "uv": [203, 62]},
					{"origin": [5.25, -4.5, -6], "size": [3, 3, 2], "uv": [203, 80]}
				]
			},
			{
				"name": "jz02",
				"parent": "feet0",
				"pivot": [13, 0, 5],
				"rotation": [0, -10, 0],
				"cubes": [
					{"origin": [13.75, -5, -4], "size": [4, 4, 7], "uv": [184, 186]},
					{"origin": [16.75, -5, 3], "size": [3, 3, 9], "uv": [53, 236]},
					{"origin": [17.5, -4.5, 1], "size": [2, 2, 2], "uv": [187, 225]},
					{"origin": [18, -5, 0], "size": [1, 2, 1], "uv": [0, 109]},
					{"origin": [14.25, -4.5, -6], "size": [3, 3, 2], "uv": [0, 159]},
					{"origin": [14.75, -5, -7], "size": [2, 3, 1], "uv": [233, 80]}
				]
			},
			{
				"name": "right_leg",
				"parent": "body",
				"pivot": [-14, 39, 0],
				"rotation": [-30, 5, 5]
			},
			{
				"name": "thigh1",
				"parent": "right_leg",
				"pivot": [-14, 39, 0],
				"rotation": [-5, 0, 0],
				"cubes": [
					{"origin": [-19, 20, -8], "size": [12, 28, 18], "uv": [143, 54]},
					{"origin": [-22, 20, -8], "size": [18, 28, 18], "uv": [0, 100], "inflate": -2}
				]
			},
			{
				"name": "low_leg1",
				"parent": "thigh1",
				"pivot": [-14, 18, 1],
				"rotation": [45, 0, 0],
				"cubes": [
					{"origin": [-18, -2, 1], "size": [12, 24, 13], "uv": [103, 181]},
					{"origin": [-16, -2, -1], "size": [8, 24, 2], "uv": [163, 25]}
				]
			},
			{
				"name": "feet1",
				"parent": "low_leg1",
				"pivot": [-13, 2, 5],
				"rotation": [-15, 0, -5],
				"cubes": [
					{"origin": [-18, -5, -1], "size": [12, 6, 14], "uv": [193, 111], "inflate": 0.2},
					{"origin": [-13.75, -5, -5], "size": [5, 5, 4], "uv": [0, 109]},
					{"origin": [-13.25, -4.5, -7], "size": [4, 4, 2], "uv": [194, 250]},
					{"origin": [-12.75, -4, -10], "size": [3, 3, 3], "uv": [108, 243]},
					{"origin": [-12.25, -5, -11], "size": [2, 3, 1], "uv": [16, 60]}
				]
			},
			{
				"name": "jz03",
				"parent": "feet1",
				"pivot": [-13, 0, 5],
				"rotation": [0, -10, 0],
				"cubes": [
					{"origin": [-7.75, -5, -7], "size": [2, 3, 1], "uv": [85, 222]},
					{"origin": [-8.75, -5, -4], "size": [4, 4, 14], "uv": [120, 54]},
					{"origin": [-8.25, -4.5, -6], "size": [3, 3, 2], "uv": [82, 136]}
				]
			},
			{
				"name": "jz04",
				"parent": "feet1",
				"pivot": [-13, 0, 5],
				"rotation": [0, 10, 0],
				"cubes": [
					{"origin": [-17.75, -5, -4], "size": [4, 4, 7], "uv": [140, 25]},
					{"origin": [-19.75, -5, 3], "size": [3, 3, 9], "uv": [233, 169]},
					{"origin": [-19.5, -4.5, 1], "size": [2, 2, 2], "uv": [161, 125]},
					{"origin": [-19, -5, 0], "size": [1, 2, 1], "uv": [92, 19]},
					{"origin": [-17.25, -4.5, -6], "size": [3, 3, 2], "uv": [72, 136]},
					{"origin": [-16.75, -5, -7], "size": [2, 3, 1], "uv": [201, 197]}
				]
			},
			{
				"name": "atom",
				"parent": "body",
				"pivot": [0, 0, 0]
			}
		]
	}
}