{
	"format_version": "1.12.0",
	"minecraft:geometry": [
		{
			"description": {
				"identifier": "geometry.knights_iron_naginata_twohanded",
				"texture_width": 32,
				"texture_height": 32,
				"visible_bounds_width": 4,
				"visible_bounds_height": 3.5,
				"visible_bounds_offset": [
					0,
					1.25,
					0
				]
			},
			"bones": [
				{
					"name": "rightItem",
					"pivot": [
						-6,
						15,
						6
					],
					"rotation": [
						-5,
						0,
						0
					]
				},
				{
					"name": "weapon",
					"parent": "rightItem",
					"pivot": [
						-6,
						15,
						3
					]
				},
				{
					"name": "naginata",
					"parent": "weapon",
					"pivot": [
						-6,
						15,
						4
					],
					"rotation": [
						-19.5591,
						3.52265,
						1.75362
					],
					"cubes": [
						{
							"origin": [
								-6.37236,
								18.48148,
								4.93707
							],
							"size": [
								1,
								2,
								2
							],
							"pivot": [
								-5.37236,
								12.73148,
								1.18707
							],
							"rotation": [
								-22.5,
								0,
								0
							],
							"uv": {
								"north": {
									"uv": [
										15,
										7
									],
									"uv_size": [
										1,
										2
									]
								},
								"east": {
									"uv": [
										6,
										0
									],
									"uv_size": [
										2,
										2
									]
								},
								"south": {
									"uv": [
										15,
										10
									],
									"uv_size": [
										1,
										2
									]
								},
								"west": {
									"uv": [
										2,
										6
									],
									"uv_size": [
										2,
										2
									]
								},
								"up": {
									"uv": [
										16,
										0
									],
									"uv_size": [
										1,
										2
									]
								},
								"down": {
									"uv": [
										1,
										18
									],
									"uv_size": [
										1,
										-2
									]
								}
							}
						},
						{
							"origin": [
								-6.37236,
								16.48148,
								2.93707
							],
							"size": [
								1,
								2,
								2
							],
							"pivot": [
								-5.37236,
								12.73148,
								1.18707
							],
							"rotation": [
								-22.5,
								0,
								0
							],
							"uv": {
								"north": {
									"uv": [
										2,
										16
									],
									"uv_size": [
										1,
										2
									]
								},
								"east": {
									"uv": [
										6,
										2
									],
									"uv_size": [
										2,
										2
									]
								},
								"south": {
									"uv": [
										3,
										16
									],
									"uv_size": [
										1,
										2
									]
								},
								"west": {
									"uv": [
										4,
										6
									],
									"uv_size": [
										2,
										2
									]
								},
								"up": {
									"uv": [
										4,
										16
									],
									"uv_size": [
										1,
										2
									]
								},
								"down": {
									"uv": [
										16,
										6
									],
									"uv_size": [
										1,
										-2
									]
								}
							}
						},
						{
							"origin": [
								-6.37236,
								14.48148,
								0.93707
							],
							"size": [
								1,
								2,
								2
							],
							"pivot": [
								-5.37236,
								12.73148,
								1.18707
							],
							"rotation": [
								-22.5,
								0,
								0
							],
							"uv": {
								"north": {
									"uv": [
										6,
										16
									],
									"uv_size": [
										1,
										2
									]
								},
								"east": {
									"uv": [
										6,
										6
									],
									"uv_size": [
										2,
										2
									]
								},
								"south": {
									"uv": [
										7,
										16
									],
									"uv_size": [
										1,
										2
									]
								},
								"west": {
									"uv": [
										8,
										0
									],
									"uv_size": [
										2,
										2
									]
								},
								"up": {
									"uv": [
										16,
										7
									],
									"uv_size": [
										1,
										2
									]
								},
								"down": {
									"uv": [
										8,
										18
									],
									"uv_size": [
										1,
										-2
									]
								}
							}
						},
						{
							"origin": [
								-6.37236,
								12.48148,
								-1.06293
							],
							"size": [
								1,
								2,
								2
							],
							"pivot": [
								-5.37236,
								12.73148,
								1.18707
							],
							"rotation": [
								-22.5,
								0,
								0
							],
							"uv": {
								"north": {
									"uv": [
										9,
										16
									],
									"uv_size": [
										1,
										2
									]
								},
								"east": {
									"uv": [
										2,
										8
									],
									"uv_size": [
										2,
										2
									]
								},
								"south": {
									"uv": [
										16,
										9
									],
									"uv_size": [
										1,
										2
									]
								},
								"west": {
									"uv": [
										8,
										2
									],
									"uv_size": [
										2,
										2
									]
								},
								"up": {
									"uv": [
										16,
										13
									],
									"uv_size": [
										1,
										2
									]
								},
								"down": {
									"uv": [
										14,
										18
									],
									"uv_size": [
										1,
										-2
									]
								}
							}
						},
						{
							"origin": [
								-6.37236,
								6.48148,
								-7.06293
							],
							"size": [
								1,
								2,
								2
							],
							"pivot": [
								-5.37236,
								12.73148,
								1.18707
							],
							"rotation": [
								-22.5,
								0,
								0
							],
							"uv": {
								"north": {
									"uv": [
										15,
										16
									],
									"uv_size": [
										1,
										2
									]
								},
								"east": {
									"uv": [
										4,
										8
									],
									"uv_size": [
										2,
										2
									]
								},
								"south": {
									"uv": [
										16,
										15
									],
									"uv_size": [
										1,
										2
									]
								},
								"west": {
									"uv": [
										8,
										4
									],
									"uv_size": [
										2,
										2
									]
								},
								"up": {
									"uv": [
										17,
										0
									],
									"uv_size": [
										1,
										2
									]
								},
								"down": {
									"uv": [
										17,
										4
									],
									"uv_size": [
										1,
										-2
									]
								}
							}
						},
						{
							"origin": [
								-6.37236,
								5.48148,
								-7.06293
							],
							"size": [
								1,
								1,
								1
							],
							"pivot": [
								-5.37236,
								12.73148,
								1.18707
							],
							"rotation": [
								-22.5,
								0,
								0
							],
							"uv": {
								"north": {
									"uv": [
										16,
										2
									],
									"uv_size": [
										1,
										1
									]
								},
								"east": {
									"uv": [
										16,
										11
									],
									"uv_size": [
										1,
										1
									]
								},
								"south": {
									"uv": [
										20,
										3
									],
									"uv_size": [
										1,
										1
									]
								},
								"west": {
									"uv": [
										20,
										8
									],
									"uv_size": [
										1,
										1
									]
								},
								"up": {
									"uv": [
										9,
										20
									],
									"uv_size": [
										1,
										1
									]
								},
								"down": {
									"uv": [
										20,
										10
									],
									"uv_size": [
										1,
										-1
									]
								}
							}
						},
						{
							"origin": [
								-6.37236,
								4.48148,
								-9.06293
							],
							"size": [
								1,
								2,
								2
							],
							"pivot": [
								-5.37236,
								12.73148,
								1.18707
							],
							"rotation": [
								-22.5,
								0,
								0
							],
							"uv": {
								"north": {
									"uv": [
										17,
										4
									],
									"uv_size": [
										1,
										2
									]
								},
								"east": {
									"uv": [
										6,
										8
									],
									"uv_size": [
										2,
										2
									]
								},
								"south": {
									"uv": [
										5,
										17
									],
									"uv_size": [
										1,
										2
									]
								},
								"west": {
									"uv": [
										8,
										6
									],
									"uv_size": [
										2,
										2
									]
								},
								"up": {
									"uv": [
										17,
										7
									],
									"uv_size": [
										1,
										2
									]
								},
								"down": {
									"uv": [
										17,
										11
									],
									"uv_size": [
										1,
										-2
									]
								}
							}
						},
						{
							"origin": [
								-6.37236,
								2.48148,
								-11.06293
							],
							"size": [
								1,
								2,
								2
							],
							"pivot": [
								-5.37236,
								12.73148,
								1.18707
							],
							"rotation": [
								-22.5,
								0,
								0
							],
							"uv": {
								"north": {
									"uv": [
										14,
										18
									],
									"uv_size": [
										1,
										2
									]
								},
								"east": {
									"uv": [
										12,
										0
									],
									"uv_size": [
										2,
										2
									]
								},
								"south": {
									"uv": [
										18,
										14
									],
									"uv_size": [
										1,
										2
									]
								},
								"west": {
									"uv": [
										2,
										12
									],
									"uv_size": [
										2,
										2
									]
								},
								"up": {
									"uv": [
										15,
										18
									],
									"uv_size": [
										1,
										2
									]
								},
								"down": {
									"uv": [
										18,
										18
									],
									"uv_size": [
										1,
										-2
									]
								}
							}
						},
						{
							"origin": [
								-6.37236,
								20.48148,
								6.93707
							],
							"size": [
								1,
								2,
								2
							],
							"pivot": [
								-5.37236,
								12.73148,
								1.18707
							],
							"rotation": [
								-22.5,
								0,
								0
							],
							"uv": {
								"north": {
									"uv": [
										17,
										11
									],
									"uv_size": [
										1,
										2
									]
								},
								"east": {
									"uv": [
										8,
										8
									],
									"uv_size": [
										2,
										2
									]
								},
								"south": {
									"uv": [
										17,
										13
									],
									"uv_size": [
										1,
										2
									]
								},
								"west": {
									"uv": [
										10,
										0
									],
									"uv_size": [
										2,
										2
									]
								},
								"up": {
									"uv": [
										17,
										15
									],
									"uv_size": [
										1,
										2
									]
								},
								"down": {
									"uv": [
										16,
										19
									],
									"uv_size": [
										1,
										-2
									]
								}
							}
						},
						{
							"origin": [
								-6.37236,
								22.48148,
								8.93707
							],
							"size": [
								1,
								2,
								2
							],
							"pivot": [
								-5.37236,
								12.73148,
								1.18707
							],
							"rotation": [
								-22.5,
								0,
								0
							],
							"uv": {
								"north": {
									"uv": [
										17,
										17
									],
									"uv_size": [
										1,
										2
									]
								},
								"east": {
									"uv": [
										2,
										10
									],
									"uv_size": [
										2,
										2
									]
								},
								"south": {
									"uv": [
										18,
										0
									],
									"uv_size": [
										1,
										2
									]
								},
								"west": {
									"uv": [
										10,
										2
									],
									"uv_size": [
										2,
										2
									]
								},
								"up": {
									"uv": [
										1,
										18
									],
									"uv_size": [
										1,
										2
									]
								},
								"down": {
									"uv": [
										2,
										20
									],
									"uv_size": [
										1,
										-2
									]
								}
							}
						},
						{
							"origin": [
								-6.37236,
								24.48148,
								10.93707
							],
							"size": [
								1,
								2,
								2
							],
							"pivot": [
								-5.37236,
								12.73148,
								1.18707
							],
							"rotation": [
								-22.5,
								0,
								0
							],
							"uv": {
								"north": {
									"uv": [
										18,
										2
									],
									"uv_size": [
										1,
										2
									]
								},
								"east": {
									"uv": [
										4,
										10
									],
									"uv_size": [
										2,
										2
									]
								},
								"south": {
									"uv": [
										3,
										18
									],
									"uv_size": [
										1,
										2
									]
								},
								"west": {
									"uv": [
										10,
										4
									],
									"uv_size": [
										2,
										2
									]
								},
								"up": {
									"uv": [
										4,
										18
									],
									"uv_size": [
										1,
										2
									]
								},
								"down": {
									"uv": [
										18,
										6
									],
									"uv_size": [
										1,
										-2
									]
								}
							}
						},
						{
							"origin": [
								-6.37236,
								26.48148,
								12.93707
							],
							"size": [
								1,
								2,
								2
							],
							"pivot": [
								-5.37236,
								12.73148,
								1.18707
							],
							"rotation": [
								-22.5,
								0,
								0
							],
							"uv": {
								"north": {
									"uv": [
										6,
										18
									],
									"uv_size": [
										1,
										2
									]
								},
								"east": {
									"uv": [
										6,
										10
									],
									"uv_size": [
										2,
										2
									]
								},
								"south": {
									"uv": [
										18,
										6
									],
									"uv_size": [
										1,
										2
									]
								},
								"west": {
									"uv": [
										10,
										6
									],
									"uv_size": [
										2,
										2
									]
								},
								"up": {
									"uv": [
										7,
										18
									],
									"uv_size": [
										1,
										2
									]
								},
								"down": {
									"uv": [
										8,
										20
									],
									"uv_size": [
										1,
										-2
									]
								}
							}
						},
						{
							"origin": [
								-6.37236,
								10.48148,
								-3.06293
							],
							"size": [
								1,
								2,
								2
							],
							"pivot": [
								-5.37236,
								12.73148,
								1.18707
							],
							"rotation": [
								-22.5,
								0,
								0
							],
							"uv": {
								"north": {
									"uv": [
										18,
										8
									],
									"uv_size": [
										1,
										2
									]
								},
								"east": {
									"uv": [
										8,
										10
									],
									"uv_size": [
										2,
										2
									]
								},
								"south": {
									"uv": [
										9,
										18
									],
									"uv_size": [
										1,
										2
									]
								},
								"west": {
									"uv": [
										10,
										8
									],
									"uv_size": [
										2,
										2
									]
								},
								"up": {
									"uv": [
										10,
										18
									],
									"uv_size": [
										1,
										2
									]
								},
								"down": {
									"uv": [
										18,
										12
									],
									"uv_size": [
										1,
										-2
									]
								}
							}
						},
						{
							"origin": [
								-6.37236,
								8.48148,
								-5.06293
							],
							"size": [
								1,
								2,
								2
							],
							"pivot": [
								-5.37236,
								12.73148,
								1.18707
							],
							"rotation": [
								-22.5,
								0,
								0
							],
							"uv": {
								"north": {
									"uv": [
										11,
										18
									],
									"uv_size": [
										1,
										2
									]
								},
								"east": {
									"uv": [
										10,
										10
									],
									"uv_size": [
										2,
										2
									]
								},
								"south": {
									"uv": [
										12,
										18
									],
									"uv_size": [
										1,
										2
									]
								},
								"west": {
									"uv": [
										0,
										11
									],
									"uv_size": [
										2,
										2
									]
								},
								"up": {
									"uv": [
										18,
										12
									],
									"uv_size": [
										1,
										2
									]
								},
								"down": {
									"uv": [
										13,
										20
									],
									"uv_size": [
										1,
										-2
									]
								}
							}
						},
						{
							"origin": [
								-6.37236,
								18.48148,
								3.93707
							],
							"size": [
								1,
								1,
								1
							],
							"pivot": [
								-5.37236,
								12.73148,
								1.18707
							],
							"rotation": [
								-22.5,
								0,
								0
							],
							"uv": {
								"north": {
									"uv": [
										10,
										20
									],
									"uv_size": [
										1,
										1
									]
								},
								"east": {
									"uv": [
										20,
										10
									],
									"uv_size": [
										1,
										1
									]
								},
								"south": {
									"uv": [
										11,
										20
									],
									"uv_size": [
										1,
										1
									]
								},
								"west": {
									"uv": [
										20,
										11
									],
									"uv_size": [
										1,
										1
									]
								},
								"up": {
									"uv": [
										12,
										20
									],
									"uv_size": [
										1,
										1
									]
								},
								"down": {
									"uv": [
										20,
										13
									],
									"uv_size": [
										1,
										-1
									]
								}
							}
						},
						{
							"origin": [
								-6.37236,
								14.48148,
								-0.06293
							],
							"size": [
								1,
								1,
								1
							],
							"pivot": [
								-5.37236,
								12.73148,
								1.18707
							],
							"rotation": [
								-22.5,
								0,
								0
							],
							"uv": {
								"north": {
									"uv": [
										13,
										20
									],
									"uv_size": [
										1,
										1
									]
								},
								"east": {
									"uv": [
										20,
										13
									],
									"uv_size": [
										1,
										1
									]
								},
								"south": {
									"uv": [
										14,
										20
									],
									"uv_size": [
										1,
										1
									]
								},
								"west": {
									"uv": [
										20,
										14
									],
									"uv_size": [
										1,
										1
									]
								},
								"up": {
									"uv": [
										15,
										20
									],
									"uv_size": [
										1,
										1
									]
								},
								"down": {
									"uv": [
										20,
										16
									],
									"uv_size": [
										1,
										-1
									]
								}
							}
						},
						{
							"origin": [
								-6.37236,
								12.48148,
								-2.06293
							],
							"size": [
								1,
								1,
								1
							],
							"pivot": [
								-5.37236,
								12.73148,
								1.18707
							],
							"rotation": [
								-22.5,
								0,
								0
							],
							"uv": {
								"north": {
									"uv": [
										20,
										16
									],
									"uv_size": [
										1,
										1
									]
								},
								"east": {
									"uv": [
										20,
										17
									],
									"uv_size": [
										1,
										1
									]
								},
								"south": {
									"uv": [
										18,
										20
									],
									"uv_size": [
										1,
										1
									]
								},
								"west": {
									"uv": [
										19,
										20
									],
									"uv_size": [
										1,
										1
									]
								},
								"up": {
									"uv": [
										20,
										20
									],
									"uv_size": [
										1,
										1
									]
								},
								"down": {
									"uv": [
										0,
										22
									],
									"uv_size": [
										1,
										-1
									]
								}
							}
						},
						{
							"origin": [
								-6.37236,
								10.48148,
								-4.06293
							],
							"size": [
								1,
								1,
								1
							],
							"pivot": [
								-5.37236,
								12.73148,
								1.18707
							],
							"rotation": [
								-22.5,
								0,
								0
							],
							"uv": {
								"north": {
									"uv": [
										21,
										0
									],
									"uv_size": [
										1,
										1
									]
								},
								"east": {
									"uv": [
										1,
										21
									],
									"uv_size": [
										1,
										1
									]
								},
								"south": {
									"uv": [
										21,
										1
									],
									"uv_size": [
										1,
										1
									]
								},
								"west": {
									"uv": [
										2,
										21
									],
									"uv_size": [
										1,
										1
									]
								},
								"up": {
									"uv": [
										21,
										3
									],
									"uv_size": [
										1,
										1
									]
								},
								"down": {
									"uv": [
										21,
										5
									],
									"uv_size": [
										1,
										-1
									]
								}
							}
						},
						{
							"origin": [
								-6.37236,
								8.48148,
								-6.06293
							],
							"size": [
								1,
								1,
								1
							],
							"pivot": [
								-5.37236,
								12.73148,
								1.18707
							],
							"rotation": [
								-22.5,
								0,
								0
							],
							"uv": {
								"north": {
									"uv": [
										5,
										21
									],
									"uv_size": [
										1,
										1
									]
								},
								"east": {
									"uv": [
										21,
										5
									],
									"uv_size": [
										1,
										1
									]
								},
								"south": {
									"uv": [
										21,
										6
									],
									"uv_size": [
										1,
										1
									]
								},
								"west": {
									"uv": [
										21,
										7
									],
									"uv_size": [
										1,
										1
									]
								},
								"up": {
									"uv": [
										21,
										8
									],
									"uv_size": [
										1,
										1
									]
								},
								"down": {
									"uv": [
										9,
										22
									],
									"uv_size": [
										1,
										-1
									]
								}
							}
						},
						{
							"origin": [
								-6.37236,
								6.48148,
								-8.06293
							],
							"size": [
								1,
								1,
								1
							],
							"pivot": [
								-5.37236,
								12.73148,
								1.18707
							],
							"rotation": [
								-22.5,
								0,
								0
							],
							"uv": {
								"north": {
									"uv": [
										21,
										9
									],
									"uv_size": [
										1,
										1
									]
								},
								"east": {
									"uv": [
										10,
										21
									],
									"uv_size": [
										1,
										1
									]
								},
								"south": {
									"uv": [
										21,
										10
									],
									"uv_size": [
										1,
										1
									]
								},
								"west": {
									"uv": [
										11,
										21
									],
									"uv_size": [
										1,
										1
									]
								},
								"up": {
									"uv": [
										21,
										11
									],
									"uv_size": [
										1,
										1
									]
								},
								"down": {
									"uv": [
										12,
										22
									],
									"uv_size": [
										1,
										-1
									]
								}
							}
						},
						{
							"origin": [
								-6.37236,
								4.48148,
								-10.06293
							],
							"size": [
								1,
								1,
								1
							],
							"pivot": [
								-5.37236,
								12.73148,
								1.18707
							],
							"rotation": [
								-22.5,
								0,
								0
							],
							"uv": {
								"north": {
									"uv": [
										23,
										13
									],
									"uv_size": [
										1,
										1
									]
								},
								"east": {
									"uv": [
										14,
										23
									],
									"uv_size": [
										1,
										1
									]
								},
								"south": {
									"uv": [
										23,
										14
									],
									"uv_size": [
										1,
										1
									]
								},
								"west": {
									"uv": [
										15,
										23
									],
									"uv_size": [
										1,
										1
									]
								},
								"up": {
									"uv": [
										23,
										15
									],
									"uv_size": [
										1,
										1
									]
								},
								"down": {
									"uv": [
										16,
										24
									],
									"uv_size": [
										1,
										-1
									]
								}
							}
						},
						{
							"origin": [
								-6.37236,
								1.48148,
								-12.06293
							],
							"size": [
								1,
								2,
								1
							],
							"pivot": [
								-5.37236,
								12.73148,
								1.18707
							],
							"rotation": [
								-22.5,
								0,
								0
							],
							"uv": {
								"north": {
									"uv": [
										18,
										18
									],
									"uv_size": [
										1,
										2
									]
								},
								"east": {
									"uv": [
										0,
										19
									],
									"uv_size": [
										1,
										2
									]
								},
								"south": {
									"uv": [
										19,
										0
									],
									"uv_size": [
										1,
										2
									]
								},
								"west": {
									"uv": [
										19,
										2
									],
									"uv_size": [
										1,
										2
									]
								},
								"up": {
									"uv": [
										23,
										19
									],
									"uv_size": [
										1,
										1
									]
								},
								"down": {
									"uv": [
										20,
										24
									],
									"uv_size": [
										1,
										-1
									]
								}
							}
						},
						{
							"origin": [
								-6.37236,
								1.48148,
								-11.06293
							],
							"size": [
								1,
								1,
								1
							],
							"pivot": [
								-5.37236,
								12.73148,
								1.18707
							],
							"rotation": [
								-22.5,
								0,
								0
							],
							"uv": {
								"north": {
									"uv": [
										23,
										20
									],
									"uv_size": [
										1,
										1
									]
								},
								"east": {
									"uv": [
										21,
										23
									],
									"uv_size": [
										1,
										1
									]
								},
								"south": {
									"uv": [
										23,
										21
									],
									"uv_size": [
										1,
										1
									]
								},
								"west": {
									"uv": [
										22,
										23
									],
									"uv_size": [
										1,
										1
									]
								},
								"up": {
									"uv": [
										23,
										22
									],
									"uv_size": [
										1,
										1
									]
								},
								"down": {
									"uv": [
										23,
										24
									],
									"uv_size": [
										1,
										-1
									]
								}
							}
						},
						{
							"origin": [
								-6.37236,
								0.48148,
								-14.06293
							],
							"size": [
								1,
								1,
								3
							],
							"pivot": [
								-5.37236,
								12.73148,
								1.18707
							],
							"rotation": [
								-22.5,
								0,
								0
							],
							"uv": {
								"north": {
									"uv": [
										0,
										24
									],
									"uv_size": [
										1,
										1
									]
								},
								"east": {
									"uv": [
										7,
										12
									],
									"uv_size": [
										3,
										1
									]
								},
								"south": {
									"uv": [
										24,
										0
									],
									"uv_size": [
										1,
										1
									]
								},
								"west": {
									"uv": [
										10,
										12
									],
									"uv_size": [
										3,
										1
									]
								},
								"up": {
									"uv": [
										0,
										13
									],
									"uv_size": [
										1,
										3
									]
								},
								"down": {
									"uv": [
										1,
										16
									],
									"uv_size": [
										1,
										-3
									]
								}
							}
						},
						{
							"origin": [
								-6.37236,
								-0.51852,
								-12.06293
							],
							"size": [
								1,
								1,
								2
							],
							"pivot": [
								-5.37236,
								12.73148,
								1.18707
							],
							"rotation": [
								-22.5,
								0,
								0
							],
							"uv": {
								"north": {
									"uv": [
										2,
										24
									],
									"uv_size": [
										1,
										1
									]
								},
								"east": {
									"uv": [
										19,
										4
									],
									"uv_size": [
										2,
										1
									]
								},
								"south": {
									"uv": [
										24,
										2
									],
									"uv_size": [
										1,
										1
									]
								},
								"west": {
									"uv": [
										19,
										5
									],
									"uv_size": [
										2,
										1
									]
								},
								"up": {
									"uv": [
										5,
										19
									],
									"uv_size": [
										1,
										2
									]
								},
								"down": {
									"uv": [
										19,
										8
									],
									"uv_size": [
										1,
										-2
									]
								}
							}
						},
						{
							"origin": [
								-6.37236,
								-1.51852,
								-12.06293
							],
							"size": [
								1,
								1,
								1
							],
							"pivot": [
								-5.37236,
								12.73148,
								1.18707
							],
							"rotation": [
								-22.5,
								0,
								0
							],
							"uv": {
								"north": {
									"uv": [
										6,
										24
									],
									"uv_size": [
										1,
										1
									]
								},
								"east": {
									"uv": [
										24,
										6
									],
									"uv_size": [
										1,
										1
									]
								},
								"south": {
									"uv": [
										7,
										24
									],
									"uv_size": [
										1,
										1
									]
								},
								"west": {
									"uv": [
										24,
										7
									],
									"uv_size": [
										1,
										1
									]
								},
								"up": {
									"uv": [
										8,
										24
									],
									"uv_size": [
										1,
										1
									]
								},
								"down": {
									"uv": [
										24,
										9
									],
									"uv_size": [
										1,
										-1
									]
								}
							}
						},
						{
							"origin": [
								-6.37236,
								-3.51852,
								-15.06293
							],
							"size": [
								1,
								2,
								2
							],
							"pivot": [
								-5.37236,
								12.73148,
								1.18707
							],
							"rotation": [
								-22.5,
								0,
								0
							],
							"uv": {
								"north": {
									"uv": [
										19,
										12
									],
									"uv_size": [
										1,
										2
									]
								},
								"east": {
									"uv": [
										12,
										2
									],
									"uv_size": [
										2,
										2
									]
								},
								"south": {
									"uv": [
										19,
										14
									],
									"uv_size": [
										1,
										2
									]
								},
								"west": {
									"uv": [
										4,
										12
									],
									"uv_size": [
										2,
										2
									]
								},
								"up": {
									"uv": [
										16,
										19
									],
									"uv_size": [
										1,
										2
									]
								},
								"down": {
									"uv": [
										19,
										18
									],
									"uv_size": [
										1,
										-2
									]
								}
							}
						},
						{
							"origin": [
								-6.37236,
								-4.51852,
								-19.06293
							],
							"size": [
								1,
								1,
								5
							],
							"pivot": [
								-5.37236,
								12.73148,
								1.18707
							],
							"rotation": [
								-22.5,
								0,
								0
							],
							"uv": {
								"north": {
									"uv": [
										9,
										24
									],
									"uv_size": [
										1,
										1
									]
								},
								"east": {
									"uv": [
										3,
										4
									],
									"uv_size": [
										5,
										1
									]
								},
								"south": {
									"uv": [
										24,
										9
									],
									"uv_size": [
										1,
										1
									]
								},
								"west": {
									"uv": [
										3,
										5
									],
									"uv_size": [
										5,
										1
									]
								},
								"up": {
									"uv": [
										0,
										6
									],
									"uv_size": [
										1,
										5
									]
								},
								"down": {
									"uv": [
										1,
										11
									],
									"uv_size": [
										1,
										-5
									]
								}
							}
						},
						{
							"origin": [
								-6.37236,
								-5.51852,
								-19.06293
							],
							"size": [
								1,
								1,
								4
							],
							"pivot": [
								-5.37236,
								12.73148,
								1.18707
							],
							"rotation": [
								-22.5,
								0,
								0
							],
							"uv": {
								"north": {
									"uv": [
										10,
										24
									],
									"uv_size": [
										1,
										1
									]
								},
								"east": {
									"uv": [
										12,
										4
									],
									"uv_size": [
										4,
										1
									]
								},
								"south": {
									"uv": [
										24,
										10
									],
									"uv_size": [
										1,
										1
									]
								},
								"west": {
									"uv": [
										12,
										5
									],
									"uv_size": [
										4,
										1
									]
								},
								"up": {
									"uv": [
										6,
										12
									],
									"uv_size": [
										1,
										4
									]
								},
								"down": {
									"uv": [
										12,
										10
									],
									"uv_size": [
										1,
										-4
									]
								}
							}
						},
						{
							"origin": [
								-6.37236,
								-6.51852,
								-19.06293
							],
							"size": [
								1,
								1,
								3
							],
							"pivot": [
								-5.37236,
								12.73148,
								1.18707
							],
							"rotation": [
								-22.5,
								0,
								0
							],
							"uv": {
								"north": {
									"uv": [
										11,
										24
									],
									"uv_size": [
										1,
										1
									]
								},
								"east": {
									"uv": [
										13,
										9
									],
									"uv_size": [
										3,
										1
									]
								},
								"south": {
									"uv": [
										24,
										11
									],
									"uv_size": [
										1,
										1
									]
								},
								"west": {
									"uv": [
										10,
										13
									],
									"uv_size": [
										3,
										1
									]
								},
								"up": {
									"uv": [
										13,
										12
									],
									"uv_size": [
										1,
										3
									]
								},
								"down": {
									"uv": [
										14,
										3
									],
									"uv_size": [
										1,
										-3
									]
								}
							}
						},
						{
							"origin": [
								-6.37236,
								-7.51852,
								-20.06293
							],
							"size": [
								1,
								1,
								3
							],
							"pivot": [
								-5.37236,
								12.73148,
								1.18707
							],
							"rotation": [
								-22.5,
								0,
								0
							],
							"uv": {
								"north": {
									"uv": [
										12,
										24
									],
									"uv_size": [
										1,
										1
									]
								},
								"east": {
									"uv": [
										2,
										14
									],
									"uv_size": [
										3,
										1
									]
								},
								"south": {
									"uv": [
										24,
										12
									],
									"uv_size": [
										1,
										1
									]
								},
								"west": {
									"uv": [
										14,
										3
									],
									"uv_size": [
										3,
										1
									]
								},
								"up": {
									"uv": [
										5,
										14
									],
									"uv_size": [
										1,
										3
									]
								},
								"down": {
									"uv": [
										14,
										9
									],
									"uv_size": [
										1,
										-3
									]
								}
							}
						},
						{
							"origin": [
								-6.37236,
								-8.51852,
								-21.06293
							],
							"size": [
								1,
								1,
								3
							],
							"pivot": [
								-5.37236,
								12.73148,
								1.18707
							],
							"rotation": [
								-22.5,
								0,
								0
							],
							"uv": {
								"north": {
									"uv": [
										13,
										24
									],
									"uv_size": [
										1,
										1
									]
								},
								"east": {
									"uv": [
										10,
										14
									],
									"uv_size": [
										3,
										1
									]
								},
								"south": {
									"uv": [
										24,
										13
									],
									"uv_size": [
										1,
										1
									]
								},
								"west": {
									"uv": [
										14,
										12
									],
									"uv_size": [
										3,
										1
									]
								},
								"up": {
									"uv": [
										14,
										13
									],
									"uv_size": [
										1,
										3
									]
								},
								"down": {
									"uv": [
										15,
										3
									],
									"uv_size": [
										1,
										-3
									]
								}
							}
						},
						{
							"origin": [
								-6.37236,
								-9.51852,
								-21.06293
							],
							"size": [
								1,
								1,
								2
							],
							"pivot": [
								-5.37236,
								12.73148,
								1.18707
							],
							"rotation": [
								-22.5,
								0,
								0
							],
							"uv": {
								"north": {
									"uv": [
										14,
										24
									],
									"uv_size": [
										1,
										1
									]
								},
								"east": {
									"uv": [
										19,
										18
									],
									"uv_size": [
										2,
										1
									]
								},
								"south": {
									"uv": [
										24,
										14
									],
									"uv_size": [
										1,
										1
									]
								},
								"west": {
									"uv": [
										19,
										19
									],
									"uv_size": [
										2,
										1
									]
								},
								"up": {
									"uv": [
										17,
										19
									],
									"uv_size": [
										1,
										2
									]
								},
								"down": {
									"uv": [
										20,
										2
									],
									"uv_size": [
										1,
										-2
									]
								}
							}
						},
						{
							"origin": [
								-6.37236,
								-10.51852,
								-24.06293
							],
							"size": [
								1,
								3,
								3
							],
							"pivot": [
								-5.37236,
								12.73148,
								1.18707
							],
							"rotation": [
								-22.5,
								0,
								0
							],
							"uv": {
								"north": {
									"uv": [
										12,
										15
									],
									"uv_size": [
										1,
										3
									]
								},
								"east": {
									"uv": [
										0,
										0
									],
									"uv_size": [
										3,
										3
									]
								},
								"south": {
									"uv": [
										13,
										15
									],
									"uv_size": [
										1,
										3
									]
								},
								"west": {
									"uv": [
										0,
										3
									],
									"uv_size": [
										3,
										3
									]
								},
								"up": {
									"uv": [
										15,
										13
									],
									"uv_size": [
										1,
										3
									]
								},
								"down": {
									"uv": [
										0,
										19
									],
									"uv_size": [
										1,
										-3
									]
								}
							}
						},
						{
							"origin": [
								-6.37236,
								-7.51852,
								-22.06293
							],
							"size": [
								1,
								1,
								2
							],
							"pivot": [
								-5.37236,
								12.73148,
								1.18707
							],
							"rotation": [
								-22.5,
								0,
								0
							],
							"uv": {
								"north": {
									"uv": [
										15,
										24
									],
									"uv_size": [
										1,
										1
									]
								},
								"east": {
									"uv": [
										1,
										20
									],
									"uv_size": [
										2,
										1
									]
								},
								"south": {
									"uv": [
										24,
										15
									],
									"uv_size": [
										1,
										1
									]
								},
								"west": {
									"uv": [
										20,
										2
									],
									"uv_size": [
										2,
										1
									]
								},
								"up": {
									"uv": [
										3,
										20
									],
									"uv_size": [
										1,
										2
									]
								},
								"down": {
									"uv": [
										4,
										22
									],
									"uv_size": [
										1,
										-2
									]
								}
							}
						},
						{
							"origin": [
								-6.37236,
								-6.51852,
								-20.06293
							],
							"size": [
								1,
								2,
								1
							],
							"pivot": [
								-5.37236,
								12.73148,
								1.18707
							],
							"rotation": [
								-22.5,
								0,
								0
							],
							"uv": {
								"north": {
									"uv": [
										6,
										20
									],
									"uv_size": [
										1,
										2
									]
								},
								"east": {
									"uv": [
										20,
										6
									],
									"uv_size": [
										1,
										2
									]
								},
								"south": {
									"uv": [
										7,
										20
									],
									"uv_size": [
										1,
										2
									]
								},
								"west": {
									"uv": [
										8,
										20
									],
									"uv_size": [
										1,
										2
									]
								},
								"up": {
									"uv": [
										16,
										24
									],
									"uv_size": [
										1,
										1
									]
								},
								"down": {
									"uv": [
										24,
										17
									],
									"uv_size": [
										1,
										-1
									]
								}
							}
						},
						{
							"origin": [
								-6.37236,
								-2.51852,
								-16.06293
							],
							"size": [
								1,
								1,
								1
							],
							"pivot": [
								-5.37236,
								12.73148,
								1.18707
							],
							"rotation": [
								-22.5,
								0,
								0
							],
							"uv": {
								"north": {
									"uv": [
										18,
										24
									],
									"uv_size": [
										1,
										1
									]
								},
								"east": {
									"uv": [
										24,
										18
									],
									"uv_size": [
										1,
										1
									]
								},
								"south": {
									"uv": [
										19,
										24
									],
									"uv_size": [
										1,
										1
									]
								},
								"west": {
									"uv": [
										24,
										19
									],
									"uv_size": [
										1,
										1
									]
								},
								"up": {
									"uv": [
										20,
										24
									],
									"uv_size": [
										1,
										1
									]
								},
								"down": {
									"uv": [
										24,
										21
									],
									"uv_size": [
										1,
										-1
									]
								}
							}
						},
						{
							"origin": [
								-6.37236,
								-3.51852,
								-18.06293
							],
							"size": [
								1,
								1,
								3
							],
							"pivot": [
								-5.37236,
								12.73148,
								1.18707
							],
							"rotation": [
								-22.5,
								0,
								0
							],
							"uv": {
								"north": {
									"uv": [
										17,
										24
									],
									"uv_size": [
										1,
										1
									]
								},
								"east": {
									"uv": [
										2,
										15
									],
									"uv_size": [
										3,
										1
									]
								},
								"south": {
									"uv": [
										24,
										17
									],
									"uv_size": [
										1,
										1
									]
								},
								"west": {
									"uv": [
										15,
										6
									],
									"uv_size": [
										3,
										1
									]
								},
								"up": {
									"uv": [
										10,
										15
									],
									"uv_size": [
										1,
										3
									]
								},
								"down": {
									"uv": [
										11,
										18
									],
									"uv_size": [
										1,
										-3
									]
								}
							}
						},
						{
							"origin": [
								-6.37236,
								-1.51852,
								-15.06293
							],
							"size": [
								1,
								2,
								3
							],
							"pivot": [
								-5.37236,
								12.73148,
								1.18707
							],
							"rotation": [
								-22.5,
								0,
								0
							],
							"uv": {
								"north": {
									"uv": [
										19,
										8
									],
									"uv_size": [
										1,
										2
									]
								},
								"east": {
									"uv": [
										3,
										0
									],
									"uv_size": [
										3,
										2
									]
								},
								"south": {
									"uv": [
										19,
										10
									],
									"uv_size": [
										1,
										2
									]
								},
								"west": {
									"uv": [
										3,
										2
									],
									"uv_size": [
										3,
										2
									]
								},
								"up": {
									"uv": [
										8,
										13
									],
									"uv_size": [
										1,
										3
									]
								},
								"down": {
									"uv": [
										9,
										16
									],
									"uv_size": [
										1,
										-3
									]
								}
							}
						},
						{
							"origin": [
								-6.37236,
								1.48148,
								-15.06293
							],
							"size": [
								1,
								1,
								3
							],
							"pivot": [
								-5.37236,
								12.73148,
								1.18707
							],
							"rotation": [
								-22.5,
								0,
								0
							],
							"uv": {
								"north": {
									"uv": [
										1,
										24
									],
									"uv_size": [
										1,
										1
									]
								},
								"east": {
									"uv": [
										12,
										10
									],
									"uv_size": [
										3,
										1
									]
								},
								"south": {
									"uv": [
										24,
										1
									],
									"uv_size": [
										1,
										1
									]
								},
								"west": {
									"uv": [
										12,
										11
									],
									"uv_size": [
										3,
										1
									]
								},
								"up": {
									"uv": [
										13,
										6
									],
									"uv_size": [
										1,
										3
									]
								},
								"down": {
									"uv": [
										7,
										16
									],
									"uv_size": [
										1,
										-3
									]
								}
							}
						},
						{
							"origin": [
								-6.37236,
								2.48148,
								-14.06293
							],
							"size": [
								1,
								1,
								1
							],
							"pivot": [
								-5.37236,
								12.73148,
								1.18707
							],
							"rotation": [
								-22.5,
								0,
								0
							],
							"uv": {
								"north": {
									"uv": [
										3,
										24
									],
									"uv_size": [
										1,
										1
									]
								},
								"east": {
									"uv": [
										24,
										3
									],
									"uv_size": [
										1,
										1
									]
								},
								"south": {
									"uv": [
										4,
										24
									],
									"uv_size": [
										1,
										1
									]
								},
								"west": {
									"uv": [
										24,
										4
									],
									"uv_size": [
										1,
										1
									]
								},
								"up": {
									"uv": [
										5,
										24
									],
									"uv_size": [
										1,
										1
									]
								},
								"down": {
									"uv": [
										24,
										6
									],
									"uv_size": [
										1,
										-1
									]
								}
							}
						},
						{
							"origin": [
								-6.37236,
								3.48148,
								-9.06293
							],
							"size": [
								1,
								1,
								1
							],
							"pivot": [
								-5.37236,
								12.73148,
								1.18707
							],
							"rotation": [
								-22.5,
								0,
								0
							],
							"uv": {
								"north": {
									"uv": [
										23,
										16
									],
									"uv_size": [
										1,
										1
									]
								},
								"east": {
									"uv": [
										17,
										23
									],
									"uv_size": [
										1,
										1
									]
								},
								"south": {
									"uv": [
										23,
										17
									],
									"uv_size": [
										1,
										1
									]
								},
								"west": {
									"uv": [
										18,
										23
									],
									"uv_size": [
										1,
										1
									]
								},
								"up": {
									"uv": [
										23,
										18
									],
									"uv_size": [
										1,
										1
									]
								},
								"down": {
									"uv": [
										19,
										24
									],
									"uv_size": [
										1,
										-1
									]
								}
							}
						},
						{
							"origin": [
								-6.37236,
								16.48148,
								1.93707
							],
							"size": [
								1,
								1,
								1
							],
							"pivot": [
								-5.37236,
								12.73148,
								1.18707
							],
							"rotation": [
								-22.5,
								0,
								0
							],
							"uv": {
								"north": {
									"uv": [
										21,
										12
									],
									"uv_size": [
										1,
										1
									]
								},
								"east": {
									"uv": [
										13,
										21
									],
									"uv_size": [
										1,
										1
									]
								},
								"south": {
									"uv": [
										21,
										13
									],
									"uv_size": [
										1,
										1
									]
								},
								"west": {
									"uv": [
										14,
										21
									],
									"uv_size": [
										1,
										1
									]
								},
								"up": {
									"uv": [
										21,
										14
									],
									"uv_size": [
										1,
										1
									]
								},
								"down": {
									"uv": [
										15,
										22
									],
									"uv_size": [
										1,
										-1
									]
								}
							}
						},
						{
							"origin": [
								-6.37236,
								20.48148,
								5.93707
							],
							"size": [
								1,
								1,
								1
							],
							"pivot": [
								-5.37236,
								12.73148,
								1.18707
							],
							"rotation": [
								-22.5,
								0,
								0
							],
							"uv": {
								"north": {
									"uv": [
										21,
										15
									],
									"uv_size": [
										1,
										1
									]
								},
								"east": {
									"uv": [
										16,
										21
									],
									"uv_size": [
										1,
										1
									]
								},
								"south": {
									"uv": [
										21,
										16
									],
									"uv_size": [
										1,
										1
									]
								},
								"west": {
									"uv": [
										17,
										21
									],
									"uv_size": [
										1,
										1
									]
								},
								"up": {
									"uv": [
										21,
										17
									],
									"uv_size": [
										1,
										1
									]
								},
								"down": {
									"uv": [
										18,
										22
									],
									"uv_size": [
										1,
										-1
									]
								}
							}
						},
						{
							"origin": [
								-6.37236,
								22.48148,
								7.93707
							],
							"size": [
								1,
								1,
								1
							],
							"pivot": [
								-5.37236,
								12.73148,
								1.18707
							],
							"rotation": [
								-22.5,
								0,
								0
							],
							"uv": {
								"north": {
									"uv": [
										21,
										18
									],
									"uv_size": [
										1,
										1
									]
								},
								"east": {
									"uv": [
										19,
										21
									],
									"uv_size": [
										1,
										1
									]
								},
								"south": {
									"uv": [
										21,
										19
									],
									"uv_size": [
										1,
										1
									]
								},
								"west": {
									"uv": [
										20,
										21
									],
									"uv_size": [
										1,
										1
									]
								},
								"up": {
									"uv": [
										21,
										20
									],
									"uv_size": [
										1,
										1
									]
								},
								"down": {
									"uv": [
										21,
										22
									],
									"uv_size": [
										1,
										-1
									]
								}
							}
						},
						{
							"origin": [
								-6.37236,
								24.48148,
								9.93707
							],
							"size": [
								1,
								1,
								1
							],
							"pivot": [
								-5.37236,
								12.73148,
								1.18707
							],
							"rotation": [
								-22.5,
								0,
								0
							],
							"uv": {
								"north": {
									"uv": [
										0,
										22
									],
									"uv_size": [
										1,
										1
									]
								},
								"east": {
									"uv": [
										22,
										0
									],
									"uv_size": [
										1,
										1
									]
								},
								"south": {
									"uv": [
										1,
										22
									],
									"uv_size": [
										1,
										1
									]
								},
								"west": {
									"uv": [
										22,
										1
									],
									"uv_size": [
										1,
										1
									]
								},
								"up": {
									"uv": [
										2,
										22
									],
									"uv_size": [
										1,
										1
									]
								},
								"down": {
									"uv": [
										22,
										3
									],
									"uv_size": [
										1,
										-1
									]
								}
							}
						},
						{
							"origin": [
								-6.37236,
								21.48148,
								8.93707
							],
							"size": [
								1,
								1,
								1
							],
							"pivot": [
								-5.37236,
								12.73148,
								1.18707
							],
							"rotation": [
								-22.5,
								0,
								0
							],
							"uv": {
								"north": {
									"uv": [
										3,
										22
									],
									"uv_size": [
										1,
										1
									]
								},
								"east": {
									"uv": [
										22,
										3
									],
									"uv_size": [
										1,
										1
									]
								},
								"south": {
									"uv": [
										4,
										22
									],
									"uv_size": [
										1,
										1
									]
								},
								"west": {
									"uv": [
										22,
										4
									],
									"uv_size": [
										1,
										1
									]
								},
								"up": {
									"uv": [
										5,
										22
									],
									"uv_size": [
										1,
										1
									]
								},
								"down": {
									"uv": [
										22,
										6
									],
									"uv_size": [
										1,
										-1
									]
								}
							}
						},
						{
							"origin": [
								-6.37236,
								19.48148,
								6.93707
							],
							"size": [
								1,
								1,
								1
							],
							"pivot": [
								-5.37236,
								12.73148,
								1.18707
							],
							"rotation": [
								-22.5,
								0,
								0
							],
							"uv": {
								"north": {
									"uv": [
										6,
										22
									],
									"uv_size": [
										1,
										1
									]
								},
								"east": {
									"uv": [
										22,
										6
									],
									"uv_size": [
										1,
										1
									]
								},
								"south": {
									"uv": [
										7,
										22
									],
									"uv_size": [
										1,
										1
									]
								},
								"west": {
									"uv": [
										22,
										7
									],
									"uv_size": [
										1,
										1
									]
								},
								"up": {
									"uv": [
										8,
										22
									],
									"uv_size": [
										1,
										1
									]
								},
								"down": {
									"uv": [
										22,
										9
									],
									"uv_size": [
										1,
										-1
									]
								}
							}
						},
						{
							"origin": [
								-6.37236,
								25.48148,
								12.93707
							],
							"size": [
								1,
								1,
								1
							],
							"pivot": [
								-5.37236,
								12.73148,
								1.18707
							],
							"rotation": [
								-22.5,
								0,
								0
							],
							"uv": {
								"north": {
									"uv": [
										9,
										22
									],
									"uv_size": [
										1,
										1
									]
								},
								"east": {
									"uv": [
										22,
										9
									],
									"uv_size": [
										1,
										1
									]
								},
								"south": {
									"uv": [
										10,
										22
									],
									"uv_size": [
										1,
										1
									]
								},
								"west": {
									"uv": [
										22,
										10
									],
									"uv_size": [
										1,
										1
									]
								},
								"up": {
									"uv": [
										11,
										22
									],
									"uv_size": [
										1,
										1
									]
								},
								"down": {
									"uv": [
										22,
										12
									],
									"uv_size": [
										1,
										-1
									]
								}
							}
						},
						{
							"origin": [
								-6.37236,
								23.48148,
								10.93707
							],
							"size": [
								1,
								1,
								1
							],
							"pivot": [
								-5.37236,
								12.73148,
								1.18707
							],
							"rotation": [
								-22.5,
								0,
								0
							],
							"uv": {
								"north": {
									"uv": [
										12,
										22
									],
									"uv_size": [
										1,
										1
									]
								},
								"east": {
									"uv": [
										22,
										12
									],
									"uv_size": [
										1,
										1
									]
								},
								"south": {
									"uv": [
										13,
										22
									],
									"uv_size": [
										1,
										1
									]
								},
								"west": {
									"uv": [
										22,
										13
									],
									"uv_size": [
										1,
										1
									]
								},
								"up": {
									"uv": [
										14,
										22
									],
									"uv_size": [
										1,
										1
									]
								},
								"down": {
									"uv": [
										22,
										15
									],
									"uv_size": [
										1,
										-1
									]
								}
							}
						},
						{
							"origin": [
								-6.37236,
								26.48148,
								11.93707
							],
							"size": [
								1,
								1,
								1
							],
							"pivot": [
								-5.37236,
								12.73148,
								1.18707
							],
							"rotation": [
								-22.5,
								0,
								0
							],
							"uv": {
								"north": {
									"uv": [
										15,
										22
									],
									"uv_size": [
										1,
										1
									]
								},
								"east": {
									"uv": [
										22,
										15
									],
									"uv_size": [
										1,
										1
									]
								},
								"south": {
									"uv": [
										16,
										22
									],
									"uv_size": [
										1,
										1
									]
								},
								"west": {
									"uv": [
										22,
										16
									],
									"uv_size": [
										1,
										1
									]
								},
								"up": {
									"uv": [
										17,
										22
									],
									"uv_size": [
										1,
										1
									]
								},
								"down": {
									"uv": [
										22,
										18
									],
									"uv_size": [
										1,
										-1
									]
								}
							}
						},
						{
							"origin": [
								-6.37236,
								15.48148,
								2.93707
							],
							"size": [
								1,
								1,
								1
							],
							"pivot": [
								-5.37236,
								12.73148,
								1.18707
							],
							"rotation": [
								-22.5,
								0,
								0
							],
							"uv": {
								"north": {
									"uv": [
										18,
										22
									],
									"uv_size": [
										1,
										1
									]
								},
								"east": {
									"uv": [
										22,
										18
									],
									"uv_size": [
										1,
										1
									]
								},
								"south": {
									"uv": [
										19,
										22
									],
									"uv_size": [
										1,
										1
									]
								},
								"west": {
									"uv": [
										22,
										19
									],
									"uv_size": [
										1,
										1
									]
								},
								"up": {
									"uv": [
										20,
										22
									],
									"uv_size": [
										1,
										1
									]
								},
								"down": {
									"uv": [
										22,
										21
									],
									"uv_size": [
										1,
										-1
									]
								}
							}
						},
						{
							"origin": [
								-6.37236,
								11.48148,
								-1.06293
							],
							"size": [
								1,
								1,
								1
							],
							"pivot": [
								-5.37236,
								12.73148,
								1.18707
							],
							"rotation": [
								-22.5,
								0,
								0
							],
							"uv": {
								"north": {
									"uv": [
										21,
										22
									],
									"uv_size": [
										1,
										1
									]
								},
								"east": {
									"uv": [
										22,
										21
									],
									"uv_size": [
										1,
										1
									]
								},
								"south": {
									"uv": [
										22,
										22
									],
									"uv_size": [
										1,
										1
									]
								},
								"west": {
									"uv": [
										0,
										23
									],
									"uv_size": [
										1,
										1
									]
								},
								"up": {
									"uv": [
										23,
										0
									],
									"uv_size": [
										1,
										1
									]
								},
								"down": {
									"uv": [
										1,
										24
									],
									"uv_size": [
										1,
										-1
									]
								}
							}
						},
						{
							"origin": [
								-6.37236,
								9.48148,
								-3.06293
							],
							"size": [
								1,
								1,
								1
							],
							"pivot": [
								-5.37236,
								12.73148,
								1.18707
							],
							"rotation": [
								-22.5,
								0,
								0
							],
							"uv": {
								"north": {
									"uv": [
										23,
										1
									],
									"uv_size": [
										1,
										1
									]
								},
								"east": {
									"uv": [
										2,
										23
									],
									"uv_size": [
										1,
										1
									]
								},
								"south": {
									"uv": [
										23,
										2
									],
									"uv_size": [
										1,
										1
									]
								},
								"west": {
									"uv": [
										3,
										23
									],
									"uv_size": [
										1,
										1
									]
								},
								"up": {
									"uv": [
										23,
										3
									],
									"uv_size": [
										1,
										1
									]
								},
								"down": {
									"uv": [
										4,
										24
									],
									"uv_size": [
										1,
										-1
									]
								}
							}
						},
						{
							"origin": [
								-6.37236,
								7.48148,
								-5.06293
							],
							"size": [
								1,
								1,
								1
							],
							"pivot": [
								-5.37236,
								12.73148,
								1.18707
							],
							"rotation": [
								-22.5,
								0,
								0
							],
							"uv": {
								"north": {
									"uv": [
										23,
										4
									],
									"uv_size": [
										1,
										1
									]
								},
								"east": {
									"uv": [
										5,
										23
									],
									"uv_size": [
										1,
										1
									]
								},
								"south": {
									"uv": [
										23,
										5
									],
									"uv_size": [
										1,
										1
									]
								},
								"west": {
									"uv": [
										6,
										23
									],
									"uv_size": [
										1,
										1
									]
								},
								"up": {
									"uv": [
										23,
										6
									],
									"uv_size": [
										1,
										1
									]
								},
								"down": {
									"uv": [
										7,
										24
									],
									"uv_size": [
										1,
										-1
									]
								}
							}
						},
						{
							"origin": [
								-6.37236,
								13.48148,
								0.93707
							],
							"size": [
								1,
								1,
								1
							],
							"pivot": [
								-5.37236,
								12.73148,
								1.18707
							],
							"rotation": [
								-22.5,
								0,
								0
							],
							"uv": {
								"north": {
									"uv": [
										23,
										7
									],
									"uv_size": [
										1,
										1
									]
								},
								"east": {
									"uv": [
										8,
										23
									],
									"uv_size": [
										1,
										1
									]
								},
								"south": {
									"uv": [
										23,
										8
									],
									"uv_size": [
										1,
										1
									]
								},
								"west": {
									"uv": [
										9,
										23
									],
									"uv_size": [
										1,
										1
									]
								},
								"up": {
									"uv": [
										23,
										9
									],
									"uv_size": [
										1,
										1
									]
								},
								"down": {
									"uv": [
										10,
										24
									],
									"uv_size": [
										1,
										-1
									]
								}
							}
						},
						{
							"origin": [
								-6.37236,
								17.48148,
								4.93707
							],
							"size": [
								1,
								1,
								1
							],
							"pivot": [
								-5.37236,
								12.73148,
								1.18707
							],
							"rotation": [
								-22.5,
								0,
								0
							],
							"uv": {
								"north": {
									"uv": [
										23,
										10
									],
									"uv_size": [
										1,
										1
									]
								},
								"east": {
									"uv": [
										11,
										23
									],
									"uv_size": [
										1,
										1
									]
								},
								"south": {
									"uv": [
										23,
										11
									],
									"uv_size": [
										1,
										1
									]
								},
								"west": {
									"uv": [
										12,
										23
									],
									"uv_size": [
										1,
										1
									]
								},
								"up": {
									"uv": [
										23,
										12
									],
									"uv_size": [
										1,
										1
									]
								},
								"down": {
									"uv": [
										13,
										24
									],
									"uv_size": [
										1,
										-1
									]
								}
							}
						}
					]
				}
			]
		}
	]
}