{
	"format_version": "1.16.0",
	"minecraft:geometry": [
		{
			"description": {
				"identifier": "geometry.knights_heater_shield_red_blacktwoeadedeagle",
				"texture_width": 64,
				"texture_height": 64,
				"visible_bounds_width": 2,
				"visible_bounds_height": 5.5,
				"visible_bounds_offset": [
					0,
					2.25,
					0
				]
			},
			"bones": [
				{
					"name": "shield",
					"binding": "q.item_slot_to_bone_name(c.item_slot)",
					"pivot": [
						1,
						15.5,
						3
					],
					"cubes": [
						{
							"origin": [
								-1,
								25,
								0
							],
							"size": [
								6,
								6,
								6
							],
							"uv": {
								"north": {
									"uv": [
										56,
										58
									],
									"uv_size": [
										8,
										6
									]
								},
								"east": {
									"uv": [
										48,
										58
									],
									"uv_size": [
										6,
										6
									]
								},
								"south": {
									"uv": [
										56,
										58
									],
									"uv_size": [
										6,
										6
									]
								},
								"west": {
									"uv": [
										48,
										58
									],
									"uv_size": [
										6,
										6
									]
								},
								"up": {
									"uv": [
										46,
										52
									],
									"uv_size": [
										6,
										6
									]
								},
								"down": {
									"uv": [
										52,
										58
									],
									"uv_size": [
										6,
										-6
									]
								}
							},
							"inflate": 0
						}
					]
				},
				{
					"name": "bone",
					"pivot": [
						3,
						28,
						0
					],
					"cubes": [
						{
							"origin": [
								-4,
								23,
								-1
							],
							"size": [
								15,
								11,
								1
							],
							"uv": {
								"north": {
									"uv": [
										9,
										8
									],
									"uv_size": [
										15,
										11
									]
								},
								"east": {
									"uv": [
										8,
										8
									],
									"uv_size": [
										1,
										11
									]
								},
								"south": {
									"uv": [
										41,
										8
									],
									"uv_size": [
										15,
										11
									]
								},
								"west": {
									"uv": [
										24,
										8
									],
									"uv_size": [
										1,
										11
									]
								},
								"up": {
									"uv": [
										9,
										7
									],
									"uv_size": [
										15,
										1
									]
								},
								"down": {
									"uv": [
										24,
										8
									],
									"uv_size": [
										15,
										-1
									]
								}
							},
							"inflate": 0
						},
						{
							"origin": [
								-3,
								21,
								-1
							],
							"size": [
								13,
								2,
								1
							],
							"uv": {
								"north": {
									"uv": [
										10,
										19
									],
									"uv_size": [
										13,
										2
									]
								},
								"east": {
									"uv": [
										12,
										33
									],
									"uv_size": [
										3,
										1
									]
								},
								"south": {
									"uv": [
										43,
										17
									],
									"uv_size": [
										13,
										2
									]
								},
								"west": {
									"uv": [
										23,
										19
									],
									"uv_size": [
										1,
										2
									]
								},
								"up": {
									"uv": [
										10,
										18
									],
									"uv_size": [
										13,
										1
									]
								},
								"down": {
									"uv": [
										1,
										34
									],
									"uv_size": [
										12,
										-1
									]
								}
							},
							"inflate": 0
						},
						{
							"origin": [
								-2,
								20,
								-1
							],
							"size": [
								11,
								1,
								1
							],
							"uv": {
								"north": {
									"uv": [
										11,
										21
									],
									"uv_size": [
										11,
										1
									]
								},
								"east": {
									"uv": [
										0,
										33
									],
									"uv_size": [
										11,
										1
									]
								},
								"south": {
									"uv": [
										43,
										21
									],
									"uv_size": [
										11,
										1
									]
								},
								"west": {
									"uv": [
										11,
										33
									],
									"uv_size": [
										6,
										1
									]
								},
								"up": {
									"uv": [
										11,
										20
									],
									"uv_size": [
										11,
										1
									]
								},
								"down": {
									"uv": [
										3,
										33
									],
									"uv_size": [
										14,
										1
									]
								}
							},
							"inflate": 0
						},
						{
							"origin": [
								-1,
								19,
								-1
							],
							"size": [
								9,
								1,
								1
							],
							"uv": {
								"north": {
									"uv": [
										11,
										22
									],
									"uv_size": [
										9,
										1
									]
								},
								"east": {
									"uv": [
										10,
										22
									],
									"uv_size": [
										1,
										1
									]
								},
								"south": {
									"uv": [
										44,
										23
									],
									"uv_size": [
										9,
										-1
									]
								},
								"west": {
									"uv": [
										30,
										33
									],
									"uv_size": [
										1,
										1
									]
								},
								"up": {
									"uv": [
										11,
										34
									],
									"uv_size": [
										9,
										-1
									]
								},
								"down": {
									"uv": [
										8,
										33
									],
									"uv_size": [
										9,
										1
									]
								}
							},
							"inflate": 0
						},
						{
							"origin": [
								0,
								18,
								-1
							],
							"size": [
								7,
								1,
								1
							],
							"uv": {
								"north": {
									"uv": [
										13,
										23
									],
									"uv_size": [
										7,
										1
									]
								},
								"east": {
									"uv": [
										12,
										23
									],
									"uv_size": [
										1,
										1
									]
								},
								"south": {
									"uv": [
										45,
										23
									],
									"uv_size": [
										7,
										1
									]
								},
								"west": {
									"uv": [
										20,
										23
									],
									"uv_size": [
										1,
										1
									]
								},
								"up": {
									"uv": [
										13,
										22
									],
									"uv_size": [
										7,
										1
									]
								},
								"down": {
									"uv": [
										20,
										23
									],
									"uv_size": [
										7,
										-1
									]
								}
							},
							"inflate": 0
						},
						{
							"origin": [
								2,
								17,
								-1
							],
							"size": [
								3,
								1,
								1
							],
							"uv": {
								"north": {
									"uv": [
										15,
										24
									],
									"uv_size": [
										3,
										1
									]
								},
								"east": {
									"uv": [
										14,
										24
									],
									"uv_size": [
										1,
										1
									]
								},
								"south": {
									"uv": [
										47,
										25
									],
									"uv_size": [
										3,
										-1
									]
								},
								"west": {
									"uv": [
										18,
										24
									],
									"uv_size": [
										1,
										1
									]
								},
								"up": {
									"uv": [
										50,
										25
									],
									"uv_size": [
										-3,
										-1
									]
								},
								"down": {
									"uv": [
										11,
										34
									],
									"uv_size": [
										3,
										-1
									]
								}
							},
							"inflate": 0
						}
					],
					"parent": "shield",
					"rotation": [
						0,
						0,
						-180
					]
				}
			]
		}
	]
}