{
	"format_version": "1.12.0",
	"minecraft:geometry": [
		{
			"description": {
				"identifier": "geometry.knights_iron_heavywarhammer",
				"texture_width": 32,
				"texture_height": 32,
				"visible_bounds_width": 4,
				"visible_bounds_height": 3.5,
				"visible_bounds_offset": [
					0,
					1.25,
					0
				]
			},
			"bones": [
				{
					"name": "rightItem",
					"pivot": [
						-6,
						15,
						1
					]
				},
				{
					"name": "weapon",
					"pivot": [
						-6,
						15,
						3
					],
					"parent": "rightItem"
				},
				{
					"name": "bone4",
					"pivot": [
						-6,
						15,
						3
					],
					"cubes": [
						{
							"origin": [
								-6.49525,
								15.14977,
								2.8181
							],
							"size": [
								1,
								3,
								3
							],
							"pivot": [
								-5.49525,
								13.39977,
								3.0681
							],
							"rotation": [
								-22.5,
								0,
								0
							],
							"uv": [
								7,
								8
							],
							"inflate": 0
						},
						{
							"origin": [
								-6.49525,
								13.14977,
								0.8181
							],
							"size": [
								1,
								2,
								2
							],
							"pivot": [
								-5.49525,
								13.39977,
								3.0681
							],
							"rotation": [
								-22.5,
								0,
								0
							],
							"uv": [
								17,
								10
							],
							"inflate": 0
						},
						{
							"origin": [
								-6.49525,
								7.14977,
								-5.1819
							],
							"size": [
								1,
								2,
								2
							],
							"pivot": [
								-5.49525,
								13.39977,
								3.0681
							],
							"rotation": [
								-22.5,
								0,
								0
							],
							"uv": [
								17,
								2
							],
							"inflate": 0
						},
						{
							"origin": [
								-6.49525,
								6.14977,
								-5.1819
							],
							"size": [
								1,
								1,
								1
							],
							"pivot": [
								-5.49525,
								13.39977,
								3.0681
							],
							"rotation": [
								-22.5,
								0,
								0
							],
							"uv": [
								7,
								22
							],
							"inflate": 0
						},
						{
							"origin": [
								-6.49525,
								0.14977,
								-11.1819
							],
							"size": [
								1,
								1,
								1
							],
							"pivot": [
								-5.49525,
								13.39977,
								3.0681
							],
							"rotation": [
								-22.5,
								0,
								0
							],
							"uv": [
								22,
								5
							],
							"inflate": 0
						},
						{
							"origin": [
								-6.49525,
								-1.85023,
								-11.1819
							],
							"size": [
								1,
								2,
								1
							],
							"pivot": [
								-5.49525,
								13.39977,
								3.0681
							],
							"rotation": [
								-22.5,
								0,
								0
							],
							"uv": [
								0,
								6
							],
							"inflate": 0
						},
						{
							"origin": [
								-6.49525,
								-4.85023,
								-10.1819
							],
							"size": [
								1,
								6,
								1
							],
							"pivot": [
								-5.49525,
								13.39977,
								3.0681
							],
							"rotation": [
								-22.5,
								0,
								0
							],
							"uv": [
								0,
								11
							],
							"inflate": 0
						},
						{
							"origin": [
								-6.49525,
								-3.85023,
								-9.1819
							],
							"size": [
								1,
								3,
								1
							],
							"pivot": [
								-5.49525,
								13.39977,
								3.0681
							],
							"rotation": [
								-22.5,
								0,
								0
							],
							"uv": [
								0,
								0
							],
							"inflate": 0
						},
						{
							"origin": [
								-6.49525,
								-1.85023,
								-8.1819
							],
							"size": [
								1,
								1,
								1
							],
							"pivot": [
								-5.49525,
								13.39977,
								3.0681
							],
							"rotation": [
								-22.5,
								0,
								0
							],
							"uv": [
								11,
								0
							],
							"inflate": 0
						},
						{
							"origin": [
								-6.49525,
								-2.85023,
								-8.1819
							],
							"size": [
								1,
								1,
								1
							],
							"pivot": [
								-5.49525,
								13.39977,
								3.0681
							],
							"rotation": [
								-22.5,
								0,
								0
							],
							"uv": [
								6,
								8
							],
							"inflate": 0
						},
						{
							"origin": [
								-6.49525,
								-1.85023,
								-7.1819
							],
							"size": [
								1,
								1,
								1
							],
							"pivot": [
								-5.49525,
								13.39977,
								3.0681
							],
							"rotation": [
								-22.5,
								0,
								0
							],
							"uv": [
								6,
								6
							],
							"inflate": 0
						},
						{
							"origin": [
								-6.49525,
								-0.85023,
								-9.1819
							],
							"size": [
								1,
								1,
								4
							],
							"pivot": [
								-5.49525,
								13.39977,
								3.0681
							],
							"rotation": [
								-22.5,
								0,
								0
							],
							"uv": [
								0,
								0
							],
							"inflate": 0
						},
						{
							"origin": [
								-6.49525,
								0.14977,
								-9.1819
							],
							"size": [
								1,
								1,
								1
							],
							"pivot": [
								-5.49525,
								13.39977,
								3.0681
							],
							"rotation": [
								-22.5,
								0,
								0
							],
							"uv": [
								0,
								18
							],
							"inflate": 0
						},
						{
							"origin": [
								-6.49525,
								-1.85023,
								-13.1819
							],
							"size": [
								1,
								1,
								1
							],
							"pivot": [
								-5.49525,
								13.39977,
								3.0681
							],
							"rotation": [
								-22.5,
								0,
								0
							],
							"uv": [
								3,
								22
							],
							"inflate": 0
						},
						{
							"origin": [
								-6.49525,
								2.14977,
								-9.1819
							],
							"size": [
								1,
								1,
								1
							],
							"pivot": [
								-5.49525,
								13.39977,
								3.0681
							],
							"rotation": [
								-22.5,
								0,
								0
							],
							"uv": [
								20,
								21
							],
							"inflate": 0
						},
						{
							"origin": [
								-6.49525,
								4.14977,
								-7.1819
							],
							"size": [
								1,
								1,
								1
							],
							"pivot": [
								-5.49525,
								13.39977,
								3.0681
							],
							"rotation": [
								-22.5,
								0,
								0
							],
							"uv": [
								16,
								21
							],
							"inflate": 0
						},
						{
							"origin": [
								-6.49525,
								5.14977,
								-7.1819
							],
							"size": [
								1,
								2,
								2
							],
							"pivot": [
								-5.49525,
								13.39977,
								3.0681
							],
							"rotation": [
								-22.5,
								0,
								0
							],
							"uv": [
								14,
								16
							],
							"inflate": 0
						},
						{
							"origin": [
								-6.49525,
								1.14977,
								-11.1819
							],
							"size": [
								1,
								2,
								2
							],
							"pivot": [
								-5.49525,
								13.39977,
								3.0681
							],
							"rotation": [
								-22.5,
								0,
								0
							],
							"uv": [
								8,
								16
							],
							"inflate": 0
						},
						{
							"origin": [
								-6.49525,
								2.14977,
								-13.1819
							],
							"size": [
								1,
								1,
								2
							],
							"pivot": [
								-5.49525,
								13.39977,
								3.0681
							],
							"rotation": [
								-22.5,
								0,
								0
							],
							"uv": [
								18,
								14
							],
							"inflate": 0
						},
						{
							"origin": [
								-6.49525,
								-0.85023,
								-13.1819
							],
							"size": [
								1,
								2,
								2
							],
							"pivot": [
								-5.49525,
								13.39977,
								3.0681
							],
							"rotation": [
								-22.5,
								0,
								0
							],
							"uv": [
								14,
								6
							],
							"inflate": 0
						},
						{
							"origin": [
								-6.49525,
								1.14977,
								-13.1819
							],
							"size": [
								1,
								1,
								1
							],
							"pivot": [
								-5.49525,
								13.39977,
								3.0681
							],
							"rotation": [
								-22.5,
								0,
								0
							],
							"uv": [
								12,
								16
							],
							"inflate": 0
						},
						{
							"origin": [
								-6.49525,
								2.14977,
								-14.1819
							],
							"size": [
								1,
								1,
								1
							],
							"pivot": [
								-5.49525,
								13.39977,
								3.0681
							],
							"rotation": [
								-22.5,
								0,
								0
							],
							"uv": [
								15,
								10
							],
							"inflate": 0
						},
						{
							"origin": [
								-6.49525,
								3.14977,
								-15.1819
							],
							"size": [
								1,
								2,
								2
							],
							"pivot": [
								-5.49525,
								13.39977,
								3.0681
							],
							"rotation": [
								-22.5,
								0,
								0
							],
							"uv": [
								7,
								0
							],
							"inflate": 0
						},
						{
							"origin": [
								-6.49525,
								3.14977,
								-13.1819
							],
							"size": [
								1,
								1,
								1
							],
							"pivot": [
								-5.49525,
								13.39977,
								3.0681
							],
							"rotation": [
								-22.5,
								0,
								0
							],
							"uv": [
								8,
								14
							],
							"inflate": 0
						},
						{
							"origin": [
								-6.49525,
								-2.85023,
								-15.1819
							],
							"size": [
								1,
								2,
								2
							],
							"pivot": [
								-5.49525,
								13.39977,
								3.0681
							],
							"rotation": [
								-22.5,
								0,
								0
							],
							"uv": [
								4,
								14
							],
							"inflate": 0
						},
						{
							"origin": [
								-6.49525,
								11.14977,
								-1.1819
							],
							"size": [
								1,
								2,
								2
							],
							"pivot": [
								-5.49525,
								13.39977,
								3.0681
							],
							"rotation": [
								-22.5,
								0,
								0
							],
							"uv": [
								13,
								12
							],
							"inflate": 0
						},
						{
							"origin": [
								-6.49525,
								3.14977,
								-9.1819
							],
							"size": [
								1,
								2,
								2
							],
							"pivot": [
								-5.49525,
								13.39977,
								3.0681
							],
							"rotation": [
								-22.5,
								0,
								0
							],
							"uv": [
								13,
								0
							],
							"inflate": 0
						},
						{
							"origin": [
								-6.49525,
								9.14977,
								-3.1819
							],
							"size": [
								1,
								2,
								2
							],
							"pivot": [
								-5.49525,
								13.39977,
								3.0681
							],
							"rotation": [
								-22.5,
								0,
								0
							],
							"uv": [
								10,
								4
							],
							"inflate": 0
						},
						{
							"origin": [
								-6.49525,
								15.14977,
								1.8181
							],
							"size": [
								1,
								1,
								1
							],
							"pivot": [
								-5.49525,
								13.39977,
								3.0681
							],
							"rotation": [
								-22.5,
								0,
								0
							],
							"uv": [
								21,
								10
							],
							"inflate": 0
						},
						{
							"origin": [
								-6.49525,
								13.14977,
								-0.1819
							],
							"size": [
								1,
								1,
								1
							],
							"pivot": [
								-5.49525,
								13.39977,
								3.0681
							],
							"rotation": [
								-22.5,
								0,
								0
							],
							"uv": [
								21,
								2
							],
							"inflate": 0
						},
						{
							"origin": [
								-6.49525,
								11.14977,
								-2.1819
							],
							"size": [
								1,
								1,
								1
							],
							"pivot": [
								-5.49525,
								13.39977,
								3.0681
							],
							"rotation": [
								-22.5,
								0,
								0
							],
							"uv": [
								21,
								0
							],
							"inflate": 0
						},
						{
							"origin": [
								-6.49525,
								9.14977,
								-4.1819
							],
							"size": [
								1,
								1,
								1
							],
							"pivot": [
								-5.49525,
								13.39977,
								3.0681
							],
							"rotation": [
								-22.5,
								0,
								0
							],
							"uv": [
								0,
								21
							],
							"inflate": 0
						},
						{
							"origin": [
								-6.49525,
								7.14977,
								-6.1819
							],
							"size": [
								1,
								1,
								1
							],
							"pivot": [
								-5.49525,
								13.39977,
								3.0681
							],
							"rotation": [
								-22.5,
								0,
								0
							],
							"uv": [
								20,
								17
							],
							"inflate": 0
						},
						{
							"origin": [
								-6.49525,
								5.14977,
								-8.1819
							],
							"size": [
								1,
								1,
								1
							],
							"pivot": [
								-5.49525,
								13.39977,
								3.0681
							],
							"rotation": [
								-22.5,
								0,
								0
							],
							"uv": [
								13,
								20
							],
							"inflate": 0
						},
						{
							"origin": [
								-6.49525,
								3.14977,
								-10.1819
							],
							"size": [
								1,
								1,
								1
							],
							"pivot": [
								-5.49525,
								13.39977,
								3.0681
							],
							"rotation": [
								-22.5,
								0,
								0
							],
							"uv": [
								9,
								20
							],
							"inflate": 0
						},
						{
							"origin": [
								-6.49525,
								1.14977,
								-12.1819
							],
							"size": [
								1,
								1,
								1
							],
							"pivot": [
								-5.49525,
								13.39977,
								3.0681
							],
							"rotation": [
								-22.5,
								0,
								0
							],
							"uv": [
								20,
								8
							],
							"inflate": 0
						},
						{
							"origin": [
								-6.49525,
								-0.85023,
								-14.1819
							],
							"size": [
								1,
								1,
								1
							],
							"pivot": [
								-5.49525,
								13.39977,
								3.0681
							],
							"rotation": [
								-22.5,
								0,
								0
							],
							"uv": [
								5,
								20
							],
							"inflate": 0
						},
						{
							"origin": [
								-6.49525,
								12.14977,
								0.8181
							],
							"size": [
								1,
								1,
								1
							],
							"pivot": [
								-5.49525,
								13.39977,
								3.0681
							],
							"rotation": [
								-22.5,
								0,
								0
							],
							"uv": [
								19,
								19
							],
							"inflate": 0
						},
						{
							"origin": [
								-6.49525,
								10.14977,
								-1.1819
							],
							"size": [
								1,
								1,
								1
							],
							"pivot": [
								-5.49525,
								13.39977,
								3.0681
							],
							"rotation": [
								-22.5,
								0,
								0
							],
							"uv": [
								18,
								6
							],
							"inflate": 0
						},
						{
							"origin": [
								-6.49525,
								8.14977,
								-3.1819
							],
							"size": [
								1,
								1,
								1
							],
							"pivot": [
								-5.49525,
								13.39977,
								3.0681
							],
							"rotation": [
								-22.5,
								0,
								0
							],
							"uv": [
								4,
								18
							],
							"inflate": 0
						},
						{
							"origin": [
								-6.49525,
								14.14977,
								2.8181
							],
							"size": [
								1,
								1,
								1
							],
							"pivot": [
								-5.49525,
								13.39977,
								3.0681
							],
							"rotation": [
								-22.5,
								0,
								0
							],
							"uv": [
								17,
								0
							],
							"inflate": 0
						}
					],
					"parent": "weapon",
					"rotation": [
						-22.5,
						0,
						0
					]
				}
			]
		}
	]
}