{
	"format_version": "1.12.0",
	"minecraft:geometry": [
		{
			"description": {
				"identifier": "geometry.knights_yellow_surcoat_blackdragoncrest",
				"texture_width": 64,
				"texture_height": 64,
				"visible_bounds_width": 3,
				"visible_bounds_height": 3,
				"visible_bounds_offset": [
					0,
					1.5,
					0
				]
			},
			"bones": [
				{
					"name": "head",
					"pivot": [
						0,
						24,
						0
					],
					"cubes": [
						{
							"origin": [
								-4,
								24,
								-4
							],
							"size": [
								8,
								8,
								8
							],
							"uv": {
								"north": {
									"uv": [
										8,
										8
									],
									"uv_size": [
										8,
										8
									]
								},
								"east": {
									"uv": [
										0,
										8
									],
									"uv_size": [
										8,
										8
									]
								},
								"south": {
									"uv": [
										24,
										8
									],
									"uv_size": [
										8,
										8
									]
								},
								"west": {
									"uv": [
										16,
										8
									],
									"uv_size": [
										8,
										8
									]
								},
								"up": {
									"uv": [
										8,
										0
									],
									"uv_size": [
										8,
										8
									]
								},
								"down": {
									"uv": [
										16,
										8
									],
									"uv_size": [
										8,
										-8
									]
								}
							},
							"inflate": 0.6
						},
						{
							"origin": [
								-4,
								24,
								-4
							],
							"size": [
								8,
								8,
								8
							],
							"uv": {
								"north": {
									"uv": [
										40,
										8
									],
									"uv_size": [
										8,
										8
									]
								},
								"east": {
									"uv": [
										32,
										8
									],
									"uv_size": [
										8,
										8
									]
								},
								"south": {
									"uv": [
										56,
										8
									],
									"uv_size": [
										8,
										8
									]
								},
								"west": {
									"uv": [
										48,
										8
									],
									"uv_size": [
										8,
										8
									]
								},
								"up": {
									"uv": [
										40,
										0
									],
									"uv_size": [
										8,
										8
									]
								},
								"down": {
									"uv": [
										48,
										8
									],
									"uv_size": [
										8,
										-8
									]
								}
							},
							"inflate": 1.2
						}
					]
				},
				{
					"name": "body",
					"pivot": [
						0,
						24,
						0
					],
					"cubes": [
						{
							"origin": [
								-4,
								12,
								-2
							],
							"size": [
								8,
								12,
								4
							],
							"uv": {
								"north": {
									"uv": [
										20,
										20
									],
									"uv_size": [
										8,
										12
									]
								},
								"east": {
									"uv": [
										16,
										20
									],
									"uv_size": [
										4,
										12
									]
								},
								"south": {
									"uv": [
										32,
										20
									],
									"uv_size": [
										8,
										12
									]
								},
								"west": {
									"uv": [
										28,
										20
									],
									"uv_size": [
										4,
										12
									]
								},
								"up": {
									"uv": [
										20,
										16
									],
									"uv_size": [
										8,
										4
									]
								},
								"down": {
									"uv": [
										28,
										20
									],
									"uv_size": [
										8,
										-4
									]
								}
							},
							"inflate": 0.8
						},
						{
							"origin": [
								-3.75,
								13,
								-3
							],
							"size": [
								7.5,
								9.5,
								0
							],
							"uv": {
								"north": {
									"uv": [
										48,
										39.25
									],
									"uv_size": [
										10,
										14.75
									]
								},
								"east": {
									"uv": [
										52,
										64
									],
									"uv_size": [
										5,
										0
									]
								},
								"south": {
									"uv": [
										51,
										20
									],
									"uv_size": [
										10,
										15
									]
								},
								"west": {
									"uv": [
										57,
										49
									],
									"uv_size": [
										-2,
										15
									]
								},
								"up": {
									"uv": [
										48,
										39
									],
									"uv_size": [
										10,
										0
									]
								},
								"down": {
									"uv": [
										58,
										39
									],
									"uv_size": [
										10,
										0
									]
								}
							},
							"inflate": -0.05
						}
					]
				},
				{
					"name": "rightArm",
					"pivot": [
						-5,
						22,
						0
					],
					"cubes": [
						{
							"origin": [
								-8,
								12,
								-2
							],
							"size": [
								4,
								12,
								4
							],
							"uv": {
								"north": {
									"uv": [
										44,
										20
									],
									"uv_size": [
										4,
										12
									]
								},
								"east": {
									"uv": [
										40,
										20
									],
									"uv_size": [
										4,
										12
									]
								},
								"south": {
									"uv": [
										52,
										20
									],
									"uv_size": [
										4,
										12
									]
								},
								"west": {
									"uv": [
										48,
										20
									],
									"uv_size": [
										4,
										12
									]
								},
								"up": {
									"uv": [
										44,
										16
									],
									"uv_size": [
										4,
										4
									]
								},
								"down": {
									"uv": [
										48,
										20
									],
									"uv_size": [
										4,
										-4
									]
								}
							},
							"inflate": 0.6
						}
					]
				},
				{
					"name": "leftArm",
					"pivot": [
						5,
						22,
						0
					],
					"cubes": [
						{
							"origin": [
								4,
								12,
								-2
							],
							"size": [
								4,
								12,
								4
							],
							"uv": {
								"north": {
									"uv": [
										48,
										20
									],
									"uv_size": [
										-4,
										12
									]
								},
								"east": {
									"uv": [
										52,
										20
									],
									"uv_size": [
										-4,
										12
									]
								},
								"south": {
									"uv": [
										56,
										20
									],
									"uv_size": [
										-4,
										12
									]
								},
								"west": {
									"uv": [
										44,
										20
									],
									"uv_size": [
										-4,
										12
									]
								},
								"up": {
									"uv": [
										48,
										16
									],
									"uv_size": [
										-4,
										4
									]
								},
								"down": {
									"uv": [
										52,
										20
									],
									"uv_size": [
										-4,
										-4
									]
								}
							},
							"inflate": 0.6
						}
					]
				},
				{
					"name": "rightLeg",
					"pivot": [
						-1.9,
						11.75,
						0
					],
					"cubes": [
						{
							"origin": [
								-4.25,
								1.75,
								-2
							],
							"size": [
								4,
								10,
								4
							],
							"uv": {
								"north": {
									"uv": [
										20,
										52
									],
									"uv_size": [
										4,
										10
									]
								},
								"east": {
									"uv": [
										16,
										52
									],
									"uv_size": [
										4,
										10
									]
								},
								"south": {
									"uv": [
										28,
										52
									],
									"uv_size": [
										4,
										10
									]
								},
								"west": {
									"uv": [
										0,
										44
									],
									"uv_size": [
										4,
										10
									]
								},
								"up": {
									"uv": [
										20,
										48
									],
									"uv_size": [
										4,
										4
									]
								},
								"down": {
									"uv": [
										24,
										52
									],
									"uv_size": [
										4,
										-4
									]
								}
							},
							"inflate": 0.8
						}
					]
				},
				{
					"name": "leftLeg",
					"pivot": [
						1.9,
						12,
						0
					],
					"cubes": [
						{
							"origin": [
								0.25,
								1.75,
								-2
							],
							"size": [
								4,
								10,
								4
							],
							"uv": {
								"north": {
									"uv": [
										8,
										20
									],
									"uv_size": [
										-4,
										10
									]
								},
								"east": {
									"uv": [
										4,
										34
									],
									"uv_size": [
										-4,
										10
									]
								},
								"south": {
									"uv": [
										16,
										20
									],
									"uv_size": [
										-4,
										10
									]
								},
								"west": {
									"uv": [
										4,
										20
									],
									"uv_size": [
										-4,
										10
									]
								},
								"up": {
									"uv": [
										8,
										16
									],
									"uv_size": [
										-4,
										4
									]
								},
								"down": {
									"uv": [
										12,
										20
									],
									"uv_size": [
										-4,
										-4
									]
								}
							},
							"inflate": 0.8
						}
					]
				}
			]
		}
	]
}