{
	"format_version": "1.12.0",
	"minecraft:geometry": [
		{
			"description": {
				"identifier": "geometry.knights_iron_heavymace",
				"texture_width": 32,
				"texture_height": 32,
				"visible_bounds_width": 5,
				"visible_bounds_height": 3.5,
				"visible_bounds_offset": [
					0,
					1.25,
					0
				]
			},
			"bones": [
				{
					"name": "rightItem",
					"pivot": [
						-6,
						15,
						1
					]
				},
				{
					"name": "weapon",
					"pivot": [
						-6,
						15,
						3
					],
					"parent": "rightItem"
				},
				{
					"name": "bone6",
					"pivot": [
						-6,
						16,
						3
					],
					"parent": "weapon",
					"rotation": [
						7.89059,
						-0.18552,
						0.04493
					]
				},
				{
					"name": "bone",
					"pivot": [
						-5.75,
						14,
						4
					],
					"cubes": [
						{
							"origin": [
								-7,
								14,
								3.75
							],
							"size": [
								1.5,
								22,
								1.5
							],
							"uv": {
								"north": {
									"uv": [
										14,
										0
									],
									"uv_size": [
										1.5,
										22
									]
								},
								"east": {
									"uv": [
										11,
										0
									],
									"uv_size": [
										1.5,
										22
									]
								},
								"south": {
									"uv": [
										14,
										0
									],
									"uv_size": [
										1.5,
										22
									]
								},
								"west": {
									"uv": [
										11,
										0
									],
									"uv_size": [
										1.5,
										22
									]
								},
								"up": {
									"uv": [
										1,
										32
									],
									"uv_size": [
										-1,
										-1
									]
								},
								"down": {
									"uv": [
										2,
										32
									],
									"uv_size": [
										-1,
										-1
									]
								}
							},
							"inflate": 0
						},
						{
							"origin": [
								-6.255,
								22.8,
								13.5
							],
							"size": [
								0.01,
								7,
								7
							],
							"pivot": [
								-5.75,
								14,
								4
							],
							"rotation": [
								45,
								0,
								0
							],
							"uv": {
								"north": {
									"uv": [
										0,
										12
									],
									"uv_size": [
										0,
										7
									]
								},
								"east": {
									"uv": [
										0,
										0
									],
									"uv_size": [
										7,
										7
									]
								},
								"south": {
									"uv": [
										0,
										0
									],
									"uv_size": [
										0,
										7
									]
								},
								"west": {
									"uv": [
										0,
										7
									],
									"uv_size": [
										7,
										7
									]
								},
								"up": {
									"uv": [
										0,
										7
									],
									"uv_size": [
										0,
										-7
									]
								},
								"down": {
									"uv": [
										0,
										14
									],
									"uv_size": [
										0,
										-7
									]
								}
							},
							"inflate": 0
						},
						{
							"origin": [
								-22.25,
								22.8,
								4.495
							],
							"size": [
								7,
								7,
								0.01
							],
							"pivot": [
								-5.75,
								14,
								4
							],
							"rotation": [
								0,
								0,
								45
							],
							"uv": {
								"north": {
									"uv": [
										0,
										0
									],
									"uv_size": [
										7,
										7
									]
								},
								"east": {
									"uv": [
										0,
										0
									],
									"uv_size": [
										1,
										7
									]
								},
								"south": {
									"uv": [
										0,
										7
									],
									"uv_size": [
										7,
										7
									]
								},
								"west": {
									"uv": [
										0,
										7
									],
									"uv_size": [
										1,
										7
									]
								},
								"up": {
									"uv": [
										8,
										0
									],
									"uv_size": [
										-7,
										0
									]
								},
								"down": {
									"uv": [
										7,
										14
									],
									"uv_size": [
										-7,
										-1
									]
								}
							},
							"inflate": 0
						}
					],
					"parent": "bone6",
					"rotation": [
						82.5,
						0,
						0
					]
				}
			]
		}
	]
}