{
	"format_version": "1.12.0",
	"minecraft:geometry": [
		{
			"description": {
				"identifier": "geometry.knights_mountain_pattern_helm",
				"texture_width": 64,
				"texture_height": 64,
				"visible_bounds_width": 3,
				"visible_bounds_height": 3,
				"visible_bounds_offset": [
					0,
					1.5,
					0
				]
			},
			"bones": [
				{
					"name": "head",
					"pivot": [
						0,
						24,
						0
					],
					"cubes": [
						{
							"origin": [
								-4,
								24,
								-4
							],
							"size": [
								8,
								8,
								8
							],
							"inflate": 0.6,
							"uv": {
								"north": {
									"uv": [
										0,
										0
									],
									"uv_size": [
										8,
										8
									]
								},
								"east": {
									"uv": [
										8,
										8
									],
									"uv_size": [
										8,
										8
									]
								},
								"south": {
									"uv": [
										8,
										0
									],
									"uv_size": [
										8,
										8
									]
								},
								"west": {
									"uv": [
										8,
										8
									],
									"uv_size": [
										8,
										8
									]
								},
								"up": {
									"uv": [
										8,
										16
									],
									"uv_size": [
										8,
										8
									]
								},
								"down": {
									"uv": [
										16,
										8
									],
									"uv_size": [
										8,
										-8
									]
								}
							}
						},
						{
							"origin": [
								4,
								24,
								-4
							],
							"size": [
								1,
								5,
								8
							],
							"inflate": 0.7,
							"pivot": [
								4,
								32,
								0
							],
							"rotation": [
								0,
								0,
								-7.5
							],
							"uv": {
								"north": {
									"uv": [
										13,
										31
									],
									"uv_size": [
										2,
										5
									]
								},
								"east": {
									"uv": [
										16,
										16
									],
									"uv_size": [
										8,
										5
									]
								},
								"south": {
									"uv": [
										15,
										31
									],
									"uv_size": [
										2,
										5
									]
								},
								"west": {
									"uv": [
										16,
										21
									],
									"uv_size": [
										8,
										5
									]
								},
								"up": {
									"uv": [
										10,
										26
									],
									"uv_size": [
										1,
										8
									]
								},
								"down": {
									"uv": [
										11,
										34
									],
									"uv_size": [
										1,
										-8
									]
								}
							}
						},
						{
							"origin": [
								-5,
								24,
								-4
							],
							"size": [
								1,
								5,
								8
							],
							"inflate": 0.7,
							"pivot": [
								-4,
								32,
								0
							],
							"rotation": [
								0,
								0,
								7.5
							],
							"uv": {
								"north": {
									"uv": [
										18,
										31
									],
									"uv_size": [
										2,
										5
									]
								},
								"east": {
									"uv": [
										0,
										24
									],
									"uv_size": [
										8,
										5
									]
								},
								"south": {
									"uv": [
										20,
										31
									],
									"uv_size": [
										2,
										5
									]
								},
								"west": {
									"uv": [
										24,
										0
									],
									"uv_size": [
										8,
										5
									]
								},
								"up": {
									"uv": [
										26,
										11
									],
									"uv_size": [
										1,
										8
									]
								},
								"down": {
									"uv": [
										12,
										34
									],
									"uv_size": [
										1,
										-8
									]
								}
							}
						},
						{
							"origin": [
								-4,
								30,
								-4
							],
							"size": [
								8,
								2,
								8
							],
							"inflate": 0.8,
							"uv": {
								"north": {
									"uv": [
										24,
										5
									],
									"uv_size": [
										8,
										3
									]
								},
								"east": {
									"uv": [
										24,
										5
									],
									"uv_size": [
										8,
										3
									]
								},
								"south": {
									"uv": [
										24,
										5
									],
									"uv_size": [
										8,
										3
									]
								},
								"west": {
									"uv": [
										24,
										5
									],
									"uv_size": [
										8,
										3
									]
								},
								"up": {
									"uv": [
										8,
										16
									],
									"uv_size": [
										8,
										8
									]
								},
								"down": {
									"uv": [
										16,
										16
									],
									"uv_size": [
										8,
										-8
									]
								}
							}
						},
						{
							"origin": [
								-4,
								31,
								-4
							],
							"size": [
								8,
								2,
								8
							],
							"inflate": 0.6,
							"uv": {
								"north": {
									"uv": [
										24,
										5
									],
									"uv_size": [
										8,
										3
									]
								},
								"east": {
									"uv": [
										24,
										5
									],
									"uv_size": [
										8,
										3
									]
								},
								"south": {
									"uv": [
										24,
										5
									],
									"uv_size": [
										8,
										3
									]
								},
								"west": {
									"uv": [
										24,
										5
									],
									"uv_size": [
										8,
										3
									]
								},
								"up": {
									"uv": [
										8,
										16
									],
									"uv_size": [
										8,
										8
									]
								},
								"down": {
									"uv": [
										16,
										16
									],
									"uv_size": [
										8,
										-8
									]
								}
							}
						},
						{
							"origin": [
								-1,
								30.5,
								1
							],
							"size": [
								2,
								5,
								2
							],
							"uv": {
								"north": {
									"uv": [
										24,
										11
									],
									"uv_size": [
										2,
										5
									]
								},
								"east": {
									"uv": [
										24,
										16
									],
									"uv_size": [
										2,
										5
									]
								},
								"south": {
									"uv": [
										24,
										21
									],
									"uv_size": [
										2,
										5
									]
								},
								"west": {
									"uv": [
										8,
										26
									],
									"uv_size": [
										2,
										5
									]
								},
								"up": {
									"uv": [
										17,
										26
									],
									"uv_size": [
										2,
										2
									]
								},
								"down": {
									"uv": [
										19,
										28
									],
									"uv_size": [
										2,
										-2
									]
								}
							}
						},
						{
							"origin": [
								-1,
								33.4421,
								-1.44465
							],
							"size": [
								2,
								2,
								3
							],
							"pivot": [
								0,
								34.70815,
								1.19814
							],
							"rotation": [
								37.5,
								0,
								0
							],
							"uv": {
								"north": {
									"uv": [
										2,
										10
									],
									"uv_size": [
										2,
										2
									]
								},
								"east": {
									"uv": [
										4,
										10
									],
									"uv_size": [
										2,
										2
									]
								},
								"south": {
									"uv": [
										6,
										10
									],
									"uv_size": [
										2,
										2
									]
								},
								"west": {
									"uv": [
										0,
										10
									],
									"uv_size": [
										2,
										2
									]
								},
								"up": {
									"uv": [
										4,
										10
									],
									"uv_size": [
										-2,
										-2
									]
								},
								"down": {
									"uv": [
										6,
										10
									],
									"uv_size": [
										-2,
										-2
									]
								}
							}
						}
					]
				},
				{
					"name": "plume",
					"parent": "head",
					"pivot": [
						0,
						35,
						2
					]
				},
				{
					"name": "plume1",
					"parent": "plume",
					"pivot": [
						0,
						36,
						2
					],
					"cubes": [
						{
							"origin": [
								-0.005,
								22.25,
								4.25
							],
							"size": [
								0.005,
								11.05,
								6
							],
							"uv": {
								"north": {
									"uv": [
										0,
										0
									],
									"uv_size": [
										0.005,
										11.05
									]
								},
								"east": {
									"uv": [
										0,
										52.95
									],
									"uv_size": [
										6,
										11.05
									]
								},
								"south": {
									"uv": [
										0,
										0
									],
									"uv_size": [
										0.005,
										11.05
									]
								},
								"west": {
									"uv": [
										6,
										52.95
									],
									"uv_size": [
										-6,
										11.05
									]
								},
								"up": {
									"uv": [
										0.005,
										6
									],
									"uv_size": [
										-0.005,
										-6
									]
								},
								"down": {
									"uv": [
										0.005,
										6
									],
									"uv_size": [
										-0.005,
										-6
									]
								}
							}
						},
						{
							"origin": [
								-0.005,
								33.25,
								3.25
							],
							"size": [
								0.005,
								2,
								7
							],
							"uv": {
								"north": {
									"uv": [
										0,
										0
									],
									"uv_size": [
										0.005,
										11.05
									]
								},
								"east": {
									"uv": [
										0,
										50.95
									],
									"uv_size": [
										7,
										2
									]
								},
								"south": {
									"uv": [
										0,
										0
									],
									"uv_size": [
										0.005,
										11.05
									]
								},
								"west": {
									"uv": [
										7,
										50.95
									],
									"uv_size": [
										-7,
										2
									]
								},
								"up": {
									"uv": [
										0.005,
										6
									],
									"uv_size": [
										-0.005,
										-6
									]
								},
								"down": {
									"uv": [
										0.005,
										6
									],
									"uv_size": [
										-0.005,
										-6
									]
								}
							}
						},
						{
							"origin": [
								-0.005,
								35.25,
								2.25
							],
							"size": [
								0.005,
								2,
								7
							],
							"uv": {
								"north": {
									"uv": [
										0,
										0
									],
									"uv_size": [
										0.005,
										11.05
									]
								},
								"east": {
									"uv": [
										0,
										48.95
									],
									"uv_size": [
										7,
										2
									]
								},
								"south": {
									"uv": [
										0,
										0
									],
									"uv_size": [
										0.005,
										11.05
									]
								},
								"west": {
									"uv": [
										7,
										48.95
									],
									"uv_size": [
										-7,
										2
									]
								},
								"up": {
									"uv": [
										0.005,
										14
									],
									"uv_size": [
										-0.005,
										-6
									]
								},
								"down": {
									"uv": [
										0.005,
										14
									],
									"uv_size": [
										-0.005,
										-6
									]
								}
							}
						}
					]
				},
				{
					"name": "plume2",
					"parent": "plume",
					"pivot": [
						0,
						36,
						2
					],
					"rotation": [
						0,
						-2.5,
						0
					],
					"cubes": [
						{
							"origin": [
								-0.005,
								22.25,
								4.25
							],
							"size": [
								0.005,
								11.05,
								6
							],
							"uv": {
								"north": {
									"uv": [
										0,
										0
									],
									"uv_size": [
										0.005,
										11.05
									]
								},
								"east": {
									"uv": [
										0,
										52.95
									],
									"uv_size": [
										6,
										11.05
									]
								},
								"south": {
									"uv": [
										0,
										0
									],
									"uv_size": [
										0.005,
										11.05
									]
								},
								"west": {
									"uv": [
										6,
										52.95
									],
									"uv_size": [
										-6,
										11.05
									]
								},
								"up": {
									"uv": [
										0.005,
										6
									],
									"uv_size": [
										-0.005,
										-6
									]
								},
								"down": {
									"uv": [
										0.005,
										6
									],
									"uv_size": [
										-0.005,
										-6
									]
								}
							}
						},
						{
							"origin": [
								-0.005,
								33.25,
								3.25
							],
							"size": [
								0.005,
								2,
								7
							],
							"uv": {
								"north": {
									"uv": [
										0,
										0
									],
									"uv_size": [
										0.005,
										11.05
									]
								},
								"east": {
									"uv": [
										0,
										50.95
									],
									"uv_size": [
										7,
										2
									]
								},
								"south": {
									"uv": [
										0,
										0
									],
									"uv_size": [
										0.005,
										11.05
									]
								},
								"west": {
									"uv": [
										7,
										50.95
									],
									"uv_size": [
										-7,
										2
									]
								},
								"up": {
									"uv": [
										0.005,
										6
									],
									"uv_size": [
										-0.005,
										-6
									]
								},
								"down": {
									"uv": [
										0.005,
										6
									],
									"uv_size": [
										-0.005,
										-6
									]
								}
							}
						},
						{
							"origin": [
								-0.005,
								35.25,
								2.25
							],
							"size": [
								0.005,
								2,
								7
							],
							"uv": {
								"north": {
									"uv": [
										0,
										0
									],
									"uv_size": [
										0.005,
										11.05
									]
								},
								"east": {
									"uv": [
										0,
										48.95
									],
									"uv_size": [
										7,
										2
									]
								},
								"south": {
									"uv": [
										0,
										0
									],
									"uv_size": [
										0.005,
										11.05
									]
								},
								"west": {
									"uv": [
										7,
										48.95
									],
									"uv_size": [
										-7,
										2
									]
								},
								"up": {
									"uv": [
										0.005,
										14
									],
									"uv_size": [
										-0.005,
										-6
									]
								},
								"down": {
									"uv": [
										0.005,
										14
									],
									"uv_size": [
										-0.005,
										-6
									]
								}
							}
						}
					]
				},
				{
					"name": "plume3",
					"parent": "plume",
					"pivot": [
						0,
						36,
						2
					],
					"rotation": [
						0,
						-5,
						0
					],
					"cubes": [
						{
							"origin": [
								-0.005,
								22.25,
								4.25
							],
							"size": [
								0.005,
								11.05,
								6
							],
							"uv": {
								"north": {
									"uv": [
										0,
										0
									],
									"uv_size": [
										0.005,
										11.05
									]
								},
								"east": {
									"uv": [
										0,
										52.95
									],
									"uv_size": [
										6,
										11.05
									]
								},
								"south": {
									"uv": [
										0,
										0
									],
									"uv_size": [
										0.005,
										11.05
									]
								},
								"west": {
									"uv": [
										6,
										52.95
									],
									"uv_size": [
										-6,
										11.05
									]
								},
								"up": {
									"uv": [
										0.005,
										6
									],
									"uv_size": [
										-0.005,
										-6
									]
								},
								"down": {
									"uv": [
										0.005,
										6
									],
									"uv_size": [
										-0.005,
										-6
									]
								}
							}
						},
						{
							"origin": [
								-0.005,
								33.25,
								3.25
							],
							"size": [
								0.005,
								2,
								7
							],
							"uv": {
								"north": {
									"uv": [
										0,
										0
									],
									"uv_size": [
										0.005,
										11.05
									]
								},
								"east": {
									"uv": [
										0,
										50.95
									],
									"uv_size": [
										7,
										2
									]
								},
								"south": {
									"uv": [
										0,
										0
									],
									"uv_size": [
										0.005,
										11.05
									]
								},
								"west": {
									"uv": [
										7,
										50.95
									],
									"uv_size": [
										-7,
										2
									]
								},
								"up": {
									"uv": [
										0.005,
										6
									],
									"uv_size": [
										-0.005,
										-6
									]
								},
								"down": {
									"uv": [
										0.005,
										6
									],
									"uv_size": [
										-0.005,
										-6
									]
								}
							}
						},
						{
							"origin": [
								-0.005,
								35.25,
								2.25
							],
							"size": [
								0.005,
								2,
								7
							],
							"uv": {
								"north": {
									"uv": [
										0,
										0
									],
									"uv_size": [
										0.005,
										11.05
									]
								},
								"east": {
									"uv": [
										0,
										48.95
									],
									"uv_size": [
										7,
										2
									]
								},
								"south": {
									"uv": [
										0,
										0
									],
									"uv_size": [
										0.005,
										11.05
									]
								},
								"west": {
									"uv": [
										7,
										48.95
									],
									"uv_size": [
										-7,
										2
									]
								},
								"up": {
									"uv": [
										0.005,
										14
									],
									"uv_size": [
										-0.005,
										-6
									]
								},
								"down": {
									"uv": [
										0.005,
										14
									],
									"uv_size": [
										-0.005,
										-6
									]
								}
							}
						}
					]
				},
				{
					"name": "plume4",
					"parent": "plume",
					"pivot": [
						0,
						36,
						2
					],
					"rotation": [
						0,
						2.5,
						0
					],
					"cubes": [
						{
							"origin": [
								-0.005,
								22.25,
								4.25
							],
							"size": [
								0.005,
								11.05,
								6
							],
							"uv": {
								"north": {
									"uv": [
										0,
										0
									],
									"uv_size": [
										0.005,
										11.05
									]
								},
								"east": {
									"uv": [
										0,
										52.95
									],
									"uv_size": [
										6,
										11.05
									]
								},
								"south": {
									"uv": [
										0,
										0
									],
									"uv_size": [
										0.005,
										11.05
									]
								},
								"west": {
									"uv": [
										6,
										52.95
									],
									"uv_size": [
										-6,
										11.05
									]
								},
								"up": {
									"uv": [
										0.005,
										6
									],
									"uv_size": [
										-0.005,
										-6
									]
								},
								"down": {
									"uv": [
										0.005,
										6
									],
									"uv_size": [
										-0.005,
										-6
									]
								}
							}
						},
						{
							"origin": [
								-0.005,
								33.25,
								3.25
							],
							"size": [
								0.005,
								2,
								7
							],
							"uv": {
								"north": {
									"uv": [
										0,
										0
									],
									"uv_size": [
										0.005,
										11.05
									]
								},
								"east": {
									"uv": [
										0,
										50.95
									],
									"uv_size": [
										7,
										2
									]
								},
								"south": {
									"uv": [
										0,
										0
									],
									"uv_size": [
										0.005,
										11.05
									]
								},
								"west": {
									"uv": [
										7,
										50.95
									],
									"uv_size": [
										-7,
										2
									]
								},
								"up": {
									"uv": [
										0.005,
										6
									],
									"uv_size": [
										-0.005,
										-6
									]
								},
								"down": {
									"uv": [
										0.005,
										6
									],
									"uv_size": [
										-0.005,
										-6
									]
								}
							}
						},
						{
							"origin": [
								-0.005,
								35.25,
								2.25
							],
							"size": [
								0.005,
								2,
								7
							],
							"uv": {
								"north": {
									"uv": [
										0,
										0
									],
									"uv_size": [
										0.005,
										11.05
									]
								},
								"east": {
									"uv": [
										0,
										48.95
									],
									"uv_size": [
										7,
										2
									]
								},
								"south": {
									"uv": [
										0,
										0
									],
									"uv_size": [
										0.005,
										11.05
									]
								},
								"west": {
									"uv": [
										7,
										48.95
									],
									"uv_size": [
										-7,
										2
									]
								},
								"up": {
									"uv": [
										0.005,
										14
									],
									"uv_size": [
										-0.005,
										-6
									]
								},
								"down": {
									"uv": [
										0.005,
										14
									],
									"uv_size": [
										-0.005,
										-6
									]
								}
							}
						}
					]
				},
				{
					"name": "plume5",
					"parent": "plume",
					"pivot": [
						0,
						36,
						2
					],
					"rotation": [
						0,
						5,
						0
					],
					"cubes": [
						{
							"origin": [
								-0.005,
								22.25,
								4.25
							],
							"size": [
								0.005,
								11.05,
								6
							],
							"uv": {
								"north": {
									"uv": [
										0,
										0
									],
									"uv_size": [
										0.005,
										11.05
									]
								},
								"east": {
									"uv": [
										0,
										52.95
									],
									"uv_size": [
										6,
										11.05
									]
								},
								"south": {
									"uv": [
										0,
										0
									],
									"uv_size": [
										0.005,
										11.05
									]
								},
								"west": {
									"uv": [
										6,
										52.95
									],
									"uv_size": [
										-6,
										11.05
									]
								},
								"up": {
									"uv": [
										0.005,
										6
									],
									"uv_size": [
										-0.005,
										-6
									]
								},
								"down": {
									"uv": [
										0.005,
										6
									],
									"uv_size": [
										-0.005,
										-6
									]
								}
							}
						},
						{
							"origin": [
								-0.005,
								33.25,
								3.25
							],
							"size": [
								0.005,
								2,
								7
							],
							"uv": {
								"north": {
									"uv": [
										0,
										0
									],
									"uv_size": [
										0.005,
										11.05
									]
								},
								"east": {
									"uv": [
										0,
										50.95
									],
									"uv_size": [
										7,
										2
									]
								},
								"south": {
									"uv": [
										0,
										0
									],
									"uv_size": [
										0.005,
										11.05
									]
								},
								"west": {
									"uv": [
										7,
										50.95
									],
									"uv_size": [
										-7,
										2
									]
								},
								"up": {
									"uv": [
										0.005,
										6
									],
									"uv_size": [
										-0.005,
										-6
									]
								},
								"down": {
									"uv": [
										0.005,
										6
									],
									"uv_size": [
										-0.005,
										-6
									]
								}
							}
						},
						{
							"origin": [
								-0.005,
								35.25,
								2.25
							],
							"size": [
								0.005,
								2,
								7
							],
							"uv": {
								"north": {
									"uv": [
										0,
										0
									],
									"uv_size": [
										0.005,
										11.05
									]
								},
								"east": {
									"uv": [
										0,
										48.95
									],
									"uv_size": [
										7,
										2
									]
								},
								"south": {
									"uv": [
										0,
										0
									],
									"uv_size": [
										0.005,
										11.05
									]
								},
								"west": {
									"uv": [
										7,
										48.95
									],
									"uv_size": [
										-7,
										2
									]
								},
								"up": {
									"uv": [
										0.005,
										14
									],
									"uv_size": [
										-0.005,
										-6
									]
								},
								"down": {
									"uv": [
										0.005,
										14
									],
									"uv_size": [
										-0.005,
										-6
									]
								}
							}
						}
					]
				}
			]
		}
	]
}