{
	"format_version": "1.12.0",
	"minecraft:geometry": [
		{
			"description": {
				"identifier": "geometry.knights_iron_ninjato_offhand",
				"texture_width": 32,
				"texture_height": 32,
				"visible_bounds_width": 4,
				"visible_bounds_height": 3.5,
				"visible_bounds_offset": [
					0,
					1.25,
					0
				]
			},
			"bones": [
				{
					"name": "leftitem",
					"pivot": [
						5,
						15,
						1
					]
				},
				{
					"name": "weapon",
					"parent": "leftitem",
					"pivot": [
						-6,
						15,
						3
					]
				},
				{
					"name": "ninjato",
					"parent": "weapon",
					"pivot": [
						5,
						15,
						5
					],
					"rotation": [
						-12.51564,
						0.75155,
						177.61557
					],
					"cubes": [
						{
							"origin": [
								4.50475,
								15.14977,
								4.8181
							],
							"size": [
								1,
								2,
								2
							],
							"pivot": [
								5.50475,
								13.39977,
								5.0681
							],
							"rotation": [
								-22.5,
								0,
								0
							],
							"uv": [
								16,
								6
							]
						},
						{
							"origin": [
								4.50475,
								14.14977,
								2.8181
							],
							"size": [
								1,
								2,
								2
							],
							"pivot": [
								5.50475,
								13.39977,
								5.0681
							],
							"rotation": [
								-22.5,
								0,
								0
							],
							"uv": [
								16,
								2
							]
						},
						{
							"origin": [
								4.50475,
								14.14977,
								4.8181
							],
							"size": [
								1,
								1,
								1
							],
							"pivot": [
								5.50475,
								13.39977,
								5.0681
							],
							"rotation": [
								-22.5,
								0,
								0
							],
							"uv": [
								23,
								21
							]
						},
						{
							"origin": [
								4.50475,
								13.14977,
								2.8181
							],
							"size": [
								1,
								1,
								2
							],
							"pivot": [
								5.50475,
								13.39977,
								5.0681
							],
							"rotation": [
								-22.5,
								0,
								0
							],
							"uv": [
								12,
								16
							]
						},
						{
							"origin": [
								4.50475,
								12.14977,
								1.8181
							],
							"size": [
								1,
								1,
								1
							],
							"pivot": [
								5.50475,
								13.39977,
								5.0681
							],
							"rotation": [
								-22.5,
								0,
								0
							],
							"uv": [
								23,
								10
							]
						},
						{
							"origin": [
								4.50475,
								11.14977,
								0.8181
							],
							"size": [
								1,
								1,
								1
							],
							"pivot": [
								5.50475,
								13.39977,
								5.0681
							],
							"rotation": [
								-22.5,
								0,
								0
							],
							"uv": [
								8,
								23
							]
						},
						{
							"origin": [
								4.50475,
								13.14977,
								1.8181
							],
							"size": [
								1,
								2,
								1
							],
							"pivot": [
								5.50475,
								13.39977,
								5.0681
							],
							"rotation": [
								-22.5,
								0,
								0
							],
							"uv": [
								20,
								19
							]
						},
						{
							"origin": [
								4.50475,
								12.14977,
								0.8181
							],
							"size": [
								1,
								2,
								1
							],
							"pivot": [
								5.50475,
								13.39977,
								5.0681
							],
							"rotation": [
								-22.5,
								0,
								0
							],
							"uv": [
								20,
								0
							]
						},
						{
							"origin": [
								4.50475,
								11.14977,
								-0.1819
							],
							"size": [
								1,
								2,
								1
							],
							"pivot": [
								5.50475,
								13.39977,
								5.0681
							],
							"rotation": [
								-22.5,
								0,
								0
							],
							"uv": [
								16,
								19
							]
						},
						{
							"origin": [
								4.50475,
								10.14977,
								-1.1819
							],
							"size": [
								1,
								2,
								1
							],
							"pivot": [
								5.50475,
								13.39977,
								5.0681
							],
							"rotation": [
								-22.5,
								0,
								0
							],
							"uv": [
								12,
								19
							]
						},
						{
							"origin": [
								4.50475,
								9.14977,
								-4.1819
							],
							"size": [
								1,
								2,
								3
							],
							"pivot": [
								5.50475,
								13.39977,
								5.0681
							],
							"rotation": [
								-22.5,
								0,
								0
							],
							"uv": [
								0,
								0
							]
						},
						{
							"origin": [
								4.50475,
								10.14977,
								-0.1819
							],
							"size": [
								1,
								1,
								1
							],
							"pivot": [
								5.50475,
								13.39977,
								5.0681
							],
							"rotation": [
								-22.5,
								0,
								0
							],
							"uv": [
								23,
								5
							]
						},
						{
							"origin": [
								4.50475,
								7.14977,
								-6.1819
							],
							"size": [
								1,
								1,
								3
							],
							"pivot": [
								5.50475,
								13.39977,
								5.0681
							],
							"rotation": [
								-22.5,
								0,
								0
							],
							"uv": [
								0,
								13
							]
						},
						{
							"origin": [
								4.50475,
								6.14977,
								-7.1819
							],
							"size": [
								1,
								1,
								3
							],
							"pivot": [
								5.50475,
								13.39977,
								5.0681
							],
							"rotation": [
								-22.5,
								0,
								0
							],
							"uv": [
								10,
								12
							]
						},
						{
							"origin": [
								4.50475,
								5.14977,
								-8.1819
							],
							"size": [
								1,
								1,
								3
							],
							"pivot": [
								5.50475,
								13.39977,
								5.0681
							],
							"rotation": [
								-22.5,
								0,
								0
							],
							"uv": [
								10,
								8
							]
						},
						{
							"origin": [
								4.50475,
								4.14977,
								-9.1819
							],
							"size": [
								1,
								1,
								3
							],
							"pivot": [
								5.50475,
								13.39977,
								5.0681
							],
							"rotation": [
								-22.5,
								0,
								0
							],
							"uv": [
								5,
								10
							]
						},
						{
							"origin": [
								4.50475,
								3.14977,
								-10.1819
							],
							"size": [
								1,
								1,
								3
							],
							"pivot": [
								5.50475,
								13.39977,
								5.0681
							],
							"rotation": [
								-22.5,
								0,
								0
							],
							"uv": [
								10,
								4
							]
						},
						{
							"origin": [
								4.50475,
								2.14977,
								-11.1819
							],
							"size": [
								1,
								1,
								1
							],
							"pivot": [
								5.50475,
								13.39977,
								5.0681
							],
							"rotation": [
								-22.5,
								0,
								0
							],
							"uv": [
								4,
								23
							]
						},
						{
							"origin": [
								4.50475,
								1.14977,
								-11.1819
							],
							"size": [
								1,
								1,
								3
							],
							"pivot": [
								5.50475,
								13.39977,
								5.0681
							],
							"rotation": [
								-22.5,
								0,
								0
							],
							"uv": [
								10,
								0
							]
						},
						{
							"origin": [
								4.50475,
								0.14977,
								-12.1819
							],
							"size": [
								1,
								1,
								3
							],
							"pivot": [
								5.50475,
								13.39977,
								5.0681
							],
							"rotation": [
								-22.5,
								0,
								0
							],
							"uv": [
								0,
								9
							]
						},
						{
							"origin": [
								4.50475,
								-0.85023,
								-13.1819
							],
							"size": [
								1,
								1,
								3
							],
							"pivot": [
								5.50475,
								13.39977,
								5.0681
							],
							"rotation": [
								-22.5,
								0,
								0
							],
							"uv": [
								5,
								6
							]
						},
						{
							"origin": [
								4.50475,
								-1.85023,
								-13.1819
							],
							"size": [
								1,
								1,
								2
							],
							"pivot": [
								5.50475,
								13.39977,
								5.0681
							],
							"rotation": [
								-22.5,
								0,
								0
							],
							"uv": [
								15,
								12
							]
						},
						{
							"origin": [
								4.50475,
								2.14977,
								-10.1819
							],
							"size": [
								1,
								1,
								3
							],
							"pivot": [
								5.50475,
								13.39977,
								5.0681
							],
							"rotation": [
								-22.5,
								0,
								0
							],
							"uv": [
								5,
								2
							]
						},
						{
							"origin": [
								4.50475,
								3.14977,
								-7.1819
							],
							"size": [
								1,
								1,
								1
							],
							"pivot": [
								5.50475,
								13.39977,
								5.0681
							],
							"rotation": [
								-22.5,
								0,
								0
							],
							"uv": [
								0,
								23
							]
						},
						{
							"origin": [
								4.50475,
								4.14977,
								-6.1819
							],
							"size": [
								1,
								1,
								1
							],
							"pivot": [
								5.50475,
								13.39977,
								5.0681
							],
							"rotation": [
								-22.5,
								0,
								0
							],
							"uv": [
								19,
								22
							]
						},
						{
							"origin": [
								4.50475,
								5.14977,
								-5.1819
							],
							"size": [
								1,
								1,
								1
							],
							"pivot": [
								5.50475,
								13.39977,
								5.0681
							],
							"rotation": [
								-22.5,
								0,
								0
							],
							"uv": [
								22,
								17
							]
						},
						{
							"origin": [
								4.50475,
								6.14977,
								-4.1819
							],
							"size": [
								1,
								1,
								1
							],
							"pivot": [
								5.50475,
								13.39977,
								5.0681
							],
							"rotation": [
								-22.5,
								0,
								0
							],
							"uv": [
								22,
								15
							]
						},
						{
							"origin": [
								4.50475,
								7.14977,
								-3.1819
							],
							"size": [
								1,
								1,
								1
							],
							"pivot": [
								5.50475,
								13.39977,
								5.0681
							],
							"rotation": [
								-22.5,
								0,
								0
							],
							"uv": [
								15,
								22
							]
						},
						{
							"origin": [
								4.50475,
								8.14977,
								-2.1819
							],
							"size": [
								1,
								1,
								1
							],
							"pivot": [
								5.50475,
								13.39977,
								5.0681
							],
							"rotation": [
								-22.5,
								0,
								0
							],
							"uv": [
								11,
								22
							]
						},
						{
							"origin": [
								4.50475,
								9.14977,
								-1.1819
							],
							"size": [
								1,
								1,
								1
							],
							"pivot": [
								5.50475,
								13.39977,
								5.0681
							],
							"rotation": [
								-22.5,
								0,
								0
							],
							"uv": [
								22,
								8
							]
						},
						{
							"origin": [
								4.50475,
								1.14977,
								-12.1819
							],
							"size": [
								1,
								1,
								1
							],
							"pivot": [
								5.50475,
								13.39977,
								5.0681
							],
							"rotation": [
								-22.5,
								0,
								0
							],
							"uv": [
								22,
								3
							]
						},
						{
							"origin": [
								4.50475,
								0.14977,
								-13.1819
							],
							"size": [
								1,
								1,
								1
							],
							"pivot": [
								5.50475,
								13.39977,
								5.0681
							],
							"rotation": [
								-22.5,
								0,
								0
							],
							"uv": [
								21,
								13
							]
						},
						{
							"origin": [
								4.50475,
								-0.85023,
								-14.1819
							],
							"size": [
								1,
								1,
								1
							],
							"pivot": [
								5.50475,
								13.39977,
								5.0681
							],
							"rotation": [
								-22.5,
								0,
								0
							],
							"uv": [
								0,
								21
							]
						},
						{
							"origin": [
								4.50475,
								-1.85023,
								-15.1819
							],
							"size": [
								1,
								1,
								1
							],
							"pivot": [
								5.50475,
								13.39977,
								5.0681
							],
							"rotation": [
								-22.5,
								0,
								0
							],
							"uv": [
								20,
								6
							]
						},
						{
							"origin": [
								4.50475,
								-2.85023,
								-16.1819
							],
							"size": [
								1,
								1,
								1
							],
							"pivot": [
								5.50475,
								13.39977,
								5.0681
							],
							"rotation": [
								-22.5,
								0,
								0
							],
							"uv": [
								15,
								0
							]
						},
						{
							"origin": [
								4.50475,
								-3.85023,
								-17.1819
							],
							"size": [
								1,
								1,
								1
							],
							"pivot": [
								5.50475,
								13.39977,
								5.0681
							],
							"rotation": [
								-22.5,
								0,
								0
							],
							"uv": [
								9,
								0
							]
						},
						{
							"origin": [
								4.50475,
								-5.85023,
								-18.1819
							],
							"size": [
								1,
								2,
								1
							],
							"pivot": [
								5.50475,
								13.39977,
								5.0681
							],
							"rotation": [
								-22.5,
								0,
								0
							],
							"uv": [
								19,
								10
							]
						},
						{
							"origin": [
								4.50475,
								-7.85023,
								-19.1819
							],
							"size": [
								1,
								2,
								2
							],
							"pivot": [
								5.50475,
								13.39977,
								5.0681
							],
							"rotation": [
								-22.5,
								0,
								0
							],
							"uv": [
								6,
								15
							]
						},
						{
							"origin": [
								4.50475,
								-6.85023,
								-17.1819
							],
							"size": [
								1,
								3,
								1
							],
							"pivot": [
								5.50475,
								13.39977,
								5.0681
							],
							"rotation": [
								-22.5,
								0,
								0
							],
							"uv": [
								8,
								19
							]
						},
						{
							"origin": [
								4.50475,
								-5.85023,
								-16.1819
							],
							"size": [
								1,
								3,
								1
							],
							"pivot": [
								5.50475,
								13.39977,
								5.0681
							],
							"rotation": [
								-22.5,
								0,
								0
							],
							"uv": [
								4,
								19
							]
						},
						{
							"origin": [
								4.50475,
								-4.85023,
								-15.1819
							],
							"size": [
								1,
								3,
								1
							],
							"pivot": [
								5.50475,
								13.39977,
								5.0681
							],
							"rotation": [
								-22.5,
								0,
								0
							],
							"uv": [
								0,
								17
							]
						},
						{
							"origin": [
								4.50475,
								-3.85023,
								-14.1819
							],
							"size": [
								1,
								3,
								1
							],
							"pivot": [
								5.50475,
								13.39977,
								5.0681
							],
							"rotation": [
								-22.5,
								0,
								0
							],
							"uv": [
								18,
								15
							]
						},
						{
							"origin": [
								4.50475,
								-2.85023,
								-13.1819
							],
							"size": [
								1,
								1,
								1
							],
							"pivot": [
								5.50475,
								13.39977,
								5.0681
							],
							"rotation": [
								-22.5,
								0,
								0
							],
							"uv": [
								5,
								0
							]
						},
						{
							"origin": [
								4.50475,
								8.14977,
								-5.1819
							],
							"size": [
								1,
								1,
								3
							],
							"pivot": [
								5.50475,
								13.39977,
								5.0681
							],
							"rotation": [
								-22.5,
								0,
								0
							],
							"uv": [
								0,
								5
							]
						}
					]
				}
			]
		}
	]
}