{
	"format_version": "1.12.0",
	"minecraft:geometry": [
		{
			"description": {
				"identifier": "geometry.knights_samurai_armour",
				"texture_width": 64,
				"texture_height": 64,
				"visible_bounds_width": 3,
				"visible_bounds_height": 3.5,
				"visible_bounds_offset": [
					0,
					1.25,
					0
				]
			},
			"bones": [
				{
					"name": "body",
					"pivot": [
						0,
						24,
						0
					],
					"mirror": true,
					"cubes": [
						{
							"origin": [
								-4,
								11,
								-2
							],
							"size": [
								8,
								12,
								4
							],
							"inflate": 0.55,
							"uv": [
								0,
								0
							],
							"mirror": false
						},
						{
							"origin": [
								-4,
								12,
								-3
							],
							"size": [
								8,
								8,
								1
							],
							"uv": [
								18,
								21
							],
							"mirror": false
						},
						{
							"origin": [
								-4,
								12,
								10
							],
							"size": [
								8,
								8,
								1
							],
							"pivot": [
								0,
								16,
								6.5
							],
							"rotation": [
								0,
								180,
								0
							],
							"uv": [
								0,
								21
							],
							"mirror": false
						}
					]
				},
				{
					"name": "body2",
					"parent": "body",
					"pivot": [
						0,
						24,
						0
					],
					"mirror": true,
					"cubes": [
						{
							"origin": [
								-4,
								12,
								-2
							],
							"size": [
								8,
								1,
								4
							],
							"inflate": 0.3,
							"uv": [
								0,
								16
							],
							"mirror": false
						}
					]
				},
				{
					"name": "bone",
					"parent": "body2",
					"pivot": [
						0,
						11.8,
						-2.5
					],
					"cubes": [
						{
							"origin": [
								-3,
								9.8,
								-3
							],
							"size": [
								6,
								2,
								1
							],
							"pivot": [
								0,
								11.8,
								-2.5
							],
							"rotation": [
								-7.5,
								0,
								0
							],
							"uv": [
								0,
								48
							]
						},
						{
							"origin": [
								-3,
								7.8,
								-3.3
							],
							"size": [
								6,
								2,
								1
							],
							"pivot": [
								0,
								11.8,
								-2.5
							],
							"rotation": [
								-7.5,
								0,
								0
							],
							"uv": [
								15,
								47
							]
						},
						{
							"origin": [
								-3,
								5.8,
								-3.6
							],
							"size": [
								6,
								2,
								1
							],
							"pivot": [
								0,
								11.8,
								-2.5
							],
							"rotation": [
								-7.5,
								0,
								0
							],
							"uv": [
								41,
								46
							]
						},
						{
							"origin": [
								3,
								9.8,
								-2.8
							],
							"size": [
								2,
								2,
								1
							],
							"pivot": [
								0,
								11.8,
								-2.5
							],
							"rotation": [
								-7.5,
								0,
								0
							],
							"uv": [
								36,
								39
							]
						},
						{
							"origin": [
								3,
								7.8,
								-3
							],
							"size": [
								2,
								2,
								1
							],
							"pivot": [
								0,
								11.8,
								-2.5
							],
							"rotation": [
								-7.5,
								0,
								0
							],
							"uv": [
								36,
								21
							]
						},
						{
							"origin": [
								-5,
								9.8,
								-2.8
							],
							"size": [
								2,
								2,
								1
							],
							"pivot": [
								0,
								11.8,
								-2.5
							],
							"rotation": [
								-7.5,
								0,
								0
							],
							"uv": [
								0,
								40
							]
						},
						{
							"origin": [
								-5,
								7.8,
								-3
							],
							"size": [
								2,
								2,
								1
							],
							"pivot": [
								0,
								11.8,
								-2.5
							],
							"rotation": [
								-7.5,
								0,
								0
							],
							"uv": [
								32,
								34
							]
						}
					]
				},
				{
					"name": "bone2",
					"parent": "body2",
					"pivot": [
						0,
						11.8,
						2.5
					],
					"rotation": [
						0,
						180,
						0
					],
					"cubes": [
						{
							"origin": [
								-3,
								9.8,
								2
							],
							"size": [
								6,
								2,
								1
							],
							"pivot": [
								0,
								11.8,
								2.5
							],
							"rotation": [
								-7.5,
								0,
								0
							],
							"uv": [
								10,
								43
							]
						},
						{
							"origin": [
								-3,
								7.8,
								1.7
							],
							"size": [
								6,
								2,
								1
							],
							"pivot": [
								0,
								11.8,
								2.5
							],
							"rotation": [
								-7.5,
								0,
								0
							],
							"uv": [
								42,
								34
							]
						},
						{
							"origin": [
								-3,
								5.8,
								1.4
							],
							"size": [
								6,
								2,
								1
							],
							"pivot": [
								0,
								11.8,
								2.5
							],
							"rotation": [
								-7.5,
								0,
								0
							],
							"uv": [
								42,
								31
							]
						},
						{
							"origin": [
								3,
								9.8,
								2.2
							],
							"size": [
								2,
								2,
								1
							],
							"pivot": [
								0,
								11.8,
								2.5
							],
							"rotation": [
								-7.5,
								0,
								0
							],
							"uv": [
								0,
								33
							]
						},
						{
							"origin": [
								3,
								7.8,
								2
							],
							"size": [
								2,
								2,
								1
							],
							"pivot": [
								0,
								11.8,
								2.5
							],
							"rotation": [
								-7.5,
								0,
								0
							],
							"uv": [
								28,
								31
							]
						},
						{
							"origin": [
								-5,
								9.8,
								2.2
							],
							"size": [
								2,
								2,
								1
							],
							"pivot": [
								0,
								11.8,
								2.5
							],
							"rotation": [
								-7.5,
								0,
								0
							],
							"uv": [
								10,
								30
							]
						},
						{
							"origin": [
								-5,
								7.8,
								2
							],
							"size": [
								2,
								2,
								1
							],
							"pivot": [
								0,
								11.8,
								2.5
							],
							"rotation": [
								-7.5,
								0,
								0
							],
							"uv": [
								0,
								30
							]
						}
					]
				},
				{
					"name": "rightArm",
					"pivot": [
						-5,
						22,
						0
					],
					"mirror": true,
					"cubes": [
						{
							"origin": [
								-8,
								18,
								-2
							],
							"size": [
								4,
								6,
								4
							],
							"inflate": 0.5,
							"uv": [
								16,
								30
							],
							"mirror": false
						},
						{
							"origin": [
								-9.6,
								17.9,
								-3
							],
							"size": [
								2,
								2,
								6
							],
							"pivot": [
								-7.89401,
								19.33894,
								0
							],
							"rotation": [
								0,
								0,
								17.5
							],
							"uv": [
								0,
								40
							],
							"mirror": false
						},
						{
							"origin": [
								-9.2,
								15.9,
								-3
							],
							"size": [
								2,
								2,
								6
							],
							"pivot": [
								-7.89401,
								19.33894,
								0
							],
							"rotation": [
								0,
								0,
								17.5
							],
							"uv": [
								26,
								39
							],
							"mirror": false
						},
						{
							"origin": [
								-10,
								19.9,
								-3
							],
							"size": [
								2,
								4,
								6
							],
							"pivot": [
								-7.89401,
								19.33894,
								0
							],
							"rotation": [
								0,
								0,
								17.5
							],
							"uv": [
								0,
								30
							],
							"mirror": false
						},
						{
							"origin": [
								-11,
								23.9,
								-3
							],
							"size": [
								3,
								1,
								6
							],
							"pivot": [
								-7.89401,
								19.33894,
								0
							],
							"rotation": [
								0,
								0,
								17.5
							],
							"uv": [
								30,
								14
							],
							"mirror": false
						}
					]
				},
				{
					"name": "lowerrarm",
					"parent": "rightArm",
					"pivot": [
						-5,
						19,
						0
					],
					"cubes": [
						{
							"origin": [
								-8,
								12,
								-2
							],
							"size": [
								4,
								3,
								4
							],
							"inflate": 0.5,
							"uv": [
								44,
								0
							]
						},
						{
							"origin": [
								-8,
								14,
								-2
							],
							"size": [
								4,
								4,
								4
							],
							"inflate": 0.4,
							"uv": [
								42,
								39
							]
						}
					]
				},
				{
					"name": "leftArm",
					"pivot": [
						5,
						22,
						0
					],
					"mirror": true,
					"cubes": [
						{
							"origin": [
								4,
								18,
								-2
							],
							"size": [
								4,
								6,
								4
							],
							"inflate": 0.5,
							"uv": [
								24,
								0
							],
							"mirror": false
						},
						{
							"origin": [
								7.6,
								17.9,
								-3
							],
							"size": [
								2,
								2,
								6
							],
							"pivot": [
								7.89401,
								19.33894,
								0
							],
							"rotation": [
								0,
								0,
								-17.5
							],
							"uv": [
								34,
								4
							],
							"mirror": false
						},
						{
							"origin": [
								7.2,
								15.9,
								-3
							],
							"size": [
								2,
								2,
								6
							],
							"pivot": [
								7.89401,
								19.33894,
								0
							],
							"rotation": [
								0,
								0,
								-17.5
							],
							"uv": [
								32,
								31
							],
							"mirror": false
						},
						{
							"origin": [
								8,
								19.93011,
								-3
							],
							"size": [
								2,
								4,
								6
							],
							"pivot": [
								7.89401,
								19.33894,
								0
							],
							"rotation": [
								0,
								0,
								-17.5
							],
							"uv": [
								20,
								10
							],
							"mirror": false
						},
						{
							"origin": [
								8,
								23.9,
								-3
							],
							"size": [
								3,
								1,
								6
							],
							"pivot": [
								7.89401,
								19.33894,
								0
							],
							"rotation": [
								0,
								0,
								-17.5
							],
							"uv": [
								30,
								24
							],
							"mirror": false
						}
					]
				},
				{
					"name": "lowerlarm",
					"parent": "leftArm",
					"pivot": [
						6,
						19,
						0
					],
					"cubes": [
						{
							"origin": [
								4,
								12,
								-2
							],
							"size": [
								4,
								3,
								4
							],
							"inflate": 0.5,
							"uv": [
								42,
								21
							]
						},
						{
							"origin": [
								4,
								14,
								-2
							],
							"size": [
								4,
								4,
								4
							],
							"inflate": 0.4,
							"uv": [
								42,
								12
							]
						}
					]
				},
				{
					"name": "rightLeg",
					"pivot": [
						-1.9,
						12,
						0
					],
					"mirror": true,
					"cubes": [
						{
							"origin": [
								-5.3,
								8,
								-2
							],
							"size": [
								1,
								2,
								4
							],
							"pivot": [
								-4.4,
								11.5,
								0
							],
							"rotation": [
								0,
								0,
								5
							],
							"uv": [
								52,
								33
							],
							"mirror": false
						},
						{
							"origin": [
								-5.4,
								6,
								-2
							],
							"size": [
								1,
								2,
								4
							],
							"pivot": [
								-4.4,
								11.5,
								0
							],
							"rotation": [
								0,
								0,
								5
							],
							"uv": [
								16,
								52
							],
							"mirror": false
						},
						{
							"origin": [
								-5.2,
								10,
								-2
							],
							"size": [
								1,
								2,
								4
							],
							"pivot": [
								-4.4,
								11.5,
								0
							],
							"rotation": [
								0,
								0,
								5
							],
							"uv": [
								0,
								51
							],
							"mirror": false
						}
					]
				},
				{
					"name": "leftLeg",
					"pivot": [
						1.9,
						12,
						0
					],
					"mirror": true,
					"cubes": [
						{
							"origin": [
								4.3,
								8,
								-2
							],
							"size": [
								1,
								2,
								4
							],
							"pivot": [
								4.4,
								11.5,
								0
							],
							"rotation": [
								0,
								0,
								-5
							],
							"uv": [
								10,
								50
							],
							"mirror": false
						},
						{
							"origin": [
								4.4,
								6,
								-2
							],
							"size": [
								1,
								2,
								4
							],
							"pivot": [
								4.4,
								11.5,
								0
							],
							"rotation": [
								0,
								0,
								-5
							],
							"uv": [
								41,
								49
							],
							"mirror": false
						},
						{
							"origin": [
								4.2,
								10,
								-2
							],
							"size": [
								1,
								2,
								4
							],
							"pivot": [
								4.4,
								11.5,
								0
							],
							"rotation": [
								0,
								0,
								-5
							],
							"uv": [
								25,
								47
							],
							"mirror": false
						}
					]
				}
			]
		}
	]
}