{
	"format_version": "1.12.0",
	"minecraft:geometry": [
		{
			"description": {
				"identifier": "geometry.knights_iron_kunai_offhand",
				"texture_width": 32,
				"texture_height": 32,
				"visible_bounds_width": 4,
				"visible_bounds_height": 3.5,
				"visible_bounds_offset": [
					0,
					1.25,
					0
				]
			},
			"bones": [
				{
					"name": "leftitem",
					"pivot": [
						5,
						15,
						1
					]
				},
				{
					"name": "weapon",
					"parent": "leftitem",
					"pivot": [
						-6,
						15,
						3
					]
				},
				{
					"name": "kunai",
					"parent": "weapon",
					"pivot": [
						5,
						15,
						5
					],
					"rotation": [
						-12.51564,
						0.75155,
						177.61557
					],
					"cubes": [
						{
							"origin": [
								4.4785,
								15.14977,
								5.8181
							],
							"size": [
								1,
								1,
								1
							],
							"pivot": [
								-5.49525,
								13.39977,
								5.0681
							],
							"rotation": [
								-22.5,
								0,
								0
							],
							"uv": {
								"north": {
									"uv": [
										11,
										14
									],
									"uv_size": [
										1,
										1
									]
								},
								"east": {
									"uv": [
										14,
										11
									],
									"uv_size": [
										1,
										1
									]
								},
								"south": {
									"uv": [
										12,
										14
									],
									"uv_size": [
										1,
										1
									]
								},
								"west": {
									"uv": [
										14,
										12
									],
									"uv_size": [
										1,
										1
									]
								},
								"up": {
									"uv": [
										13,
										14
									],
									"uv_size": [
										1,
										1
									]
								},
								"down": {
									"uv": [
										14,
										14
									],
									"uv_size": [
										1,
										-1
									]
								}
							}
						},
						{
							"origin": [
								4.4785,
								16.14977,
								4.8181
							],
							"size": [
								1,
								1,
								2
							],
							"pivot": [
								-5.49525,
								13.39977,
								5.0681
							],
							"rotation": [
								-22.5,
								0,
								0
							],
							"uv": {
								"north": {
									"uv": [
										0,
										16
									],
									"uv_size": [
										1,
										1
									]
								},
								"east": {
									"uv": [
										14,
										6
									],
									"uv_size": [
										2,
										1
									]
								},
								"south": {
									"uv": [
										16,
										0
									],
									"uv_size": [
										1,
										1
									]
								},
								"west": {
									"uv": [
										7,
										14
									],
									"uv_size": [
										2,
										1
									]
								},
								"up": {
									"uv": [
										14,
										7
									],
									"uv_size": [
										1,
										2
									]
								},
								"down": {
									"uv": [
										14,
										11
									],
									"uv_size": [
										1,
										-2
									]
								}
							}
						},
						{
							"origin": [
								4.4785,
								14.14977,
								4.8181
							],
							"size": [
								1,
								1,
								1
							],
							"pivot": [
								-5.49525,
								13.39977,
								5.0681
							],
							"rotation": [
								-22.5,
								0,
								0
							],
							"uv": {
								"north": {
									"uv": [
										14,
										14
									],
									"uv_size": [
										1,
										1
									]
								},
								"east": {
									"uv": [
										0,
										15
									],
									"uv_size": [
										1,
										1
									]
								},
								"south": {
									"uv": [
										15,
										0
									],
									"uv_size": [
										1,
										1
									]
								},
								"west": {
									"uv": [
										1,
										15
									],
									"uv_size": [
										1,
										1
									]
								},
								"up": {
									"uv": [
										15,
										1
									],
									"uv_size": [
										1,
										1
									]
								},
								"down": {
									"uv": [
										15,
										3
									],
									"uv_size": [
										1,
										-1
									]
								}
							}
						},
						{
							"origin": [
								4.4785,
								12.14977,
								2.8181
							],
							"size": [
								1,
								1,
								1
							],
							"pivot": [
								-5.49525,
								13.39977,
								5.0681
							],
							"rotation": [
								-22.5,
								0,
								0
							],
							"uv": {
								"north": {
									"uv": [
										15,
										3
									],
									"uv_size": [
										1,
										1
									]
								},
								"east": {
									"uv": [
										4,
										15
									],
									"uv_size": [
										1,
										1
									]
								},
								"south": {
									"uv": [
										15,
										4
									],
									"uv_size": [
										1,
										1
									]
								},
								"west": {
									"uv": [
										5,
										15
									],
									"uv_size": [
										1,
										1
									]
								},
								"up": {
									"uv": [
										15,
										5
									],
									"uv_size": [
										1,
										1
									]
								},
								"down": {
									"uv": [
										7,
										16
									],
									"uv_size": [
										1,
										-1
									]
								}
							}
						},
						{
							"origin": [
								4.4785,
								11.14977,
								0.8181
							],
							"size": [
								1,
								2,
								1
							],
							"pivot": [
								-5.49525,
								13.39977,
								5.0681
							],
							"rotation": [
								-22.5,
								0,
								0
							],
							"uv": {
								"north": {
									"uv": [
										2,
										12
									],
									"uv_size": [
										1,
										2
									]
								},
								"east": {
									"uv": [
										12,
										2
									],
									"uv_size": [
										1,
										2
									]
								},
								"south": {
									"uv": [
										3,
										12
									],
									"uv_size": [
										1,
										2
									]
								},
								"west": {
									"uv": [
										12,
										4
									],
									"uv_size": [
										1,
										2
									]
								},
								"up": {
									"uv": [
										15,
										7
									],
									"uv_size": [
										1,
										1
									]
								},
								"down": {
									"uv": [
										8,
										16
									],
									"uv_size": [
										1,
										-1
									]
								}
							}
						},
						{
							"origin": [
								4.4785,
								7.14977,
								0.8181
							],
							"size": [
								1,
								4,
								1
							],
							"pivot": [
								-5.49525,
								13.39977,
								5.0681
							],
							"rotation": [
								-22.5,
								0,
								0
							],
							"uv": {
								"north": {
									"uv": [
										8,
										0
									],
									"uv_size": [
										1,
										4
									]
								},
								"east": {
									"uv": [
										6,
										8
									],
									"uv_size": [
										1,
										4
									]
								},
								"south": {
									"uv": [
										7,
										8
									],
									"uv_size": [
										1,
										4
									]
								},
								"west": {
									"uv": [
										8,
										8
									],
									"uv_size": [
										1,
										4
									]
								},
								"up": {
									"uv": [
										15,
										12
									],
									"uv_size": [
										1,
										1
									]
								},
								"down": {
									"uv": [
										13,
										16
									],
									"uv_size": [
										1,
										-1
									]
								}
							}
						},
						{
							"origin": [
								4.4785,
								4.14977,
								-5.1819
							],
							"size": [
								1,
								3,
								2
							],
							"pivot": [
								-5.49525,
								13.39977,
								5.0681
							],
							"rotation": [
								-22.5,
								0,
								0
							],
							"uv": {
								"north": {
									"uv": [
										11,
										8
									],
									"uv_size": [
										1,
										3
									]
								},
								"east": {
									"uv": [
										4,
										4
									],
									"uv_size": [
										2,
										3
									]
								},
								"south": {
									"uv": [
										11,
										11
									],
									"uv_size": [
										1,
										3
									]
								},
								"west": {
									"uv": [
										0,
										5
									],
									"uv_size": [
										2,
										3
									]
								},
								"up": {
									"uv": [
										12,
										8
									],
									"uv_size": [
										1,
										2
									]
								},
								"down": {
									"uv": [
										12,
										12
									],
									"uv_size": [
										1,
										-2
									]
								}
							}
						},
						{
							"origin": [
								4.4785,
								3.14977,
								-7.1819
							],
							"size": [
								1,
								2,
								2
							],
							"pivot": [
								-5.49525,
								13.39977,
								5.0681
							],
							"rotation": [
								-22.5,
								0,
								0
							],
							"uv": {
								"north": {
									"uv": [
										13,
										6
									],
									"uv_size": [
										1,
										2
									]
								},
								"east": {
									"uv": [
										0,
										10
									],
									"uv_size": [
										2,
										2
									]
								},
								"south": {
									"uv": [
										13,
										8
									],
									"uv_size": [
										1,
										2
									]
								},
								"west": {
									"uv": [
										2,
										10
									],
									"uv_size": [
										2,
										2
									]
								},
								"up": {
									"uv": [
										9,
										13
									],
									"uv_size": [
										1,
										2
									]
								},
								"down": {
									"uv": [
										10,
										15
									],
									"uv_size": [
										1,
										-2
									]
								}
							}
						},
						{
							"origin": [
								4.4785,
								6.14977,
								-1.1819
							],
							"size": [
								1,
								5,
								2
							],
							"pivot": [
								-5.49525,
								13.39977,
								5.0681
							],
							"rotation": [
								-22.5,
								0,
								0
							],
							"uv": {
								"north": {
									"uv": [
										2,
										5
									],
									"uv_size": [
										1,
										5
									]
								},
								"east": {
									"uv": [
										0,
										0
									],
									"uv_size": [
										2,
										5
									]
								},
								"south": {
									"uv": [
										3,
										5
									],
									"uv_size": [
										1,
										5
									]
								},
								"west": {
									"uv": [
										2,
										0
									],
									"uv_size": [
										2,
										5
									]
								},
								"up": {
									"uv": [
										12,
										12
									],
									"uv_size": [
										1,
										2
									]
								},
								"down": {
									"uv": [
										13,
										2
									],
									"uv_size": [
										1,
										-2
									]
								}
							}
						},
						{
							"origin": [
								4.4785,
								9.14977,
								-4.1819
							],
							"size": [
								1,
								2,
								3
							],
							"pivot": [
								-5.49525,
								13.39977,
								5.0681
							],
							"rotation": [
								-22.5,
								0,
								0
							],
							"uv": {
								"north": {
									"uv": [
										13,
										10
									],
									"uv_size": [
										1,
										2
									]
								},
								"east": {
									"uv": [
										6,
										4
									],
									"uv_size": [
										3,
										2
									]
								},
								"south": {
									"uv": [
										13,
										12
									],
									"uv_size": [
										1,
										2
									]
								},
								"west": {
									"uv": [
										6,
										6
									],
									"uv_size": [
										3,
										2
									]
								},
								"up": {
									"uv": [
										0,
										12
									],
									"uv_size": [
										1,
										3
									]
								},
								"down": {
									"uv": [
										1,
										15
									],
									"uv_size": [
										1,
										-3
									]
								}
							}
						},
						{
							"origin": [
								4.4785,
								5.14977,
								-6.1819
							],
							"size": [
								1,
								2,
								1
							],
							"pivot": [
								-5.49525,
								13.39977,
								5.0681
							],
							"rotation": [
								-22.5,
								0,
								0
							],
							"uv": {
								"north": {
									"uv": [
										14,
										2
									],
									"uv_size": [
										1,
										2
									]
								},
								"east": {
									"uv": [
										3,
										14
									],
									"uv_size": [
										1,
										2
									]
								},
								"south": {
									"uv": [
										14,
										4
									],
									"uv_size": [
										1,
										2
									]
								},
								"west": {
									"uv": [
										6,
										14
									],
									"uv_size": [
										1,
										2
									]
								},
								"up": {
									"uv": [
										15,
										14
									],
									"uv_size": [
										1,
										1
									]
								},
								"down": {
									"uv": [
										15,
										16
									],
									"uv_size": [
										1,
										-1
									]
								}
							}
						},
						{
							"origin": [
								4.4785,
								7.14977,
								-5.1819
							],
							"size": [
								1,
								2,
								4
							],
							"pivot": [
								-5.49525,
								13.39977,
								5.0681
							],
							"rotation": [
								-22.5,
								0,
								0
							],
							"uv": {
								"north": {
									"uv": [
										14,
										0
									],
									"uv_size": [
										1,
										2
									]
								},
								"east": {
									"uv": [
										4,
										0
									],
									"uv_size": [
										4,
										2
									]
								},
								"south": {
									"uv": [
										2,
										14
									],
									"uv_size": [
										1,
										2
									]
								},
								"west": {
									"uv": [
										4,
										2
									],
									"uv_size": [
										4,
										2
									]
								},
								"up": {
									"uv": [
										5,
										9
									],
									"uv_size": [
										1,
										4
									]
								},
								"down": {
									"uv": [
										10,
										6
									],
									"uv_size": [
										1,
										-4
									]
								}
							}
						},
						{
							"origin": [
								4.4785,
								5.14977,
								-3.1819
							],
							"size": [
								1,
								2,
								2
							],
							"pivot": [
								-5.49525,
								13.39977,
								5.0681
							],
							"rotation": [
								-22.5,
								0,
								0
							],
							"uv": {
								"north": {
									"uv": [
										13,
										2
									],
									"uv_size": [
										1,
										2
									]
								},
								"east": {
									"uv": [
										9,
										6
									],
									"uv_size": [
										2,
										2
									]
								},
								"south": {
									"uv": [
										4,
										13
									],
									"uv_size": [
										1,
										2
									]
								},
								"west": {
									"uv": [
										9,
										8
									],
									"uv_size": [
										2,
										2
									]
								},
								"up": {
									"uv": [
										13,
										4
									],
									"uv_size": [
										1,
										2
									]
								},
								"down": {
									"uv": [
										5,
										15
									],
									"uv_size": [
										1,
										-2
									]
								}
							}
						},
						{
							"origin": [
								4.4785,
								11.14977,
								-3.1819
							],
							"size": [
								1,
								1,
								4
							],
							"pivot": [
								-5.49525,
								13.39977,
								5.0681
							],
							"rotation": [
								-22.5,
								0,
								0
							],
							"uv": {
								"north": {
									"uv": [
										15,
										13
									],
									"uv_size": [
										1,
										1
									]
								},
								"east": {
									"uv": [
										9,
										0
									],
									"uv_size": [
										4,
										1
									]
								},
								"south": {
									"uv": [
										14,
										15
									],
									"uv_size": [
										1,
										1
									]
								},
								"west": {
									"uv": [
										9,
										1
									],
									"uv_size": [
										4,
										1
									]
								},
								"up": {
									"uv": [
										9,
										2
									],
									"uv_size": [
										1,
										4
									]
								},
								"down": {
									"uv": [
										4,
										13
									],
									"uv_size": [
										1,
										-4
									]
								}
							}
						},
						{
							"origin": [
								4.4785,
								11.14977,
								1.8181
							],
							"size": [
								1,
								3,
								1
							],
							"pivot": [
								-5.49525,
								13.39977,
								5.0681
							],
							"rotation": [
								-22.5,
								0,
								0
							],
							"uv": {
								"north": {
									"uv": [
										9,
										10
									],
									"uv_size": [
										1,
										3
									]
								},
								"east": {
									"uv": [
										10,
										10
									],
									"uv_size": [
										1,
										3
									]
								},
								"south": {
									"uv": [
										11,
										2
									],
									"uv_size": [
										1,
										3
									]
								},
								"west": {
									"uv": [
										11,
										5
									],
									"uv_size": [
										1,
										3
									]
								},
								"up": {
									"uv": [
										15,
										11
									],
									"uv_size": [
										1,
										1
									]
								},
								"down": {
									"uv": [
										12,
										16
									],
									"uv_size": [
										1,
										-1
									]
								}
							}
						},
						{
							"origin": [
								4.4785,
								15.14977,
								3.8181
							],
							"size": [
								1,
								1,
								1
							],
							"pivot": [
								-5.49525,
								13.39977,
								5.0681
							],
							"rotation": [
								-22.5,
								0,
								0
							],
							"uv": {
								"north": {
									"uv": [
										15,
										8
									],
									"uv_size": [
										1,
										1
									]
								},
								"east": {
									"uv": [
										9,
										15
									],
									"uv_size": [
										1,
										1
									]
								},
								"south": {
									"uv": [
										15,
										9
									],
									"uv_size": [
										1,
										1
									]
								},
								"west": {
									"uv": [
										10,
										15
									],
									"uv_size": [
										1,
										1
									]
								},
								"up": {
									"uv": [
										15,
										10
									],
									"uv_size": [
										1,
										1
									]
								},
								"down": {
									"uv": [
										11,
										16
									],
									"uv_size": [
										1,
										-1
									]
								}
							}
						},
						{
							"origin": [
								4.4785,
								13.14977,
								2.8181
							],
							"size": [
								1,
								2,
								2
							],
							"pivot": [
								-5.49525,
								13.39977,
								5.0681
							],
							"rotation": [
								-22.5,
								0,
								0
							],
							"uv": {
								"north": {
									"uv": [
										6,
										12
									],
									"uv_size": [
										1,
										2
									]
								},
								"east": {
									"uv": [
										4,
										7
									],
									"uv_size": [
										2,
										2
									]
								},
								"south": {
									"uv": [
										12,
										6
									],
									"uv_size": [
										1,
										2
									]
								},
								"west": {
									"uv": [
										0,
										8
									],
									"uv_size": [
										2,
										2
									]
								},
								"up": {
									"uv": [
										7,
										12
									],
									"uv_size": [
										1,
										2
									]
								},
								"down": {
									"uv": [
										8,
										14
									],
									"uv_size": [
										1,
										-2
									]
								}
							}
						}
					]
				}
			]
		}
	]
}