{
	"format_version": "1.12.0",
	"minecraft:geometry": [
		{
			"description": {
				"identifier": "geometry.knights_norman_helm",
				"texture_width": 64,
				"texture_height": 32,
				"visible_bounds_width": 3,
				"visible_bounds_height": 3,
				"visible_bounds_offset": [
					0,
					1.5,
					0
				]
			},
			"bones": [
				{
					"name": "head",
					"pivot": [
						0,
						24,
						0
					],
					"cubes": [
						{
							"origin": [
								-4,
								24,
								-4
							],
							"size": [
								8,
								8,
								8
							],
							"inflate": 0.8,
							"uv": [
								32,
								0
							]
						},
						{
							"origin": [
								-4,
								24,
								-4
							],
							"size": [
								8,
								8,
								8
							],
							"inflate": 0.6,
							"uv": [
								0,
								0
							]
						}
					]
				},
				{
					"name": "body",
					"pivot": [
						0,
						24,
						0
					]
				},
				{
					"name": "rightArm",
					"pivot": [
						-5,
						22,
						0
					]
				},
				{
					"name": "leftArm",
					"pivot": [
						5,
						22,
						0
					],
					"mirror": true
				},
				{
					"name": "rightLeg2",
					"pivot": [
						-1.9,
						12,
						0
					]
				},
				{
					"name": "leftLeg2",
					"pivot": [
						1.9,
						12,
						0
					],
					"mirror": true
				},
				{
					"name": "leftLeg",
					"pivot": [
						1.9,
						12,
						0
					],
					"mirror": true
				},
				{
					"name": "rightLeg",
					"pivot": [
						-1.9,
						12,
						0
					]
				}
			]
		}
	]
}