{
	"format_version": "1.16.0",
	"minecraft:geometry": [
		{
			"description": {
				"identifier": "geometry.knights_kite_shield_yellow_blacktwoheadedeagle",
				"texture_width": 64,
				"texture_height": 64,
				"visible_bounds_width": 2,
				"visible_bounds_height": 4.5,
				"visible_bounds_offset": [
					0,
					1.75,
					0
				]
			},
			"bones": [
				{
					"name": "shield",
					"binding": "q.item_slot_to_bone_name(c.item_slot)",
					"pivot": [
						1,
						15.5,
						3
					],
					"cubes": [
						{
							"origin": [
								0,
								25,
								0
							],
							"size": [
								2,
								6,
								6
							],
							"uv": {
								"north": {
									"uv": [
										54,
										58
									],
									"uv_size": [
										2,
										6
									]
								},
								"east": {
									"uv": [
										48,
										58
									],
									"uv_size": [
										6,
										6
									]
								},
								"south": {
									"uv": [
										62,
										58
									],
									"uv_size": [
										2,
										6
									]
								},
								"west": {
									"uv": [
										56,
										58
									],
									"uv_size": [
										6,
										6
									]
								},
								"up": {
									"uv": [
										54,
										52
									],
									"uv_size": [
										2,
										6
									]
								},
								"down": {
									"uv": [
										56,
										58
									],
									"uv_size": [
										2,
										-6
									]
								}
							},
							"inflate": 0
						}
					]
				},
				{
					"name": "bone",
					"pivot": [
						1,
						28,
						0
					],
					"cubes": [
						{
							"origin": [
								-2.5,
								35.5,
								-1
							],
							"size": [
								7,
								1,
								1
							],
							"uv": {
								"north": {
									"uv": [
										13,
										9
									],
									"uv_size": [
										7,
										1
									]
								},
								"east": {
									"uv": [
										0,
										34
									],
									"uv_size": [
										1,
										1
									]
								},
								"south": {
									"uv": [
										45,
										9
									],
									"uv_size": [
										7,
										1
									]
								},
								"west": {
									"uv": [
										8,
										34
									],
									"uv_size": [
										1,
										1
									]
								},
								"up": {
									"uv": [
										1,
										33
									],
									"uv_size": [
										7,
										1
									]
								},
								"down": {
									"uv": [
										8,
										1
									],
									"uv_size": [
										7,
										-1
									]
								}
							},
							"inflate": 0
						},
						{
							"origin": [
								-4.5,
								33.5,
								-1
							],
							"size": [
								11,
								2,
								1
							],
							"uv": {
								"north": {
									"uv": [
										11,
										10
									],
									"uv_size": [
										11,
										2
									]
								},
								"east": {
									"uv": [
										12,
										36
									],
									"uv_size": [
										1,
										2
									]
								},
								"south": {
									"uv": [
										43,
										10
									],
									"uv_size": [
										11,
										2
									]
								},
								"west": {
									"uv": [
										0,
										36
									],
									"uv_size": [
										1,
										2
									]
								},
								"up": {
									"uv": [
										1,
										35
									],
									"uv_size": [
										11,
										1
									]
								},
								"down": {
									"uv": [
										22,
										10
									],
									"uv_size": [
										11,
										-1
									]
								}
							},
							"inflate": 0
						},
						{
							"origin": [
								-5.5,
								26.5,
								-1
							],
							"size": [
								13,
								7,
								1
							],
							"uv": {
								"north": {
									"uv": [
										10,
										12
									],
									"uv_size": [
										13,
										7
									]
								},
								"east": {
									"uv": [
										0,
										39
									],
									"uv_size": [
										1,
										7
									]
								},
								"south": {
									"uv": [
										42,
										12
									],
									"uv_size": [
										13,
										7
									]
								},
								"west": {
									"uv": [
										14,
										39
									],
									"uv_size": [
										1,
										7
									]
								},
								"up": {
									"uv": [
										14,
										38
									],
									"uv_size": [
										13,
										1
									]
								},
								"down": {
									"uv": [
										0,
										51
									],
									"uv_size": [
										11,
										-1
									]
								}
							},
							"inflate": 0
						},
						{
							"origin": [
								-4.5,
								24.5,
								-1
							],
							"size": [
								11,
								2,
								1
							],
							"uv": {
								"north": {
									"uv": [
										11,
										19
									],
									"uv_size": [
										11,
										2
									]
								},
								"east": {
									"uv": [
										0,
										50
									],
									"uv_size": [
										1,
										2
									]
								},
								"south": {
									"uv": [
										43,
										19
									],
									"uv_size": [
										11,
										2
									]
								},
								"west": {
									"uv": [
										10,
										50
									],
									"uv_size": [
										1,
										2
									]
								},
								"up": {
									"uv": [
										11,
										18
									],
									"uv_size": [
										11,
										1
									]
								},
								"down": {
									"uv": [
										0,
										52
									],
									"uv_size": [
										11,
										-1
									]
								}
							},
							"inflate": 0
						},
						{
							"origin": [
								-3.5,
								22.5,
								-1
							],
							"size": [
								9,
								2,
								1
							],
							"uv": {
								"north": {
									"uv": [
										12,
										21
									],
									"uv_size": [
										9,
										2
									]
								},
								"east": {
									"uv": [
										0,
										53
									],
									"uv_size": [
										1,
										2
									]
								},
								"south": {
									"uv": [
										44,
										21
									],
									"uv_size": [
										9,
										2
									]
								},
								"west": {
									"uv": [
										8,
										53
									],
									"uv_size": [
										1,
										2
									]
								},
								"up": {
									"uv": [
										12,
										20
									],
									"uv_size": [
										9,
										1
									]
								},
								"down": {
									"uv": [
										1,
										34
									],
									"uv_size": [
										7,
										-1
									]
								}
							},
							"inflate": 0
						},
						{
							"origin": [
								-1.5,
								20.5,
								-1
							],
							"size": [
								5,
								2,
								1
							],
							"uv": {
								"north": {
									"uv": [
										14,
										25
									],
									"uv_size": [
										5,
										2
									]
								},
								"east": {
									"uv": [
										0,
										59
									],
									"uv_size": [
										1,
										2
									]
								},
								"south": {
									"uv": [
										46,
										25
									],
									"uv_size": [
										5,
										2
									]
								},
								"west": {
									"uv": [
										4,
										59
									],
									"uv_size": [
										1,
										2
									]
								},
								"up": {
									"uv": [
										14,
										24
									],
									"uv_size": [
										5,
										1
									]
								},
								"down": {
									"uv": [
										2,
										34
									],
									"uv_size": [
										5,
										-1
									]
								}
							},
							"inflate": 0
						},
						{
							"origin": [
								-0.5,
								18.5,
								-1
							],
							"size": [
								3,
								2,
								1
							],
							"uv": {
								"north": {
									"uv": [
										15,
										27
									],
									"uv_size": [
										3,
										2
									]
								},
								"east": {
									"uv": [
										0,
										59
									],
									"uv_size": [
										1,
										2
									]
								},
								"south": {
									"uv": [
										47,
										27
									],
									"uv_size": [
										3,
										2
									]
								},
								"west": {
									"uv": [
										4,
										59
									],
									"uv_size": [
										1,
										2
									]
								},
								"up": {
									"uv": [
										15,
										26
									],
									"uv_size": [
										3,
										1
									]
								},
								"down": {
									"uv": [
										4,
										59
									],
									"uv_size": [
										3,
										-1
									]
								}
							},
							"inflate": 0
						},
						{
							"origin": [
								-4,
								22.25,
								-1.1
							],
							"size": [
								10,
								11,
								0
							],
							"uv": {
								"north": {
									"uv": [
										27,
										21
									],
									"uv_size": [
										11,
										13
									]
								},
								"east": {
									"uv": [
										0,
										0
									],
									"uv_size": [
										0,
										11
									]
								},
								"south": {
									"uv": [
										27,
										0
									],
									"uv_size": [
										12,
										11
									]
								},
								"west": {
									"uv": [
										0,
										0
									],
									"uv_size": [
										0,
										11
									]
								},
								"up": {
									"uv": [
										12,
										0
									],
									"uv_size": [
										-12,
										0
									]
								},
								"down": {
									"uv": [
										12,
										0
									],
									"uv_size": [
										-12,
										0
									]
								}
							},
							"inflate": 0
						}
					],
					"parent": "shield",
					"rotation": [
						0,
						0,
						-180
					]
				},
				{
					"name": "bone2",
					"pivot": [
						1,
						28,
						0
					],
					"parent": "bone"
				}
			]
		}
	]
}