{
	"format_version": "1.16.0",
	"minecraft:geometry": [
		{
			"description": {
				"identifier": "geometry.knights_heater_shield",
				"texture_width": 64,
				"texture_height": 64,
				"visible_bounds_width": 2,
				"visible_bounds_height": 5.5,
				"visible_bounds_offset": [
					0,
					2.25,
					0
				]
			},
			"bones": [
				{
					"name": "shield",
					"binding": "q.item_slot_to_bone_name(c.item_slot)",
					"pivot": [
						1,
						15.5,
						3
					],
					"cubes": [
						{
							"origin": [
								-1,
								25,
								0
							],
							"size": [
								6,
								6,
								6
							],
							"uv": [
								40,
								52
							],
							"inflate": 0
						}
					]
				},
				{
					"name": "bone",
					"pivot": [
						3,
						28,
						0
					],
					"cubes": [
						{
							"origin": [
								-4,
								23,
								-1
							],
							"size": [
								15,
								11,
								1
							],
							"uv": [
								8,
								7
							],
							"inflate": 0
						},
						{
							"origin": [
								-3,
								21,
								-1
							],
							"size": [
								13,
								2,
								1
							],
							"uv": [
								9,
								18
							],
							"inflate": 0
						},
						{
							"origin": [
								-2,
								20,
								-1
							],
							"size": [
								11,
								1,
								1
							],
							"uv": [
								10,
								20
							],
							"inflate": 0
						},
						{
							"origin": [
								-1,
								19,
								-1
							],
							"size": [
								9,
								1,
								1
							],
							"uv": [
								10,
								21
							],
							"inflate": 0
						},
						{
							"origin": [
								0,
								18,
								-1
							],
							"size": [
								7,
								1,
								1
							],
							"uv": [
								12,
								22
							],
							"inflate": 0
						},
						{
							"origin": [
								2,
								17,
								-1
							],
							"size": [
								3,
								1,
								1
							],
							"uv": [
								14,
								23
							],
							"inflate": 0
						}
					],
					"parent": "shield",
					"rotation": [
						0,
						0,
						-180
					]
				}
			]
		}
	]
}