{
	"format_version": "1.12.0",
	"minecraft:geometry": [
		{
			"description": {
				"identifier": "geometry.knights_rusted_kettle_hat",
				"texture_width": 64,
				"texture_height": 32,
				"visible_bounds_width": 2,
				"visible_bounds_height": 3,
				"visible_bounds_offset": [
					0,
					1.5,
					0
				]
			},
			"bones": [
				{
					"name": "head",
					"pivot": [
						0,
						24,
						0
					],
					"cubes": [
						{
							"origin": [
								-4,
								24,
								-4
							],
							"size": [
								8,
								8,
								8
							],
							"uv": {
								"north": {
									"uv": [
										29,
										32
									],
									"uv_size": [
										8,
										-3
									]
								},
								"east": {
									"uv": [
										31,
										24
									],
									"uv_size": [
										8,
										8
									]
								},
								"south": {
									"uv": [
										31,
										24
									],
									"uv_size": [
										8,
										8
									]
								},
								"west": {
									"uv": [
										31,
										24
									],
									"uv_size": [
										8,
										8
									]
								},
								"up": {
									"uv": [
										31,
										24
									],
									"uv_size": [
										8,
										8
									]
								},
								"down": {
									"uv": [
										30,
										32
									],
									"uv_size": [
										8,
										-8
									]
								}
							},
							"inflate": 0.6
						},
						{
							"origin": [
								-4,
								24,
								-4
							],
							"size": [
								8,
								8,
								8
							],
							"uv": {
								"north": {
									"uv": [
										40,
										8
									],
									"uv_size": [
										8,
										8
									]
								},
								"east": {
									"uv": [
										32,
										8
									],
									"uv_size": [
										8,
										8
									]
								},
								"south": {
									"uv": [
										56,
										8
									],
									"uv_size": [
										8,
										8
									]
								},
								"west": {
									"uv": [
										48,
										8
									],
									"uv_size": [
										8,
										8
									]
								},
								"up": {
									"uv": [
										40,
										0
									],
									"uv_size": [
										8,
										8
									]
								},
								"down": {
									"uv": [
										48,
										8
									],
									"uv_size": [
										8,
										-8
									]
								}
							},
							"inflate": 1.2
						},
						{
							"origin": [
								-7.5,
								29.25,
								-7.5
							],
							"size": [
								15,
								0.1,
								15
							],
							"uv": {
								"north": {
									"uv": [
										15,
										15
									],
									"uv_size": [
										14,
										1
									]
								},
								"east": {
									"uv": [
										3,
										15
									],
									"uv_size": [
										12,
										1
									]
								},
								"south": {
									"uv": [
										13,
										7
									],
									"uv_size": [
										16,
										8
									]
								},
								"west": {
									"uv": [
										14.25,
										17
									],
									"uv_size": [
										10.5,
										-1
									]
								},
								"up": {
									"uv": [
										42,
										18
									],
									"uv_size": [
										14,
										14
									]
								},
								"down": {
									"uv": [
										3,
										32
									],
									"uv_size": [
										14,
										-14
									]
								}
							},
							"inflate": 0.05
						}
					]
				}
			]
		}
	]
}