{
	"format_version": "1.12.0",
	"minecraft:geometry": [
		{
			"description": {
				"identifier": "geometry.knights_iron_claymore_twohanded",
				"texture_width": 32,
				"texture_height": 32,
				"visible_bounds_width": 4,
				"visible_bounds_height": 3.5,
				"visible_bounds_offset": [
					0,
					1.25,
					0
				]
			},
			"bones": [
				{
					"name": "rightItem",
					"pivot": [
						-6,
						15,
						1
					]
				},
				{
					"name": "weapon",
					"pivot": [
						-6,
						15,
						3
					],
					"parent": "rightItem"
				},
				{
					"name": "bone3",
					"pivot": [
						-6,
						14,
						3
					],
					"cubes": [
						{
							"origin": [
								-6.49525,
								14.14977,
								2.8181
							],
							"size": [
								1,
								3,
								3
							],
							"pivot": [
								-5.49525,
								12.39977,
								3.0681
							],
							"rotation": [
								-22.5,
								0,
								0
							],
							"uv": [
								0,
								0
							],
							"inflate": 0
						},
						{
							"origin": [
								-6.49525,
								12.14977,
								0.8181
							],
							"size": [
								1,
								2,
								2
							],
							"pivot": [
								-5.49525,
								12.39977,
								3.0681
							],
							"rotation": [
								-22.5,
								0,
								0
							],
							"uv": [
								14,
								8
							],
							"inflate": 0
						},
						{
							"origin": [
								-6.49525,
								6.14977,
								-5.1819
							],
							"size": [
								1,
								2,
								2
							],
							"pivot": [
								-5.49525,
								12.39977,
								3.0681
							],
							"rotation": [
								-22.5,
								0,
								0
							],
							"uv": [
								0,
								14
							],
							"inflate": 0
						},
						{
							"origin": [
								-6.49525,
								5.14977,
								-5.1819
							],
							"size": [
								1,
								1,
								1
							],
							"pivot": [
								-5.49525,
								12.39977,
								3.0681
							],
							"rotation": [
								-22.5,
								0,
								0
							],
							"uv": [
								3,
								27
							],
							"inflate": 0
						},
						{
							"origin": [
								-6.49525,
								4.14977,
								-5.1819
							],
							"size": [
								1,
								1,
								1
							],
							"pivot": [
								-5.49525,
								12.39977,
								3.0681
							],
							"rotation": [
								-22.5,
								0,
								0
							],
							"uv": [
								27,
								1
							],
							"inflate": 0
						},
						{
							"origin": [
								-6.49525,
								-1.85023,
								-11.1819
							],
							"size": [
								1,
								1,
								1
							],
							"pivot": [
								-5.49525,
								12.39977,
								3.0681
							],
							"rotation": [
								-22.5,
								0,
								0
							],
							"uv": [
								26,
								26
							],
							"inflate": 0
						},
						{
							"origin": [
								-6.49525,
								-0.85023,
								-11.1819
							],
							"size": [
								1,
								1,
								1
							],
							"pivot": [
								-5.49525,
								12.39977,
								3.0681
							],
							"rotation": [
								-22.5,
								0,
								0
							],
							"uv": [
								26,
								24
							],
							"inflate": 0
						},
						{
							"origin": [
								-6.49525,
								-0.85023,
								-10.1819
							],
							"size": [
								1,
								1,
								1
							],
							"pivot": [
								-5.49525,
								12.39977,
								3.0681
							],
							"rotation": [
								-22.5,
								0,
								0
							],
							"uv": [
								16,
								26
							],
							"inflate": 0
						},
						{
							"origin": [
								-6.49525,
								-2.85023,
								-12.1819
							],
							"size": [
								1,
								1,
								1
							],
							"pivot": [
								-5.49525,
								12.39977,
								3.0681
							],
							"rotation": [
								-22.5,
								0,
								0
							],
							"uv": [
								12,
								26
							],
							"inflate": 0
						},
						{
							"origin": [
								-6.49525,
								-2.85023,
								-13.1819
							],
							"size": [
								1,
								1,
								1
							],
							"pivot": [
								-5.49525,
								12.39977,
								3.0681
							],
							"rotation": [
								-22.5,
								0,
								0
							],
							"uv": [
								26,
								11
							],
							"inflate": 0
						},
						{
							"origin": [
								-6.49525,
								-4.85023,
								-14.1819
							],
							"size": [
								1,
								1,
								1
							],
							"pivot": [
								-5.49525,
								12.39977,
								3.0681
							],
							"rotation": [
								-22.5,
								0,
								0
							],
							"uv": [
								26,
								9
							],
							"inflate": 0
						},
						{
							"origin": [
								-6.49525,
								-3.85023,
								-13.1819
							],
							"size": [
								1,
								1,
								1
							],
							"pivot": [
								-5.49525,
								12.39977,
								3.0681
							],
							"rotation": [
								-22.5,
								0,
								0
							],
							"uv": [
								26,
								7
							],
							"inflate": 0
						},
						{
							"origin": [
								-6.49525,
								-6.85023,
								-16.1819
							],
							"size": [
								1,
								1,
								1
							],
							"pivot": [
								-5.49525,
								12.39977,
								3.0681
							],
							"rotation": [
								-22.5,
								0,
								0
							],
							"uv": [
								6,
								26
							],
							"inflate": 0
						},
						{
							"origin": [
								-6.49525,
								-4.85023,
								-15.1819
							],
							"size": [
								1,
								1,
								1
							],
							"pivot": [
								-5.49525,
								12.39977,
								3.0681
							],
							"rotation": [
								-22.5,
								0,
								0
							],
							"uv": [
								0,
								26
							],
							"inflate": 0
						},
						{
							"origin": [
								-6.49525,
								-5.85023,
								-15.1819
							],
							"size": [
								1,
								1,
								1
							],
							"pivot": [
								-5.49525,
								12.39977,
								3.0681
							],
							"rotation": [
								-22.5,
								0,
								0
							],
							"uv": [
								23,
								25
							],
							"inflate": 0
						},
						{
							"origin": [
								-6.49525,
								-6.85023,
								-17.1819
							],
							"size": [
								1,
								1,
								1
							],
							"pivot": [
								-5.49525,
								12.39977,
								3.0681
							],
							"rotation": [
								-22.5,
								0,
								0
							],
							"uv": [
								25,
								21
							],
							"inflate": 0
						},
						{
							"origin": [
								-6.49525,
								0.14977,
								-9.1819
							],
							"size": [
								1,
								1,
								1
							],
							"pivot": [
								-5.49525,
								12.39977,
								3.0681
							],
							"rotation": [
								-22.5,
								0,
								0
							],
							"uv": [
								19,
								25
							],
							"inflate": 0
						},
						{
							"origin": [
								-6.49525,
								1.14977,
								-9.1819
							],
							"size": [
								1,
								1,
								1
							],
							"pivot": [
								-5.49525,
								12.39977,
								3.0681
							],
							"rotation": [
								-22.5,
								0,
								0
							],
							"uv": [
								25,
								13
							],
							"inflate": 0
						},
						{
							"origin": [
								-6.49525,
								1.14977,
								-8.1819
							],
							"size": [
								1,
								1,
								1
							],
							"pivot": [
								-5.49525,
								12.39977,
								3.0681
							],
							"rotation": [
								-22.5,
								0,
								0
							],
							"uv": [
								9,
								25
							],
							"inflate": 0
						},
						{
							"origin": [
								-6.49525,
								3.14977,
								-7.1819
							],
							"size": [
								1,
								1,
								1
							],
							"pivot": [
								-5.49525,
								12.39977,
								3.0681
							],
							"rotation": [
								-22.5,
								0,
								0
							],
							"uv": [
								3,
								25
							],
							"inflate": 0
						},
						{
							"origin": [
								-6.49525,
								2.14977,
								-7.1819
							],
							"size": [
								1,
								1,
								1
							],
							"pivot": [
								-5.49525,
								12.39977,
								3.0681
							],
							"rotation": [
								-22.5,
								0,
								0
							],
							"uv": [
								24,
								19
							],
							"inflate": 0
						},
						{
							"origin": [
								-6.49525,
								3.14977,
								-6.1819
							],
							"size": [
								1,
								1,
								1
							],
							"pivot": [
								-5.49525,
								12.39977,
								3.0681
							],
							"rotation": [
								-22.5,
								0,
								0
							],
							"uv": [
								24,
								16
							],
							"inflate": 0
						},
						{
							"origin": [
								-6.49525,
								4.14977,
								-7.1819
							],
							"size": [
								1,
								2,
								2
							],
							"pivot": [
								-5.49525,
								12.39977,
								3.0681
							],
							"rotation": [
								-22.5,
								0,
								0
							],
							"uv": [
								12,
								12
							],
							"inflate": 0
						},
						{
							"origin": [
								-6.49525,
								5.14977,
								-8.1819
							],
							"size": [
								1,
								1,
								1
							],
							"pivot": [
								-5.49525,
								12.39977,
								3.0681
							],
							"rotation": [
								-22.5,
								0,
								0
							],
							"uv": [
								16,
								24
							],
							"inflate": 0
						},
						{
							"origin": [
								-6.49525,
								0.14977,
								-11.1819
							],
							"size": [
								1,
								2,
								2
							],
							"pivot": [
								-5.49525,
								12.39977,
								3.0681
							],
							"rotation": [
								-22.5,
								0,
								0
							],
							"uv": [
								4,
								12
							],
							"inflate": 0
						},
						{
							"origin": [
								-6.49525,
								-1.85023,
								-13.1819
							],
							"size": [
								1,
								2,
								2
							],
							"pivot": [
								-5.49525,
								12.39977,
								3.0681
							],
							"rotation": [
								-22.5,
								0,
								0
							],
							"uv": [
								12,
								2
							],
							"inflate": 0
						},
						{
							"origin": [
								-6.49525,
								-3.85023,
								-15.1819
							],
							"size": [
								1,
								2,
								2
							],
							"pivot": [
								-5.49525,
								12.39977,
								3.0681
							],
							"rotation": [
								-22.5,
								0,
								0
							],
							"uv": [
								8,
								10
							],
							"inflate": 0
						},
						{
							"origin": [
								-6.49525,
								-5.85023,
								-17.1819
							],
							"size": [
								1,
								2,
								2
							],
							"pivot": [
								-5.49525,
								12.39977,
								3.0681
							],
							"rotation": [
								-22.5,
								0,
								0
							],
							"uv": [
								10,
								6
							],
							"inflate": 0
						},
						{
							"origin": [
								-6.49525,
								-7.85023,
								-19.1819
							],
							"size": [
								1,
								2,
								2
							],
							"pivot": [
								-5.49525,
								12.39977,
								3.0681
							],
							"rotation": [
								-22.5,
								0,
								0
							],
							"uv": [
								0,
								10
							],
							"inflate": 0
						},
						{
							"origin": [
								-6.49525,
								-9.85023,
								-21.1819
							],
							"size": [
								1,
								2,
								2
							],
							"pivot": [
								-5.49525,
								12.39977,
								3.0681
							],
							"rotation": [
								-22.5,
								0,
								0
							],
							"uv": [
								0,
								6
							],
							"inflate": 0
						},
						{
							"origin": [
								-6.49525,
								10.14977,
								-1.1819
							],
							"size": [
								1,
								2,
								2
							],
							"pivot": [
								-5.49525,
								12.39977,
								3.0681
							],
							"rotation": [
								-22.5,
								0,
								0
							],
							"uv": [
								4,
								8
							],
							"inflate": 0
						},
						{
							"origin": [
								-6.49525,
								2.14977,
								-9.1819
							],
							"size": [
								1,
								2,
								2
							],
							"pivot": [
								-5.49525,
								12.39977,
								3.0681
							],
							"rotation": [
								-22.5,
								0,
								0
							],
							"uv": [
								8,
								0
							],
							"inflate": 0
						},
						{
							"origin": [
								-6.49525,
								8.14977,
								-3.1819
							],
							"size": [
								1,
								2,
								2
							],
							"pivot": [
								-5.49525,
								12.39977,
								3.0681
							],
							"rotation": [
								-22.5,
								0,
								0
							],
							"uv": [
								6,
								4
							],
							"inflate": 0
						},
						{
							"origin": [
								-6.49525,
								14.14977,
								1.8181
							],
							"size": [
								1,
								1,
								1
							],
							"pivot": [
								-5.49525,
								12.39977,
								3.0681
							],
							"rotation": [
								-22.5,
								0,
								0
							],
							"uv": [
								12,
								24
							],
							"inflate": 0
						},
						{
							"origin": [
								-6.49525,
								12.14977,
								-0.1819
							],
							"size": [
								1,
								1,
								1
							],
							"pivot": [
								-5.49525,
								12.39977,
								3.0681
							],
							"rotation": [
								-22.5,
								0,
								0
							],
							"uv": [
								6,
								24
							],
							"inflate": 0
						},
						{
							"origin": [
								-6.49525,
								10.14977,
								-2.1819
							],
							"size": [
								1,
								1,
								1
							],
							"pivot": [
								-5.49525,
								12.39977,
								3.0681
							],
							"rotation": [
								-22.5,
								0,
								0
							],
							"uv": [
								24,
								5
							],
							"inflate": 0
						},
						{
							"origin": [
								-6.49525,
								10.14977,
								-4.1819
							],
							"size": [
								1,
								1,
								1
							],
							"pivot": [
								-5.49525,
								12.39977,
								3.0681
							],
							"rotation": [
								-22.5,
								0,
								0
							],
							"uv": [
								24,
								3
							],
							"inflate": 0
						},
						{
							"origin": [
								-6.49525,
								10.14977,
								-3.1819
							],
							"size": [
								1,
								1,
								1
							],
							"pivot": [
								-5.49525,
								12.39977,
								3.0681
							],
							"rotation": [
								-22.5,
								0,
								0
							],
							"uv": [
								24,
								0
							],
							"inflate": 0
						},
						{
							"origin": [
								-6.49525,
								8.14977,
								-4.1819
							],
							"size": [
								1,
								1,
								1
							],
							"pivot": [
								-5.49525,
								12.39977,
								3.0681
							],
							"rotation": [
								-22.5,
								0,
								0
							],
							"uv": [
								0,
								24
							],
							"inflate": 0
						},
						{
							"origin": [
								-6.49525,
								8.14977,
								-5.1819
							],
							"size": [
								1,
								1,
								1
							],
							"pivot": [
								-5.49525,
								12.39977,
								3.0681
							],
							"rotation": [
								-22.5,
								0,
								0
							],
							"uv": [
								23,
								23
							],
							"inflate": 0
						},
						{
							"origin": [
								-6.49525,
								7.14977,
								-6.1819
							],
							"size": [
								1,
								1,
								1
							],
							"pivot": [
								-5.49525,
								12.39977,
								3.0681
							],
							"rotation": [
								-22.5,
								0,
								0
							],
							"uv": [
								19,
								23
							],
							"inflate": 0
						},
						{
							"origin": [
								-6.49525,
								9.14977,
								-4.1819
							],
							"size": [
								1,
								1,
								1
							],
							"pivot": [
								-5.49525,
								12.39977,
								3.0681
							],
							"rotation": [
								-22.5,
								0,
								0
							],
							"uv": [
								23,
								10
							],
							"inflate": 0
						},
						{
							"origin": [
								-6.49525,
								6.14977,
								-6.1819
							],
							"size": [
								1,
								1,
								1
							],
							"pivot": [
								-5.49525,
								12.39977,
								3.0681
							],
							"rotation": [
								-22.5,
								0,
								0
							],
							"uv": [
								9,
								23
							],
							"inflate": 0
						},
						{
							"origin": [
								-6.49525,
								6.14977,
								-7.1819
							],
							"size": [
								1,
								1,
								1
							],
							"pivot": [
								-5.49525,
								12.39977,
								3.0681
							],
							"rotation": [
								-22.5,
								0,
								0
							],
							"uv": [
								23,
								8
							],
							"inflate": 0
						},
						{
							"origin": [
								-6.49525,
								4.14977,
								-8.1819
							],
							"size": [
								1,
								1,
								1
							],
							"pivot": [
								-5.49525,
								12.39977,
								3.0681
							],
							"rotation": [
								-22.5,
								0,
								0
							],
							"uv": [
								3,
								23
							],
							"inflate": 0
						},
						{
							"origin": [
								-6.49525,
								4.14977,
								-9.1819
							],
							"size": [
								1,
								1,
								1
							],
							"pivot": [
								-5.49525,
								12.39977,
								3.0681
							],
							"rotation": [
								-22.5,
								0,
								0
							],
							"uv": [
								16,
								22
							],
							"inflate": 0
						},
						{
							"origin": [
								-6.49525,
								2.14977,
								-11.1819
							],
							"size": [
								1,
								1,
								1
							],
							"pivot": [
								-5.49525,
								12.39977,
								3.0681
							],
							"rotation": [
								-22.5,
								0,
								0
							],
							"uv": [
								22,
								14
							],
							"inflate": 0
						},
						{
							"origin": [
								-6.49525,
								2.14977,
								-10.1819
							],
							"size": [
								1,
								1,
								1
							],
							"pivot": [
								-5.49525,
								12.39977,
								3.0681
							],
							"rotation": [
								-22.5,
								0,
								0
							],
							"uv": [
								22,
								12
							],
							"inflate": 0
						},
						{
							"origin": [
								-6.49525,
								3.14977,
								-10.1819
							],
							"size": [
								1,
								1,
								1
							],
							"pivot": [
								-5.49525,
								12.39977,
								3.0681
							],
							"rotation": [
								-22.5,
								0,
								0
							],
							"uv": [
								12,
								22
							],
							"inflate": 0
						},
						{
							"origin": [
								-6.49525,
								0.14977,
								-13.1819
							],
							"size": [
								1,
								1,
								1
							],
							"pivot": [
								-5.49525,
								12.39977,
								3.0681
							],
							"rotation": [
								-22.5,
								0,
								0
							],
							"uv": [
								6,
								22
							],
							"inflate": 0
						},
						{
							"origin": [
								-6.49525,
								0.14977,
								-12.1819
							],
							"size": [
								1,
								1,
								1
							],
							"pivot": [
								-5.49525,
								12.39977,
								3.0681
							],
							"rotation": [
								-22.5,
								0,
								0
							],
							"uv": [
								0,
								22
							],
							"inflate": 0
						},
						{
							"origin": [
								-6.49525,
								1.14977,
								-12.1819
							],
							"size": [
								1,
								1,
								1
							],
							"pivot": [
								-5.49525,
								12.39977,
								3.0681
							],
							"rotation": [
								-22.5,
								0,
								0
							],
							"uv": [
								21,
								21
							],
							"inflate": 0
						},
						{
							"origin": [
								-6.49525,
								-2.85023,
								-16.1819
							],
							"size": [
								1,
								1,
								1
							],
							"pivot": [
								-5.49525,
								12.39977,
								3.0681
							],
							"rotation": [
								-22.5,
								0,
								0
							],
							"uv": [
								21,
								18
							],
							"inflate": 0
						},
						{
							"origin": [
								-6.49525,
								-1.85023,
								-14.1819
							],
							"size": [
								1,
								1,
								1
							],
							"pivot": [
								-5.49525,
								12.39977,
								3.0681
							],
							"rotation": [
								-22.5,
								0,
								0
							],
							"uv": [
								9,
								21
							],
							"inflate": 0
						},
						{
							"origin": [
								-6.49525,
								-1.85023,
								-15.1819
							],
							"size": [
								1,
								1,
								1
							],
							"pivot": [
								-5.49525,
								12.39977,
								3.0681
							],
							"rotation": [
								-22.5,
								0,
								0
							],
							"uv": [
								21,
								6
							],
							"inflate": 0
						},
						{
							"origin": [
								-6.49525,
								-4.85023,
								-18.1819
							],
							"size": [
								1,
								1,
								1
							],
							"pivot": [
								-5.49525,
								12.39977,
								3.0681
							],
							"rotation": [
								-22.5,
								0,
								0
							],
							"uv": [
								21,
								4
							],
							"inflate": 0
						},
						{
							"origin": [
								-6.49525,
								-3.85023,
								-16.1819
							],
							"size": [
								1,
								1,
								1
							],
							"pivot": [
								-5.49525,
								12.39977,
								3.0681
							],
							"rotation": [
								-22.5,
								0,
								0
							],
							"uv": [
								3,
								21
							],
							"inflate": 0
						},
						{
							"origin": [
								-6.49525,
								-3.85023,
								-17.1819
							],
							"size": [
								1,
								1,
								1
							],
							"pivot": [
								-5.49525,
								12.39977,
								3.0681
							],
							"rotation": [
								-22.5,
								0,
								0
							],
							"uv": [
								21,
								2
							],
							"inflate": 0
						},
						{
							"origin": [
								-6.49525,
								-5.85023,
								-19.1819
							],
							"size": [
								1,
								1,
								1
							],
							"pivot": [
								-5.49525,
								12.39977,
								3.0681
							],
							"rotation": [
								-22.5,
								0,
								0
							],
							"uv": [
								17,
								18
							],
							"inflate": 0
						},
						{
							"origin": [
								-6.49525,
								-7.85023,
								-17.1819
							],
							"size": [
								1,
								1,
								1
							],
							"pivot": [
								-5.49525,
								12.39977,
								3.0681
							],
							"rotation": [
								-22.5,
								0,
								0
							],
							"uv": [
								8,
								18
							],
							"inflate": 0
						},
						{
							"origin": [
								-6.49525,
								-7.85023,
								-20.1819
							],
							"size": [
								1,
								1,
								1
							],
							"pivot": [
								-5.49525,
								12.39977,
								3.0681
							],
							"rotation": [
								-22.5,
								0,
								0
							],
							"uv": [
								18,
								7
							],
							"inflate": 0
						},
						{
							"origin": [
								-6.49525,
								-8.85023,
								-19.1819
							],
							"size": [
								1,
								1,
								1
							],
							"pivot": [
								-5.49525,
								12.39977,
								3.0681
							],
							"rotation": [
								-22.5,
								0,
								0
							],
							"uv": [
								18,
								3
							],
							"inflate": 0
						},
						{
							"origin": [
								-6.49525,
								-5.85023,
								-18.1819
							],
							"size": [
								1,
								1,
								1
							],
							"pivot": [
								-5.49525,
								12.39977,
								3.0681
							],
							"rotation": [
								-22.5,
								0,
								0
							],
							"uv": [
								18,
								20
							],
							"inflate": 0
						},
						{
							"origin": [
								-6.49525,
								-0.85023,
								-14.1819
							],
							"size": [
								1,
								1,
								1
							],
							"pivot": [
								-5.49525,
								12.39977,
								3.0681
							],
							"rotation": [
								-22.5,
								0,
								0
							],
							"uv": [
								20,
								16
							],
							"inflate": 0
						},
						{
							"origin": [
								-6.49525,
								11.14977,
								0.8181
							],
							"size": [
								1,
								1,
								1
							],
							"pivot": [
								-5.49525,
								12.39977,
								3.0681
							],
							"rotation": [
								-22.5,
								0,
								0
							],
							"uv": [
								14,
								20
							],
							"inflate": 0
						},
						{
							"origin": [
								-6.49525,
								9.14977,
								-1.1819
							],
							"size": [
								1,
								1,
								1
							],
							"pivot": [
								-5.49525,
								12.39977,
								3.0681
							],
							"rotation": [
								-22.5,
								0,
								0
							],
							"uv": [
								20,
								9
							],
							"inflate": 0
						},
						{
							"origin": [
								-6.49525,
								7.14977,
								-1.1819
							],
							"size": [
								1,
								1,
								1
							],
							"pivot": [
								-5.49525,
								12.39977,
								3.0681
							],
							"rotation": [
								-22.5,
								0,
								0
							],
							"uv": [
								6,
								20
							],
							"inflate": 0
						},
						{
							"origin": [
								-6.49525,
								8.14977,
								-1.1819
							],
							"size": [
								1,
								1,
								1
							],
							"pivot": [
								-5.49525,
								12.39977,
								3.0681
							],
							"rotation": [
								-22.5,
								0,
								0
							],
							"uv": [
								20,
								0
							],
							"inflate": 0
						},
						{
							"origin": [
								-6.49525,
								5.14977,
								-1.1819
							],
							"size": [
								1,
								2,
								1
							],
							"pivot": [
								-5.49525,
								12.39977,
								3.0681
							],
							"rotation": [
								-22.5,
								0,
								0
							],
							"uv": [
								14,
								16
							],
							"inflate": 0
						},
						{
							"origin": [
								-6.49525,
								4.14977,
								-1.1819
							],
							"size": [
								1,
								1,
								1
							],
							"pivot": [
								-5.49525,
								12.39977,
								3.0681
							],
							"rotation": [
								-22.5,
								0,
								0
							],
							"uv": [
								16,
								12
							],
							"inflate": 0
						},
						{
							"origin": [
								-6.49525,
								2.14977,
								-1.1819
							],
							"size": [
								1,
								1,
								1
							],
							"pivot": [
								-5.49525,
								12.39977,
								3.0681
							],
							"rotation": [
								-22.5,
								0,
								0
							],
							"uv": [
								14,
								6
							],
							"inflate": 0
						},
						{
							"origin": [
								-6.49525,
								3.14977,
								-2.1819
							],
							"size": [
								1,
								1,
								1
							],
							"pivot": [
								-5.49525,
								12.39977,
								3.0681
							],
							"rotation": [
								-22.5,
								0,
								0
							],
							"uv": [
								12,
								0
							],
							"inflate": 0
						},
						{
							"origin": [
								-6.49525,
								3.14977,
								-0.1819
							],
							"size": [
								1,
								1,
								1
							],
							"pivot": [
								-5.49525,
								12.39977,
								3.0681
							],
							"rotation": [
								-22.5,
								0,
								0
							],
							"uv": [
								5,
								0
							],
							"inflate": 0
						},
						{
							"origin": [
								-6.49525,
								10.14977,
								-6.1819
							],
							"size": [
								1,
								1,
								2
							],
							"pivot": [
								-5.49525,
								12.39977,
								3.0681
							],
							"rotation": [
								-22.5,
								0,
								0
							],
							"uv": [
								16,
								0
							],
							"inflate": 0
						},
						{
							"origin": [
								-6.49525,
								10.14977,
								-7.1819
							],
							"size": [
								1,
								1,
								1
							],
							"pivot": [
								-5.49525,
								12.39977,
								3.0681
							],
							"rotation": [
								-22.5,
								0,
								0
							],
							"uv": [
								0,
								18
							],
							"inflate": 0
						},
						{
							"origin": [
								-6.49525,
								10.14977,
								-9.1819
							],
							"size": [
								1,
								1,
								1
							],
							"pivot": [
								-5.49525,
								12.39977,
								3.0681
							],
							"rotation": [
								-22.5,
								0,
								0
							],
							"uv": [
								17,
								15
							],
							"inflate": 0
						},
						{
							"origin": [
								-6.49525,
								9.14977,
								-8.1819
							],
							"size": [
								1,
								1,
								1
							],
							"pivot": [
								-5.49525,
								12.39977,
								3.0681
							],
							"rotation": [
								-22.5,
								0,
								0
							],
							"uv": [
								17,
								5
							],
							"inflate": 0
						},
						{
							"origin": [
								-6.49525,
								11.14977,
								-8.1819
							],
							"size": [
								1,
								1,
								1
							],
							"pivot": [
								-5.49525,
								12.39977,
								3.0681
							],
							"rotation": [
								-22.5,
								0,
								0
							],
							"uv": [
								5,
								17
							],
							"inflate": 0
						},
						{
							"origin": [
								-6.49525,
								7.14977,
								-3.1819
							],
							"size": [
								1,
								1,
								1
							],
							"pivot": [
								-5.49525,
								12.39977,
								3.0681
							],
							"rotation": [
								-22.5,
								0,
								0
							],
							"uv": [
								0,
								20
							],
							"inflate": 0
						},
						{
							"origin": [
								-6.49525,
								6.14977,
								-3.1819
							],
							"size": [
								1,
								1,
								1
							],
							"pivot": [
								-5.49525,
								12.39977,
								3.0681
							],
							"rotation": [
								-22.5,
								0,
								0
							],
							"uv": [
								19,
								13
							],
							"inflate": 0
						},
						{
							"origin": [
								-6.49525,
								5.14977,
								-4.1819
							],
							"size": [
								1,
								1,
								1
							],
							"pivot": [
								-5.49525,
								12.39977,
								3.0681
							],
							"rotation": [
								-22.5,
								0,
								0
							],
							"uv": [
								19,
								11
							],
							"inflate": 0
						},
						{
							"origin": [
								-6.49525,
								7.14977,
								-2.1819
							],
							"size": [
								1,
								1,
								1
							],
							"pivot": [
								-5.49525,
								12.39977,
								3.0681
							],
							"rotation": [
								-22.5,
								0,
								0
							],
							"uv": [
								11,
								19
							],
							"inflate": 0
						},
						{
							"origin": [
								-6.49525,
								13.14977,
								2.8181
							],
							"size": [
								1,
								1,
								1
							],
							"pivot": [
								-5.49525,
								12.39977,
								3.0681
							],
							"rotation": [
								-22.5,
								0,
								0
							],
							"uv": [
								3,
								19
							],
							"inflate": 0
						}
					],
					"parent": "weapon",
					"rotation": [
						-22.5,
						0,
						0
					]
				}
			]
		}
	]
}