{
	"format_version": "1.12.0",
	"minecraft:geometry": [
		{
			"description": {
				"identifier": "geometry.knights_iron_ahlspiess_twohanded",
				"texture_width": 32,
				"texture_height": 32,
				"visible_bounds_width": 4,
				"visible_bounds_height": 3.5,
				"visible_bounds_offset": [
					0,
					1.25,
					0
				]
			},
			"bones": [
				{
					"name": "rightItem",
					"pivot": [
						-6,
						15,
						1
					]
				},
				{
					"name": "weapon",
					"pivot": [
						-6,
						15,
						3
					],
					"parent": "rightItem"
				},
				{
					"name": "bone3",
					"pivot": [
						-6,
						15,
						3
					],
					"cubes": [
						{
							"origin": [
								-6.49525,
								19.14977,
								5.8181
							],
							"size": [
								1,
								2,
								2
							],
							"pivot": [
								-5.49525,
								13.39977,
								2.0681
							],
							"rotation": [
								-22.5,
								0,
								0
							],
							"uv": [
								16,
								12
							],
							"inflate": 0
						},
						{
							"origin": [
								-6.49525,
								17.14977,
								3.8181
							],
							"size": [
								1,
								2,
								2
							],
							"pivot": [
								-5.49525,
								13.39977,
								2.0681
							],
							"rotation": [
								-22.5,
								0,
								0
							],
							"uv": [
								16,
								8
							],
							"inflate": 0
						},
						{
							"origin": [
								-6.49525,
								15.14977,
								1.8181
							],
							"size": [
								1,
								2,
								2
							],
							"pivot": [
								-5.49525,
								13.39977,
								2.0681
							],
							"rotation": [
								-22.5,
								0,
								0
							],
							"uv": [
								8,
								16
							],
							"inflate": 0
						},
						{
							"origin": [
								-6.49525,
								13.14977,
								-0.1819
							],
							"size": [
								1,
								2,
								2
							],
							"pivot": [
								-5.49525,
								13.39977,
								2.0681
							],
							"rotation": [
								-22.5,
								0,
								0
							],
							"uv": [
								16,
								4
							],
							"inflate": 0
						},
						{
							"origin": [
								-6.49525,
								7.14977,
								-6.1819
							],
							"size": [
								1,
								2,
								2
							],
							"pivot": [
								-5.49525,
								13.39977,
								2.0681
							],
							"rotation": [
								-22.5,
								0,
								0
							],
							"uv": [
								16,
								0
							],
							"inflate": 0
						},
						{
							"origin": [
								-6.49525,
								5.14977,
								-6.1819
							],
							"size": [
								1,
								1,
								1
							],
							"pivot": [
								-5.49525,
								13.39977,
								2.0681
							],
							"rotation": [
								-22.5,
								0,
								0
							],
							"uv": [
								27,
								20
							],
							"inflate": 0
						},
						{
							"origin": [
								-6.49525,
								4.14977,
								-4.1819
							],
							"size": [
								1,
								2,
								2
							],
							"pivot": [
								-5.49525,
								13.39977,
								2.0681
							],
							"rotation": [
								-22.5,
								0,
								0
							],
							"uv": [
								0,
								16
							],
							"inflate": 0
						},
						{
							"origin": [
								-6.49525,
								5.14977,
								-5.1819
							],
							"size": [
								1,
								1,
								1
							],
							"pivot": [
								-5.49525,
								13.39977,
								2.0681
							],
							"rotation": [
								-22.5,
								0,
								0
							],
							"uv": [
								19,
								27
							],
							"inflate": 0
						},
						{
							"origin": [
								-6.49525,
								9.14977,
								-9.1819
							],
							"size": [
								1,
								2,
								2
							],
							"pivot": [
								-5.49525,
								13.39977,
								2.0681
							],
							"rotation": [
								-22.5,
								0,
								0
							],
							"uv": [
								12,
								14
							],
							"inflate": 0
						},
						{
							"origin": [
								-6.49525,
								8.14977,
								-8.1819
							],
							"size": [
								1,
								1,
								2
							],
							"pivot": [
								-5.49525,
								13.39977,
								2.0681
							],
							"rotation": [
								-22.5,
								0,
								0
							],
							"uv": [
								4,
								18
							],
							"inflate": 0
						},
						{
							"origin": [
								-6.49525,
								9.14977,
								-7.1819
							],
							"size": [
								1,
								1,
								1
							],
							"pivot": [
								-5.49525,
								13.39977,
								2.0681
							],
							"rotation": [
								-22.5,
								0,
								0
							],
							"uv": [
								27,
								17
							],
							"inflate": 0
						},
						{
							"origin": [
								-6.49525,
								6.14977,
								-5.1819
							],
							"size": [
								1,
								1,
								2
							],
							"pivot": [
								-5.49525,
								13.39977,
								2.0681
							],
							"rotation": [
								-22.5,
								0,
								0
							],
							"uv": [
								16,
								16
							],
							"inflate": 0
						},
						{
							"origin": [
								-6.49525,
								0.14977,
								-12.1819
							],
							"size": [
								1,
								1,
								1
							],
							"pivot": [
								-5.49525,
								13.39977,
								2.0681
							],
							"rotation": [
								-22.5,
								0,
								0
							],
							"uv": [
								13,
								27
							],
							"inflate": 0
						},
						{
							"origin": [
								-6.49525,
								-1.85023,
								-14.1819
							],
							"size": [
								1,
								1,
								1
							],
							"pivot": [
								-5.49525,
								13.39977,
								2.0681
							],
							"rotation": [
								-22.5,
								0,
								0
							],
							"uv": [
								9,
								27
							],
							"inflate": 0
						},
						{
							"origin": [
								-6.49525,
								-3.85023,
								-16.1819
							],
							"size": [
								1,
								1,
								1
							],
							"pivot": [
								-5.49525,
								13.39977,
								2.0681
							],
							"rotation": [
								-22.5,
								0,
								0
							],
							"uv": [
								3,
								27
							],
							"inflate": 0
						},
						{
							"origin": [
								-6.49525,
								-5.85023,
								-18.1819
							],
							"size": [
								1,
								1,
								1
							],
							"pivot": [
								-5.49525,
								13.39977,
								2.0681
							],
							"rotation": [
								-22.5,
								0,
								0
							],
							"uv": [
								26,
								26
							],
							"inflate": 0
						},
						{
							"origin": [
								-6.49525,
								-7.85023,
								-20.1819
							],
							"size": [
								1,
								1,
								1
							],
							"pivot": [
								-5.49525,
								13.39977,
								2.0681
							],
							"rotation": [
								-22.5,
								0,
								0
							],
							"uv": [
								26,
								24
							],
							"inflate": 0
						},
						{
							"origin": [
								-6.49525,
								2.14977,
								-10.1819
							],
							"size": [
								1,
								1,
								1
							],
							"pivot": [
								-5.49525,
								13.39977,
								2.0681
							],
							"rotation": [
								-22.5,
								0,
								0
							],
							"uv": [
								26,
								22
							],
							"inflate": 0
						},
						{
							"origin": [
								-6.49525,
								4.14977,
								-8.1819
							],
							"size": [
								1,
								1,
								1
							],
							"pivot": [
								-5.49525,
								13.39977,
								2.0681
							],
							"rotation": [
								-22.5,
								0,
								0
							],
							"uv": [
								16,
								26
							],
							"inflate": 0
						},
						{
							"origin": [
								-6.49525,
								5.14977,
								-8.1819
							],
							"size": [
								1,
								2,
								2
							],
							"pivot": [
								-5.49525,
								13.39977,
								2.0681
							],
							"rotation": [
								-22.5,
								0,
								0
							],
							"uv": [
								4,
								14
							],
							"inflate": 0
						},
						{
							"origin": [
								-6.49525,
								6.14977,
								-6.1819
							],
							"size": [
								1,
								1,
								1
							],
							"pivot": [
								-5.49525,
								13.39977,
								2.0681
							],
							"rotation": [
								-22.5,
								0,
								0
							],
							"uv": [
								26,
								14
							],
							"inflate": 0
						},
						{
							"origin": [
								-6.49525,
								6.14977,
								-9.1819
							],
							"size": [
								1,
								1,
								1
							],
							"pivot": [
								-5.49525,
								13.39977,
								2.0681
							],
							"rotation": [
								-22.5,
								0,
								0
							],
							"uv": [
								26,
								10
							],
							"inflate": 0
						},
						{
							"origin": [
								-6.49525,
								5.14977,
								-10.1819
							],
							"size": [
								1,
								1,
								1
							],
							"pivot": [
								-5.49525,
								13.39977,
								2.0681
							],
							"rotation": [
								-22.5,
								0,
								0
							],
							"uv": [
								26,
								6
							],
							"inflate": 0
						},
						{
							"origin": [
								-6.49525,
								4.14977,
								-11.1819
							],
							"size": [
								1,
								1,
								1
							],
							"pivot": [
								-5.49525,
								13.39977,
								2.0681
							],
							"rotation": [
								-22.5,
								0,
								0
							],
							"uv": [
								6,
								26
							],
							"inflate": 0
						},
						{
							"origin": [
								-6.49525,
								2.14977,
								-13.1819
							],
							"size": [
								1,
								1,
								1
							],
							"pivot": [
								-5.49525,
								13.39977,
								2.0681
							],
							"rotation": [
								-22.5,
								0,
								0
							],
							"uv": [
								26,
								2
							],
							"inflate": 0
						},
						{
							"origin": [
								-6.49525,
								1.14977,
								-14.1819
							],
							"size": [
								1,
								1,
								1
							],
							"pivot": [
								-5.49525,
								13.39977,
								2.0681
							],
							"rotation": [
								-22.5,
								0,
								0
							],
							"uv": [
								0,
								26
							],
							"inflate": 0
						},
						{
							"origin": [
								-6.49525,
								-0.85023,
								-12.1819
							],
							"size": [
								1,
								1,
								1
							],
							"pivot": [
								-5.49525,
								13.39977,
								2.0681
							],
							"rotation": [
								-22.5,
								0,
								0
							],
							"uv": [
								23,
								25
							],
							"inflate": 0
						},
						{
							"origin": [
								-6.49525,
								0.14977,
								-11.1819
							],
							"size": [
								1,
								1,
								1
							],
							"pivot": [
								-5.49525,
								13.39977,
								2.0681
							],
							"rotation": [
								-22.5,
								0,
								0
							],
							"uv": [
								19,
								25
							],
							"inflate": 0
						},
						{
							"origin": [
								-6.49525,
								1.14977,
								-10.1819
							],
							"size": [
								1,
								1,
								1
							],
							"pivot": [
								-5.49525,
								13.39977,
								2.0681
							],
							"rotation": [
								-22.5,
								0,
								0
							],
							"uv": [
								13,
								25
							],
							"inflate": 0
						},
						{
							"origin": [
								-6.49525,
								2.14977,
								-9.1819
							],
							"size": [
								1,
								1,
								1
							],
							"pivot": [
								-5.49525,
								13.39977,
								2.0681
							],
							"rotation": [
								-22.5,
								0,
								0
							],
							"uv": [
								9,
								25
							],
							"inflate": 0
						},
						{
							"origin": [
								-6.49525,
								3.14977,
								-8.1819
							],
							"size": [
								1,
								1,
								1
							],
							"pivot": [
								-5.49525,
								13.39977,
								2.0681
							],
							"rotation": [
								-22.5,
								0,
								0
							],
							"uv": [
								3,
								25
							],
							"inflate": 0
						},
						{
							"origin": [
								-6.49525,
								4.14977,
								-7.1819
							],
							"size": [
								1,
								1,
								1
							],
							"pivot": [
								-5.49525,
								13.39977,
								2.0681
							],
							"rotation": [
								-22.5,
								0,
								0
							],
							"uv": [
								24,
								19
							],
							"inflate": 0
						},
						{
							"origin": [
								-6.49525,
								3.14977,
								-12.1819
							],
							"size": [
								1,
								1,
								1
							],
							"pivot": [
								-5.49525,
								13.39977,
								2.0681
							],
							"rotation": [
								-22.5,
								0,
								0
							],
							"uv": [
								24,
								16
							],
							"inflate": 0
						},
						{
							"origin": [
								-6.49525,
								7.14977,
								-8.1819
							],
							"size": [
								1,
								1,
								1
							],
							"pivot": [
								-5.49525,
								13.39977,
								2.0681
							],
							"rotation": [
								-22.5,
								0,
								0
							],
							"uv": [
								16,
								24
							],
							"inflate": 0
						},
						{
							"origin": [
								-6.49525,
								1.14977,
								-12.1819
							],
							"size": [
								1,
								2,
								2
							],
							"pivot": [
								-5.49525,
								13.39977,
								2.0681
							],
							"rotation": [
								-22.5,
								0,
								0
							],
							"uv": [
								12,
								10
							],
							"inflate": 0
						},
						{
							"origin": [
								-6.49525,
								-0.85023,
								-14.1819
							],
							"size": [
								1,
								2,
								2
							],
							"pivot": [
								-5.49525,
								13.39977,
								2.0681
							],
							"rotation": [
								-22.5,
								0,
								0
							],
							"uv": [
								8,
								12
							],
							"inflate": 0
						},
						{
							"origin": [
								-6.49525,
								-2.85023,
								-16.1819
							],
							"size": [
								1,
								2,
								2
							],
							"pivot": [
								-5.49525,
								13.39977,
								2.0681
							],
							"rotation": [
								-22.5,
								0,
								0
							],
							"uv": [
								12,
								6
							],
							"inflate": 0
						},
						{
							"origin": [
								-6.49525,
								-4.85023,
								-18.1819
							],
							"size": [
								1,
								2,
								2
							],
							"pivot": [
								-5.49525,
								13.39977,
								2.0681
							],
							"rotation": [
								-22.5,
								0,
								0
							],
							"uv": [
								12,
								2
							],
							"inflate": 0
						},
						{
							"origin": [
								-6.49525,
								-6.85023,
								-20.1819
							],
							"size": [
								1,
								2,
								2
							],
							"pivot": [
								-5.49525,
								13.39977,
								2.0681
							],
							"rotation": [
								-22.5,
								0,
								0
							],
							"uv": [
								0,
								12
							],
							"inflate": 0
						},
						{
							"origin": [
								-6.49525,
								-8.85023,
								-22.1819
							],
							"size": [
								1,
								2,
								2
							],
							"pivot": [
								-5.49525,
								13.39977,
								2.0681
							],
							"rotation": [
								-22.5,
								0,
								0
							],
							"uv": [
								4,
								10
							],
							"inflate": 0
						},
						{
							"origin": [
								-6.49525,
								-10.85023,
								-24.1819
							],
							"size": [
								1,
								2,
								2
							],
							"pivot": [
								-5.49525,
								13.39977,
								2.0681
							],
							"rotation": [
								-22.5,
								0,
								0
							],
							"uv": [
								8,
								8
							],
							"inflate": 0
						},
						{
							"origin": [
								-6.49525,
								21.14977,
								7.8181
							],
							"size": [
								1,
								2,
								2
							],
							"pivot": [
								-5.49525,
								13.39977,
								2.0681
							],
							"rotation": [
								-22.5,
								0,
								0
							],
							"uv": [
								8,
								4
							],
							"inflate": 0
						},
						{
							"origin": [
								-6.49525,
								23.14977,
								9.8181
							],
							"size": [
								1,
								2,
								2
							],
							"pivot": [
								-5.49525,
								13.39977,
								2.0681
							],
							"rotation": [
								-22.5,
								0,
								0
							],
							"uv": [
								8,
								0
							],
							"inflate": 0
						},
						{
							"origin": [
								-6.49525,
								25.14977,
								11.8181
							],
							"size": [
								1,
								2,
								2
							],
							"pivot": [
								-5.49525,
								13.39977,
								2.0681
							],
							"rotation": [
								-22.5,
								0,
								0
							],
							"uv": [
								0,
								8
							],
							"inflate": 0
						},
						{
							"origin": [
								-6.49525,
								27.14977,
								13.8181
							],
							"size": [
								1,
								2,
								2
							],
							"pivot": [
								-5.49525,
								13.39977,
								2.0681
							],
							"rotation": [
								-22.5,
								0,
								0
							],
							"uv": [
								4,
								6
							],
							"inflate": 0
						},
						{
							"origin": [
								-6.49525,
								11.14977,
								-2.1819
							],
							"size": [
								1,
								2,
								2
							],
							"pivot": [
								-5.49525,
								13.39977,
								2.0681
							],
							"rotation": [
								-22.5,
								0,
								0
							],
							"uv": [
								4,
								2
							],
							"inflate": 0
						},
						{
							"origin": [
								-6.49525,
								3.14977,
								-10.1819
							],
							"size": [
								1,
								2,
								2
							],
							"pivot": [
								-5.49525,
								13.39977,
								2.0681
							],
							"rotation": [
								-22.5,
								0,
								0
							],
							"uv": [
								0,
								4
							],
							"inflate": 0
						},
						{
							"origin": [
								-6.49525,
								9.14977,
								-4.1819
							],
							"size": [
								1,
								2,
								2
							],
							"pivot": [
								-5.49525,
								13.39977,
								2.0681
							],
							"rotation": [
								-22.5,
								0,
								0
							],
							"uv": [
								0,
								0
							],
							"inflate": 0
						},
						{
							"origin": [
								-6.49525,
								19.14977,
								4.8181
							],
							"size": [
								1,
								1,
								1
							],
							"pivot": [
								-5.49525,
								13.39977,
								2.0681
							],
							"rotation": [
								-22.5,
								0,
								0
							],
							"uv": [
								24,
								12
							],
							"inflate": 0
						},
						{
							"origin": [
								-6.49525,
								15.14977,
								0.8181
							],
							"size": [
								1,
								1,
								1
							],
							"pivot": [
								-5.49525,
								13.39977,
								2.0681
							],
							"rotation": [
								-22.5,
								0,
								0
							],
							"uv": [
								24,
								8
							],
							"inflate": 0
						},
						{
							"origin": [
								-6.49525,
								17.14977,
								2.8181
							],
							"size": [
								1,
								1,
								1
							],
							"pivot": [
								-5.49525,
								13.39977,
								2.0681
							],
							"rotation": [
								-22.5,
								0,
								0
							],
							"uv": [
								6,
								24
							],
							"inflate": 0
						},
						{
							"origin": [
								-6.49525,
								13.14977,
								-1.1819
							],
							"size": [
								1,
								1,
								1
							],
							"pivot": [
								-5.49525,
								13.39977,
								2.0681
							],
							"rotation": [
								-22.5,
								0,
								0
							],
							"uv": [
								24,
								4
							],
							"inflate": 0
						},
						{
							"origin": [
								-6.49525,
								11.14977,
								-3.1819
							],
							"size": [
								1,
								1,
								1
							],
							"pivot": [
								-5.49525,
								13.39977,
								2.0681
							],
							"rotation": [
								-22.5,
								0,
								0
							],
							"uv": [
								24,
								0
							],
							"inflate": 0
						},
						{
							"origin": [
								-6.49525,
								9.14977,
								-5.1819
							],
							"size": [
								1,
								1,
								1
							],
							"pivot": [
								-5.49525,
								13.39977,
								2.0681
							],
							"rotation": [
								-22.5,
								0,
								0
							],
							"uv": [
								0,
								24
							],
							"inflate": 0
						},
						{
							"origin": [
								-6.49525,
								7.14977,
								-7.1819
							],
							"size": [
								1,
								1,
								1
							],
							"pivot": [
								-5.49525,
								13.39977,
								2.0681
							],
							"rotation": [
								-22.5,
								0,
								0
							],
							"uv": [
								22,
								23
							],
							"inflate": 0
						},
						{
							"origin": [
								-6.49525,
								5.14977,
								-9.1819
							],
							"size": [
								1,
								1,
								1
							],
							"pivot": [
								-5.49525,
								13.39977,
								2.0681
							],
							"rotation": [
								-22.5,
								0,
								0
							],
							"uv": [
								23,
								21
							],
							"inflate": 0
						},
						{
							"origin": [
								-6.49525,
								3.14977,
								-11.1819
							],
							"size": [
								1,
								1,
								1
							],
							"pivot": [
								-5.49525,
								13.39977,
								2.0681
							],
							"rotation": [
								-22.5,
								0,
								0
							],
							"uv": [
								13,
								23
							],
							"inflate": 0
						},
						{
							"origin": [
								-6.49525,
								1.14977,
								-13.1819
							],
							"size": [
								1,
								1,
								1
							],
							"pivot": [
								-5.49525,
								13.39977,
								2.0681
							],
							"rotation": [
								-22.5,
								0,
								0
							],
							"uv": [
								9,
								23
							],
							"inflate": 0
						},
						{
							"origin": [
								-6.49525,
								-2.85023,
								-17.1819
							],
							"size": [
								1,
								1,
								1
							],
							"pivot": [
								-5.49525,
								13.39977,
								2.0681
							],
							"rotation": [
								-22.5,
								0,
								0
							],
							"uv": [
								3,
								23
							],
							"inflate": 0
						},
						{
							"origin": [
								-6.49525,
								-4.85023,
								-19.1819
							],
							"size": [
								1,
								1,
								1
							],
							"pivot": [
								-5.49525,
								13.39977,
								2.0681
							],
							"rotation": [
								-22.5,
								0,
								0
							],
							"uv": [
								19,
								22
							],
							"inflate": 0
						},
						{
							"origin": [
								-6.49525,
								-6.85023,
								-21.1819
							],
							"size": [
								1,
								1,
								1
							],
							"pivot": [
								-5.49525,
								13.39977,
								2.0681
							],
							"rotation": [
								-22.5,
								0,
								0
							],
							"uv": [
								22,
								14
							],
							"inflate": 0
						},
						{
							"origin": [
								-6.49525,
								-9.85023,
								-22.1819
							],
							"size": [
								1,
								1,
								1
							],
							"pivot": [
								-5.49525,
								13.39977,
								2.0681
							],
							"rotation": [
								-22.5,
								0,
								0
							],
							"uv": [
								22,
								10
							],
							"inflate": 0
						},
						{
							"origin": [
								-6.49525,
								-8.85023,
								-23.1819
							],
							"size": [
								1,
								1,
								1
							],
							"pivot": [
								-5.49525,
								13.39977,
								2.0681
							],
							"rotation": [
								-22.5,
								0,
								0
							],
							"uv": [
								22,
								6
							],
							"inflate": 0
						},
						{
							"origin": [
								-6.49525,
								-11.85023,
								-24.1819
							],
							"size": [
								1,
								1,
								1
							],
							"pivot": [
								-5.49525,
								13.39977,
								2.0681
							],
							"rotation": [
								-22.5,
								0,
								0
							],
							"uv": [
								6,
								22
							],
							"inflate": 0
						},
						{
							"origin": [
								-6.49525,
								-10.85023,
								-25.1819
							],
							"size": [
								1,
								1,
								1
							],
							"pivot": [
								-5.49525,
								13.39977,
								2.0681
							],
							"rotation": [
								-22.5,
								0,
								0
							],
							"uv": [
								22,
								2
							],
							"inflate": 0
						},
						{
							"origin": [
								-6.49525,
								-11.85023,
								-25.1819
							],
							"size": [
								1,
								1,
								1
							],
							"pivot": [
								-5.49525,
								13.39977,
								2.0681
							],
							"rotation": [
								-22.5,
								0,
								0
							],
							"uv": [
								0,
								22
							],
							"inflate": 0
						},
						{
							"origin": [
								-6.49525,
								-0.85023,
								-15.1819
							],
							"size": [
								1,
								1,
								1
							],
							"pivot": [
								-5.49525,
								13.39977,
								2.0681
							],
							"rotation": [
								-22.5,
								0,
								0
							],
							"uv": [
								16,
								21
							],
							"inflate": 0
						},
						{
							"origin": [
								-6.49525,
								21.14977,
								6.8181
							],
							"size": [
								1,
								1,
								1
							],
							"pivot": [
								-5.49525,
								13.39977,
								2.0681
							],
							"rotation": [
								-22.5,
								0,
								0
							],
							"uv": [
								12,
								21
							],
							"inflate": 0
						},
						{
							"origin": [
								-6.49525,
								23.14977,
								8.8181
							],
							"size": [
								1,
								1,
								1
							],
							"pivot": [
								-5.49525,
								13.39977,
								2.0681
							],
							"rotation": [
								-22.5,
								0,
								0
							],
							"uv": [
								3,
								21
							],
							"inflate": 0
						},
						{
							"origin": [
								-6.49525,
								25.14977,
								10.8181
							],
							"size": [
								1,
								1,
								1
							],
							"pivot": [
								-5.49525,
								13.39977,
								2.0681
							],
							"rotation": [
								-22.5,
								0,
								0
							],
							"uv": [
								20,
								20
							],
							"inflate": 0
						},
						{
							"origin": [
								-6.49525,
								22.14977,
								9.8181
							],
							"size": [
								1,
								1,
								1
							],
							"pivot": [
								-5.49525,
								13.39977,
								2.0681
							],
							"rotation": [
								-22.5,
								0,
								0
							],
							"uv": [
								20,
								16
							],
							"inflate": 0
						},
						{
							"origin": [
								-6.49525,
								20.14977,
								7.8181
							],
							"size": [
								1,
								1,
								1
							],
							"pivot": [
								-5.49525,
								13.39977,
								2.0681
							],
							"rotation": [
								-22.5,
								0,
								0
							],
							"uv": [
								20,
								12
							],
							"inflate": 0
						},
						{
							"origin": [
								-6.49525,
								26.14977,
								13.8181
							],
							"size": [
								1,
								1,
								1
							],
							"pivot": [
								-5.49525,
								13.39977,
								2.0681
							],
							"rotation": [
								-22.5,
								0,
								0
							],
							"uv": [
								9,
								20
							],
							"inflate": 0
						},
						{
							"origin": [
								-6.49525,
								24.14977,
								11.8181
							],
							"size": [
								1,
								1,
								1
							],
							"pivot": [
								-5.49525,
								13.39977,
								2.0681
							],
							"rotation": [
								-22.5,
								0,
								0
							],
							"uv": [
								20,
								8
							],
							"inflate": 0
						},
						{
							"origin": [
								-6.49525,
								27.14977,
								12.8181
							],
							"size": [
								1,
								1,
								1
							],
							"pivot": [
								-5.49525,
								13.39977,
								2.0681
							],
							"rotation": [
								-22.5,
								0,
								0
							],
							"uv": [
								20,
								4
							],
							"inflate": 0
						},
						{
							"origin": [
								-6.49525,
								16.14977,
								3.8181
							],
							"size": [
								1,
								1,
								1
							],
							"pivot": [
								-5.49525,
								13.39977,
								2.0681
							],
							"rotation": [
								-22.5,
								0,
								0
							],
							"uv": [
								20,
								0
							],
							"inflate": 0
						},
						{
							"origin": [
								-6.49525,
								12.14977,
								-0.1819
							],
							"size": [
								1,
								1,
								1
							],
							"pivot": [
								-5.49525,
								13.39977,
								2.0681
							],
							"rotation": [
								-22.5,
								0,
								0
							],
							"uv": [
								0,
								20
							],
							"inflate": 0
						},
						{
							"origin": [
								-6.49525,
								10.14977,
								-2.1819
							],
							"size": [
								1,
								1,
								1
							],
							"pivot": [
								-5.49525,
								13.39977,
								2.0681
							],
							"rotation": [
								-22.5,
								0,
								0
							],
							"uv": [
								17,
								19
							],
							"inflate": 0
						},
						{
							"origin": [
								-6.49525,
								8.14977,
								-4.1819
							],
							"size": [
								1,
								1,
								1
							],
							"pivot": [
								-5.49525,
								13.39977,
								2.0681
							],
							"rotation": [
								-22.5,
								0,
								0
							],
							"uv": [
								13,
								19
							],
							"inflate": 0
						},
						{
							"origin": [
								-6.49525,
								14.14977,
								1.8181
							],
							"size": [
								1,
								1,
								1
							],
							"pivot": [
								-5.49525,
								13.39977,
								2.0681
							],
							"rotation": [
								-22.5,
								0,
								0
							],
							"uv": [
								12,
								0
							],
							"inflate": 0
						},
						{
							"origin": [
								-6.49525,
								18.14977,
								5.8181
							],
							"size": [
								1,
								1,
								1
							],
							"pivot": [
								-5.49525,
								13.39977,
								2.0681
							],
							"rotation": [
								-22.5,
								0,
								0
							],
							"uv": [
								4,
								0
							],
							"inflate": 0
						}
					],
					"parent": "weapon",
					"rotation": [
						-22.5,
						0,
						0
					]
				}
			]
		}
	]
}