{
	"format_version": "1.12.0",
	"minecraft:geometry": [
		{
			"description": {
				"identifier": "geometry.knights_cloak",
				"texture_width": 64,
				"texture_height": 32,
				"visible_bounds_width": 3,
				"visible_bounds_height": 3,
				"visible_bounds_offset": [
					0,
					1.5,
					0
				]
			},
			"bones": [
				{
					"name": "head",
					"pivot": [
						0,
						24,
						0
					],
					"cubes": [
						{
							"origin": [
								-4,
								24,
								-4
							],
							"size": [
								8,
								8,
								8
							],
							"uv": {
								"north": {
									"uv": [
										11,
										28
									],
									"uv_size": [
										8,
										4
									]
								},
								"east": {
									"uv": [
										1,
										28
									],
									"uv_size": [
										8,
										4
									]
								},
								"south": {
									"uv": [
										25,
										8
									],
									"uv_size": [
										7,
										-5
									]
								},
								"west": {
									"uv": [
										16,
										28
									],
									"uv_size": [
										8,
										4
									]
								},
								"up": {
									"uv": [
										9,
										28
									],
									"uv_size": [
										8,
										4
									]
								},
								"down": {
									"uv": [
										24,
										25
									],
									"uv_size": [
										8,
										-4
									]
								}
							},
							"inflate": 0.6
						},
						{
							"origin": [
								-4,
								24,
								-4
							],
							"size": [
								8,
								8,
								8
							],
							"uv": {
								"north": {
									"uv": [
										43,
										28
									],
									"uv_size": [
										8,
										4
									]
								},
								"east": {
									"uv": [
										33,
										28
									],
									"uv_size": [
										8,
										4
									]
								},
								"south": {
									"uv": [
										57,
										8
									],
									"uv_size": [
										7,
										-5
									]
								},
								"west": {
									"uv": [
										48,
										28
									],
									"uv_size": [
										8,
										4
									]
								},
								"up": {
									"uv": [
										41,
										28
									],
									"uv_size": [
										8,
										4
									]
								},
								"down": {
									"uv": [
										56,
										25
									],
									"uv_size": [
										8,
										-4
									]
								}
							},
							"inflate": 1.2
						}
					]
				},
				{
					"name": "body",
					"pivot": [
						0,
						24,
						0
					],
					"cubes": [
						{
							"origin": [
								-4,
								12,
								-2
							],
							"size": [
								8,
								12,
								4
							],
							"uv": {
								"north": {
									"uv": [
										42,
										17
									],
									"uv_size": [
										8,
										6
									]
								},
								"east": {
									"uv": [
										33,
										21
									],
									"uv_size": [
										4,
										6
									]
								},
								"south": {
									"uv": [
										32,
										10
									],
									"uv_size": [
										8,
										6
									]
								},
								"west": {
									"uv": [
										28,
										10
									],
									"uv_size": [
										4,
										6
									]
								},
								"up": {
									"uv": [
										38,
										13
									],
									"uv_size": [
										8,
										2
									]
								},
								"down": {
									"uv": [
										28,
										10
									],
									"uv_size": [
										8,
										-2
									]
								}
							},
							"inflate": 0.8
						}
					]
				},
				{
					"name": "bone",
					"pivot": [
						0,
						0.5,
						0
					],
					"cubes": [
						{
							"origin": [
								-7.5,
								21.5,
								-3
							],
							"size": [
								15,
								4,
								0
							],
							"uv": {
								"north": {
									"uv": [
										1,
										0
									],
									"uv_size": [
										10,
										2.9
									]
								},
								"east": {
									"uv": [
										16,
										8
									],
									"uv_size": [
										0,
										1.5
									]
								},
								"south": {
									"uv": [
										42,
										13
									],
									"uv_size": [
										15,
										-1.5
									]
								},
								"west": {
									"uv": [
										31,
										8
									],
									"uv_size": [
										0,
										1.5
									]
								},
								"up": {
									"uv": [
										16,
										8
									],
									"uv_size": [
										15,
										0
									]
								},
								"down": {
									"uv": [
										31,
										8
									],
									"uv_size": [
										15,
										0
									]
								}
							},
							"inflate": 0
						},
						{
							"origin": [
								-7.5,
								25.5,
								-3
							],
							"size": [
								15,
								0.01,
								6
							],
							"uv": {
								"north": {
									"uv": [
										22,
										11
									],
									"uv_size": [
										15,
										0
									]
								},
								"east": {
									"uv": [
										16,
										11
									],
									"uv_size": [
										6,
										0
									]
								},
								"south": {
									"uv": [
										43,
										11
									],
									"uv_size": [
										15,
										0
									]
								},
								"west": {
									"uv": [
										50,
										16
									],
									"uv_size": [
										2,
										-5
									]
								},
								"up": {
									"uv": [
										0,
										6.5
									],
									"uv_size": [
										12,
										2.75
									]
								},
								"down": {
									"uv": [
										48,
										15.5
									],
									"uv_size": [
										15,
										-3
									]
								}
							},
							"inflate": 0
						}
					],
					"parent": "body"
				},
				{
					"name": "bone2",
					"pivot": [
						0,
						26,
						3
					],
					"cubes": [
						{
							"origin": [
								-7.5,
								5.5,
								3
							],
							"size": [
								15,
								20,
								0
							],
							"uv": {
								"north": {
									"uv": [
										49,
										22
									],
									"uv_size": [
										15,
										10
									]
								},
								"east": {
									"uv": [
										16,
										8
									],
									"uv_size": [
										0,
										10
									]
								},
								"south": {
									"uv": [
										0,
										4
									],
									"uv_size": [
										11,
										10
									]
								},
								"west": {
									"uv": [
										31,
										8
									],
									"uv_size": [
										0,
										10
									]
								},
								"up": {
									"uv": [
										16,
										8
									],
									"uv_size": [
										15,
										0
									]
								},
								"down": {
									"uv": [
										31,
										8
									],
									"uv_size": [
										15,
										0
									]
								}
							},
							"inflate": 0
						},
						{
							"origin": [
								-7.5,
								4.75,
								3.1
							],
							"size": [
								15,
								16,
								0
							],
							"uv": {
								"north": {
									"uv": [
										43,
										16
									],
									"uv_size": [
										20,
										9
									]
								},
								"east": {
									"uv": [
										42,
										16
									],
									"uv_size": [
										20,
										8
									]
								},
								"south": {
									"uv": [
										0,
										8
									],
									"uv_size": [
										11,
										9
									]
								},
								"west": {
									"uv": [
										42,
										16
									],
									"uv_size": [
										15,
										8
									]
								},
								"up": {
									"uv": [
										45,
										19
									],
									"uv_size": [
										15,
										-0.5
									]
								},
								"down": {
									"uv": [
										31,
										8
									],
									"uv_size": [
										15,
										0
									]
								}
							},
							"inflate": 0
						}
					],
					"parent": "bone",
					"rotation": [
						5,
						0,
						0
					]
				},
				{
					"name": "rightArm",
					"pivot": [
						-5,
						22,
						0
					],
					"cubes": [
						{
							"origin": [
								-8,
								12,
								-2
							],
							"size": [
								4,
								12,
								4
							],
							"uv": {
								"north": {
									"uv": [
										2,
										22
									],
									"uv_size": [
										-2,
										7
									]
								},
								"east": {
									"uv": [
										0,
										17
									],
									"uv_size": [
										4,
										6
									]
								},
								"south": {
									"uv": [
										9,
										18
									],
									"uv_size": [
										12,
										6
									]
								},
								"west": {
									"uv": [
										14,
										17.5
									],
									"uv_size": [
										4,
										6
									]
								},
								"up": {
									"uv": [
										0,
										19.5
									],
									"uv_size": [
										22,
										4
									]
								},
								"down": {
									"uv": [
										64,
										26.5
									],
									"uv_size": [
										0,
										5.5
									]
								}
							},
							"inflate": 0.6
						}
					]
				},
				{
					"name": "leftArm",
					"pivot": [
						5,
						22,
						0
					],
					"cubes": [
						{
							"origin": [
								4,
								12,
								-2
							],
							"size": [
								4,
								12,
								4
							],
							"uv": {
								"north": {
									"uv": [
										4,
										18.5
									],
									"uv_size": [
										4,
										6
									]
								},
								"east": {
									"uv": [
										4,
										19.5
									],
									"uv_size": [
										-4,
										6
									]
								},
								"south": {
									"uv": [
										4,
										18.5
									],
									"uv_size": [
										-4,
										6
									]
								},
								"west": {
									"uv": [
										44,
										10
									],
									"uv_size": [
										-1,
										6
									]
								},
								"up": {
									"uv": [
										48,
										8
									],
									"uv_size": [
										-4,
										2
									]
								},
								"down": {
									"uv": [
										52,
										10
									],
									"uv_size": [
										-4,
										-2
									]
								}
							},
							"inflate": 0.6
						}
					]
				},
				{
					"name": "rightLeg",
					"pivot": [
						-1.9,
						12,
						0
					],
					"cubes": [
						{
							"origin": [
								-4.25,
								2,
								-2
							],
							"size": [
								4,
								10,
								4
							],
							"uv": {
								"north": {
									"uv": [
										20,
										26
									],
									"uv_size": [
										4,
										5
									]
								},
								"east": {
									"uv": [
										16,
										26
									],
									"uv_size": [
										4,
										5
									]
								},
								"south": {
									"uv": [
										28,
										26
									],
									"uv_size": [
										4,
										5
									]
								},
								"west": {
									"uv": [
										24,
										26
									],
									"uv_size": [
										4,
										5
									]
								},
								"up": {
									"uv": [
										20,
										24
									],
									"uv_size": [
										4,
										2
									]
								},
								"down": {
									"uv": [
										24,
										26
									],
									"uv_size": [
										4,
										-2
									]
								}
							},
							"inflate": 0.8
						}
					]
				},
				{
					"name": "leftLeg",
					"pivot": [
						1.9,
						12,
						0
					],
					"cubes": [
						{
							"origin": [
								0.25,
								2,
								-2
							],
							"size": [
								4,
								10,
								4
							],
							"uv": {
								"north": {
									"uv": [
										64,
										10
									],
									"uv_size": [
										-35,
										22
									]
								},
								"east": {
									"uv": [
										41,
										20
									],
									"uv_size": [
										-4,
										5
									]
								},
								"south": {
									"uv": [
										41,
										20
									],
									"uv_size": [
										-4,
										5
									]
								},
								"west": {
									"uv": [
										49,
										27
									],
									"uv_size": [
										-4,
										5
									]
								},
								"up": {
									"uv": [
										50,
										24
									],
									"uv_size": [
										-22,
										8
									]
								},
								"down": {
									"uv": [
										54,
										32
									],
									"uv_size": [
										-4,
										-12
									]
								}
							},
							"inflate": 0.8
						}
					]
				}
			]
		}
	]
}