{
	"format_version": "1.12.0",
	"minecraft:geometry": [
		{
			"description": {
				"identifier": "geometry.knights_iron_jian",
				"texture_width": 32,
				"texture_height": 32,
				"visible_bounds_width": 4,
				"visible_bounds_height": 3.5,
				"visible_bounds_offset": [
					0,
					1.25,
					0
				]
			},
			"bones": [
				{
					"name": "rightItem",
					"pivot": [
						-6,
						15,
						2
					]
				},
				{
					"name": "weapon",
					"parent": "rightItem",
					"pivot": [
						-6,
						15,
						3
					]
				},
				{
					"name": "jian",
					"parent": "weapon",
					"pivot": [
						-6,
						15,
						5
					],
					"rotation": [
						-20.01564,
						0.75155,
						177.61557
					],
					"cubes": [
						{
							"origin": [
								-6.49525,
								15.14977,
								4.8181
							],
							"size": [
								1,
								2,
								2
							],
							"pivot": [
								-5.49525,
								13.39977,
								5.0681
							],
							"rotation": [
								-22.5,
								0,
								0
							],
							"uv": [
								10,
								15
							]
						},
						{
							"origin": [
								-6.49525,
								14.14977,
								4.8181
							],
							"size": [
								1,
								1,
								1
							],
							"pivot": [
								-5.49525,
								13.39977,
								5.0681
							],
							"rotation": [
								-22.5,
								0,
								0
							],
							"uv": [
								21,
								1
							]
						},
						{
							"origin": [
								-6.49525,
								14.14977,
								3.8181
							],
							"size": [
								1,
								2,
								1
							],
							"pivot": [
								-5.49525,
								13.39977,
								5.0681
							],
							"rotation": [
								-22.5,
								0,
								0
							],
							"uv": [
								4,
								17
							]
						},
						{
							"origin": [
								-6.49525,
								13.14977,
								2.8181
							],
							"size": [
								1,
								2,
								1
							],
							"pivot": [
								-5.49525,
								13.39977,
								5.0681
							],
							"rotation": [
								-22.5,
								0,
								0
							],
							"uv": [
								0,
								17
							]
						},
						{
							"origin": [
								-6.49525,
								12.14977,
								2.8181
							],
							"size": [
								1,
								1,
								1
							],
							"pivot": [
								-5.49525,
								13.39977,
								5.0681
							],
							"rotation": [
								-22.5,
								0,
								0
							],
							"uv": [
								20,
								5
							]
						},
						{
							"origin": [
								-6.49525,
								11.14977,
								1.8181
							],
							"size": [
								1,
								1,
								1
							],
							"pivot": [
								-5.49525,
								13.39977,
								5.0681
							],
							"rotation": [
								-22.5,
								0,
								0
							],
							"uv": [
								0,
								20
							]
						},
						{
							"origin": [
								-6.49525,
								10.14977,
								0.8181
							],
							"size": [
								1,
								1,
								1
							],
							"pivot": [
								-5.49525,
								13.39977,
								5.0681
							],
							"rotation": [
								-22.5,
								0,
								0
							],
							"uv": [
								19,
								18
							]
						},
						{
							"origin": [
								-6.49525,
								6.14977,
								-1.1819
							],
							"size": [
								1,
								4,
								2
							],
							"pivot": [
								-5.49525,
								13.39977,
								5.0681
							],
							"rotation": [
								-22.5,
								0,
								0
							],
							"uv": [
								6,
								7
							]
						},
						{
							"origin": [
								-6.49525,
								10.14977,
								-4.1819
							],
							"size": [
								1,
								1,
								4
							],
							"pivot": [
								-5.49525,
								13.39977,
								5.0681
							],
							"rotation": [
								-22.5,
								0,
								0
							],
							"uv": [
								0,
								0
							]
						},
						{
							"origin": [
								-6.49525,
								9.14977,
								-4.1819
							],
							"size": [
								1,
								1,
								3
							],
							"pivot": [
								-5.49525,
								13.39977,
								5.0681
							],
							"rotation": [
								-22.5,
								0,
								0
							],
							"uv": [
								0,
								5
							]
						},
						{
							"origin": [
								-6.49525,
								13.14977,
								3.8181
							],
							"size": [
								1,
								1,
								1
							],
							"pivot": [
								-5.49525,
								13.39977,
								5.0681
							],
							"rotation": [
								-22.5,
								0,
								0
							],
							"uv": [
								4,
								20
							]
						},
						{
							"origin": [
								-6.49525,
								12.14977,
								1.8181
							],
							"size": [
								1,
								2,
								1
							],
							"pivot": [
								-5.49525,
								13.39977,
								5.0681
							],
							"rotation": [
								-22.5,
								0,
								0
							],
							"uv": [
								16,
								4
							]
						},
						{
							"origin": [
								-6.49525,
								11.14977,
								0.8181
							],
							"size": [
								1,
								2,
								1
							],
							"pivot": [
								-5.49525,
								13.39977,
								5.0681
							],
							"rotation": [
								-22.5,
								0,
								0
							],
							"uv": [
								14,
								10
							]
						},
						{
							"origin": [
								-6.49525,
								6.14977,
								-3.1819
							],
							"size": [
								1,
								1,
								1
							],
							"pivot": [
								-5.49525,
								13.39977,
								5.0681
							],
							"rotation": [
								-22.5,
								0,
								0
							],
							"uv": [
								18,
								20
							]
						},
						{
							"origin": [
								-6.49525,
								4.14977,
								-5.1819
							],
							"size": [
								1,
								1,
								1
							],
							"pivot": [
								-5.49525,
								13.39977,
								5.0681
							],
							"rotation": [
								-22.5,
								0,
								0
							],
							"uv": [
								19,
								16
							]
						},
						{
							"origin": [
								-6.49525,
								2.14977,
								-7.1819
							],
							"size": [
								1,
								1,
								1
							],
							"pivot": [
								-5.49525,
								13.39977,
								5.0681
							],
							"rotation": [
								-22.5,
								0,
								0
							],
							"uv": [
								15,
								19
							]
						},
						{
							"origin": [
								-6.49525,
								1.14977,
								-9.1819
							],
							"size": [
								1,
								2,
								2
							],
							"pivot": [
								-5.49525,
								13.39977,
								5.0681
							],
							"rotation": [
								-22.5,
								0,
								0
							],
							"uv": [
								14,
								0
							]
						},
						{
							"origin": [
								-6.49525,
								0.14977,
								-9.1819
							],
							"size": [
								1,
								1,
								1
							],
							"pivot": [
								-5.49525,
								13.39977,
								5.0681
							],
							"rotation": [
								-22.5,
								0,
								0
							],
							"uv": [
								11,
								19
							]
						},
						{
							"origin": [
								-6.49525,
								-3.85023,
								-13.1819
							],
							"size": [
								1,
								1,
								1
							],
							"pivot": [
								-5.49525,
								13.39977,
								5.0681
							],
							"rotation": [
								-22.5,
								0,
								0
							],
							"uv": [
								19,
								3
							]
						},
						{
							"origin": [
								-6.49525,
								-5.85023,
								-15.1819
							],
							"size": [
								1,
								1,
								1
							],
							"pivot": [
								-5.49525,
								13.39977,
								5.0681
							],
							"rotation": [
								-22.5,
								0,
								0
							],
							"uv": [
								18,
								13
							]
						},
						{
							"origin": [
								-6.49525,
								-7.85023,
								-17.1819
							],
							"size": [
								1,
								1,
								1
							],
							"pivot": [
								-5.49525,
								13.39977,
								5.0681
							],
							"rotation": [
								-22.5,
								0,
								0
							],
							"uv": [
								18,
								11
							]
						},
						{
							"origin": [
								-6.49525,
								-8.85023,
								-19.1819
							],
							"size": [
								1,
								2,
								2
							],
							"pivot": [
								-5.49525,
								13.39977,
								5.0681
							],
							"rotation": [
								-22.5,
								0,
								0
							],
							"uv": [
								6,
								13
							]
						},
						{
							"origin": [
								-6.49525,
								-1.85023,
								-11.1819
							],
							"size": [
								1,
								1,
								1
							],
							"pivot": [
								-5.49525,
								13.39977,
								5.0681
							],
							"rotation": [
								-22.5,
								0,
								0
							],
							"uv": [
								7,
								19
							]
						},
						{
							"origin": [
								-6.49525,
								7.14977,
								-3.1819
							],
							"size": [
								1,
								2,
								2
							],
							"pivot": [
								-5.49525,
								13.39977,
								5.0681
							],
							"rotation": [
								-22.5,
								0,
								0
							],
							"uv": [
								14,
								13
							]
						},
						{
							"origin": [
								-6.49525,
								7.14977,
								-4.1819
							],
							"size": [
								1,
								1,
								1
							],
							"pivot": [
								-5.49525,
								13.39977,
								5.0681
							],
							"rotation": [
								-22.5,
								0,
								0
							],
							"uv": [
								18,
								7
							]
						},
						{
							"origin": [
								-6.49525,
								5.14977,
								-5.1819
							],
							"size": [
								1,
								2,
								2
							],
							"pivot": [
								-5.49525,
								13.39977,
								5.0681
							],
							"rotation": [
								-22.5,
								0,
								0
							],
							"uv": [
								0,
								13
							]
						},
						{
							"origin": [
								-6.49525,
								5.14977,
								-6.1819
							],
							"size": [
								1,
								1,
								1
							],
							"pivot": [
								-5.49525,
								13.39977,
								5.0681
							],
							"rotation": [
								-22.5,
								0,
								0
							],
							"uv": [
								18,
								0
							]
						},
						{
							"origin": [
								-6.49525,
								3.14977,
								-7.1819
							],
							"size": [
								1,
								2,
								2
							],
							"pivot": [
								-5.49525,
								13.39977,
								5.0681
							],
							"rotation": [
								-22.5,
								0,
								0
							],
							"uv": [
								12,
								6
							]
						},
						{
							"origin": [
								-6.49525,
								3.14977,
								-8.1819
							],
							"size": [
								1,
								1,
								1
							],
							"pivot": [
								-5.49525,
								13.39977,
								5.0681
							],
							"rotation": [
								-22.5,
								0,
								0
							],
							"uv": [
								16,
								17
							]
						},
						{
							"origin": [
								-6.49525,
								-0.85023,
								-11.1819
							],
							"size": [
								1,
								2,
								2
							],
							"pivot": [
								-5.49525,
								13.39977,
								5.0681
							],
							"rotation": [
								-22.5,
								0,
								0
							],
							"uv": [
								10,
								11
							]
						},
						{
							"origin": [
								-6.49525,
								-0.85023,
								-12.1819
							],
							"size": [
								1,
								1,
								1
							],
							"pivot": [
								-5.49525,
								13.39977,
								5.0681
							],
							"rotation": [
								-22.5,
								0,
								0
							],
							"uv": [
								4,
								13
							]
						},
						{
							"origin": [
								-6.49525,
								-2.85023,
								-13.1819
							],
							"size": [
								1,
								2,
								2
							],
							"pivot": [
								-5.49525,
								13.39977,
								5.0681
							],
							"rotation": [
								-22.5,
								0,
								0
							],
							"uv": [
								10,
								2
							]
						},
						{
							"origin": [
								-6.49525,
								-2.85023,
								-14.1819
							],
							"size": [
								1,
								1,
								1
							],
							"pivot": [
								-5.49525,
								13.39977,
								5.0681
							],
							"rotation": [
								-22.5,
								0,
								0
							],
							"uv": [
								10,
								6
							]
						},
						{
							"origin": [
								-6.49525,
								-4.85023,
								-15.1819
							],
							"size": [
								1,
								2,
								2
							],
							"pivot": [
								-5.49525,
								13.39977,
								5.0681
							],
							"rotation": [
								-22.5,
								0,
								0
							],
							"uv": [
								0,
								9
							]
						},
						{
							"origin": [
								-6.49525,
								-4.85023,
								-16.1819
							],
							"size": [
								1,
								1,
								1
							],
							"pivot": [
								-5.49525,
								13.39977,
								5.0681
							],
							"rotation": [
								-22.5,
								0,
								0
							],
							"uv": [
								10,
								0
							]
						},
						{
							"origin": [
								-6.49525,
								-6.85023,
								-17.1819
							],
							"size": [
								1,
								2,
								2
							],
							"pivot": [
								-5.49525,
								13.39977,
								5.0681
							],
							"rotation": [
								-22.5,
								0,
								0
							],
							"uv": [
								6,
								0
							]
						},
						{
							"origin": [
								-6.49525,
								-6.85023,
								-18.1819
							],
							"size": [
								1,
								1,
								1
							],
							"pivot": [
								-5.49525,
								13.39977,
								5.0681
							],
							"rotation": [
								-22.5,
								0,
								0
							],
							"uv": [
								5,
								5
							]
						},
						{
							"origin": [
								-6.49525,
								1.14977,
								-10.1819
							],
							"size": [
								1,
								1,
								1
							],
							"pivot": [
								-5.49525,
								13.39977,
								5.0681
							],
							"rotation": [
								-22.5,
								0,
								0
							],
							"uv": [
								17,
								9
							]
						},
						{
							"origin": [
								-6.49525,
								10.14977,
								-0.1819
							],
							"size": [
								1,
								2,
								1
							],
							"pivot": [
								-5.49525,
								13.39977,
								5.0681
							],
							"rotation": [
								-22.5,
								0,
								0
							],
							"uv": [
								0,
								0
							]
						}
					]
				}
			]
		}
	]
}