{
	"format_version": "1.16.0",
	"minecraft:geometry": [
		{
			"description": {
				"identifier": "geometry.knights_tartsche_shield_blue",
				"texture_width": 64,
				"texture_height": 64,
				"visible_bounds_width": 2,
				"visible_bounds_height": 3.5,
				"visible_bounds_offset": [
					0,
					1.25,
					0
				]
			},
			"bones": [
				{
					"name": "shield",
					"binding": "q.item_slot_to_bone_name(c.item_slot)",
					"pivot": [
						1,
						15.5,
						3
					],
					"cubes": [
						{
							"origin": [
								0,
								25,
								0
							],
							"size": [
								2,
								6,
								6
							],
							"uv": {
								"north": {
									"uv": [
										54,
										58
									],
									"uv_size": [
										2,
										6
									]
								},
								"east": {
									"uv": [
										48,
										58
									],
									"uv_size": [
										6,
										6
									]
								},
								"south": {
									"uv": [
										62,
										58
									],
									"uv_size": [
										2,
										6
									]
								},
								"west": {
									"uv": [
										56,
										58
									],
									"uv_size": [
										6,
										6
									]
								},
								"up": {
									"uv": [
										54,
										52
									],
									"uv_size": [
										2,
										6
									]
								},
								"down": {
									"uv": [
										56,
										58
									],
									"uv_size": [
										2,
										-6
									]
								}
							},
							"inflate": 0
						}
					]
				},
				{
					"name": "bone",
					"pivot": [
						1.5,
						27,
						0
					],
					"cubes": [
						{
							"origin": [
								0,
								34,
								-1
							],
							"size": [
								7,
								1,
								1
							],
							"uv": {
								"north": {
									"uv": [
										15,
										7
									],
									"uv_size": [
										7,
										1
									]
								},
								"east": {
									"uv": [
										9,
										7
									],
									"uv_size": [
										1,
										1
									]
								},
								"south": {
									"uv": [
										43,
										7
									],
									"uv_size": [
										7,
										1
									]
								},
								"west": {
									"uv": [
										22,
										7
									],
									"uv_size": [
										2,
										1
									]
								},
								"up": {
									"uv": [
										51,
										42
									],
									"uv_size": [
										5,
										1
									]
								},
								"down": {
									"uv": [
										22,
										7
									],
									"uv_size": [
										7,
										-2
									]
								}
							},
							"inflate": 0
						},
						{
							"origin": [
								-5,
								33,
								-1
							],
							"size": [
								1,
								1,
								1
							],
							"uv": {
								"north": {
									"uv": [
										10,
										8
									],
									"uv_size": [
										1,
										1
									]
								},
								"east": {
									"uv": [
										48,
										38
									],
									"uv_size": [
										1,
										-1
									]
								},
								"south": {
									"uv": [
										54,
										8
									],
									"uv_size": [
										1,
										1
									]
								},
								"west": {
									"uv": [
										23,
										8
									],
									"uv_size": [
										2,
										1
									]
								},
								"up": {
									"uv": [
										37,
										40
									],
									"uv_size": [
										-1,
										-1
									]
								},
								"down": {
									"uv": [
										23,
										8
									],
									"uv_size": [
										13,
										-2
									]
								}
							},
							"inflate": 0
						},
						{
							"origin": [
								0,
								33,
								-1
							],
							"size": [
								8,
								1,
								1
							],
							"uv": {
								"north": {
									"uv": [
										15,
										8
									],
									"uv_size": [
										8,
										1
									]
								},
								"east": {
									"uv": [
										8,
										8
									],
									"uv_size": [
										2,
										1
									]
								},
								"south": {
									"uv": [
										42,
										8
									],
									"uv_size": [
										8,
										1
									]
								},
								"west": {
									"uv": [
										33,
										34
									],
									"uv_size": [
										1,
										-1
									]
								},
								"up": {
									"uv": [
										23,
										8
									],
									"uv_size": [
										-1,
										-1
									]
								},
								"down": {
									"uv": [
										23,
										8
									],
									"uv_size": [
										13,
										-2
									]
								}
							},
							"inflate": 0
						},
						{
							"origin": [
								-6,
								19,
								-1
							],
							"size": [
								15,
								4,
								1
							],
							"uv": {
								"north": {
									"uv": [
										9,
										19
									],
									"uv_size": [
										15,
										4
									]
								},
								"east": {
									"uv": [
										0,
										52
									],
									"uv_size": [
										1,
										3
									]
								},
								"south": {
									"uv": [
										41,
										19
									],
									"uv_size": [
										15,
										4
									]
								},
								"west": {
									"uv": [
										16,
										51
									],
									"uv_size": [
										1,
										4
									]
								},
								"up": {
									"uv": [
										49,
										42
									],
									"uv_size": [
										7,
										1
									]
								},
								"down": {
									"uv": [
										54,
										41
									],
									"uv_size": [
										9,
										-1
									]
								}
							},
							"inflate": 0
						},
						{
							"origin": [
								-2,
								17,
								-1
							],
							"size": [
								7,
								1,
								1
							],
							"uv": {
								"north": {
									"uv": [
										13,
										24
									],
									"uv_size": [
										7,
										1
									]
								},
								"east": {
									"uv": [
										30,
										51
									],
									"uv_size": [
										1,
										1
									]
								},
								"south": {
									"uv": [
										46,
										24
									],
									"uv_size": [
										7,
										1
									]
								},
								"west": {
									"uv": [
										30,
										51
									],
									"uv_size": [
										1,
										1
									]
								},
								"up": {
									"uv": [
										13,
										22
									],
									"uv_size": [
										7,
										2
									]
								},
								"down": {
									"uv": [
										49,
										43
									],
									"uv_size": [
										7,
										-1
									]
								}
							},
							"inflate": 0
						},
						{
							"origin": [
								-5,
								18,
								-1
							],
							"size": [
								13,
								1,
								1
							],
							"uv": {
								"north": {
									"uv": [
										10,
										23
									],
									"uv_size": [
										13,
										1
									]
								},
								"east": {
									"uv": [
										36,
										39
									],
									"uv_size": [
										1,
										1
									]
								},
								"south": {
									"uv": [
										42,
										23
									],
									"uv_size": [
										13,
										1
									]
								},
								"west": {
									"uv": [
										30,
										51
									],
									"uv_size": [
										1,
										1
									]
								},
								"up": {
									"uv": [
										10,
										21
									],
									"uv_size": [
										13,
										2
									]
								},
								"down": {
									"uv": [
										63,
										41
									],
									"uv_size": [
										-9,
										-1
									]
								}
							},
							"inflate": 0
						},
						{
							"origin": [
								-5,
								23,
								-1
							],
							"size": [
								13,
								5,
								1
							],
							"uv": {
								"north": {
									"uv": [
										10,
										14
									],
									"uv_size": [
										13,
										5
									]
								},
								"east": {
									"uv": [
										0,
										34
									],
									"uv_size": [
										1,
										5
									]
								},
								"south": {
									"uv": [
										42,
										14
									],
									"uv_size": [
										13,
										5
									]
								},
								"west": {
									"uv": [
										14,
										34
									],
									"uv_size": [
										1,
										5
									]
								},
								"up": {
									"uv": [
										10,
										12
									],
									"uv_size": [
										13,
										2
									]
								},
								"down": {
									"uv": [
										23,
										15
									],
									"uv_size": [
										13,
										-2
									]
								}
							},
							"inflate": 0
						},
						{
							"origin": [
								0,
								28,
								-1
							],
							"size": [
								9,
								5,
								1
							],
							"uv": {
								"north": {
									"uv": [
										15,
										9
									],
									"uv_size": [
										9,
										5
									]
								},
								"east": {
									"uv": [
										14,
										34
									],
									"uv_size": [
										1,
										5
									]
								},
								"south": {
									"uv": [
										41,
										9
									],
									"uv_size": [
										9,
										5
									]
								},
								"west": {
									"uv": [
										0,
										34
									],
									"uv_size": [
										1,
										5
									]
								},
								"up": {
									"uv": [
										56,
										42
									],
									"uv_size": [
										-7,
										1
									]
								},
								"down": {
									"uv": [
										56,
										42
									],
									"uv_size": [
										-7,
										1
									]
								}
							},
							"inflate": 0
						},
						{
							"origin": [
								-1,
								28,
								-1
							],
							"size": [
								1,
								4,
								1
							],
							"uv": {
								"north": {
									"uv": [
										14,
										10
									],
									"uv_size": [
										1,
										4
									]
								},
								"east": {
									"uv": [
										14,
										34
									],
									"uv_size": [
										1,
										5
									]
								},
								"south": {
									"uv": [
										50,
										10
									],
									"uv_size": [
										1,
										4
									]
								},
								"west": {
									"uv": [
										0,
										0
									],
									"uv_size": [
										2,
										5
									]
								},
								"up": {
									"uv": [
										37,
										40
									],
									"uv_size": [
										-1,
										-1
									]
								},
								"down": {
									"uv": [
										15,
										2
									],
									"uv_size": [
										-15,
										-2
									]
								}
							},
							"inflate": 0
						},
						{
							"origin": [
								-3,
								28,
								-1
							],
							"size": [
								2,
								3,
								1
							],
							"uv": {
								"north": {
									"uv": [
										12,
										11
									],
									"uv_size": [
										2,
										3
									]
								},
								"east": {
									"uv": [
										0,
										0
									],
									"uv_size": [
										2,
										5
									]
								},
								"south": {
									"uv": [
										51,
										11
									],
									"uv_size": [
										2,
										3
									]
								},
								"west": {
									"uv": [
										0,
										0
									],
									"uv_size": [
										2,
										5
									]
								},
								"up": {
									"uv": [
										56,
										43
									],
									"uv_size": [
										-7,
										-1
									]
								},
								"down": {
									"uv": [
										15,
										2
									],
									"uv_size": [
										-15,
										-2
									]
								}
							},
							"inflate": 0
						},
						{
							"origin": [
								-6,
								28,
								-1
							],
							"size": [
								3,
								4,
								1
							],
							"uv": {
								"north": {
									"uv": [
										9,
										10
									],
									"uv_size": [
										3,
										4
									]
								},
								"east": {
									"uv": [
										14,
										34
									],
									"uv_size": [
										1,
										5
									]
								},
								"south": {
									"uv": [
										53,
										10
									],
									"uv_size": [
										3,
										4
									]
								},
								"west": {
									"uv": [
										0,
										34
									],
									"uv_size": [
										1,
										5
									]
								},
								"up": {
									"uv": [
										63,
										41
									],
									"uv_size": [
										-9,
										-1
									]
								},
								"down": {
									"uv": [
										56,
										43
									],
									"uv_size": [
										-7,
										-1
									]
								}
							},
							"inflate": 0
						},
						{
							"origin": [
								-6,
								32,
								-1
							],
							"size": [
								2,
								1,
								1
							],
							"uv": {
								"north": {
									"uv": [
										9,
										9
									],
									"uv_size": [
										2,
										1
									]
								},
								"east": {
									"uv": [
										44,
										41
									],
									"uv_size": [
										1,
										1
									]
								},
								"south": {
									"uv": [
										54,
										9
									],
									"uv_size": [
										2,
										1
									]
								},
								"west": {
									"uv": [
										33,
										33
									],
									"uv_size": [
										1,
										1
									]
								},
								"up": {
									"uv": [
										49,
										34
									],
									"uv_size": [
										-2,
										-1
									]
								},
								"down": {
									"uv": [
										15,
										2
									],
									"uv_size": [
										-15,
										-2
									]
								}
							},
							"inflate": 0
						}
					],
					"parent": "shield",
					"rotation": [
						0,
						0,
						-180
					]
				}
			]
		}
	]
}