{
	"format_version": "1.12.0",
	"minecraft:geometry": [
		{
			"description": {
				"identifier": "geometry.knights_rusted_chainmail_armour",
				"texture_width": 64,
				"texture_height": 32,
				"visible_bounds_width": 3,
				"visible_bounds_height": 3,
				"visible_bounds_offset": [
					0,
					1.5,
					0
				]
			},
			"bones": [
				{
					"name": "head",
					"pivot": [
						0,
						24,
						0
					],
					"cubes": [
						{
							"origin": [
								-4,
								24,
								-4
							],
							"size": [
								8,
								8,
								8
							],
							"uv": {
								"north": {
									"uv": [
										40,
										8
									],
									"uv_size": [
										8,
										8
									]
								},
								"east": {
									"uv": [
										32,
										8
									],
									"uv_size": [
										8,
										8
									]
								},
								"south": {
									"uv": [
										56,
										8
									],
									"uv_size": [
										8,
										8
									]
								},
								"west": {
									"uv": [
										48,
										8
									],
									"uv_size": [
										8,
										8
									]
								},
								"up": {
									"uv": [
										40,
										0
									],
									"uv_size": [
										8,
										8
									]
								},
								"down": {
									"uv": [
										48,
										8
									],
									"uv_size": [
										8,
										-8
									]
								}
							},
							"inflate": 1.2
						}
					]
				},
				{
					"name": "body",
					"pivot": [
						0,
						24,
						0
					],
					"cubes": [
						{
							"origin": [
								-4,
								12,
								-2
							],
							"size": [
								8,
								12,
								4
							],
							"uv": {
								"north": {
									"uv": [
										20,
										20
									],
									"uv_size": [
										8,
										12
									]
								},
								"east": {
									"uv": [
										16,
										20
									],
									"uv_size": [
										4,
										12
									]
								},
								"south": {
									"uv": [
										32,
										20
									],
									"uv_size": [
										8,
										12
									]
								},
								"west": {
									"uv": [
										28,
										20
									],
									"uv_size": [
										4,
										12
									]
								},
								"up": {
									"uv": [
										20,
										16
									],
									"uv_size": [
										8,
										4
									]
								},
								"down": {
									"uv": [
										28,
										20
									],
									"uv_size": [
										8,
										-4
									]
								}
							},
							"inflate": 0.65
						}
					]
				},
				{
					"name": "rightArm",
					"pivot": [
						-5,
						22,
						0
					],
					"cubes": [
						{
							"origin": [
								-8,
								17.95,
								-2
							],
							"size": [
								4,
								6,
								4
							],
							"uv": {
								"north": {
									"uv": [
										44,
										20
									],
									"uv_size": [
										4,
										6
									]
								},
								"east": {
									"uv": [
										40,
										20
									],
									"uv_size": [
										4,
										6
									]
								},
								"south": {
									"uv": [
										52,
										20
									],
									"uv_size": [
										4,
										6
									]
								},
								"west": {
									"uv": [
										48,
										20
									],
									"uv_size": [
										4,
										6
									]
								},
								"up": {
									"uv": [
										44,
										16
									],
									"uv_size": [
										4,
										4
									]
								},
								"down": {
									"uv": [
										48,
										20
									],
									"uv_size": [
										4,
										-4
									]
								}
							},
							"inflate": 0.6
						}
					]
				},
				{
					"name": "lowerrarm",
					"pivot": [
						-5,
						19,
						0
					],
					"cubes": [
						{
							"origin": [
								-8,
								12,
								-2
							],
							"size": [
								4,
								6,
								4
							],
							"uv": {
								"north": {
									"uv": [
										44,
										26
									],
									"uv_size": [
										4,
										6
									]
								},
								"east": {
									"uv": [
										40,
										26
									],
									"uv_size": [
										4,
										6
									]
								},
								"south": {
									"uv": [
										52,
										26
									],
									"uv_size": [
										4,
										6
									]
								},
								"west": {
									"uv": [
										48,
										26
									],
									"uv_size": [
										4,
										6
									]
								},
								"up": {
									"uv": [
										44,
										16
									],
									"uv_size": [
										4,
										4
									]
								},
								"down": {
									"uv": [
										48,
										20
									],
									"uv_size": [
										4,
										-4
									]
								}
							},
							"inflate": 0.6
						}
					],
					"parent": "rightArm"
				},
				{
					"name": "leftArm",
					"pivot": [
						5,
						22,
						0
					],
					"cubes": [
						{
							"origin": [
								4,
								17.95,
								-2
							],
							"size": [
								4,
								6,
								4
							],
							"uv": {
								"north": {
									"uv": [
										48,
										20
									],
									"uv_size": [
										-4,
										6
									]
								},
								"east": {
									"uv": [
										52,
										20
									],
									"uv_size": [
										-4,
										6
									]
								},
								"south": {
									"uv": [
										56,
										20
									],
									"uv_size": [
										-4,
										6
									]
								},
								"west": {
									"uv": [
										44,
										20
									],
									"uv_size": [
										-4,
										6
									]
								},
								"up": {
									"uv": [
										48,
										16
									],
									"uv_size": [
										-4,
										4
									]
								},
								"down": {
									"uv": [
										52,
										20
									],
									"uv_size": [
										-4,
										-4
									]
								}
							},
							"inflate": 0.6
						}
					]
				},
				{
					"name": "lowerlarm",
					"pivot": [
						6,
						19,
						0
					],
					"cubes": [
						{
							"origin": [
								4,
								12,
								-2
							],
							"size": [
								4,
								6,
								4
							],
							"uv": {
								"north": {
									"uv": [
										48,
										26
									],
									"uv_size": [
										-4,
										6
									]
								},
								"east": {
									"uv": [
										48,
										26
									],
									"uv_size": [
										4,
										6
									]
								},
								"south": {
									"uv": [
										56,
										26
									],
									"uv_size": [
										-4,
										6
									]
								},
								"west": {
									"uv": [
										44,
										26
									],
									"uv_size": [
										-4,
										6
									]
								},
								"up": {
									"uv": [
										48,
										22
									],
									"uv_size": [
										-4,
										4
									]
								},
								"down": {
									"uv": [
										52,
										20
									],
									"uv_size": [
										-4,
										-4
									]
								}
							},
							"inflate": 0.6
						}
					],
					"parent": "leftArm"
				},
				{
					"name": "rightLeg",
					"pivot": [
						-1.9,
						12,
						0
					],
					"cubes": [
						{
							"origin": [
								-4.25,
								2,
								-2
							],
							"size": [
								4,
								10,
								4
							],
							"uv": {
								"north": {
									"uv": [
										4,
										20
									],
									"uv_size": [
										4,
										10
									]
								},
								"east": {
									"uv": [
										0,
										20
									],
									"uv_size": [
										4,
										10
									]
								},
								"south": {
									"uv": [
										12,
										20
									],
									"uv_size": [
										4,
										10
									]
								},
								"west": {
									"uv": [
										8,
										20
									],
									"uv_size": [
										4,
										10
									]
								},
								"up": {
									"uv": [
										4,
										16
									],
									"uv_size": [
										4,
										4
									]
								},
								"down": {
									"uv": [
										8,
										20
									],
									"uv_size": [
										4,
										-4
									]
								}
							},
							"inflate": 0.6
						}
					]
				},
				{
					"name": "lowerrleg",
					"pivot": [
						-1.9,
						7,
						0
					],
					"cubes": [
						{
							"origin": [
								-4.25,
								0.25,
								-2
							],
							"size": [
								4,
								2,
								4
							],
							"uv": {
								"north": {
									"uv": [
										4,
										30
									],
									"uv_size": [
										4,
										2
									]
								},
								"east": {
									"uv": [
										0,
										30
									],
									"uv_size": [
										4,
										2
									]
								},
								"south": {
									"uv": [
										12,
										30
									],
									"uv_size": [
										4,
										2
									]
								},
								"west": {
									"uv": [
										8,
										30
									],
									"uv_size": [
										4,
										2
									]
								},
								"up": {
									"uv": [
										4,
										26
									],
									"uv_size": [
										4,
										4
									]
								},
								"down": {
									"uv": [
										8,
										30
									],
									"uv_size": [
										4,
										-4
									]
								}
							},
							"inflate": 0.65
						}
					],
					"parent": "rightLeg"
				},
				{
					"name": "leftLeg",
					"pivot": [
						1.9,
						12,
						0
					],
					"cubes": [
						{
							"origin": [
								0.25,
								2,
								-2
							],
							"size": [
								4,
								10,
								4
							],
							"uv": {
								"north": {
									"uv": [
										8,
										20
									],
									"uv_size": [
										-4,
										10
									]
								},
								"east": {
									"uv": [
										12,
										20
									],
									"uv_size": [
										-4,
										10
									]
								},
								"south": {
									"uv": [
										16,
										20
									],
									"uv_size": [
										-4,
										10
									]
								},
								"west": {
									"uv": [
										4,
										20
									],
									"uv_size": [
										-4,
										10
									]
								},
								"up": {
									"uv": [
										8,
										16
									],
									"uv_size": [
										-4,
										4
									]
								},
								"down": {
									"uv": [
										12,
										20
									],
									"uv_size": [
										-4,
										-4
									]
								}
							},
							"inflate": 0.6
						}
					]
				},
				{
					"name": "lowerlleg",
					"pivot": [
						1.9,
						7,
						0
					],
					"cubes": [
						{
							"origin": [
								0.25,
								0.25,
								-2
							],
							"size": [
								4,
								2,
								4
							],
							"uv": {
								"north": {
									"uv": [
										8,
										30
									],
									"uv_size": [
										-4,
										2
									]
								},
								"east": {
									"uv": [
										12,
										30
									],
									"uv_size": [
										-4,
										2
									]
								},
								"south": {
									"uv": [
										16,
										30
									],
									"uv_size": [
										-4,
										2
									]
								},
								"west": {
									"uv": [
										4,
										30
									],
									"uv_size": [
										-4,
										2
									]
								},
								"up": {
									"uv": [
										8,
										26
									],
									"uv_size": [
										-4,
										4
									]
								},
								"down": {
									"uv": [
										12,
										30
									],
									"uv_size": [
										-4,
										-4
									]
								}
							},
							"inflate": 0.65
						}
					],
					"parent": "leftLeg"
				}
			]
		}
	]
}