{
	"format_version": "1.12.0",
	"minecraft:geometry": [
		{
			"description": {
				"identifier": "geometry.knights_iron_odachi",
				"texture_width": 32,
				"texture_height": 32,
				"visible_bounds_width": 4,
				"visible_bounds_height": 3.5,
				"visible_bounds_offset": [
					0,
					1.25,
					0
				]
			},
			"bones": [
				{
					"name": "rightItem",
					"pivot": [
						-6,
						15,
						1
					]
				},
				{
					"name": "weapon",
					"parent": "rightItem",
					"pivot": [
						-6,
						15,
						3
					]
				},
				{
					"name": "odachi",
					"parent": "weapon",
					"pivot": [
						-6,
						15,
						5
					],
					"rotation": [
						-12.51564,
						0.75155,
						177.61557
					],
					"cubes": [
						{
							"origin": [
								-6.49525,
								15.14977,
								4.8181
							],
							"size": [
								1,
								2,
								2
							],
							"pivot": [
								-5.49525,
								13.39977,
								5.0681
							],
							"rotation": [
								-22.5,
								0,
								0
							],
							"uv": [
								10,
								8
							]
						},
						{
							"origin": [
								-6.49525,
								14.14977,
								2.8181
							],
							"size": [
								1,
								2,
								2
							],
							"pivot": [
								-5.49525,
								13.39977,
								5.0681
							],
							"rotation": [
								-22.5,
								0,
								0
							],
							"uv": [
								4,
								10
							]
						},
						{
							"origin": [
								-6.49525,
								14.14977,
								4.8181
							],
							"size": [
								1,
								1,
								1
							],
							"pivot": [
								-5.49525,
								13.39977,
								5.0681
							],
							"rotation": [
								-22.5,
								0,
								0
							],
							"uv": [
								26,
								25
							]
						},
						{
							"origin": [
								-6.49525,
								13.14977,
								2.8181
							],
							"size": [
								1,
								1,
								2
							],
							"pivot": [
								-5.49525,
								13.39977,
								5.0681
							],
							"rotation": [
								-22.5,
								0,
								0
							],
							"uv": [
								17,
								10
							]
						},
						{
							"origin": [
								-6.49525,
								13.14977,
								1.8181
							],
							"size": [
								1,
								2,
								1
							],
							"pivot": [
								-5.49525,
								13.39977,
								5.0681
							],
							"rotation": [
								-22.5,
								0,
								0
							],
							"uv": [
								24,
								11
							]
						},
						{
							"origin": [
								-6.49525,
								12.14977,
								1.8181
							],
							"size": [
								1,
								1,
								1
							],
							"pivot": [
								-5.49525,
								13.39977,
								5.0681
							],
							"rotation": [
								-22.5,
								0,
								0
							],
							"uv": [
								23,
								26
							]
						},
						{
							"origin": [
								-6.49525,
								10.14977,
								-0.1819
							],
							"size": [
								1,
								1,
								1
							],
							"pivot": [
								-5.49525,
								13.39977,
								5.0681
							],
							"rotation": [
								-22.5,
								0,
								0
							],
							"uv": [
								26,
								22
							]
						},
						{
							"origin": [
								-6.49525,
								8.14977,
								-4.1819
							],
							"size": [
								1,
								2,
								2
							],
							"pivot": [
								-5.49525,
								13.39977,
								5.0681
							],
							"rotation": [
								-22.5,
								0,
								0
							],
							"uv": [
								10,
								0
							]
						},
						{
							"origin": [
								-6.49525,
								9.14977,
								-1.1819
							],
							"size": [
								1,
								2,
								1
							],
							"pivot": [
								-5.49525,
								13.39977,
								5.0681
							],
							"rotation": [
								-22.5,
								0,
								0
							],
							"uv": [
								8,
								24
							]
						},
						{
							"origin": [
								-6.49525,
								8.14977,
								-2.1819
							],
							"size": [
								1,
								2,
								1
							],
							"pivot": [
								-5.49525,
								13.39977,
								5.0681
							],
							"rotation": [
								-22.5,
								0,
								0
							],
							"uv": [
								24,
								6
							]
						},
						{
							"origin": [
								-6.49525,
								11.14977,
								-4.1819
							],
							"size": [
								1,
								1,
								3
							],
							"pivot": [
								-5.49525,
								13.39977,
								5.0681
							],
							"rotation": [
								-22.5,
								0,
								0
							],
							"uv": [
								5,
								1
							]
						},
						{
							"origin": [
								-6.49525,
								10.14977,
								-4.1819
							],
							"size": [
								1,
								1,
								3
							],
							"pivot": [
								-5.49525,
								13.39977,
								5.0681
							],
							"rotation": [
								-22.5,
								0,
								0
							],
							"uv": [
								0,
								4
							]
						},
						{
							"origin": [
								-6.49525,
								9.14977,
								-6.1819
							],
							"size": [
								1,
								1,
								2
							],
							"pivot": [
								-5.49525,
								13.39977,
								5.0681
							],
							"rotation": [
								-22.5,
								0,
								0
							],
							"uv": [
								6,
								17
							]
						},
						{
							"origin": [
								-6.49525,
								6.14977,
								-7.1819
							],
							"size": [
								1,
								3,
								1
							],
							"pivot": [
								-5.49525,
								13.39977,
								5.0681
							],
							"rotation": [
								-22.5,
								0,
								0
							],
							"uv": [
								0,
								22
							]
						},
						{
							"origin": [
								-6.49525,
								5.14977,
								-8.1819
							],
							"size": [
								1,
								3,
								1
							],
							"pivot": [
								-5.49525,
								13.39977,
								5.0681
							],
							"rotation": [
								-22.5,
								0,
								0
							],
							"uv": [
								12,
								21
							]
						},
						{
							"origin": [
								-6.49525,
								5.14977,
								-9.1819
							],
							"size": [
								1,
								2,
								1
							],
							"pivot": [
								-5.49525,
								13.39977,
								5.0681
							],
							"rotation": [
								-22.5,
								0,
								0
							],
							"uv": [
								4,
								24
							]
						},
						{
							"origin": [
								-6.49525,
								5.14977,
								-11.1819
							],
							"size": [
								1,
								1,
								2
							],
							"pivot": [
								-5.49525,
								13.39977,
								5.0681
							],
							"rotation": [
								-22.5,
								0,
								0
							],
							"uv": [
								16,
								15
							]
						},
						{
							"origin": [
								-6.49525,
								4.14977,
								-12.1819
							],
							"size": [
								1,
								1,
								1
							],
							"pivot": [
								-5.49525,
								13.39977,
								5.0681
							],
							"rotation": [
								-22.5,
								0,
								0
							],
							"uv": [
								26,
								0
							]
						},
						{
							"origin": [
								-6.49525,
								3.14977,
								-13.1819
							],
							"size": [
								1,
								1,
								1
							],
							"pivot": [
								-5.49525,
								13.39977,
								5.0681
							],
							"rotation": [
								-22.5,
								0,
								0
							],
							"uv": [
								0,
								26
							]
						},
						{
							"origin": [
								-6.49525,
								2.14977,
								-14.1819
							],
							"size": [
								1,
								1,
								1
							],
							"pivot": [
								-5.49525,
								13.39977,
								5.0681
							],
							"rotation": [
								-22.5,
								0,
								0
							],
							"uv": [
								20,
								25
							]
						},
						{
							"origin": [
								-6.49525,
								1.14977,
								-15.1819
							],
							"size": [
								1,
								1,
								1
							],
							"pivot": [
								-5.49525,
								13.39977,
								5.0681
							],
							"rotation": [
								-22.5,
								0,
								0
							],
							"uv": [
								16,
								25
							]
						},
						{
							"origin": [
								-6.49525,
								0.14977,
								-16.1819
							],
							"size": [
								1,
								1,
								1
							],
							"pivot": [
								-5.49525,
								13.39977,
								5.0681
							],
							"rotation": [
								-22.5,
								0,
								0
							],
							"uv": [
								12,
								25
							]
						},
						{
							"origin": [
								-6.49525,
								-0.85023,
								-17.1819
							],
							"size": [
								1,
								1,
								1
							],
							"pivot": [
								-5.49525,
								13.39977,
								5.0681
							],
							"rotation": [
								-22.5,
								0,
								0
							],
							"uv": [
								25,
								9
							]
						},
						{
							"origin": [
								-6.49525,
								-2.85023,
								-18.1819
							],
							"size": [
								1,
								2,
								1
							],
							"pivot": [
								-5.49525,
								13.39977,
								5.0681
							],
							"rotation": [
								-22.5,
								0,
								0
							],
							"uv": [
								24,
								3
							]
						},
						{
							"origin": [
								-6.49525,
								-3.85023,
								-19.1819
							],
							"size": [
								1,
								1,
								1
							],
							"pivot": [
								-5.49525,
								13.39977,
								5.0681
							],
							"rotation": [
								-22.5,
								0,
								0
							],
							"uv": [
								23,
								24
							]
						},
						{
							"origin": [
								-6.49525,
								-6.85023,
								-21.1819
							],
							"size": [
								1,
								1,
								1
							],
							"pivot": [
								-5.49525,
								13.39977,
								5.0681
							],
							"rotation": [
								-22.5,
								0,
								0
							],
							"uv": [
								24,
								19
							]
						},
						{
							"origin": [
								-6.49525,
								-9.85023,
								-23.1819
							],
							"size": [
								1,
								1,
								1
							],
							"pivot": [
								-5.49525,
								13.39977,
								5.0681
							],
							"rotation": [
								-22.5,
								0,
								0
							],
							"uv": [
								24,
								14
							]
						},
						{
							"origin": [
								-6.49525,
								-12.85023,
								-23.1819
							],
							"size": [
								1,
								3,
								1
							],
							"pivot": [
								-5.49525,
								13.39977,
								5.0681
							],
							"rotation": [
								-22.5,
								0,
								0
							],
							"uv": [
								21,
								8
							]
						},
						{
							"origin": [
								-6.49525,
								-11.85023,
								-22.1819
							],
							"size": [
								1,
								3,
								1
							],
							"pivot": [
								-5.49525,
								13.39977,
								5.0681
							],
							"rotation": [
								-22.5,
								0,
								0
							],
							"uv": [
								20,
								18
							]
						},
						{
							"origin": [
								-6.49525,
								-10.85023,
								-21.1819
							],
							"size": [
								1,
								4,
								1
							],
							"pivot": [
								-5.49525,
								13.39977,
								5.0681
							],
							"rotation": [
								-22.5,
								0,
								0
							],
							"uv": [
								0,
								17
							]
						},
						{
							"origin": [
								-6.49525,
								-7.85023,
								-19.1819
							],
							"size": [
								1,
								4,
								1
							],
							"pivot": [
								-5.49525,
								13.39977,
								5.0681
							],
							"rotation": [
								-22.5,
								0,
								0
							],
							"uv": [
								16,
								5
							]
						},
						{
							"origin": [
								-6.49525,
								-6.85023,
								-18.1819
							],
							"size": [
								1,
								4,
								1
							],
							"pivot": [
								-5.49525,
								13.39977,
								5.0681
							],
							"rotation": [
								-22.5,
								0,
								0
							],
							"uv": [
								14,
								12
							]
						},
						{
							"origin": [
								-6.49525,
								-4.85023,
								-17.1819
							],
							"size": [
								1,
								4,
								1
							],
							"pivot": [
								-5.49525,
								13.39977,
								5.0681
							],
							"rotation": [
								-22.5,
								0,
								0
							],
							"uv": [
								4,
								14
							]
						},
						{
							"origin": [
								-6.49525,
								-1.85023,
								-15.1819
							],
							"size": [
								1,
								3,
								1
							],
							"pivot": [
								-5.49525,
								13.39977,
								5.0681
							],
							"rotation": [
								-22.5,
								0,
								0
							],
							"uv": [
								20,
								13
							]
						},
						{
							"origin": [
								-6.49525,
								-0.85023,
								-14.1819
							],
							"size": [
								1,
								3,
								1
							],
							"pivot": [
								-5.49525,
								13.39977,
								5.0681
							],
							"rotation": [
								-22.5,
								0,
								0
							],
							"uv": [
								8,
								20
							]
						},
						{
							"origin": [
								-6.49525,
								0.14977,
								-13.1819
							],
							"size": [
								1,
								3,
								1
							],
							"pivot": [
								-5.49525,
								13.39977,
								5.0681
							],
							"rotation": [
								-22.5,
								0,
								0
							],
							"uv": [
								20,
								4
							]
						},
						{
							"origin": [
								-6.49525,
								1.14977,
								-12.1819
							],
							"size": [
								1,
								3,
								1
							],
							"pivot": [
								-5.49525,
								13.39977,
								5.0681
							],
							"rotation": [
								-22.5,
								0,
								0
							],
							"uv": [
								4,
								20
							]
						},
						{
							"origin": [
								-6.49525,
								2.14977,
								-11.1819
							],
							"size": [
								1,
								3,
								1
							],
							"pivot": [
								-5.49525,
								13.39977,
								5.0681
							],
							"rotation": [
								-22.5,
								0,
								0
							],
							"uv": [
								16,
								18
							]
						},
						{
							"origin": [
								-6.49525,
								3.14977,
								-10.1819
							],
							"size": [
								1,
								1,
								2
							],
							"pivot": [
								-5.49525,
								13.39977,
								5.0681
							],
							"rotation": [
								-22.5,
								0,
								0
							],
							"uv": [
								14,
								2
							]
						},
						{
							"origin": [
								-6.49525,
								4.14977,
								-10.1819
							],
							"size": [
								1,
								1,
								3
							],
							"pivot": [
								-5.49525,
								13.39977,
								5.0681
							],
							"rotation": [
								-22.5,
								0,
								0
							],
							"uv": [
								0,
								0
							]
						},
						{
							"origin": [
								-6.49525,
								5.14977,
								-7.1819
							],
							"size": [
								1,
								1,
								1
							],
							"pivot": [
								-5.49525,
								13.39977,
								5.0681
							],
							"rotation": [
								-22.5,
								0,
								0
							],
							"uv": [
								23,
								21
							]
						},
						{
							"origin": [
								-6.49525,
								7.14977,
								-4.1819
							],
							"size": [
								1,
								1,
								1
							],
							"pivot": [
								-5.49525,
								13.39977,
								5.0681
							],
							"rotation": [
								-22.5,
								0,
								0
							],
							"uv": [
								14,
								0
							]
						},
						{
							"origin": [
								-6.49525,
								6.14977,
								-6.1819
							],
							"size": [
								1,
								3,
								1
							],
							"pivot": [
								-5.49525,
								13.39977,
								5.0681
							],
							"rotation": [
								-22.5,
								0,
								0
							],
							"uv": [
								18,
								0
							]
						},
						{
							"origin": [
								-6.49525,
								6.14977,
								-5.1819
							],
							"size": [
								1,
								3,
								1
							],
							"pivot": [
								-5.49525,
								13.39977,
								5.0681
							],
							"rotation": [
								-22.5,
								0,
								0
							],
							"uv": [
								12,
								17
							]
						},
						{
							"origin": [
								-6.49525,
								-3.85023,
								-16.1819
							],
							"size": [
								1,
								4,
								1
							],
							"pivot": [
								-5.49525,
								13.39977,
								5.0681
							],
							"rotation": [
								-22.5,
								0,
								0
							],
							"uv": [
								10,
								12
							]
						},
						{
							"origin": [
								-6.49525,
								-9.85023,
								-20.1819
							],
							"size": [
								1,
								4,
								1
							],
							"pivot": [
								-5.49525,
								13.39977,
								5.0681
							],
							"rotation": [
								-22.5,
								0,
								0
							],
							"uv": [
								0,
								12
							]
						},
						{
							"origin": [
								-6.49525,
								-11.85023,
								-24.1819
							],
							"size": [
								1,
								2,
								1
							],
							"pivot": [
								-5.49525,
								13.39977,
								5.0681
							],
							"rotation": [
								-22.5,
								0,
								0
							],
							"uv": [
								23,
								16
							]
						},
						{
							"origin": [
								-6.49525,
								-8.85023,
								-22.1819
							],
							"size": [
								1,
								2,
								1
							],
							"pivot": [
								-5.49525,
								13.39977,
								5.0681
							],
							"rotation": [
								-22.5,
								0,
								0
							],
							"uv": [
								20,
								22
							]
						},
						{
							"origin": [
								-6.49525,
								-13.85023,
								-25.1819
							],
							"size": [
								1,
								2,
								2
							],
							"pivot": [
								-5.49525,
								13.39977,
								5.0681
							],
							"rotation": [
								-22.5,
								0,
								0
							],
							"uv": [
								0,
								8
							]
						},
						{
							"origin": [
								-6.49525,
								-5.85023,
								-20.1819
							],
							"size": [
								1,
								2,
								1
							],
							"pivot": [
								-5.49525,
								13.39977,
								5.0681
							],
							"rotation": [
								-22.5,
								0,
								0
							],
							"uv": [
								16,
								22
							]
						},
						{
							"origin": [
								-6.49525,
								11.14977,
								-1.1819
							],
							"size": [
								1,
								2,
								1
							],
							"pivot": [
								-5.49525,
								13.39977,
								5.0681
							],
							"rotation": [
								-22.5,
								0,
								0
							],
							"uv": [
								22,
								0
							]
						},
						{
							"origin": [
								-6.49525,
								12.14977,
								-0.1819
							],
							"size": [
								1,
								2,
								2
							],
							"pivot": [
								-5.49525,
								13.39977,
								5.0681
							],
							"rotation": [
								-22.5,
								0,
								0
							],
							"uv": [
								6,
								6
							]
						},
						{
							"origin": [
								-6.49525,
								11.14977,
								-0.1819
							],
							"size": [
								1,
								1,
								2
							],
							"pivot": [
								-5.49525,
								13.39977,
								5.0681
							],
							"rotation": [
								-22.5,
								0,
								0
							],
							"uv": [
								10,
								5
							]
						}
					]
				}
			]
		}
	]
}