{
	"format_version": "1.12.0",
	"minecraft:geometry": [
		{
			"description": {
				"identifier": "geometry.knights_mongolian_lamellar_leggings",
				"texture_width": 32,
				"texture_height": 32,
				"visible_bounds_width": 2,
				"visible_bounds_height": 2,
				"visible_bounds_offset": [
					0,
					1,
					0
				]
			},
			"bones": [
				{
					"name": "rightLeg",
					"pivot": [
						-1.9,
						12,
						0
					],
					"cubes": [
						{
							"origin": [
								-4.2,
								2,
								-2
							],
							"size": [
								4,
								10,
								4
							],
							"inflate": 0.4,
							"uv": {
								"north": {
									"uv": [
										8,
										4
									],
									"uv_size": [
										-4,
										10
									]
								},
								"east": {
									"uv": [
										12,
										4
									],
									"uv_size": [
										-4,
										10
									]
								},
								"south": {
									"uv": [
										4,
										4
									],
									"uv_size": [
										4,
										10
									]
								},
								"west": {
									"uv": [
										12,
										14
									],
									"uv_size": [
										4,
										10
									]
								},
								"up": {
									"uv": [
										16,
										10
									],
									"uv_size": [
										4,
										4
									]
								},
								"down": {
									"uv": [
										20,
										14
									],
									"uv_size": [
										4,
										-4
									]
								}
							}
						}
					]
				},
				{
					"name": "leftLeg",
					"pivot": [
						1.9,
						12,
						0
					],
					"cubes": [
						{
							"origin": [
								0.25,
								2,
								-2
							],
							"size": [
								4,
								10,
								4
							],
							"inflate": 0.4,
							"uv": {
								"north": {
									"uv": [
										4,
										4
									],
									"uv_size": [
										4,
										10
									]
								},
								"east": {
									"uv": [
										12,
										14
									],
									"uv_size": [
										4,
										10
									]
								},
								"south": {
									"uv": [
										8,
										4
									],
									"uv_size": [
										-4,
										10
									]
								},
								"west": {
									"uv": [
										8,
										4
									],
									"uv_size": [
										4,
										10
									]
								},
								"up": {
									"uv": [
										4,
										0
									],
									"uv_size": [
										4,
										4
									]
								},
								"down": {
									"uv": [
										8,
										4
									],
									"uv_size": [
										4,
										-4
									]
								}
							}
						}
					]
				}
			]
		}
	]
}