{
	"format_version": "1.12.0",
	"minecraft:geometry": [
		{
			"description": {
				"identifier": "geometry.knights_crusader_surcoat",
				"texture_width": 64,
				"texture_height": 32,
				"visible_bounds_width": 3,
				"visible_bounds_height": 3,
				"visible_bounds_offset": [
					0,
					1.5,
					0
				]
			},
			"bones": [
				{
					"name": "body",
					"pivot": [
						0,
						24,
						0
					],
					"cubes": [
						{
							"origin": [
								-4,
								12,
								-2
							],
							"size": [
								8,
								12,
								4
							],
							"inflate": 0.8,
							"uv": [
								16,
								16
							]
						}
					]
				},
				{
					"name": "rightLeg",
					"pivot": [
						-1.9,
						12,
						0
					],
					"cubes": [
						{
							"origin": [
								-4.25,
								2,
								-2
							],
							"size": [
								4,
								10,
								4
							],
							"inflate": 0.81,
							"uv": [
								0,
								16
							]
						}
					]
				},
				{
					"name": "leftLeg",
					"pivot": [
						1.9,
						12,
						0
					],
					"mirror": true,
					"cubes": [
						{
							"origin": [
								0.25,
								2,
								-2
							],
							"size": [
								4,
								10,
								4
							],
							"inflate": 0.81,
							"uv": [
								0,
								16
							]
						}
					]
				}
			]
		}
	]
}