{
	"format_version": "1.12.0",
	"minecraft:geometry": [
		{
			"description": {
				"identifier": "geometry.knights_iron_dao_offhand",
				"texture_width": 32,
				"texture_height": 32,
				"visible_bounds_width": 4,
				"visible_bounds_height": 3.5,
				"visible_bounds_offset": [
					0,
					1.25,
					0
				]
			},
			"bones": [
				{
					"name": "leftItem",
					"pivot": [
						5,
						15,
						1
					]
				},
				{
					"name": "weapon",
					"parent": "leftItem",
					"pivot": [
						5,
						15,
						3
					]
				},
				{
					"name": "dao",
					"parent": "weapon",
					"pivot": [
						5,
						15,
						5
					],
					"rotation": [
						-12.51564,
						0.75155,
						177.61557
					],
					"cubes": [
						{
							"origin": [
								4.50475,
								15.14977,
								4.8181
							],
							"size": [
								1,
								2,
								2
							],
							"pivot": [
								5.50475,
								13.39977,
								5.0681
							],
							"rotation": [
								-22.5,
								0,
								0
							],
							"uv": [
								4,
								24
							]
						},
						{
							"origin": [
								4.50475,
								15.14977,
								2.8181
							],
							"size": [
								1,
								1,
								2
							],
							"pivot": [
								5.50475,
								13.39977,
								5.0681
							],
							"rotation": [
								-22.5,
								0,
								0
							],
							"uv": [
								24,
								9
							]
						},
						{
							"origin": [
								4.50475,
								14.14977,
								4.8181
							],
							"size": [
								1,
								1,
								1
							],
							"pivot": [
								5.50475,
								13.39977,
								5.0681
							],
							"rotation": [
								-22.5,
								0,
								0
							],
							"uv": [
								24,
								22
							]
						},
						{
							"origin": [
								4.50475,
								13.14977,
								2.8181
							],
							"size": [
								1,
								2,
								2
							],
							"pivot": [
								5.50475,
								13.39977,
								5.0681
							],
							"rotation": [
								-22.5,
								0,
								0
							],
							"uv": [
								20,
								22
							]
						},
						{
							"origin": [
								4.50475,
								12.14977,
								1.8181
							],
							"size": [
								1,
								2,
								1
							],
							"pivot": [
								5.50475,
								13.39977,
								5.0681
							],
							"rotation": [
								-22.5,
								0,
								0
							],
							"uv": [
								14,
								12
							]
						},
						{
							"origin": [
								4.50475,
								11.14977,
								-0.1819
							],
							"size": [
								1,
								2,
								2
							],
							"pivot": [
								5.50475,
								13.39977,
								5.0681
							],
							"rotation": [
								-22.5,
								0,
								0
							],
							"uv": [
								22,
								16
							]
						},
						{
							"origin": [
								4.50475,
								10.14977,
								-0.1819
							],
							"size": [
								1,
								1,
								1
							],
							"pivot": [
								5.50475,
								13.39977,
								5.0681
							],
							"rotation": [
								-22.5,
								0,
								0
							],
							"uv": [
								18,
								22
							]
						},
						{
							"origin": [
								4.50475,
								9.14977,
								-1.1819
							],
							"size": [
								1,
								3,
								1
							],
							"pivot": [
								5.50475,
								13.39977,
								5.0681
							],
							"rotation": [
								-22.5,
								0,
								0
							],
							"uv": [
								0,
								0
							]
						},
						{
							"origin": [
								4.50475,
								8.14977,
								-2.1819
							],
							"size": [
								1,
								2,
								1
							],
							"pivot": [
								5.50475,
								13.39977,
								5.0681
							],
							"rotation": [
								-22.5,
								0,
								0
							],
							"uv": [
								13,
								6
							]
						},
						{
							"origin": [
								4.50475,
								14.14977,
								1.8181
							],
							"size": [
								1,
								1,
								1
							],
							"pivot": [
								5.50475,
								13.39977,
								5.0681
							],
							"rotation": [
								-22.5,
								0,
								0
							],
							"uv": [
								25,
								5
							]
						},
						{
							"origin": [
								4.50475,
								13.14977,
								-0.1819
							],
							"size": [
								1,
								1,
								2
							],
							"pivot": [
								5.50475,
								13.39977,
								5.0681
							],
							"rotation": [
								-22.5,
								0,
								0
							],
							"uv": [
								24,
								0
							]
						},
						{
							"origin": [
								4.50475,
								12.14977,
								-1.1819
							],
							"size": [
								1,
								1,
								1
							],
							"pivot": [
								5.50475,
								13.39977,
								5.0681
							],
							"rotation": [
								-22.5,
								0,
								0
							],
							"uv": [
								24,
								20
							]
						},
						{
							"origin": [
								4.50475,
								10.14977,
								-4.1819
							],
							"size": [
								1,
								2,
								3
							],
							"pivot": [
								5.50475,
								13.39977,
								5.0681
							],
							"rotation": [
								-22.5,
								0,
								0
							],
							"uv": [
								19,
								0
							]
						},
						{
							"origin": [
								4.50475,
								9.14977,
								-6.1819
							],
							"size": [
								1,
								1,
								4
							],
							"pivot": [
								5.50475,
								13.39977,
								5.0681
							],
							"rotation": [
								-22.5,
								0,
								0
							],
							"uv": [
								0,
								17
							]
						},
						{
							"origin": [
								4.50475,
								8.14977,
								-7.1819
							],
							"size": [
								1,
								1,
								1
							],
							"pivot": [
								5.50475,
								13.39977,
								5.0681
							],
							"rotation": [
								-22.5,
								0,
								0
							],
							"uv": [
								4,
								22
							]
						},
						{
							"origin": [
								4.50475,
								7.14977,
								-8.1819
							],
							"size": [
								1,
								1,
								1
							],
							"pivot": [
								5.50475,
								13.39977,
								5.0681
							],
							"rotation": [
								-22.5,
								0,
								0
							],
							"uv": [
								12,
								21
							]
						},
						{
							"origin": [
								4.50475,
								6.14977,
								-10.1819
							],
							"size": [
								1,
								1,
								2
							],
							"pivot": [
								5.50475,
								13.39977,
								5.0681
							],
							"rotation": [
								-22.5,
								0,
								0
							],
							"uv": [
								12,
								17
							]
						},
						{
							"origin": [
								4.50475,
								5.14977,
								-12.1819
							],
							"size": [
								1,
								1,
								2
							],
							"pivot": [
								5.50475,
								13.39977,
								5.0681
							],
							"rotation": [
								-22.5,
								0,
								0
							],
							"uv": [
								6,
								12
							]
						},
						{
							"origin": [
								4.50475,
								4.14977,
								-13.1819
							],
							"size": [
								1,
								1,
								1
							],
							"pivot": [
								5.50475,
								13.39977,
								5.0681
							],
							"rotation": [
								-22.5,
								0,
								0
							],
							"uv": [
								20,
								9
							]
						},
						{
							"origin": [
								4.50475,
								3.14977,
								-14.1819
							],
							"size": [
								1,
								1,
								1
							],
							"pivot": [
								5.50475,
								13.39977,
								5.0681
							],
							"rotation": [
								-22.5,
								0,
								0
							],
							"uv": [
								0,
								19
							]
						},
						{
							"origin": [
								4.50475,
								2.14977,
								-15.1819
							],
							"size": [
								1,
								1,
								1
							],
							"pivot": [
								5.50475,
								13.39977,
								5.0681
							],
							"rotation": [
								-22.5,
								0,
								0
							],
							"uv": [
								6,
								17
							]
						},
						{
							"origin": [
								4.50475,
								1.14977,
								-16.1819
							],
							"size": [
								1,
								1,
								1
							],
							"pivot": [
								5.50475,
								13.39977,
								5.0681
							],
							"rotation": [
								-22.5,
								0,
								0
							],
							"uv": [
								0,
								17
							]
						},
						{
							"origin": [
								4.50475,
								0.14977,
								-17.1819
							],
							"size": [
								1,
								1,
								1
							],
							"pivot": [
								5.50475,
								13.39977,
								5.0681
							],
							"rotation": [
								-22.5,
								0,
								0
							],
							"uv": [
								0,
								9
							]
						},
						{
							"origin": [
								4.50475,
								-1.85023,
								-18.1819
							],
							"size": [
								1,
								2,
								1
							],
							"pivot": [
								5.50475,
								13.39977,
								5.0681
							],
							"rotation": [
								-22.5,
								0,
								0
							],
							"uv": [
								13,
								0
							]
						},
						{
							"origin": [
								4.50475,
								-3.85023,
								-19.1819
							],
							"size": [
								1,
								2,
								1
							],
							"pivot": [
								5.50475,
								13.39977,
								5.0681
							],
							"rotation": [
								-22.5,
								0,
								0
							],
							"uv": [
								0,
								12
							]
						},
						{
							"origin": [
								4.50475,
								-5.85023,
								-20.1819
							],
							"size": [
								1,
								2,
								1
							],
							"pivot": [
								5.50475,
								13.39977,
								5.0681
							],
							"rotation": [
								-22.5,
								0,
								0
							],
							"uv": [
								7,
								6
							]
						},
						{
							"origin": [
								4.50475,
								-7.85023,
								-21.1819
							],
							"size": [
								1,
								2,
								2
							],
							"pivot": [
								5.50475,
								13.39977,
								5.0681
							],
							"rotation": [
								-22.5,
								0,
								0
							],
							"uv": [
								14,
								22
							]
						},
						{
							"origin": [
								4.50475,
								-9.85023,
								-22.1819
							],
							"size": [
								1,
								2,
								1
							],
							"pivot": [
								5.50475,
								13.39977,
								5.0681
							],
							"rotation": [
								-22.5,
								0,
								0
							],
							"uv": [
								7,
								0
							]
						},
						{
							"origin": [
								4.50475,
								-9.85023,
								-21.1819
							],
							"size": [
								1,
								2,
								2
							],
							"pivot": [
								5.50475,
								13.39977,
								5.0681
							],
							"rotation": [
								-22.5,
								0,
								0
							],
							"uv": [
								0,
								22
							]
						},
						{
							"origin": [
								4.50475,
								-8.85023,
								-19.1819
							],
							"size": [
								1,
								2,
								1
							],
							"pivot": [
								5.50475,
								13.39977,
								5.0681
							],
							"rotation": [
								-22.5,
								0,
								0
							],
							"uv": [
								0,
								6
							]
						},
						{
							"origin": [
								4.50475,
								-6.85023,
								-19.1819
							],
							"size": [
								1,
								2,
								2
							],
							"pivot": [
								5.50475,
								13.39977,
								5.0681
							],
							"rotation": [
								-22.5,
								0,
								0
							],
							"uv": [
								8,
								21
							]
						},
						{
							"origin": [
								4.50475,
								-4.85023,
								-19.1819
							],
							"size": [
								1,
								1,
								3
							],
							"pivot": [
								5.50475,
								13.39977,
								5.0681
							],
							"rotation": [
								-22.5,
								0,
								0
							],
							"uv": [
								20,
								12
							]
						},
						{
							"origin": [
								4.50475,
								-3.85023,
								-18.1819
							],
							"size": [
								1,
								2,
								3
							],
							"pivot": [
								5.50475,
								13.39977,
								5.0681
							],
							"rotation": [
								-22.5,
								0,
								0
							],
							"uv": [
								16,
								17
							]
						},
						{
							"origin": [
								4.50475,
								-1.85023,
								-17.1819
							],
							"size": [
								1,
								1,
								3
							],
							"pivot": [
								5.50475,
								13.39977,
								5.0681
							],
							"rotation": [
								-22.5,
								0,
								0
							],
							"uv": [
								20,
								5
							]
						},
						{
							"origin": [
								4.50475,
								-0.85023,
								-17.1819
							],
							"size": [
								1,
								1,
								4
							],
							"pivot": [
								5.50475,
								13.39977,
								5.0681
							],
							"rotation": [
								-22.5,
								0,
								0
							],
							"uv": [
								6,
								16
							]
						},
						{
							"origin": [
								4.50475,
								0.14977,
								-16.1819
							],
							"size": [
								1,
								1,
								4
							],
							"pivot": [
								5.50475,
								13.39977,
								5.0681
							],
							"rotation": [
								-22.5,
								0,
								0
							],
							"uv": [
								14,
								12
							]
						},
						{
							"origin": [
								4.50475,
								1.14977,
								-15.1819
							],
							"size": [
								1,
								1,
								4
							],
							"pivot": [
								5.50475,
								13.39977,
								5.0681
							],
							"rotation": [
								-22.5,
								0,
								0
							],
							"uv": [
								14,
								7
							]
						},
						{
							"origin": [
								4.50475,
								2.14977,
								-14.1819
							],
							"size": [
								1,
								1,
								4
							],
							"pivot": [
								5.50475,
								13.39977,
								5.0681
							],
							"rotation": [
								-22.5,
								0,
								0
							],
							"uv": [
								13,
								1
							]
						},
						{
							"origin": [
								4.50475,
								3.14977,
								-13.1819
							],
							"size": [
								1,
								1,
								5
							],
							"pivot": [
								5.50475,
								13.39977,
								5.0681
							],
							"rotation": [
								-22.5,
								0,
								0
							],
							"uv": [
								0,
								6
							]
						},
						{
							"origin": [
								4.50475,
								4.14977,
								-12.1819
							],
							"size": [
								1,
								1,
								5
							],
							"pivot": [
								5.50475,
								13.39977,
								5.0681
							],
							"rotation": [
								-22.5,
								0,
								0
							],
							"uv": [
								0,
								0
							]
						},
						{
							"origin": [
								4.50475,
								5.14977,
								-10.1819
							],
							"size": [
								1,
								1,
								4
							],
							"pivot": [
								5.50475,
								13.39977,
								5.0681
							],
							"rotation": [
								-22.5,
								0,
								0
							],
							"uv": [
								0,
								12
							]
						},
						{
							"origin": [
								4.50475,
								6.14977,
								-8.1819
							],
							"size": [
								1,
								1,
								4
							],
							"pivot": [
								5.50475,
								13.39977,
								5.0681
							],
							"rotation": [
								-22.5,
								0,
								0
							],
							"uv": [
								8,
								11
							]
						},
						{
							"origin": [
								4.50475,
								7.14977,
								-7.1819
							],
							"size": [
								1,
								1,
								4
							],
							"pivot": [
								5.50475,
								13.39977,
								5.0681
							],
							"rotation": [
								-22.5,
								0,
								0
							],
							"uv": [
								7,
								6
							]
						},
						{
							"origin": [
								4.50475,
								8.14977,
								-6.1819
							],
							"size": [
								1,
								1,
								4
							],
							"pivot": [
								5.50475,
								13.39977,
								5.0681
							],
							"rotation": [
								-22.5,
								0,
								0
							],
							"uv": [
								7,
								0
							]
						}
					]
				}
			]
		}
	]
}