{
	"format_version": "1.12.0",
	"minecraft:geometry": [
		{
			"description": {
				"identifier": "geometry.knights_bascinet_helm",
				"texture_width": 64,
				"texture_height": 32,
				"visible_bounds_width": 2,
				"visible_bounds_height": 3.5,
				"visible_bounds_offset": [
					0,
					1.25,
					0
				]
			},
			"bones": [
				{
					"name": "head",
					"pivot": [
						0,
						23,
						0
					],
					"cubes": [
						{
							"origin": [
								-4,
								23.4,
								-3.2
							],
							"size": [
								8,
								7,
								7
							],
							"inflate": 1,
							"uv": [
								0,
								0
							]
						},
						{
							"origin": [
								-4,
								23.4,
								-3.7
							],
							"size": [
								8,
								7,
								1
							],
							"inflate": 0.97,
							"uv": [
								6,
								6
							]
						},
						{
							"origin": [
								-1.95,
								23.4,
								-6.37
							],
							"size": [
								0,
								4,
								7
							],
							"pivot": [
								4,
								26.5,
								-5
							],
							"rotation": [
								0,
								-37.9,
								0
							],
							"uv": [
								50,
								21
							],
							"mirror": true
						},
						{
							"origin": [
								3.6,
								23.4,
								-11.3
							],
							"size": [
								0,
								4,
								7
							],
							"pivot": [
								4,
								26.5,
								-5
							],
							"rotation": [
								0,
								37.9,
								0
							],
							"uv": [
								50,
								21
							]
						},
						{
							"origin": [
								-4,
								26.6,
								-7.5
							],
							"size": [
								8,
								2,
								2
							],
							"pivot": [
								0,
								30,
								-5.5
							],
							"rotation": [
								45,
								0,
								0
							],
							"uv": [
								0,
								14
							]
						},
						{
							"origin": [
								-4,
								24.4,
								-9.4
							],
							"size": [
								8,
								0,
								6
							],
							"pivot": [
								0,
								24.872,
								-7.86629
							],
							"rotation": [
								-15,
								0,
								0
							],
							"uv": [
								36,
								8
							]
						},
						{
							"origin": [
								-4,
								27.4,
								-10.7
							],
							"size": [
								8,
								0,
								7
							],
							"pivot": [
								0,
								28,
								-4.7
							],
							"rotation": [
								32.5,
								0,
								0
							],
							"uv": [
								34,
								0
							]
						}
					]
				}
			]
		}
	]
}