{
	"format_version": "1.12.0",
	"minecraft:geometry": [
		{
			"description": {
				"identifier": "geometry.knights_iron_scythe",
				"texture_width": 32,
				"texture_height": 32,
				"visible_bounds_width": 5,
				"visible_bounds_height": 3.5,
				"visible_bounds_offset": [
					0,
					1.25,
					0
				]
			},
			"bones": [
				{
					"name": "rightItem",
					"pivot": [
						-6,
						15,
						1
					]
				},
				{
					"name": "weapon",
					"pivot": [
						-6,
						15,
						3
					],
					"parent": "rightItem"
				},
				{
					"name": "bone3",
					"pivot": [
						-6,
						15,
						3
					],
					"cubes": [
						{
							"origin": [
								-6.49525,
								20.14977,
								6.8181
							],
							"size": [
								1,
								2,
								2
							],
							"pivot": [
								-5.49525,
								14.39977,
								3.0681
							],
							"rotation": [
								-22.5,
								0,
								0
							],
							"uv": {
								"north": {
									"uv": [
										19,
										0
									],
									"uv_size": [
										1,
										2
									]
								},
								"east": {
									"uv": [
										11,
										2
									],
									"uv_size": [
										2,
										2
									]
								},
								"south": {
									"uv": [
										1,
										19
									],
									"uv_size": [
										1,
										2
									]
								},
								"west": {
									"uv": [
										11,
										4
									],
									"uv_size": [
										2,
										2
									]
								},
								"up": {
									"uv": [
										2,
										19
									],
									"uv_size": [
										1,
										2
									]
								},
								"down": {
									"uv": [
										19,
										4
									],
									"uv_size": [
										1,
										-2
									]
								}
							},
							"inflate": 0
						},
						{
							"origin": [
								-6.49525,
								18.14977,
								4.8181
							],
							"size": [
								1,
								2,
								2
							],
							"pivot": [
								-5.49525,
								14.39977,
								3.0681
							],
							"rotation": [
								-22.5,
								0,
								0
							],
							"uv": {
								"north": {
									"uv": [
										3,
										19
									],
									"uv_size": [
										1,
										2
									]
								},
								"east": {
									"uv": [
										11,
										6
									],
									"uv_size": [
										2,
										2
									]
								},
								"south": {
									"uv": [
										4,
										19
									],
									"uv_size": [
										1,
										2
									]
								},
								"west": {
									"uv": [
										7,
										11
									],
									"uv_size": [
										2,
										2
									]
								},
								"up": {
									"uv": [
										19,
										4
									],
									"uv_size": [
										1,
										2
									]
								},
								"down": {
									"uv": [
										5,
										21
									],
									"uv_size": [
										1,
										-2
									]
								}
							},
							"inflate": 0
						},
						{
							"origin": [
								-6.49525,
								16.14977,
								2.8181
							],
							"size": [
								1,
								2,
								2
							],
							"pivot": [
								-5.49525,
								14.39977,
								3.0681
							],
							"rotation": [
								-22.5,
								0,
								0
							],
							"uv": {
								"north": {
									"uv": [
										6,
										19
									],
									"uv_size": [
										1,
										2
									]
								},
								"east": {
									"uv": [
										11,
										8
									],
									"uv_size": [
										2,
										2
									]
								},
								"south": {
									"uv": [
										19,
										6
									],
									"uv_size": [
										1,
										2
									]
								},
								"west": {
									"uv": [
										9,
										11
									],
									"uv_size": [
										2,
										2
									]
								},
								"up": {
									"uv": [
										7,
										19
									],
									"uv_size": [
										1,
										2
									]
								},
								"down": {
									"uv": [
										8,
										21
									],
									"uv_size": [
										1,
										-2
									]
								}
							},
							"inflate": 0
						},
						{
							"origin": [
								-6.49525,
								14.14977,
								0.8181
							],
							"size": [
								1,
								2,
								2
							],
							"pivot": [
								-5.49525,
								14.39977,
								3.0681
							],
							"rotation": [
								-22.5,
								0,
								0
							],
							"uv": {
								"north": {
									"uv": [
										19,
										8
									],
									"uv_size": [
										1,
										2
									]
								},
								"east": {
									"uv": [
										11,
										10
									],
									"uv_size": [
										2,
										2
									]
								},
								"south": {
									"uv": [
										19,
										10
									],
									"uv_size": [
										1,
										2
									]
								},
								"west": {
									"uv": [
										11,
										12
									],
									"uv_size": [
										2,
										2
									]
								},
								"up": {
									"uv": [
										19,
										12
									],
									"uv_size": [
										1,
										2
									]
								},
								"down": {
									"uv": [
										19,
										16
									],
									"uv_size": [
										1,
										-2
									]
								}
							},
							"inflate": 0
						},
						{
							"origin": [
								-6.49525,
								8.14977,
								-5.1819
							],
							"size": [
								1,
								2,
								2
							],
							"pivot": [
								-5.49525,
								14.39977,
								3.0681
							],
							"rotation": [
								-22.5,
								0,
								0
							],
							"uv": {
								"north": {
									"uv": [
										19,
										16
									],
									"uv_size": [
										1,
										2
									]
								},
								"east": {
									"uv": [
										0,
										13
									],
									"uv_size": [
										2,
										2
									]
								},
								"south": {
									"uv": [
										17,
										19
									],
									"uv_size": [
										1,
										2
									]
								},
								"west": {
									"uv": [
										13,
										2
									],
									"uv_size": [
										2,
										2
									]
								},
								"up": {
									"uv": [
										18,
										19
									],
									"uv_size": [
										1,
										2
									]
								},
								"down": {
									"uv": [
										19,
										20
									],
									"uv_size": [
										1,
										-2
									]
								}
							},
							"inflate": 0
						},
						{
							"origin": [
								-6.49525,
								7.14977,
								-5.1819
							],
							"size": [
								1,
								1,
								1
							],
							"pivot": [
								-5.49525,
								14.39977,
								3.0681
							],
							"rotation": [
								-22.5,
								0,
								0
							],
							"uv": {
								"north": {
									"uv": [
										7,
										10
									],
									"uv_size": [
										1,
										1
									]
								},
								"east": {
									"uv": [
										18,
										7
									],
									"uv_size": [
										1,
										1
									]
								},
								"south": {
									"uv": [
										23,
										10
									],
									"uv_size": [
										1,
										1
									]
								},
								"west": {
									"uv": [
										11,
										23
									],
									"uv_size": [
										1,
										1
									]
								},
								"up": {
									"uv": [
										23,
										11
									],
									"uv_size": [
										1,
										1
									]
								},
								"down": {
									"uv": [
										12,
										24
									],
									"uv_size": [
										1,
										-1
									]
								}
							},
							"inflate": 0
						},
						{
							"origin": [
								-6.49525,
								1.14977,
								-11.1819
							],
							"size": [
								1,
								1,
								1
							],
							"pivot": [
								-5.49525,
								14.39977,
								3.0681
							],
							"rotation": [
								-22.5,
								0,
								0
							],
							"uv": {
								"north": {
									"uv": [
										23,
										12
									],
									"uv_size": [
										1,
										1
									]
								},
								"east": {
									"uv": [
										13,
										23
									],
									"uv_size": [
										1,
										1
									]
								},
								"south": {
									"uv": [
										23,
										13
									],
									"uv_size": [
										1,
										1
									]
								},
								"west": {
									"uv": [
										14,
										23
									],
									"uv_size": [
										1,
										1
									]
								},
								"up": {
									"uv": [
										23,
										14
									],
									"uv_size": [
										1,
										1
									]
								},
								"down": {
									"uv": [
										15,
										24
									],
									"uv_size": [
										1,
										-1
									]
								}
							},
							"inflate": 0
						},
						{
							"origin": [
								-6.49525,
								-0.85023,
								-13.1819
							],
							"size": [
								1,
								1,
								1
							],
							"pivot": [
								-5.49525,
								14.39977,
								3.0681
							],
							"rotation": [
								-22.5,
								0,
								0
							],
							"uv": {
								"north": {
									"uv": [
										23,
										15
									],
									"uv_size": [
										1,
										1
									]
								},
								"east": {
									"uv": [
										16,
										23
									],
									"uv_size": [
										1,
										1
									]
								},
								"south": {
									"uv": [
										23,
										16
									],
									"uv_size": [
										1,
										1
									]
								},
								"west": {
									"uv": [
										17,
										23
									],
									"uv_size": [
										1,
										1
									]
								},
								"up": {
									"uv": [
										23,
										17
									],
									"uv_size": [
										1,
										1
									]
								},
								"down": {
									"uv": [
										18,
										24
									],
									"uv_size": [
										1,
										-1
									]
								}
							},
							"inflate": 0
						},
						{
							"origin": [
								-6.49525,
								-2.85023,
								-15.1819
							],
							"size": [
								1,
								1,
								1
							],
							"pivot": [
								-5.49525,
								14.39977,
								3.0681
							],
							"rotation": [
								-22.5,
								0,
								0
							],
							"uv": {
								"north": {
									"uv": [
										23,
										18
									],
									"uv_size": [
										1,
										1
									]
								},
								"east": {
									"uv": [
										23,
										19
									],
									"uv_size": [
										1,
										1
									]
								},
								"south": {
									"uv": [
										23,
										20
									],
									"uv_size": [
										1,
										1
									]
								},
								"west": {
									"uv": [
										23,
										21
									],
									"uv_size": [
										1,
										1
									]
								},
								"up": {
									"uv": [
										23,
										22
									],
									"uv_size": [
										1,
										1
									]
								},
								"down": {
									"uv": [
										23,
										24
									],
									"uv_size": [
										1,
										-1
									]
								}
							},
							"inflate": 0
						},
						{
							"origin": [
								-6.49525,
								3.14977,
								-9.1819
							],
							"size": [
								1,
								1,
								1
							],
							"pivot": [
								-5.49525,
								14.39977,
								3.0681
							],
							"rotation": [
								-22.5,
								0,
								0
							],
							"uv": {
								"north": {
									"uv": [
										0,
										24
									],
									"uv_size": [
										1,
										1
									]
								},
								"east": {
									"uv": [
										24,
										0
									],
									"uv_size": [
										1,
										1
									]
								},
								"south": {
									"uv": [
										24,
										1
									],
									"uv_size": [
										1,
										1
									]
								},
								"west": {
									"uv": [
										24,
										2
									],
									"uv_size": [
										1,
										1
									]
								},
								"up": {
									"uv": [
										24,
										3
									],
									"uv_size": [
										1,
										1
									]
								},
								"down": {
									"uv": [
										24,
										5
									],
									"uv_size": [
										1,
										-1
									]
								}
							},
							"inflate": 0
						},
						{
							"origin": [
								-6.49525,
								5.14977,
								-7.1819
							],
							"size": [
								1,
								1,
								1
							],
							"pivot": [
								-5.49525,
								14.39977,
								3.0681
							],
							"rotation": [
								-22.5,
								0,
								0
							],
							"uv": {
								"north": {
									"uv": [
										24,
										5
									],
									"uv_size": [
										1,
										1
									]
								},
								"east": {
									"uv": [
										24,
										6
									],
									"uv_size": [
										1,
										1
									]
								},
								"south": {
									"uv": [
										24,
										7
									],
									"uv_size": [
										1,
										1
									]
								},
								"west": {
									"uv": [
										24,
										8
									],
									"uv_size": [
										1,
										1
									]
								},
								"up": {
									"uv": [
										9,
										24
									],
									"uv_size": [
										1,
										1
									]
								},
								"down": {
									"uv": [
										24,
										10
									],
									"uv_size": [
										1,
										-1
									]
								}
							},
							"inflate": 0
						},
						{
							"origin": [
								-6.49525,
								6.14977,
								-7.1819
							],
							"size": [
								1,
								2,
								2
							],
							"pivot": [
								-5.49525,
								14.39977,
								3.0681
							],
							"rotation": [
								-22.5,
								0,
								0
							],
							"uv": {
								"north": {
									"uv": [
										20,
										0
									],
									"uv_size": [
										1,
										2
									]
								},
								"east": {
									"uv": [
										13,
										4
									],
									"uv_size": [
										2,
										2
									]
								},
								"south": {
									"uv": [
										20,
										2
									],
									"uv_size": [
										1,
										2
									]
								},
								"west": {
									"uv": [
										13,
										6
									],
									"uv_size": [
										2,
										2
									]
								},
								"up": {
									"uv": [
										20,
										4
									],
									"uv_size": [
										1,
										2
									]
								},
								"down": {
									"uv": [
										20,
										8
									],
									"uv_size": [
										1,
										-2
									]
								}
							},
							"inflate": 0
						},
						{
							"origin": [
								-6.49525,
								2.14977,
								-11.1819
							],
							"size": [
								1,
								2,
								2
							],
							"pivot": [
								-5.49525,
								14.39977,
								3.0681
							],
							"rotation": [
								-22.5,
								0,
								0
							],
							"uv": {
								"north": {
									"uv": [
										20,
										8
									],
									"uv_size": [
										1,
										2
									]
								},
								"east": {
									"uv": [
										7,
										13
									],
									"uv_size": [
										2,
										2
									]
								},
								"south": {
									"uv": [
										9,
										20
									],
									"uv_size": [
										1,
										2
									]
								},
								"west": {
									"uv": [
										13,
										8
									],
									"uv_size": [
										2,
										2
									]
								},
								"up": {
									"uv": [
										10,
										20
									],
									"uv_size": [
										1,
										2
									]
								},
								"down": {
									"uv": [
										20,
										12
									],
									"uv_size": [
										1,
										-2
									]
								}
							},
							"inflate": 0
						},
						{
							"origin": [
								-6.49525,
								0.14977,
								-13.1819
							],
							"size": [
								1,
								2,
								2
							],
							"pivot": [
								-5.49525,
								14.39977,
								3.0681
							],
							"rotation": [
								-22.5,
								0,
								0
							],
							"uv": {
								"north": {
									"uv": [
										20,
										12
									],
									"uv_size": [
										1,
										2
									]
								},
								"east": {
									"uv": [
										9,
										13
									],
									"uv_size": [
										2,
										2
									]
								},
								"south": {
									"uv": [
										20,
										14
									],
									"uv_size": [
										1,
										2
									]
								},
								"west": {
									"uv": [
										13,
										10
									],
									"uv_size": [
										2,
										2
									]
								},
								"up": {
									"uv": [
										20,
										16
									],
									"uv_size": [
										1,
										2
									]
								},
								"down": {
									"uv": [
										20,
										20
									],
									"uv_size": [
										1,
										-2
									]
								}
							},
							"inflate": 0
						},
						{
							"origin": [
								-6.49525,
								-1.85023,
								-15.1819
							],
							"size": [
								1,
								2,
								2
							],
							"pivot": [
								-5.49525,
								14.39977,
								3.0681
							],
							"rotation": [
								-22.5,
								0,
								0
							],
							"uv": {
								"north": {
									"uv": [
										19,
										20
									],
									"uv_size": [
										1,
										2
									]
								},
								"east": {
									"uv": [
										13,
										12
									],
									"uv_size": [
										2,
										2
									]
								},
								"south": {
									"uv": [
										20,
										20
									],
									"uv_size": [
										1,
										2
									]
								},
								"west": {
									"uv": [
										11,
										14
									],
									"uv_size": [
										2,
										2
									]
								},
								"up": {
									"uv": [
										21,
										0
									],
									"uv_size": [
										1,
										2
									]
								},
								"down": {
									"uv": [
										1,
										23
									],
									"uv_size": [
										1,
										-2
									]
								}
							},
							"inflate": 0
						},
						{
							"origin": [
								-6.49525,
								-3.85023,
								-17.1819
							],
							"size": [
								1,
								2,
								2
							],
							"pivot": [
								-5.49525,
								14.39977,
								3.0681
							],
							"rotation": [
								-22.5,
								0,
								0
							],
							"uv": {
								"north": {
									"uv": [
										2,
										21
									],
									"uv_size": [
										1,
										2
									]
								},
								"east": {
									"uv": [
										13,
										14
									],
									"uv_size": [
										2,
										2
									]
								},
								"south": {
									"uv": [
										21,
										2
									],
									"uv_size": [
										1,
										2
									]
								},
								"west": {
									"uv": [
										0,
										15
									],
									"uv_size": [
										2,
										2
									]
								},
								"up": {
									"uv": [
										3,
										21
									],
									"uv_size": [
										1,
										2
									]
								},
								"down": {
									"uv": [
										4,
										23
									],
									"uv_size": [
										1,
										-2
									]
								}
							},
							"inflate": 0
						},
						{
							"origin": [
								-6.49525,
								-8.85023,
								-17.1819
							],
							"size": [
								1,
								5,
								1
							],
							"pivot": [
								-5.49525,
								14.39977,
								3.0681
							],
							"rotation": [
								-22.5,
								0,
								0
							],
							"uv": {
								"north": {
									"uv": [
										8,
										6
									],
									"uv_size": [
										1,
										5
									]
								},
								"east": {
									"uv": [
										9,
										6
									],
									"uv_size": [
										1,
										5
									]
								},
								"south": {
									"uv": [
										2,
										10
									],
									"uv_size": [
										1,
										5
									]
								},
								"west": {
									"uv": [
										3,
										10
									],
									"uv_size": [
										1,
										5
									]
								},
								"up": {
									"uv": [
										10,
										24
									],
									"uv_size": [
										1,
										1
									]
								},
								"down": {
									"uv": [
										24,
										11
									],
									"uv_size": [
										1,
										-1
									]
								}
							},
							"inflate": 0
						},
						{
							"origin": [
								-6.49525,
								-8.85023,
								-16.1819
							],
							"size": [
								1,
								3,
								1
							],
							"pivot": [
								-5.49525,
								14.39977,
								3.0681
							],
							"rotation": [
								-22.5,
								0,
								0
							],
							"uv": {
								"north": {
									"uv": [
										9,
										17
									],
									"uv_size": [
										1,
										3
									]
								},
								"east": {
									"uv": [
										10,
										17
									],
									"uv_size": [
										1,
										3
									]
								},
								"south": {
									"uv": [
										17,
										10
									],
									"uv_size": [
										1,
										3
									]
								},
								"west": {
									"uv": [
										17,
										13
									],
									"uv_size": [
										1,
										3
									]
								},
								"up": {
									"uv": [
										11,
										24
									],
									"uv_size": [
										1,
										1
									]
								},
								"down": {
									"uv": [
										24,
										12
									],
									"uv_size": [
										1,
										-1
									]
								}
							},
							"inflate": 0
						},
						{
							"origin": [
								-6.49525,
								-8.85023,
								-15.1819
							],
							"size": [
								1,
								2,
								2
							],
							"pivot": [
								-5.49525,
								14.39977,
								3.0681
							],
							"rotation": [
								-22.5,
								0,
								0
							],
							"uv": {
								"north": {
									"uv": [
										21,
										4
									],
									"uv_size": [
										1,
										2
									]
								},
								"east": {
									"uv": [
										15,
										0
									],
									"uv_size": [
										2,
										2
									]
								},
								"south": {
									"uv": [
										5,
										21
									],
									"uv_size": [
										1,
										2
									]
								},
								"west": {
									"uv": [
										2,
										15
									],
									"uv_size": [
										2,
										2
									]
								},
								"up": {
									"uv": [
										6,
										21
									],
									"uv_size": [
										1,
										2
									]
								},
								"down": {
									"uv": [
										21,
										8
									],
									"uv_size": [
										1,
										-2
									]
								}
							},
							"inflate": 0
						},
						{
							"origin": [
								-6.49525,
								-8.85023,
								-13.1819
							],
							"size": [
								1,
								1,
								7
							],
							"pivot": [
								-5.49525,
								14.39977,
								3.0681
							],
							"rotation": [
								-22.5,
								0,
								0
							],
							"uv": {
								"north": {
									"uv": [
										12,
										24
									],
									"uv_size": [
										1,
										1
									]
								},
								"east": {
									"uv": [
										8,
										0
									],
									"uv_size": [
										7,
										1
									]
								},
								"south": {
									"uv": [
										24,
										12
									],
									"uv_size": [
										1,
										1
									]
								},
								"west": {
									"uv": [
										8,
										1
									],
									"uv_size": [
										7,
										1
									]
								},
								"up": {
									"uv": [
										0,
										6
									],
									"uv_size": [
										1,
										7
									]
								},
								"down": {
									"uv": [
										1,
										13
									],
									"uv_size": [
										1,
										-7
									]
								}
							},
							"inflate": 0
						},
						{
							"origin": [
								-6.49525,
								-7.85023,
								-6.1819
							],
							"size": [
								1,
								1,
								4
							],
							"pivot": [
								-5.49525,
								14.39977,
								3.0681
							],
							"rotation": [
								-22.5,
								0,
								0
							],
							"uv": {
								"north": {
									"uv": [
										13,
										24
									],
									"uv_size": [
										1,
										1
									]
								},
								"east": {
									"uv": [
										15,
										2
									],
									"uv_size": [
										4,
										1
									]
								},
								"south": {
									"uv": [
										24,
										13
									],
									"uv_size": [
										1,
										1
									]
								},
								"west": {
									"uv": [
										15,
										3
									],
									"uv_size": [
										4,
										1
									]
								},
								"up": {
									"uv": [
										4,
										15
									],
									"uv_size": [
										1,
										4
									]
								},
								"down": {
									"uv": [
										15,
										8
									],
									"uv_size": [
										1,
										-4
									]
								}
							},
							"inflate": 0
						},
						{
							"origin": [
								-6.49525,
								-9.85023,
								-6.1819
							],
							"size": [
								1,
								2,
								2
							],
							"pivot": [
								-5.49525,
								14.39977,
								3.0681
							],
							"rotation": [
								-22.5,
								0,
								0
							],
							"uv": {
								"north": {
									"uv": [
										7,
										21
									],
									"uv_size": [
										1,
										2
									]
								},
								"east": {
									"uv": [
										5,
										15
									],
									"uv_size": [
										2,
										2
									]
								},
								"south": {
									"uv": [
										8,
										21
									],
									"uv_size": [
										1,
										2
									]
								},
								"west": {
									"uv": [
										7,
										15
									],
									"uv_size": [
										2,
										2
									]
								},
								"up": {
									"uv": [
										21,
										8
									],
									"uv_size": [
										1,
										2
									]
								},
								"down": {
									"uv": [
										21,
										12
									],
									"uv_size": [
										1,
										-2
									]
								}
							},
							"inflate": 0
						},
						{
							"origin": [
								-6.49525,
								-10.85023,
								-9.1819
							],
							"size": [
								1,
								2,
								3
							],
							"pivot": [
								-5.49525,
								14.39977,
								3.0681
							],
							"rotation": [
								-22.5,
								0,
								0
							],
							"uv": {
								"north": {
									"uv": [
										11,
										21
									],
									"uv_size": [
										1,
										2
									]
								},
								"east": {
									"uv": [
										2,
										6
									],
									"uv_size": [
										3,
										2
									]
								},
								"south": {
									"uv": [
										12,
										21
									],
									"uv_size": [
										1,
										2
									]
								},
								"west": {
									"uv": [
										2,
										8
									],
									"uv_size": [
										3,
										2
									]
								},
								"up": {
									"uv": [
										17,
										16
									],
									"uv_size": [
										1,
										3
									]
								},
								"down": {
									"uv": [
										18,
										7
									],
									"uv_size": [
										1,
										-3
									]
								}
							},
							"inflate": 0
						},
						{
							"origin": [
								-6.49525,
								-11.85023,
								-14.1819
							],
							"size": [
								1,
								3,
								5
							],
							"pivot": [
								-5.49525,
								14.39977,
								3.0681
							],
							"rotation": [
								-22.5,
								0,
								0
							],
							"uv": {
								"north": {
									"uv": [
										18,
										10
									],
									"uv_size": [
										1,
										3
									]
								},
								"east": {
									"uv": [
										0,
										0
									],
									"uv_size": [
										5,
										3
									]
								},
								"south": {
									"uv": [
										11,
										18
									],
									"uv_size": [
										1,
										3
									]
								},
								"west": {
									"uv": [
										0,
										3
									],
									"uv_size": [
										5,
										3
									]
								},
								"up": {
									"uv": [
										4,
										10
									],
									"uv_size": [
										1,
										5
									]
								},
								"down": {
									"uv": [
										5,
										15
									],
									"uv_size": [
										1,
										-5
									]
								}
							},
							"inflate": 0
						},
						{
							"origin": [
								-6.49525,
								-10.85023,
								-17.1819
							],
							"size": [
								1,
								2,
								3
							],
							"pivot": [
								-5.49525,
								14.39977,
								3.0681
							],
							"rotation": [
								-22.5,
								0,
								0
							],
							"uv": {
								"north": {
									"uv": [
										21,
										12
									],
									"uv_size": [
										1,
										2
									]
								},
								"east": {
									"uv": [
										8,
										2
									],
									"uv_size": [
										3,
										2
									]
								},
								"south": {
									"uv": [
										13,
										21
									],
									"uv_size": [
										1,
										2
									]
								},
								"west": {
									"uv": [
										8,
										4
									],
									"uv_size": [
										3,
										2
									]
								},
								"up": {
									"uv": [
										12,
										18
									],
									"uv_size": [
										1,
										3
									]
								},
								"down": {
									"uv": [
										13,
										21
									],
									"uv_size": [
										1,
										-3
									]
								}
							},
							"inflate": 0
						},
						{
							"origin": [
								-6.49525,
								-9.85023,
								-20.1819
							],
							"size": [
								1,
								5,
								3
							],
							"pivot": [
								-5.49525,
								14.39977,
								3.0681
							],
							"rotation": [
								-22.5,
								0,
								0
							],
							"uv": {
								"north": {
									"uv": [
										6,
										10
									],
									"uv_size": [
										1,
										5
									]
								},
								"east": {
									"uv": [
										5,
										0
									],
									"uv_size": [
										3,
										5
									]
								},
								"south": {
									"uv": [
										10,
										6
									],
									"uv_size": [
										1,
										5
									]
								},
								"west": {
									"uv": [
										5,
										5
									],
									"uv_size": [
										3,
										5
									]
								},
								"up": {
									"uv": [
										18,
										13
									],
									"uv_size": [
										1,
										3
									]
								},
								"down": {
									"uv": [
										14,
										21
									],
									"uv_size": [
										1,
										-3
									]
								}
							},
							"inflate": 0
						},
						{
							"origin": [
								-6.49525,
								-8.85023,
								-22.1819
							],
							"size": [
								1,
								2,
								2
							],
							"pivot": [
								-5.49525,
								14.39977,
								3.0681
							],
							"rotation": [
								-22.5,
								0,
								0
							],
							"uv": {
								"north": {
									"uv": [
										14,
										21
									],
									"uv_size": [
										1,
										2
									]
								},
								"east": {
									"uv": [
										15,
										8
									],
									"uv_size": [
										2,
										2
									]
								},
								"south": {
									"uv": [
										21,
										14
									],
									"uv_size": [
										1,
										2
									]
								},
								"west": {
									"uv": [
										9,
										15
									],
									"uv_size": [
										2,
										2
									]
								},
								"up": {
									"uv": [
										15,
										21
									],
									"uv_size": [
										1,
										2
									]
								},
								"down": {
									"uv": [
										16,
										23
									],
									"uv_size": [
										1,
										-2
									]
								}
							},
							"inflate": 0
						},
						{
							"origin": [
								-6.49525,
								-6.85023,
								-21.1819
							],
							"size": [
								1,
								1,
								1
							],
							"pivot": [
								-5.49525,
								14.39977,
								3.0681
							],
							"rotation": [
								-22.5,
								0,
								0
							],
							"uv": {
								"north": {
									"uv": [
										17,
										24
									],
									"uv_size": [
										1,
										1
									]
								},
								"east": {
									"uv": [
										24,
										17
									],
									"uv_size": [
										1,
										1
									]
								},
								"south": {
									"uv": [
										18,
										24
									],
									"uv_size": [
										1,
										1
									]
								},
								"west": {
									"uv": [
										24,
										18
									],
									"uv_size": [
										1,
										1
									]
								},
								"up": {
									"uv": [
										19,
										24
									],
									"uv_size": [
										1,
										1
									]
								},
								"down": {
									"uv": [
										24,
										20
									],
									"uv_size": [
										1,
										-1
									]
								}
							},
							"inflate": 0
						},
						{
							"origin": [
								-6.49525,
								-8.85023,
								-23.1819
							],
							"size": [
								1,
								1,
								1
							],
							"pivot": [
								-5.49525,
								14.39977,
								3.0681
							],
							"rotation": [
								-22.5,
								0,
								0
							],
							"uv": {
								"north": {
									"uv": [
										17,
										24
									],
									"uv_size": [
										1,
										1
									]
								},
								"east": {
									"uv": [
										24,
										17
									],
									"uv_size": [
										1,
										1
									]
								},
								"south": {
									"uv": [
										18,
										24
									],
									"uv_size": [
										1,
										1
									]
								},
								"west": {
									"uv": [
										24,
										18
									],
									"uv_size": [
										1,
										1
									]
								},
								"up": {
									"uv": [
										19,
										24
									],
									"uv_size": [
										1,
										1
									]
								},
								"down": {
									"uv": [
										24,
										20
									],
									"uv_size": [
										1,
										-1
									]
								}
							},
							"inflate": 0
						},
						{
							"origin": [
								-6.49525,
								-4.85023,
								-19.1819
							],
							"size": [
								1,
								1,
								1
							],
							"pivot": [
								-5.49525,
								14.39977,
								3.0681
							],
							"rotation": [
								-22.5,
								0,
								0
							],
							"uv": {
								"north": {
									"uv": [
										21,
										24
									],
									"uv_size": [
										1,
										1
									]
								},
								"east": {
									"uv": [
										21,
										20
									],
									"uv_size": [
										2,
										1
									]
								},
								"south": {
									"uv": [
										24,
										21
									],
									"uv_size": [
										1,
										1
									]
								},
								"west": {
									"uv": [
										21,
										21
									],
									"uv_size": [
										2,
										1
									]
								},
								"up": {
									"uv": [
										0,
										22
									],
									"uv_size": [
										1,
										2
									]
								},
								"down": {
									"uv": [
										22,
										2
									],
									"uv_size": [
										1,
										-2
									]
								}
							},
							"inflate": 0
						},
						{
							"origin": [
								-6.49525,
								-3.85023,
								-19.1819
							],
							"size": [
								1,
								0,
								1
							],
							"pivot": [
								-5.49525,
								14.39977,
								3.0681
							],
							"rotation": [
								-22.5,
								0,
								0
							],
							"uv": {
								"north": {
									"uv": [
										22,
										24
									],
									"uv_size": [
										1,
										1
									]
								},
								"east": {
									"uv": [
										24,
										22
									],
									"uv_size": [
										1,
										1
									]
								},
								"south": {
									"uv": [
										23,
										24
									],
									"uv_size": [
										1,
										1
									]
								},
								"west": {
									"uv": [
										24,
										23
									],
									"uv_size": [
										1,
										1
									]
								},
								"up": {
									"uv": [
										24,
										24
									],
									"uv_size": [
										1,
										1
									]
								},
								"down": {
									"uv": [
										0,
										26
									],
									"uv_size": [
										1,
										-1
									]
								}
							},
							"inflate": 0
						},
						{
							"origin": [
								-6.49525,
								-4.85023,
								-18.1819
							],
							"size": [
								1,
								2,
								1
							],
							"pivot": [
								-5.49525,
								14.39977,
								3.0681
							],
							"rotation": [
								-22.5,
								0,
								0
							],
							"uv": {
								"north": {
									"uv": [
										15,
										18
									],
									"uv_size": [
										1,
										3
									]
								},
								"east": {
									"uv": [
										16,
										18
									],
									"uv_size": [
										1,
										3
									]
								},
								"south": {
									"uv": [
										18,
										16
									],
									"uv_size": [
										1,
										3
									]
								},
								"west": {
									"uv": [
										0,
										19
									],
									"uv_size": [
										1,
										3
									]
								},
								"up": {
									"uv": [
										25,
										0
									],
									"uv_size": [
										1,
										1
									]
								},
								"down": {
									"uv": [
										1,
										26
									],
									"uv_size": [
										1,
										-1
									]
								}
							},
							"inflate": 0
						},
						{
							"origin": [
								-6.49525,
								-8.85023,
								-4.1819
							],
							"size": [
								1,
								1,
								1
							],
							"pivot": [
								-5.49525,
								14.39977,
								3.0681
							],
							"rotation": [
								-22.5,
								0,
								0
							],
							"uv": {
								"north": {
									"uv": [
										25,
										1
									],
									"uv_size": [
										1,
										1
									]
								},
								"east": {
									"uv": [
										2,
										25
									],
									"uv_size": [
										1,
										1
									]
								},
								"south": {
									"uv": [
										25,
										2
									],
									"uv_size": [
										1,
										1
									]
								},
								"west": {
									"uv": [
										3,
										25
									],
									"uv_size": [
										1,
										1
									]
								},
								"up": {
									"uv": [
										25,
										3
									],
									"uv_size": [
										1,
										1
									]
								},
								"down": {
									"uv": [
										4,
										26
									],
									"uv_size": [
										1,
										-1
									]
								}
							},
							"inflate": 0
						},
						{
							"origin": [
								-6.49525,
								22.14977,
								8.8181
							],
							"size": [
								1,
								2,
								2
							],
							"pivot": [
								-5.49525,
								14.39977,
								3.0681
							],
							"rotation": [
								-22.5,
								0,
								0
							],
							"uv": {
								"north": {
									"uv": [
										22,
										2
									],
									"uv_size": [
										1,
										2
									]
								},
								"east": {
									"uv": [
										15,
										10
									],
									"uv_size": [
										2,
										2
									]
								},
								"south": {
									"uv": [
										22,
										4
									],
									"uv_size": [
										1,
										2
									]
								},
								"west": {
									"uv": [
										15,
										12
									],
									"uv_size": [
										2,
										2
									]
								},
								"up": {
									"uv": [
										22,
										6
									],
									"uv_size": [
										1,
										2
									]
								},
								"down": {
									"uv": [
										22,
										10
									],
									"uv_size": [
										1,
										-2
									]
								}
							},
							"inflate": 0
						},
						{
							"origin": [
								-6.49525,
								24.14977,
								10.8181
							],
							"size": [
								1,
								2,
								2
							],
							"pivot": [
								-5.49525,
								14.39977,
								3.0681
							],
							"rotation": [
								-22.5,
								0,
								0
							],
							"uv": {
								"north": {
									"uv": [
										9,
										22
									],
									"uv_size": [
										1,
										2
									]
								},
								"east": {
									"uv": [
										15,
										14
									],
									"uv_size": [
										2,
										2
									]
								},
								"south": {
									"uv": [
										10,
										22
									],
									"uv_size": [
										1,
										2
									]
								},
								"west": {
									"uv": [
										16,
										4
									],
									"uv_size": [
										2,
										2
									]
								},
								"up": {
									"uv": [
										22,
										10
									],
									"uv_size": [
										1,
										2
									]
								},
								"down": {
									"uv": [
										22,
										14
									],
									"uv_size": [
										1,
										-2
									]
								}
							},
							"inflate": 0
						},
						{
							"origin": [
								-6.49525,
								26.14977,
								12.8181
							],
							"size": [
								1,
								2,
								2
							],
							"pivot": [
								-5.49525,
								14.39977,
								3.0681
							],
							"rotation": [
								-22.5,
								0,
								0
							],
							"uv": {
								"north": {
									"uv": [
										22,
										14
									],
									"uv_size": [
										1,
										2
									]
								},
								"east": {
									"uv": [
										16,
										6
									],
									"uv_size": [
										2,
										2
									]
								},
								"south": {
									"uv": [
										22,
										16
									],
									"uv_size": [
										1,
										2
									]
								},
								"west": {
									"uv": [
										11,
										16
									],
									"uv_size": [
										2,
										2
									]
								},
								"up": {
									"uv": [
										22,
										18
									],
									"uv_size": [
										1,
										2
									]
								},
								"down": {
									"uv": [
										19,
										24
									],
									"uv_size": [
										1,
										-2
									]
								}
							},
							"inflate": 0
						},
						{
							"origin": [
								-6.49525,
								28.14977,
								14.8181
							],
							"size": [
								1,
								2,
								2
							],
							"pivot": [
								-5.49525,
								14.39977,
								3.0681
							],
							"rotation": [
								-22.5,
								0,
								0
							],
							"uv": {
								"north": {
									"uv": [
										20,
										22
									],
									"uv_size": [
										1,
										2
									]
								},
								"east": {
									"uv": [
										13,
										16
									],
									"uv_size": [
										2,
										2
									]
								},
								"south": {
									"uv": [
										21,
										22
									],
									"uv_size": [
										1,
										2
									]
								},
								"west": {
									"uv": [
										15,
										16
									],
									"uv_size": [
										2,
										2
									]
								},
								"up": {
									"uv": [
										22,
										22
									],
									"uv_size": [
										1,
										2
									]
								},
								"down": {
									"uv": [
										23,
										2
									],
									"uv_size": [
										1,
										-2
									]
								}
							},
							"inflate": 0
						},
						{
							"origin": [
								-6.49525,
								12.14977,
								-1.1819
							],
							"size": [
								1,
								2,
								2
							],
							"pivot": [
								-5.49525,
								14.39977,
								3.0681
							],
							"rotation": [
								-22.5,
								0,
								0
							],
							"uv": {
								"north": {
									"uv": [
										1,
										23
									],
									"uv_size": [
										1,
										2
									]
								},
								"east": {
									"uv": [
										0,
										17
									],
									"uv_size": [
										2,
										2
									]
								},
								"south": {
									"uv": [
										2,
										23
									],
									"uv_size": [
										1,
										2
									]
								},
								"west": {
									"uv": [
										17,
										0
									],
									"uv_size": [
										2,
										2
									]
								},
								"up": {
									"uv": [
										23,
										2
									],
									"uv_size": [
										1,
										2
									]
								},
								"down": {
									"uv": [
										3,
										25
									],
									"uv_size": [
										1,
										-2
									]
								}
							},
							"inflate": 0
						},
						{
							"origin": [
								-6.49525,
								4.14977,
								-9.1819
							],
							"size": [
								1,
								2,
								2
							],
							"pivot": [
								-5.49525,
								14.39977,
								3.0681
							],
							"rotation": [
								-22.5,
								0,
								0
							],
							"uv": {
								"north": {
									"uv": [
										4,
										23
									],
									"uv_size": [
										1,
										2
									]
								},
								"east": {
									"uv": [
										2,
										17
									],
									"uv_size": [
										2,
										2
									]
								},
								"south": {
									"uv": [
										23,
										4
									],
									"uv_size": [
										1,
										2
									]
								},
								"west": {
									"uv": [
										5,
										17
									],
									"uv_size": [
										2,
										2
									]
								},
								"up": {
									"uv": [
										5,
										23
									],
									"uv_size": [
										1,
										2
									]
								},
								"down": {
									"uv": [
										6,
										25
									],
									"uv_size": [
										1,
										-2
									]
								}
							},
							"inflate": 0
						},
						{
							"origin": [
								-6.49525,
								10.14977,
								-3.1819
							],
							"size": [
								1,
								2,
								2
							],
							"pivot": [
								-5.49525,
								14.39977,
								3.0681
							],
							"rotation": [
								-22.5,
								0,
								0
							],
							"uv": {
								"north": {
									"uv": [
										23,
										6
									],
									"uv_size": [
										1,
										2
									]
								},
								"east": {
									"uv": [
										7,
										17
									],
									"uv_size": [
										2,
										2
									]
								},
								"south": {
									"uv": [
										7,
										23
									],
									"uv_size": [
										1,
										2
									]
								},
								"west": {
									"uv": [
										17,
										8
									],
									"uv_size": [
										2,
										2
									]
								},
								"up": {
									"uv": [
										8,
										23
									],
									"uv_size": [
										1,
										2
									]
								},
								"down": {
									"uv": [
										23,
										10
									],
									"uv_size": [
										1,
										-2
									]
								}
							},
							"inflate": 0
						},
						{
							"origin": [
								-6.49525,
								20.14977,
								5.8181
							],
							"size": [
								1,
								1,
								1
							],
							"pivot": [
								-5.49525,
								14.39977,
								3.0681
							],
							"rotation": [
								-22.5,
								0,
								0
							],
							"uv": {
								"north": {
									"uv": [
										25,
										4
									],
									"uv_size": [
										1,
										1
									]
								},
								"east": {
									"uv": [
										5,
										25
									],
									"uv_size": [
										1,
										1
									]
								},
								"south": {
									"uv": [
										25,
										5
									],
									"uv_size": [
										1,
										1
									]
								},
								"west": {
									"uv": [
										6,
										25
									],
									"uv_size": [
										1,
										1
									]
								},
								"up": {
									"uv": [
										25,
										6
									],
									"uv_size": [
										1,
										1
									]
								},
								"down": {
									"uv": [
										7,
										26
									],
									"uv_size": [
										1,
										-1
									]
								}
							},
							"inflate": 0
						},
						{
							"origin": [
								-6.49525,
								16.14977,
								1.8181
							],
							"size": [
								1,
								1,
								1
							],
							"pivot": [
								-5.49525,
								14.39977,
								3.0681
							],
							"rotation": [
								-22.5,
								0,
								0
							],
							"uv": {
								"north": {
									"uv": [
										25,
										7
									],
									"uv_size": [
										1,
										1
									]
								},
								"east": {
									"uv": [
										8,
										25
									],
									"uv_size": [
										1,
										1
									]
								},
								"south": {
									"uv": [
										25,
										8
									],
									"uv_size": [
										1,
										1
									]
								},
								"west": {
									"uv": [
										9,
										25
									],
									"uv_size": [
										1,
										1
									]
								},
								"up": {
									"uv": [
										25,
										9
									],
									"uv_size": [
										1,
										1
									]
								},
								"down": {
									"uv": [
										10,
										26
									],
									"uv_size": [
										1,
										-1
									]
								}
							},
							"inflate": 0
						},
						{
							"origin": [
								-6.49525,
								14.14977,
								-0.1819
							],
							"size": [
								1,
								1,
								1
							],
							"pivot": [
								-5.49525,
								14.39977,
								3.0681
							],
							"rotation": [
								-22.5,
								0,
								0
							],
							"uv": {
								"north": {
									"uv": [
										25,
										10
									],
									"uv_size": [
										1,
										1
									]
								},
								"east": {
									"uv": [
										11,
										25
									],
									"uv_size": [
										1,
										1
									]
								},
								"south": {
									"uv": [
										25,
										11
									],
									"uv_size": [
										1,
										1
									]
								},
								"west": {
									"uv": [
										12,
										25
									],
									"uv_size": [
										1,
										1
									]
								},
								"up": {
									"uv": [
										25,
										12
									],
									"uv_size": [
										1,
										1
									]
								},
								"down": {
									"uv": [
										13,
										26
									],
									"uv_size": [
										1,
										-1
									]
								}
							},
							"inflate": 0
						},
						{
							"origin": [
								-6.49525,
								12.14977,
								-2.1819
							],
							"size": [
								1,
								1,
								1
							],
							"pivot": [
								-5.49525,
								14.39977,
								3.0681
							],
							"rotation": [
								-22.5,
								0,
								0
							],
							"uv": {
								"north": {
									"uv": [
										25,
										13
									],
									"uv_size": [
										1,
										1
									]
								},
								"east": {
									"uv": [
										14,
										25
									],
									"uv_size": [
										1,
										1
									]
								},
								"south": {
									"uv": [
										25,
										14
									],
									"uv_size": [
										1,
										1
									]
								},
								"west": {
									"uv": [
										15,
										25
									],
									"uv_size": [
										1,
										1
									]
								},
								"up": {
									"uv": [
										25,
										15
									],
									"uv_size": [
										1,
										1
									]
								},
								"down": {
									"uv": [
										16,
										26
									],
									"uv_size": [
										1,
										-1
									]
								}
							},
							"inflate": 0
						},
						{
							"origin": [
								-6.49525,
								10.14977,
								-4.1819
							],
							"size": [
								1,
								1,
								1
							],
							"pivot": [
								-5.49525,
								14.39977,
								3.0681
							],
							"rotation": [
								-22.5,
								0,
								0
							],
							"uv": {
								"north": {
									"uv": [
										25,
										16
									],
									"uv_size": [
										1,
										1
									]
								},
								"east": {
									"uv": [
										17,
										25
									],
									"uv_size": [
										1,
										1
									]
								},
								"south": {
									"uv": [
										25,
										17
									],
									"uv_size": [
										1,
										1
									]
								},
								"west": {
									"uv": [
										18,
										25
									],
									"uv_size": [
										1,
										1
									]
								},
								"up": {
									"uv": [
										25,
										18
									],
									"uv_size": [
										1,
										1
									]
								},
								"down": {
									"uv": [
										19,
										26
									],
									"uv_size": [
										1,
										-1
									]
								}
							},
							"inflate": 0
						},
						{
							"origin": [
								-6.49525,
								8.14977,
								-6.1819
							],
							"size": [
								1,
								1,
								1
							],
							"pivot": [
								-5.49525,
								14.39977,
								3.0681
							],
							"rotation": [
								-22.5,
								0,
								0
							],
							"uv": {
								"north": {
									"uv": [
										25,
										19
									],
									"uv_size": [
										1,
										1
									]
								},
								"east": {
									"uv": [
										20,
										25
									],
									"uv_size": [
										1,
										1
									]
								},
								"south": {
									"uv": [
										25,
										20
									],
									"uv_size": [
										1,
										1
									]
								},
								"west": {
									"uv": [
										21,
										25
									],
									"uv_size": [
										1,
										1
									]
								},
								"up": {
									"uv": [
										25,
										21
									],
									"uv_size": [
										1,
										1
									]
								},
								"down": {
									"uv": [
										22,
										26
									],
									"uv_size": [
										1,
										-1
									]
								}
							},
							"inflate": 0
						},
						{
							"origin": [
								-6.49525,
								6.14977,
								-8.1819
							],
							"size": [
								1,
								1,
								1
							],
							"pivot": [
								-5.49525,
								14.39977,
								3.0681
							],
							"rotation": [
								-22.5,
								0,
								0
							],
							"uv": {
								"north": {
									"uv": [
										25,
										22
									],
									"uv_size": [
										1,
										1
									]
								},
								"east": {
									"uv": [
										23,
										25
									],
									"uv_size": [
										1,
										1
									]
								},
								"south": {
									"uv": [
										25,
										23
									],
									"uv_size": [
										1,
										1
									]
								},
								"west": {
									"uv": [
										24,
										25
									],
									"uv_size": [
										1,
										1
									]
								},
								"up": {
									"uv": [
										25,
										24
									],
									"uv_size": [
										1,
										1
									]
								},
								"down": {
									"uv": [
										25,
										26
									],
									"uv_size": [
										1,
										-1
									]
								}
							},
							"inflate": 0
						},
						{
							"origin": [
								-6.49525,
								4.14977,
								-10.1819
							],
							"size": [
								1,
								1,
								1
							],
							"pivot": [
								-5.49525,
								14.39977,
								3.0681
							],
							"rotation": [
								-22.5,
								0,
								0
							],
							"uv": {
								"north": {
									"uv": [
										0,
										26
									],
									"uv_size": [
										1,
										1
									]
								},
								"east": {
									"uv": [
										26,
										0
									],
									"uv_size": [
										1,
										1
									]
								},
								"south": {
									"uv": [
										1,
										26
									],
									"uv_size": [
										1,
										1
									]
								},
								"west": {
									"uv": [
										26,
										1
									],
									"uv_size": [
										1,
										1
									]
								},
								"up": {
									"uv": [
										2,
										26
									],
									"uv_size": [
										1,
										1
									]
								},
								"down": {
									"uv": [
										26,
										3
									],
									"uv_size": [
										1,
										-1
									]
								}
							},
							"inflate": 0
						},
						{
							"origin": [
								-6.49525,
								2.14977,
								-12.1819
							],
							"size": [
								1,
								1,
								1
							],
							"pivot": [
								-5.49525,
								14.39977,
								3.0681
							],
							"rotation": [
								-22.5,
								0,
								0
							],
							"uv": {
								"north": {
									"uv": [
										3,
										26
									],
									"uv_size": [
										1,
										1
									]
								},
								"east": {
									"uv": [
										26,
										3
									],
									"uv_size": [
										1,
										1
									]
								},
								"south": {
									"uv": [
										4,
										26
									],
									"uv_size": [
										1,
										1
									]
								},
								"west": {
									"uv": [
										26,
										4
									],
									"uv_size": [
										1,
										1
									]
								},
								"up": {
									"uv": [
										5,
										26
									],
									"uv_size": [
										1,
										1
									]
								},
								"down": {
									"uv": [
										26,
										6
									],
									"uv_size": [
										1,
										-1
									]
								}
							},
							"inflate": 0
						},
						{
							"origin": [
								-6.49525,
								-1.85023,
								-16.1819
							],
							"size": [
								1,
								1,
								1
							],
							"pivot": [
								-5.49525,
								14.39977,
								3.0681
							],
							"rotation": [
								-22.5,
								0,
								0
							],
							"uv": {
								"north": {
									"uv": [
										6,
										26
									],
									"uv_size": [
										1,
										1
									]
								},
								"east": {
									"uv": [
										26,
										6
									],
									"uv_size": [
										1,
										1
									]
								},
								"south": {
									"uv": [
										7,
										26
									],
									"uv_size": [
										1,
										1
									]
								},
								"west": {
									"uv": [
										26,
										7
									],
									"uv_size": [
										1,
										1
									]
								},
								"up": {
									"uv": [
										8,
										26
									],
									"uv_size": [
										1,
										1
									]
								},
								"down": {
									"uv": [
										26,
										9
									],
									"uv_size": [
										1,
										-1
									]
								}
							},
							"inflate": 0
						},
						{
							"origin": [
								-6.49525,
								0.14977,
								-14.1819
							],
							"size": [
								1,
								1,
								1
							],
							"pivot": [
								-5.49525,
								14.39977,
								3.0681
							],
							"rotation": [
								-22.5,
								0,
								0
							],
							"uv": {
								"north": {
									"uv": [
										9,
										26
									],
									"uv_size": [
										1,
										1
									]
								},
								"east": {
									"uv": [
										26,
										9
									],
									"uv_size": [
										1,
										1
									]
								},
								"south": {
									"uv": [
										10,
										26
									],
									"uv_size": [
										1,
										1
									]
								},
								"west": {
									"uv": [
										26,
										10
									],
									"uv_size": [
										1,
										1
									]
								},
								"up": {
									"uv": [
										11,
										26
									],
									"uv_size": [
										1,
										1
									]
								},
								"down": {
									"uv": [
										26,
										12
									],
									"uv_size": [
										1,
										-1
									]
								}
							},
							"inflate": 0
						},
						{
							"origin": [
								-6.49525,
								18.14977,
								3.8181
							],
							"size": [
								1,
								1,
								1
							],
							"pivot": [
								-5.49525,
								14.39977,
								3.0681
							],
							"rotation": [
								-22.5,
								0,
								0
							],
							"uv": {
								"north": {
									"uv": [
										12,
										26
									],
									"uv_size": [
										1,
										1
									]
								},
								"east": {
									"uv": [
										26,
										12
									],
									"uv_size": [
										1,
										1
									]
								},
								"south": {
									"uv": [
										13,
										26
									],
									"uv_size": [
										1,
										1
									]
								},
								"west": {
									"uv": [
										26,
										13
									],
									"uv_size": [
										1,
										1
									]
								},
								"up": {
									"uv": [
										14,
										26
									],
									"uv_size": [
										1,
										1
									]
								},
								"down": {
									"uv": [
										26,
										15
									],
									"uv_size": [
										1,
										-1
									]
								}
							},
							"inflate": 0
						},
						{
							"origin": [
								-6.49525,
								22.14977,
								7.8181
							],
							"size": [
								1,
								1,
								1
							],
							"pivot": [
								-5.49525,
								14.39977,
								3.0681
							],
							"rotation": [
								-22.5,
								0,
								0
							],
							"uv": {
								"north": {
									"uv": [
										15,
										26
									],
									"uv_size": [
										1,
										1
									]
								},
								"east": {
									"uv": [
										26,
										15
									],
									"uv_size": [
										1,
										1
									]
								},
								"south": {
									"uv": [
										16,
										26
									],
									"uv_size": [
										1,
										1
									]
								},
								"west": {
									"uv": [
										26,
										16
									],
									"uv_size": [
										1,
										1
									]
								},
								"up": {
									"uv": [
										17,
										26
									],
									"uv_size": [
										1,
										1
									]
								},
								"down": {
									"uv": [
										26,
										18
									],
									"uv_size": [
										1,
										-1
									]
								}
							},
							"inflate": 0
						},
						{
							"origin": [
								-6.49525,
								24.14977,
								9.8181
							],
							"size": [
								1,
								1,
								1
							],
							"pivot": [
								-5.49525,
								14.39977,
								3.0681
							],
							"rotation": [
								-22.5,
								0,
								0
							],
							"uv": {
								"north": {
									"uv": [
										18,
										26
									],
									"uv_size": [
										1,
										1
									]
								},
								"east": {
									"uv": [
										26,
										18
									],
									"uv_size": [
										1,
										1
									]
								},
								"south": {
									"uv": [
										19,
										26
									],
									"uv_size": [
										1,
										1
									]
								},
								"west": {
									"uv": [
										26,
										19
									],
									"uv_size": [
										1,
										1
									]
								},
								"up": {
									"uv": [
										20,
										26
									],
									"uv_size": [
										1,
										1
									]
								},
								"down": {
									"uv": [
										26,
										21
									],
									"uv_size": [
										1,
										-1
									]
								}
							},
							"inflate": 0
						},
						{
							"origin": [
								-6.49525,
								26.14977,
								11.8181
							],
							"size": [
								1,
								1,
								1
							],
							"pivot": [
								-5.49525,
								14.39977,
								3.0681
							],
							"rotation": [
								-22.5,
								0,
								0
							],
							"uv": {
								"north": {
									"uv": [
										21,
										26
									],
									"uv_size": [
										1,
										1
									]
								},
								"east": {
									"uv": [
										26,
										21
									],
									"uv_size": [
										1,
										1
									]
								},
								"south": {
									"uv": [
										22,
										26
									],
									"uv_size": [
										1,
										1
									]
								},
								"west": {
									"uv": [
										26,
										22
									],
									"uv_size": [
										1,
										1
									]
								},
								"up": {
									"uv": [
										23,
										26
									],
									"uv_size": [
										1,
										1
									]
								},
								"down": {
									"uv": [
										26,
										24
									],
									"uv_size": [
										1,
										-1
									]
								}
							},
							"inflate": 0
						},
						{
							"origin": [
								-6.49525,
								23.14977,
								10.8181
							],
							"size": [
								1,
								1,
								1
							],
							"pivot": [
								-5.49525,
								14.39977,
								3.0681
							],
							"rotation": [
								-22.5,
								0,
								0
							],
							"uv": {
								"north": {
									"uv": [
										24,
										26
									],
									"uv_size": [
										1,
										1
									]
								},
								"east": {
									"uv": [
										26,
										24
									],
									"uv_size": [
										1,
										1
									]
								},
								"south": {
									"uv": [
										25,
										26
									],
									"uv_size": [
										1,
										1
									]
								},
								"west": {
									"uv": [
										26,
										25
									],
									"uv_size": [
										1,
										1
									]
								},
								"up": {
									"uv": [
										26,
										26
									],
									"uv_size": [
										1,
										1
									]
								},
								"down": {
									"uv": [
										0,
										28
									],
									"uv_size": [
										1,
										-1
									]
								}
							},
							"inflate": 0
						},
						{
							"origin": [
								-6.49525,
								21.14977,
								8.8181
							],
							"size": [
								1,
								1,
								1
							],
							"pivot": [
								-5.49525,
								14.39977,
								3.0681
							],
							"rotation": [
								-22.5,
								0,
								0
							],
							"uv": {
								"north": {
									"uv": [
										27,
										0
									],
									"uv_size": [
										1,
										1
									]
								},
								"east": {
									"uv": [
										1,
										27
									],
									"uv_size": [
										1,
										1
									]
								},
								"south": {
									"uv": [
										27,
										1
									],
									"uv_size": [
										1,
										1
									]
								},
								"west": {
									"uv": [
										2,
										27
									],
									"uv_size": [
										1,
										1
									]
								},
								"up": {
									"uv": [
										27,
										2
									],
									"uv_size": [
										1,
										1
									]
								},
								"down": {
									"uv": [
										3,
										28
									],
									"uv_size": [
										1,
										-1
									]
								}
							},
							"inflate": 0
						},
						{
							"origin": [
								-6.49525,
								27.14977,
								14.8181
							],
							"size": [
								1,
								1,
								1
							],
							"pivot": [
								-5.49525,
								14.39977,
								3.0681
							],
							"rotation": [
								-22.5,
								0,
								0
							],
							"uv": {
								"north": {
									"uv": [
										27,
										3
									],
									"uv_size": [
										1,
										1
									]
								},
								"east": {
									"uv": [
										4,
										27
									],
									"uv_size": [
										1,
										1
									]
								},
								"south": {
									"uv": [
										27,
										4
									],
									"uv_size": [
										1,
										1
									]
								},
								"west": {
									"uv": [
										5,
										27
									],
									"uv_size": [
										1,
										1
									]
								},
								"up": {
									"uv": [
										27,
										5
									],
									"uv_size": [
										1,
										1
									]
								},
								"down": {
									"uv": [
										6,
										28
									],
									"uv_size": [
										1,
										-1
									]
								}
							},
							"inflate": 0
						},
						{
							"origin": [
								-6.49525,
								25.14977,
								12.8181
							],
							"size": [
								1,
								1,
								1
							],
							"pivot": [
								-5.49525,
								14.39977,
								3.0681
							],
							"rotation": [
								-22.5,
								0,
								0
							],
							"uv": {
								"north": {
									"uv": [
										27,
										6
									],
									"uv_size": [
										1,
										1
									]
								},
								"east": {
									"uv": [
										7,
										27
									],
									"uv_size": [
										1,
										1
									]
								},
								"south": {
									"uv": [
										27,
										7
									],
									"uv_size": [
										1,
										1
									]
								},
								"west": {
									"uv": [
										8,
										27
									],
									"uv_size": [
										1,
										1
									]
								},
								"up": {
									"uv": [
										27,
										8
									],
									"uv_size": [
										1,
										1
									]
								},
								"down": {
									"uv": [
										9,
										28
									],
									"uv_size": [
										1,
										-1
									]
								}
							},
							"inflate": 0
						},
						{
							"origin": [
								-6.49525,
								28.14977,
								13.8181
							],
							"size": [
								1,
								1,
								1
							],
							"pivot": [
								-5.49525,
								14.39977,
								3.0681
							],
							"rotation": [
								-22.5,
								0,
								0
							],
							"uv": {
								"north": {
									"uv": [
										27,
										9
									],
									"uv_size": [
										1,
										1
									]
								},
								"east": {
									"uv": [
										10,
										27
									],
									"uv_size": [
										1,
										1
									]
								},
								"south": {
									"uv": [
										27,
										10
									],
									"uv_size": [
										1,
										1
									]
								},
								"west": {
									"uv": [
										11,
										27
									],
									"uv_size": [
										1,
										1
									]
								},
								"up": {
									"uv": [
										27,
										11
									],
									"uv_size": [
										1,
										1
									]
								},
								"down": {
									"uv": [
										12,
										28
									],
									"uv_size": [
										1,
										-1
									]
								}
							},
							"inflate": 0
						},
						{
							"origin": [
								-6.49525,
								17.14977,
								4.8181
							],
							"size": [
								1,
								1,
								1
							],
							"pivot": [
								-5.49525,
								14.39977,
								3.0681
							],
							"rotation": [
								-22.5,
								0,
								0
							],
							"uv": {
								"north": {
									"uv": [
										27,
										12
									],
									"uv_size": [
										1,
										1
									]
								},
								"east": {
									"uv": [
										13,
										27
									],
									"uv_size": [
										1,
										1
									]
								},
								"south": {
									"uv": [
										27,
										13
									],
									"uv_size": [
										1,
										1
									]
								},
								"west": {
									"uv": [
										14,
										27
									],
									"uv_size": [
										1,
										1
									]
								},
								"up": {
									"uv": [
										27,
										14
									],
									"uv_size": [
										1,
										1
									]
								},
								"down": {
									"uv": [
										15,
										28
									],
									"uv_size": [
										1,
										-1
									]
								}
							},
							"inflate": 0
						},
						{
							"origin": [
								-6.49525,
								13.14977,
								0.8181
							],
							"size": [
								1,
								1,
								1
							],
							"pivot": [
								-5.49525,
								14.39977,
								3.0681
							],
							"rotation": [
								-22.5,
								0,
								0
							],
							"uv": {
								"north": {
									"uv": [
										27,
										15
									],
									"uv_size": [
										1,
										1
									]
								},
								"east": {
									"uv": [
										16,
										27
									],
									"uv_size": [
										1,
										1
									]
								},
								"south": {
									"uv": [
										27,
										16
									],
									"uv_size": [
										1,
										1
									]
								},
								"west": {
									"uv": [
										17,
										27
									],
									"uv_size": [
										1,
										1
									]
								},
								"up": {
									"uv": [
										27,
										17
									],
									"uv_size": [
										1,
										1
									]
								},
								"down": {
									"uv": [
										18,
										28
									],
									"uv_size": [
										1,
										-1
									]
								}
							},
							"inflate": 0
						},
						{
							"origin": [
								-6.49525,
								11.14977,
								-1.1819
							],
							"size": [
								1,
								1,
								1
							],
							"pivot": [
								-5.49525,
								14.39977,
								3.0681
							],
							"rotation": [
								-22.5,
								0,
								0
							],
							"uv": {
								"north": {
									"uv": [
										27,
										18
									],
									"uv_size": [
										1,
										1
									]
								},
								"east": {
									"uv": [
										19,
										27
									],
									"uv_size": [
										1,
										1
									]
								},
								"south": {
									"uv": [
										27,
										19
									],
									"uv_size": [
										1,
										1
									]
								},
								"west": {
									"uv": [
										20,
										27
									],
									"uv_size": [
										1,
										1
									]
								},
								"up": {
									"uv": [
										27,
										20
									],
									"uv_size": [
										1,
										1
									]
								},
								"down": {
									"uv": [
										21,
										28
									],
									"uv_size": [
										1,
										-1
									]
								}
							},
							"inflate": 0
						},
						{
							"origin": [
								-6.49525,
								9.14977,
								-3.1819
							],
							"size": [
								1,
								1,
								1
							],
							"pivot": [
								-5.49525,
								14.39977,
								3.0681
							],
							"rotation": [
								-22.5,
								0,
								0
							],
							"uv": {
								"north": {
									"uv": [
										27,
										21
									],
									"uv_size": [
										1,
										1
									]
								},
								"east": {
									"uv": [
										22,
										27
									],
									"uv_size": [
										1,
										1
									]
								},
								"south": {
									"uv": [
										27,
										22
									],
									"uv_size": [
										1,
										1
									]
								},
								"west": {
									"uv": [
										23,
										27
									],
									"uv_size": [
										1,
										1
									]
								},
								"up": {
									"uv": [
										27,
										23
									],
									"uv_size": [
										1,
										1
									]
								},
								"down": {
									"uv": [
										24,
										28
									],
									"uv_size": [
										1,
										-1
									]
								}
							},
							"inflate": 0
						},
						{
							"origin": [
								-6.49525,
								15.14977,
								2.8181
							],
							"size": [
								1,
								1,
								1
							],
							"pivot": [
								-5.49525,
								14.39977,
								3.0681
							],
							"rotation": [
								-22.5,
								0,
								0
							],
							"uv": {
								"north": {
									"uv": [
										27,
										24
									],
									"uv_size": [
										1,
										1
									]
								},
								"east": {
									"uv": [
										25,
										27
									],
									"uv_size": [
										1,
										1
									]
								},
								"south": {
									"uv": [
										27,
										25
									],
									"uv_size": [
										1,
										1
									]
								},
								"west": {
									"uv": [
										26,
										27
									],
									"uv_size": [
										1,
										1
									]
								},
								"up": {
									"uv": [
										27,
										26
									],
									"uv_size": [
										1,
										1
									]
								},
								"down": {
									"uv": [
										27,
										28
									],
									"uv_size": [
										1,
										-1
									]
								}
							},
							"inflate": 0
						},
						{
							"origin": [
								-6.49525,
								19.14977,
								6.8181
							],
							"size": [
								1,
								1,
								1
							],
							"pivot": [
								-5.49525,
								14.39977,
								3.0681
							],
							"rotation": [
								-22.5,
								0,
								0
							],
							"uv": {
								"north": {
									"uv": [
										0,
										28
									],
									"uv_size": [
										1,
										1
									]
								},
								"east": {
									"uv": [
										28,
										0
									],
									"uv_size": [
										1,
										1
									]
								},
								"south": {
									"uv": [
										1,
										28
									],
									"uv_size": [
										1,
										1
									]
								},
								"west": {
									"uv": [
										28,
										1
									],
									"uv_size": [
										1,
										1
									]
								},
								"up": {
									"uv": [
										2,
										28
									],
									"uv_size": [
										1,
										1
									]
								},
								"down": {
									"uv": [
										28,
										3
									],
									"uv_size": [
										1,
										-1
									]
								}
							},
							"inflate": 0
						}
					],
					"parent": "weapon",
					"rotation": [
						-22.5,
						0,
						0
					]
				}
			]
		}
	]
}