{
	"format_version": "1.12.0",
	"minecraft:geometry": [
		{
			"description": {
				"identifier": "geometry.knights_grand_bascinet_helm",
				"texture_width": 64,
				"texture_height": 32,
				"visible_bounds_width": 2,
				"visible_bounds_height": 3.5,
				"visible_bounds_offset": [
					0,
					1.25,
					0
				]
			},
			"bones": [
				{
					"name": "Head",
					"pivot": [
						0,
						24,
						0
					],
					"cubes": [
						{
							"origin": [
								-4,
								24.9,
								-3.2
							],
							"size": [
								8,
								7,
								7
							],
							"inflate": 1,
							"uv": [
								32,
								0
							]
						},
						{
							"origin": [
								-6.46972,
								29.5,
								-6.7
							],
							"size": [
								7,
								5,
								0
							],
							"pivot": [
								-2.96972,
								29.62378,
								-6.59195
							],
							"rotation": [
								-41.63,
								26.63,
								0
							],
							"uv": [
								0,
								0
							],
							"mirror": true
						},
						{
							"origin": [
								-0.51514,
								29.5,
								-6.731
							],
							"size": [
								7,
								5,
								0
							],
							"pivot": [
								2.98486,
								29.569,
								-6.62212
							],
							"rotation": [
								-41.63,
								-26.63,
								0
							],
							"uv": [
								0,
								0
							]
						},
						{
							"origin": [
								-3.2,
								27.1,
								-3.75
							],
							"size": [
								7,
								5,
								0
							],
							"pivot": [
								0,
								24,
								0
							],
							"rotation": [
								31.63,
								26.63,
								0
							],
							"uv": [
								0,
								5
							],
							"mirror": true
						},
						{
							"origin": [
								-3.8,
								27.1,
								-3.75
							],
							"size": [
								7,
								5,
								0
							],
							"pivot": [
								0,
								24,
								0
							],
							"rotation": [
								31.63,
								-26.63,
								0
							],
							"uv": [
								0,
								5
							]
						},
						{
							"origin": [
								-4,
								24.9,
								-3.7
							],
							"size": [
								8,
								7,
								1
							],
							"inflate": 0.97,
							"uv": [
								38,
								6
							]
						},
						{
							"origin": [
								4.4,
								26.6,
								-6.42444
							],
							"size": [
								0,
								5,
								5
							],
							"pivot": [
								4.4,
								28.91439,
								-3.92444
							],
							"rotation": [
								-47.5,
								0,
								0
							],
							"uv": [
								23,
								19
							]
						},
						{
							"origin": [
								-4.4,
								26.6,
								-6.42444
							],
							"size": [
								0,
								5,
								5
							],
							"pivot": [
								-4.6,
								28.91439,
								-3.92444
							],
							"rotation": [
								-47.5,
								0,
								0
							],
							"uv": [
								23,
								19
							]
						},
						{
							"origin": [
								-5,
								28.7,
								-8.18405
							],
							"size": [
								5,
								1,
								0
							],
							"pivot": [
								0.03544,
								29.2,
								-8.18405
							],
							"rotation": [
								0,
								26.63,
								0
							],
							"uv": [
								0,
								10
							],
							"mirror": true
						},
						{
							"origin": [
								0,
								28.7,
								-8.18405
							],
							"size": [
								5,
								1,
								0
							],
							"pivot": [
								0.03544,
								29.2,
								-8.18405
							],
							"rotation": [
								0,
								-26.63,
								0
							],
							"uv": [
								0,
								10
							]
						}
					]
				}
			]
		}
	]
}