{
	"format_version": "1.10.0",
	"geometry.knights_jousting_leggings": {
		"texturewidth": 64,
		"textureheight": 32,
		"visible_bounds_width": 2,
		"visible_bounds_height": 1,
		"visible_bounds_offset": [
			0,
			0.5,
			0
		],
		"bones": [
			{
				"name": "rightLeg",
				"pivot": [
					-1.9,
					12,
					0
				],
				"cubes": [
					{
						"origin": [
							-4.2,
							2,
							-2
						],
						"size": [
							4,
							10,
							4
						],
						"uv": [
							0,
							16
						],
						"inflate": 0.4
					}
				]
			},
			{
				"name": "leftLeg",
				"pivot": [
					1.9,
					12,
					0
				],
				"cubes": [
					{
						"origin": [
							0.25,
							2,
							-2
						],
						"size": [
							4,
							10,
							4
						],
						"uv": [
							0,
							16
						],
						"inflate": 0.4
					}
				],
				"mirror": true
			}
		]
	}
}