{
	"format_version": "1.12.0",
	"minecraft:geometry": [
		{
			"description": {
				"identifier": "geometry.knights_iron_lochaberaxe_twohanded",
				"texture_width": 64,
				"texture_height": 64,
				"visible_bounds_width": 4,
				"visible_bounds_height": 3.5,
				"visible_bounds_offset": [
					0,
					1.25,
					0
				]
			},
			"bones": [
				{
					"name": "rightItem",
					"pivot": [
						-6,
						15,
						1
					]
				},
				{
					"name": "weapon",
					"pivot": [
						-6,
						15,
						3
					],
					"parent": "rightItem"
				},
				{
					"name": "bone3",
					"pivot": [
						-6,
						15,
						3
					],
					"cubes": [
						{
							"origin": [
								-6.49525,
								19.14977,
								5.8181
							],
							"size": [
								1,
								2,
								2
							],
							"pivot": [
								-5.49525,
								13.39977,
								2.0681
							],
							"rotation": [
								-22.5,
								0,
								0
							],
							"uv": {
								"north": {
									"uv": [
										2,
										27
									],
									"uv_size": [
										1,
										2
									]
								},
								"east": {
									"uv": [
										0,
										27
									],
									"uv_size": [
										2,
										2
									]
								},
								"south": {
									"uv": [
										5,
										27
									],
									"uv_size": [
										1,
										2
									]
								},
								"west": {
									"uv": [
										3,
										27
									],
									"uv_size": [
										2,
										2
									]
								},
								"up": {
									"uv": [
										2,
										25
									],
									"uv_size": [
										1,
										2
									]
								},
								"down": {
									"uv": [
										3,
										27
									],
									"uv_size": [
										1,
										-2
									]
								}
							},
							"inflate": 0
						},
						{
							"origin": [
								-6.49525,
								17.14977,
								3.8181
							],
							"size": [
								1,
								2,
								2
							],
							"pivot": [
								-5.49525,
								13.39977,
								2.0681
							],
							"rotation": [
								-22.5,
								0,
								0
							],
							"uv": {
								"north": {
									"uv": [
										20,
										26
									],
									"uv_size": [
										1,
										2
									]
								},
								"east": {
									"uv": [
										18,
										26
									],
									"uv_size": [
										2,
										2
									]
								},
								"south": {
									"uv": [
										23,
										26
									],
									"uv_size": [
										1,
										2
									]
								},
								"west": {
									"uv": [
										21,
										26
									],
									"uv_size": [
										2,
										2
									]
								},
								"up": {
									"uv": [
										20,
										24
									],
									"uv_size": [
										1,
										2
									]
								},
								"down": {
									"uv": [
										21,
										26
									],
									"uv_size": [
										1,
										-2
									]
								}
							},
							"inflate": 0
						},
						{
							"origin": [
								-6.49525,
								15.14977,
								1.8181
							],
							"size": [
								1,
								2,
								2
							],
							"pivot": [
								-5.49525,
								13.39977,
								2.0681
							],
							"rotation": [
								-22.5,
								0,
								0
							],
							"uv": {
								"north": {
									"uv": [
										12,
										26
									],
									"uv_size": [
										1,
										2
									]
								},
								"east": {
									"uv": [
										10,
										26
									],
									"uv_size": [
										2,
										2
									]
								},
								"south": {
									"uv": [
										15,
										26
									],
									"uv_size": [
										1,
										2
									]
								},
								"west": {
									"uv": [
										13,
										26
									],
									"uv_size": [
										2,
										2
									]
								},
								"up": {
									"uv": [
										12,
										24
									],
									"uv_size": [
										1,
										2
									]
								},
								"down": {
									"uv": [
										13,
										26
									],
									"uv_size": [
										1,
										-2
									]
								}
							},
							"inflate": 0
						},
						{
							"origin": [
								-6.49525,
								13.14977,
								-0.1819
							],
							"size": [
								1,
								2,
								2
							],
							"pivot": [
								-5.49525,
								13.39977,
								2.0681
							],
							"rotation": [
								-22.5,
								0,
								0
							],
							"uv": {
								"north": {
									"uv": [
										26,
										4
									],
									"uv_size": [
										1,
										2
									]
								},
								"east": {
									"uv": [
										24,
										4
									],
									"uv_size": [
										2,
										2
									]
								},
								"south": {
									"uv": [
										29,
										4
									],
									"uv_size": [
										1,
										2
									]
								},
								"west": {
									"uv": [
										27,
										4
									],
									"uv_size": [
										2,
										2
									]
								},
								"up": {
									"uv": [
										26,
										2
									],
									"uv_size": [
										1,
										2
									]
								},
								"down": {
									"uv": [
										27,
										4
									],
									"uv_size": [
										1,
										-2
									]
								}
							},
							"inflate": 0
						},
						{
							"origin": [
								-6.49525,
								7.14977,
								-6.1819
							],
							"size": [
								1,
								2,
								2
							],
							"pivot": [
								-5.49525,
								13.39977,
								2.0681
							],
							"rotation": [
								-22.5,
								0,
								0
							],
							"uv": {
								"north": {
									"uv": [
										24,
										23
									],
									"uv_size": [
										1,
										2
									]
								},
								"east": {
									"uv": [
										22,
										23
									],
									"uv_size": [
										2,
										2
									]
								},
								"south": {
									"uv": [
										27,
										23
									],
									"uv_size": [
										1,
										2
									]
								},
								"west": {
									"uv": [
										25,
										23
									],
									"uv_size": [
										2,
										2
									]
								},
								"up": {
									"uv": [
										24,
										21
									],
									"uv_size": [
										1,
										2
									]
								},
								"down": {
									"uv": [
										25,
										23
									],
									"uv_size": [
										1,
										-2
									]
								}
							},
							"inflate": 0
						},
						{
							"origin": [
								-6.49525,
								6.14977,
								-6.1819
							],
							"size": [
								1,
								1,
								1
							],
							"pivot": [
								-5.49525,
								13.39977,
								2.0681
							],
							"rotation": [
								-22.5,
								0,
								0
							],
							"uv": {
								"north": {
									"uv": [
										13,
										30
									],
									"uv_size": [
										1,
										1
									]
								},
								"east": {
									"uv": [
										12,
										30
									],
									"uv_size": [
										1,
										1
									]
								},
								"south": {
									"uv": [
										15,
										30
									],
									"uv_size": [
										1,
										1
									]
								},
								"west": {
									"uv": [
										14,
										30
									],
									"uv_size": [
										1,
										1
									]
								},
								"up": {
									"uv": [
										13,
										29
									],
									"uv_size": [
										1,
										1
									]
								},
								"down": {
									"uv": [
										14,
										30
									],
									"uv_size": [
										1,
										-1
									]
								}
							},
							"inflate": 0
						},
						{
							"origin": [
								-6.49525,
								0.14977,
								-12.1819
							],
							"size": [
								1,
								1,
								1
							],
							"pivot": [
								-5.49525,
								13.39977,
								2.0681
							],
							"rotation": [
								-22.5,
								0,
								0
							],
							"uv": {
								"north": {
									"uv": [
										30,
										10
									],
									"uv_size": [
										1,
										1
									]
								},
								"east": {
									"uv": [
										29,
										10
									],
									"uv_size": [
										1,
										1
									]
								},
								"south": {
									"uv": [
										32,
										10
									],
									"uv_size": [
										1,
										1
									]
								},
								"west": {
									"uv": [
										31,
										10
									],
									"uv_size": [
										1,
										1
									]
								},
								"up": {
									"uv": [
										30,
										9
									],
									"uv_size": [
										1,
										1
									]
								},
								"down": {
									"uv": [
										31,
										10
									],
									"uv_size": [
										1,
										-1
									]
								}
							},
							"inflate": 0
						},
						{
							"origin": [
								-6.49525,
								-1.85023,
								-14.1819
							],
							"size": [
								1,
								1,
								1
							],
							"pivot": [
								-5.49525,
								13.39977,
								2.0681
							],
							"rotation": [
								-22.5,
								0,
								0
							],
							"uv": {
								"north": {
									"uv": [
										1,
										30
									],
									"uv_size": [
										1,
										1
									]
								},
								"east": {
									"uv": [
										0,
										30
									],
									"uv_size": [
										1,
										1
									]
								},
								"south": {
									"uv": [
										3,
										30
									],
									"uv_size": [
										1,
										1
									]
								},
								"west": {
									"uv": [
										2,
										30
									],
									"uv_size": [
										1,
										1
									]
								},
								"up": {
									"uv": [
										1,
										29
									],
									"uv_size": [
										1,
										1
									]
								},
								"down": {
									"uv": [
										2,
										30
									],
									"uv_size": [
										1,
										-1
									]
								}
							},
							"inflate": 0
						},
						{
							"origin": [
								-6.49525,
								-3.85023,
								-16.1819
							],
							"size": [
								1,
								1,
								1
							],
							"pivot": [
								-5.49525,
								13.39977,
								2.0681
							],
							"rotation": [
								-22.5,
								0,
								0
							],
							"uv": {
								"north": {
									"uv": [
										27,
										29
									],
									"uv_size": [
										1,
										1
									]
								},
								"east": {
									"uv": [
										26,
										29
									],
									"uv_size": [
										1,
										1
									]
								},
								"south": {
									"uv": [
										29,
										29
									],
									"uv_size": [
										1,
										1
									]
								},
								"west": {
									"uv": [
										28,
										29
									],
									"uv_size": [
										1,
										1
									]
								},
								"up": {
									"uv": [
										27,
										28
									],
									"uv_size": [
										1,
										1
									]
								},
								"down": {
									"uv": [
										28,
										29
									],
									"uv_size": [
										1,
										-1
									]
								}
							},
							"inflate": 0
						},
						{
							"origin": [
								-6.49525,
								-5.85023,
								-18.1819
							],
							"size": [
								1,
								1,
								1
							],
							"pivot": [
								-5.49525,
								13.39977,
								2.0681
							],
							"rotation": [
								-22.5,
								0,
								0
							],
							"uv": {
								"north": {
									"uv": [
										29,
										26
									],
									"uv_size": [
										1,
										1
									]
								},
								"east": {
									"uv": [
										28,
										26
									],
									"uv_size": [
										1,
										1
									]
								},
								"south": {
									"uv": [
										31,
										26
									],
									"uv_size": [
										1,
										1
									]
								},
								"west": {
									"uv": [
										30,
										26
									],
									"uv_size": [
										1,
										1
									]
								},
								"up": {
									"uv": [
										29,
										25
									],
									"uv_size": [
										1,
										1
									]
								},
								"down": {
									"uv": [
										30,
										26
									],
									"uv_size": [
										1,
										-1
									]
								}
							},
							"inflate": 0
						},
						{
							"origin": [
								-6.49525,
								2.14977,
								-10.1819
							],
							"size": [
								1,
								1,
								1
							],
							"pivot": [
								-5.49525,
								13.39977,
								2.0681
							],
							"rotation": [
								-22.5,
								0,
								0
							],
							"uv": {
								"north": {
									"uv": [
										29,
										24
									],
									"uv_size": [
										1,
										1
									]
								},
								"east": {
									"uv": [
										28,
										24
									],
									"uv_size": [
										1,
										1
									]
								},
								"south": {
									"uv": [
										31,
										24
									],
									"uv_size": [
										1,
										1
									]
								},
								"west": {
									"uv": [
										30,
										24
									],
									"uv_size": [
										1,
										1
									]
								},
								"up": {
									"uv": [
										29,
										23
									],
									"uv_size": [
										1,
										1
									]
								},
								"down": {
									"uv": [
										30,
										24
									],
									"uv_size": [
										1,
										-1
									]
								}
							},
							"inflate": 0
						},
						{
							"origin": [
								-6.49525,
								4.14977,
								-8.1819
							],
							"size": [
								1,
								1,
								1
							],
							"pivot": [
								-5.49525,
								13.39977,
								2.0681
							],
							"rotation": [
								-22.5,
								0,
								0
							],
							"uv": {
								"north": {
									"uv": [
										23,
										29
									],
									"uv_size": [
										1,
										1
									]
								},
								"east": {
									"uv": [
										22,
										29
									],
									"uv_size": [
										1,
										1
									]
								},
								"south": {
									"uv": [
										25,
										29
									],
									"uv_size": [
										1,
										1
									]
								},
								"west": {
									"uv": [
										24,
										29
									],
									"uv_size": [
										1,
										1
									]
								},
								"up": {
									"uv": [
										23,
										28
									],
									"uv_size": [
										1,
										1
									]
								},
								"down": {
									"uv": [
										24,
										29
									],
									"uv_size": [
										1,
										-1
									]
								}
							},
							"inflate": 0
						},
						{
							"origin": [
								-6.49525,
								5.14977,
								-8.1819
							],
							"size": [
								1,
								2,
								2
							],
							"pivot": [
								-5.49525,
								13.39977,
								2.0681
							],
							"rotation": [
								-22.5,
								0,
								0
							],
							"uv": {
								"north": {
									"uv": [
										16,
										24
									],
									"uv_size": [
										1,
										2
									]
								},
								"east": {
									"uv": [
										14,
										24
									],
									"uv_size": [
										2,
										2
									]
								},
								"south": {
									"uv": [
										19,
										24
									],
									"uv_size": [
										1,
										2
									]
								},
								"west": {
									"uv": [
										17,
										24
									],
									"uv_size": [
										2,
										2
									]
								},
								"up": {
									"uv": [
										16,
										22
									],
									"uv_size": [
										1,
										2
									]
								},
								"down": {
									"uv": [
										17,
										24
									],
									"uv_size": [
										1,
										-2
									]
								}
							},
							"inflate": 0
						},
						{
							"origin": [
								-6.49525,
								1.14977,
								-12.1819
							],
							"size": [
								1,
								2,
								2
							],
							"pivot": [
								-5.49525,
								13.39977,
								2.0681
							],
							"rotation": [
								-22.5,
								0,
								0
							],
							"uv": {
								"north": {
									"uv": [
										24,
										12
									],
									"uv_size": [
										1,
										2
									]
								},
								"east": {
									"uv": [
										22,
										12
									],
									"uv_size": [
										2,
										2
									]
								},
								"south": {
									"uv": [
										27,
										12
									],
									"uv_size": [
										1,
										2
									]
								},
								"west": {
									"uv": [
										25,
										12
									],
									"uv_size": [
										2,
										2
									]
								},
								"up": {
									"uv": [
										24,
										10
									],
									"uv_size": [
										1,
										2
									]
								},
								"down": {
									"uv": [
										25,
										12
									],
									"uv_size": [
										1,
										-2
									]
								}
							},
							"inflate": 0
						},
						{
							"origin": [
								-6.49525,
								-0.85023,
								-14.1819
							],
							"size": [
								1,
								2,
								2
							],
							"pivot": [
								-5.49525,
								13.39977,
								2.0681
							],
							"rotation": [
								-22.5,
								0,
								0
							],
							"uv": {
								"north": {
									"uv": [
										8,
										24
									],
									"uv_size": [
										1,
										2
									]
								},
								"east": {
									"uv": [
										6,
										24
									],
									"uv_size": [
										2,
										2
									]
								},
								"south": {
									"uv": [
										11,
										24
									],
									"uv_size": [
										1,
										2
									]
								},
								"west": {
									"uv": [
										9,
										24
									],
									"uv_size": [
										2,
										2
									]
								},
								"up": {
									"uv": [
										8,
										22
									],
									"uv_size": [
										1,
										2
									]
								},
								"down": {
									"uv": [
										9,
										24
									],
									"uv_size": [
										1,
										-2
									]
								}
							},
							"inflate": 0
						},
						{
							"origin": [
								-6.49525,
								-2.85023,
								-16.1819
							],
							"size": [
								1,
								2,
								2
							],
							"pivot": [
								-5.49525,
								13.39977,
								2.0681
							],
							"rotation": [
								-22.5,
								0,
								0
							],
							"uv": {
								"north": {
									"uv": [
										23,
										16
									],
									"uv_size": [
										1,
										2
									]
								},
								"east": {
									"uv": [
										21,
										16
									],
									"uv_size": [
										2,
										2
									]
								},
								"south": {
									"uv": [
										26,
										16
									],
									"uv_size": [
										1,
										2
									]
								},
								"west": {
									"uv": [
										24,
										16
									],
									"uv_size": [
										2,
										2
									]
								},
								"up": {
									"uv": [
										23,
										14
									],
									"uv_size": [
										1,
										2
									]
								},
								"down": {
									"uv": [
										24,
										16
									],
									"uv_size": [
										1,
										-2
									]
								}
							},
							"inflate": 0
						},
						{
							"origin": [
								-6.49525,
								-4.85023,
								-18.1819
							],
							"size": [
								1,
								2,
								2
							],
							"pivot": [
								-5.49525,
								13.39977,
								2.0681
							],
							"rotation": [
								-22.5,
								0,
								0
							],
							"uv": {
								"north": {
									"uv": [
										2,
										23
									],
									"uv_size": [
										1,
										2
									]
								},
								"east": {
									"uv": [
										0,
										23
									],
									"uv_size": [
										2,
										2
									]
								},
								"south": {
									"uv": [
										5,
										23
									],
									"uv_size": [
										1,
										2
									]
								},
								"west": {
									"uv": [
										3,
										23
									],
									"uv_size": [
										2,
										2
									]
								},
								"up": {
									"uv": [
										2,
										21
									],
									"uv_size": [
										1,
										2
									]
								},
								"down": {
									"uv": [
										3,
										23
									],
									"uv_size": [
										1,
										-2
									]
								}
							},
							"inflate": 0
						},
						{
							"origin": [
								-6.49525,
								-6.85023,
								-20.1819
							],
							"size": [
								1,
								2,
								2
							],
							"pivot": [
								-5.49525,
								13.39977,
								2.0681
							],
							"rotation": [
								-22.5,
								0,
								0
							],
							"uv": {
								"north": {
									"uv": [
										12,
										22
									],
									"uv_size": [
										1,
										2
									]
								},
								"east": {
									"uv": [
										10,
										22
									],
									"uv_size": [
										2,
										2
									]
								},
								"south": {
									"uv": [
										15,
										22
									],
									"uv_size": [
										1,
										2
									]
								},
								"west": {
									"uv": [
										13,
										22
									],
									"uv_size": [
										2,
										2
									]
								},
								"up": {
									"uv": [
										12,
										20
									],
									"uv_size": [
										1,
										2
									]
								},
								"down": {
									"uv": [
										13,
										22
									],
									"uv_size": [
										1,
										-2
									]
								}
							},
							"inflate": 0
						},
						{
							"origin": [
								-6.49525,
								21.14977,
								7.8181
							],
							"size": [
								1,
								2,
								2
							],
							"pivot": [
								-5.49525,
								13.39977,
								2.0681
							],
							"rotation": [
								-22.5,
								0,
								0
							],
							"uv": {
								"north": {
									"uv": [
										22,
										7
									],
									"uv_size": [
										1,
										2
									]
								},
								"east": {
									"uv": [
										20,
										7
									],
									"uv_size": [
										2,
										2
									]
								},
								"south": {
									"uv": [
										25,
										7
									],
									"uv_size": [
										1,
										2
									]
								},
								"west": {
									"uv": [
										23,
										7
									],
									"uv_size": [
										2,
										2
									]
								},
								"up": {
									"uv": [
										22,
										5
									],
									"uv_size": [
										1,
										2
									]
								},
								"down": {
									"uv": [
										23,
										7
									],
									"uv_size": [
										1,
										-2
									]
								}
							},
							"inflate": 0
						},
						{
							"origin": [
								-6.49525,
								23.14977,
								9.8181
							],
							"size": [
								1,
								2,
								2
							],
							"pivot": [
								-5.49525,
								13.39977,
								2.0681
							],
							"rotation": [
								-22.5,
								0,
								0
							],
							"uv": {
								"north": {
									"uv": [
										22,
										2
									],
									"uv_size": [
										1,
										2
									]
								},
								"east": {
									"uv": [
										20,
										2
									],
									"uv_size": [
										2,
										2
									]
								},
								"south": {
									"uv": [
										25,
										2
									],
									"uv_size": [
										1,
										2
									]
								},
								"west": {
									"uv": [
										23,
										2
									],
									"uv_size": [
										2,
										2
									]
								},
								"up": {
									"uv": [
										22,
										0
									],
									"uv_size": [
										1,
										2
									]
								},
								"down": {
									"uv": [
										23,
										2
									],
									"uv_size": [
										1,
										-2
									]
								}
							},
							"inflate": 0
						},
						{
							"origin": [
								-6.49525,
								25.14977,
								11.8181
							],
							"size": [
								1,
								2,
								2
							],
							"pivot": [
								-5.49525,
								13.39977,
								2.0681
							],
							"rotation": [
								-22.5,
								0,
								0
							],
							"uv": {
								"north": {
									"uv": [
										20,
										21
									],
									"uv_size": [
										1,
										2
									]
								},
								"east": {
									"uv": [
										18,
										21
									],
									"uv_size": [
										2,
										2
									]
								},
								"south": {
									"uv": [
										23,
										21
									],
									"uv_size": [
										1,
										2
									]
								},
								"west": {
									"uv": [
										21,
										21
									],
									"uv_size": [
										2,
										2
									]
								},
								"up": {
									"uv": [
										20,
										19
									],
									"uv_size": [
										1,
										2
									]
								},
								"down": {
									"uv": [
										21,
										21
									],
									"uv_size": [
										1,
										-2
									]
								}
							},
							"inflate": 0
						},
						{
							"origin": [
								-6.49525,
								27.14977,
								13.8181
							],
							"size": [
								1,
								2,
								2
							],
							"pivot": [
								-5.49525,
								13.39977,
								2.0681
							],
							"rotation": [
								-22.5,
								0,
								0
							],
							"uv": {
								"north": {
									"uv": [
										8,
										20
									],
									"uv_size": [
										1,
										2
									]
								},
								"east": {
									"uv": [
										6,
										20
									],
									"uv_size": [
										2,
										2
									]
								},
								"south": {
									"uv": [
										11,
										20
									],
									"uv_size": [
										1,
										2
									]
								},
								"west": {
									"uv": [
										9,
										20
									],
									"uv_size": [
										2,
										2
									]
								},
								"up": {
									"uv": [
										8,
										18
									],
									"uv_size": [
										1,
										2
									]
								},
								"down": {
									"uv": [
										9,
										20
									],
									"uv_size": [
										1,
										-2
									]
								}
							},
							"inflate": 0
						},
						{
							"origin": [
								-6.49525,
								11.14977,
								-2.1819
							],
							"size": [
								1,
								2,
								2
							],
							"pivot": [
								-5.49525,
								13.39977,
								2.0681
							],
							"rotation": [
								-22.5,
								0,
								0
							],
							"uv": {
								"north": {
									"uv": [
										16,
										19
									],
									"uv_size": [
										1,
										2
									]
								},
								"east": {
									"uv": [
										14,
										19
									],
									"uv_size": [
										2,
										2
									]
								},
								"south": {
									"uv": [
										19,
										19
									],
									"uv_size": [
										1,
										2
									]
								},
								"west": {
									"uv": [
										17,
										19
									],
									"uv_size": [
										2,
										2
									]
								},
								"up": {
									"uv": [
										16,
										17
									],
									"uv_size": [
										1,
										2
									]
								},
								"down": {
									"uv": [
										17,
										19
									],
									"uv_size": [
										1,
										-2
									]
								}
							},
							"inflate": 0
						},
						{
							"origin": [
								-6.49525,
								3.14977,
								-10.1819
							],
							"size": [
								1,
								2,
								2
							],
							"pivot": [
								-5.49525,
								13.39977,
								2.0681
							],
							"rotation": [
								-22.5,
								0,
								0
							],
							"uv": {
								"north": {
									"uv": [
										19,
										14
									],
									"uv_size": [
										1,
										2
									]
								},
								"east": {
									"uv": [
										17,
										14
									],
									"uv_size": [
										2,
										2
									]
								},
								"south": {
									"uv": [
										22,
										14
									],
									"uv_size": [
										1,
										2
									]
								},
								"west": {
									"uv": [
										20,
										14
									],
									"uv_size": [
										2,
										2
									]
								},
								"up": {
									"uv": [
										19,
										12
									],
									"uv_size": [
										1,
										2
									]
								},
								"down": {
									"uv": [
										20,
										14
									],
									"uv_size": [
										1,
										-2
									]
								}
							},
							"inflate": 0
						},
						{
							"origin": [
								-6.49525,
								9.14977,
								-4.1819
							],
							"size": [
								1,
								2,
								2
							],
							"pivot": [
								-5.49525,
								13.39977,
								2.0681
							],
							"rotation": [
								-22.5,
								0,
								0
							],
							"uv": {
								"north": {
									"uv": [
										2,
										19
									],
									"uv_size": [
										1,
										2
									]
								},
								"east": {
									"uv": [
										0,
										19
									],
									"uv_size": [
										2,
										2
									]
								},
								"south": {
									"uv": [
										5,
										19
									],
									"uv_size": [
										1,
										2
									]
								},
								"west": {
									"uv": [
										3,
										19
									],
									"uv_size": [
										2,
										2
									]
								},
								"up": {
									"uv": [
										2,
										17
									],
									"uv_size": [
										1,
										2
									]
								},
								"down": {
									"uv": [
										3,
										19
									],
									"uv_size": [
										1,
										-2
									]
								}
							},
							"inflate": 0
						},
						{
							"origin": [
								-6.49525,
								19.14977,
								4.8181
							],
							"size": [
								1,
								1,
								1
							],
							"pivot": [
								-5.49525,
								13.39977,
								2.0681
							],
							"rotation": [
								-22.5,
								0,
								0
							],
							"uv": {
								"north": {
									"uv": [
										29,
										20
									],
									"uv_size": [
										1,
										1
									]
								},
								"east": {
									"uv": [
										28,
										20
									],
									"uv_size": [
										1,
										1
									]
								},
								"south": {
									"uv": [
										31,
										20
									],
									"uv_size": [
										1,
										1
									]
								},
								"west": {
									"uv": [
										30,
										20
									],
									"uv_size": [
										1,
										1
									]
								},
								"up": {
									"uv": [
										29,
										19
									],
									"uv_size": [
										1,
										1
									]
								},
								"down": {
									"uv": [
										30,
										20
									],
									"uv_size": [
										1,
										-1
									]
								}
							},
							"inflate": 0
						},
						{
							"origin": [
								-6.49525,
								15.14977,
								0.8181
							],
							"size": [
								1,
								1,
								1
							],
							"pivot": [
								-5.49525,
								13.39977,
								2.0681
							],
							"rotation": [
								-22.5,
								0,
								0
							],
							"uv": {
								"north": {
									"uv": [
										19,
										29
									],
									"uv_size": [
										1,
										1
									]
								},
								"east": {
									"uv": [
										18,
										29
									],
									"uv_size": [
										1,
										1
									]
								},
								"south": {
									"uv": [
										21,
										29
									],
									"uv_size": [
										1,
										1
									]
								},
								"west": {
									"uv": [
										20,
										29
									],
									"uv_size": [
										1,
										1
									]
								},
								"up": {
									"uv": [
										19,
										28
									],
									"uv_size": [
										1,
										1
									]
								},
								"down": {
									"uv": [
										20,
										29
									],
									"uv_size": [
										1,
										-1
									]
								}
							},
							"inflate": 0
						},
						{
							"origin": [
								-6.49525,
								13.14977,
								-1.1819
							],
							"size": [
								1,
								1,
								1
							],
							"pivot": [
								-5.49525,
								13.39977,
								2.0681
							],
							"rotation": [
								-22.5,
								0,
								0
							],
							"uv": {
								"north": {
									"uv": [
										29,
										16
									],
									"uv_size": [
										1,
										1
									]
								},
								"east": {
									"uv": [
										28,
										16
									],
									"uv_size": [
										1,
										1
									]
								},
								"south": {
									"uv": [
										31,
										16
									],
									"uv_size": [
										1,
										1
									]
								},
								"west": {
									"uv": [
										30,
										16
									],
									"uv_size": [
										1,
										1
									]
								},
								"up": {
									"uv": [
										29,
										15
									],
									"uv_size": [
										1,
										1
									]
								},
								"down": {
									"uv": [
										30,
										16
									],
									"uv_size": [
										1,
										-1
									]
								}
							},
							"inflate": 0
						},
						{
							"origin": [
								-6.49525,
								11.14977,
								-3.1819
							],
							"size": [
								1,
								1,
								1
							],
							"pivot": [
								-5.49525,
								13.39977,
								2.0681
							],
							"rotation": [
								-22.5,
								0,
								0
							],
							"uv": {
								"north": {
									"uv": [
										29,
										13
									],
									"uv_size": [
										1,
										1
									]
								},
								"east": {
									"uv": [
										28,
										13
									],
									"uv_size": [
										1,
										1
									]
								},
								"south": {
									"uv": [
										31,
										13
									],
									"uv_size": [
										1,
										1
									]
								},
								"west": {
									"uv": [
										30,
										13
									],
									"uv_size": [
										1,
										1
									]
								},
								"up": {
									"uv": [
										29,
										12
									],
									"uv_size": [
										1,
										1
									]
								},
								"down": {
									"uv": [
										30,
										13
									],
									"uv_size": [
										1,
										-1
									]
								}
							},
							"inflate": 0
						},
						{
							"origin": [
								-6.49525,
								9.14977,
								-5.1819
							],
							"size": [
								1,
								1,
								1
							],
							"pivot": [
								-5.49525,
								13.39977,
								2.0681
							],
							"rotation": [
								-22.5,
								0,
								0
							],
							"uv": {
								"north": {
									"uv": [
										10,
										29
									],
									"uv_size": [
										1,
										1
									]
								},
								"east": {
									"uv": [
										9,
										29
									],
									"uv_size": [
										1,
										1
									]
								},
								"south": {
									"uv": [
										12,
										29
									],
									"uv_size": [
										1,
										1
									]
								},
								"west": {
									"uv": [
										11,
										29
									],
									"uv_size": [
										1,
										1
									]
								},
								"up": {
									"uv": [
										10,
										28
									],
									"uv_size": [
										1,
										1
									]
								},
								"down": {
									"uv": [
										11,
										29
									],
									"uv_size": [
										1,
										-1
									]
								}
							},
							"inflate": 0
						},
						{
							"origin": [
								-6.49525,
								7.14977,
								-7.1819
							],
							"size": [
								1,
								1,
								1
							],
							"pivot": [
								-5.49525,
								13.39977,
								2.0681
							],
							"rotation": [
								-22.5,
								0,
								0
							],
							"uv": {
								"north": {
									"uv": [
										29,
										7
									],
									"uv_size": [
										1,
										1
									]
								},
								"east": {
									"uv": [
										28,
										7
									],
									"uv_size": [
										1,
										1
									]
								},
								"south": {
									"uv": [
										31,
										7
									],
									"uv_size": [
										1,
										1
									]
								},
								"west": {
									"uv": [
										30,
										7
									],
									"uv_size": [
										1,
										1
									]
								},
								"up": {
									"uv": [
										29,
										6
									],
									"uv_size": [
										1,
										1
									]
								},
								"down": {
									"uv": [
										30,
										7
									],
									"uv_size": [
										1,
										-1
									]
								}
							},
							"inflate": 0
						},
						{
							"origin": [
								-6.49525,
								5.14977,
								-9.1819
							],
							"size": [
								1,
								1,
								1
							],
							"pivot": [
								-5.49525,
								13.39977,
								2.0681
							],
							"rotation": [
								-22.5,
								0,
								0
							],
							"uv": {
								"north": {
									"uv": [
										6,
										29
									],
									"uv_size": [
										1,
										1
									]
								},
								"east": {
									"uv": [
										5,
										29
									],
									"uv_size": [
										1,
										1
									]
								},
								"south": {
									"uv": [
										8,
										29
									],
									"uv_size": [
										1,
										1
									]
								},
								"west": {
									"uv": [
										7,
										29
									],
									"uv_size": [
										1,
										1
									]
								},
								"up": {
									"uv": [
										6,
										28
									],
									"uv_size": [
										1,
										1
									]
								},
								"down": {
									"uv": [
										7,
										29
									],
									"uv_size": [
										1,
										-1
									]
								}
							},
							"inflate": 0
						},
						{
							"origin": [
								-6.49525,
								3.14977,
								-11.1819
							],
							"size": [
								1,
								1,
								1
							],
							"pivot": [
								-5.49525,
								13.39977,
								2.0681
							],
							"rotation": [
								-22.5,
								0,
								0
							],
							"uv": {
								"north": {
									"uv": [
										29,
										3
									],
									"uv_size": [
										1,
										1
									]
								},
								"east": {
									"uv": [
										28,
										3
									],
									"uv_size": [
										1,
										1
									]
								},
								"south": {
									"uv": [
										31,
										3
									],
									"uv_size": [
										1,
										1
									]
								},
								"west": {
									"uv": [
										30,
										3
									],
									"uv_size": [
										1,
										1
									]
								},
								"up": {
									"uv": [
										29,
										2
									],
									"uv_size": [
										1,
										1
									]
								},
								"down": {
									"uv": [
										30,
										3
									],
									"uv_size": [
										1,
										-1
									]
								}
							},
							"inflate": 0
						},
						{
							"origin": [
								-6.49525,
								1.14977,
								-13.1819
							],
							"size": [
								1,
								1,
								1
							],
							"pivot": [
								-5.49525,
								13.39977,
								2.0681
							],
							"rotation": [
								-22.5,
								0,
								0
							],
							"uv": {
								"north": {
									"uv": [
										29,
										1
									],
									"uv_size": [
										1,
										1
									]
								},
								"east": {
									"uv": [
										28,
										1
									],
									"uv_size": [
										1,
										1
									]
								},
								"south": {
									"uv": [
										31,
										1
									],
									"uv_size": [
										1,
										1
									]
								},
								"west": {
									"uv": [
										30,
										1
									],
									"uv_size": [
										1,
										1
									]
								},
								"up": {
									"uv": [
										29,
										0
									],
									"uv_size": [
										1,
										1
									]
								},
								"down": {
									"uv": [
										30,
										1
									],
									"uv_size": [
										1,
										-1
									]
								}
							},
							"inflate": 0
						},
						{
							"origin": [
								-6.49525,
								-2.85023,
								-17.1819
							],
							"size": [
								1,
								1,
								1
							],
							"pivot": [
								-5.49525,
								13.39977,
								2.0681
							],
							"rotation": [
								-22.5,
								0,
								0
							],
							"uv": {
								"north": {
									"uv": [
										16,
										28
									],
									"uv_size": [
										1,
										1
									]
								},
								"east": {
									"uv": [
										15,
										28
									],
									"uv_size": [
										1,
										1
									]
								},
								"south": {
									"uv": [
										18,
										28
									],
									"uv_size": [
										1,
										1
									]
								},
								"west": {
									"uv": [
										17,
										28
									],
									"uv_size": [
										1,
										1
									]
								},
								"up": {
									"uv": [
										16,
										27
									],
									"uv_size": [
										1,
										1
									]
								},
								"down": {
									"uv": [
										17,
										28
									],
									"uv_size": [
										1,
										-1
									]
								}
							},
							"inflate": 0
						},
						{
							"origin": [
								-6.49525,
								-7.85023,
								-19.1819
							],
							"size": [
								1,
								1,
								5
							],
							"pivot": [
								-5.49525,
								13.39977,
								2.0681
							],
							"rotation": [
								-22.5,
								0,
								0
							],
							"uv": {
								"north": {
									"uv": [
										12,
										12
									],
									"uv_size": [
										1,
										1
									]
								},
								"east": {
									"uv": [
										7,
										12
									],
									"uv_size": [
										5,
										1
									]
								},
								"south": {
									"uv": [
										18,
										12
									],
									"uv_size": [
										1,
										1
									]
								},
								"west": {
									"uv": [
										13,
										12
									],
									"uv_size": [
										5,
										1
									]
								},
								"up": {
									"uv": [
										12,
										7
									],
									"uv_size": [
										1,
										5
									]
								},
								"down": {
									"uv": [
										13,
										12
									],
									"uv_size": [
										1,
										-5
									]
								}
							},
							"inflate": 0
						},
						{
							"origin": [
								-6.49525,
								-6.85023,
								-18.1819
							],
							"size": [
								1,
								1,
								4
							],
							"pivot": [
								-5.49525,
								13.39977,
								2.0681
							],
							"rotation": [
								-22.5,
								0,
								0
							],
							"uv": {
								"north": {
									"uv": [
										18,
										11
									],
									"uv_size": [
										1,
										1
									]
								},
								"east": {
									"uv": [
										14,
										11
									],
									"uv_size": [
										4,
										1
									]
								},
								"south": {
									"uv": [
										23,
										11
									],
									"uv_size": [
										1,
										1
									]
								},
								"west": {
									"uv": [
										19,
										11
									],
									"uv_size": [
										4,
										1
									]
								},
								"up": {
									"uv": [
										18,
										7
									],
									"uv_size": [
										1,
										4
									]
								},
								"down": {
									"uv": [
										19,
										11
									],
									"uv_size": [
										1,
										-4
									]
								}
							},
							"inflate": 0
						},
						{
							"origin": [
								-6.49525,
								-5.85023,
								-17.1819
							],
							"size": [
								1,
								1,
								4
							],
							"pivot": [
								-5.49525,
								13.39977,
								2.0681
							],
							"rotation": [
								-22.5,
								0,
								0
							],
							"uv": {
								"north": {
									"uv": [
										18,
										4
									],
									"uv_size": [
										1,
										1
									]
								},
								"east": {
									"uv": [
										14,
										4
									],
									"uv_size": [
										4,
										1
									]
								},
								"south": {
									"uv": [
										23,
										4
									],
									"uv_size": [
										1,
										1
									]
								},
								"west": {
									"uv": [
										19,
										4
									],
									"uv_size": [
										4,
										1
									]
								},
								"up": {
									"uv": [
										18,
										0
									],
									"uv_size": [
										1,
										4
									]
								},
								"down": {
									"uv": [
										19,
										4
									],
									"uv_size": [
										1,
										-4
									]
								}
							},
							"inflate": 0
						},
						{
							"origin": [
								-6.49525,
								-4.85023,
								-16.1819
							],
							"size": [
								1,
								1,
								3
							],
							"pivot": [
								-5.49525,
								13.39977,
								2.0681
							],
							"rotation": [
								-22.5,
								0,
								0
							],
							"uv": {
								"north": {
									"uv": [
										15,
										16
									],
									"uv_size": [
										1,
										1
									]
								},
								"east": {
									"uv": [
										12,
										16
									],
									"uv_size": [
										3,
										1
									]
								},
								"south": {
									"uv": [
										19,
										16
									],
									"uv_size": [
										1,
										1
									]
								},
								"west": {
									"uv": [
										16,
										16
									],
									"uv_size": [
										3,
										1
									]
								},
								"up": {
									"uv": [
										15,
										13
									],
									"uv_size": [
										1,
										3
									]
								},
								"down": {
									"uv": [
										16,
										16
									],
									"uv_size": [
										1,
										-3
									]
								}
							},
							"inflate": 0
						},
						{
							"origin": [
								-6.49525,
								-3.85023,
								-15.1819
							],
							"size": [
								1,
								1,
								2
							],
							"pivot": [
								-5.49525,
								13.39977,
								2.0681
							],
							"rotation": [
								-22.5,
								0,
								0
							],
							"uv": {
								"north": {
									"uv": [
										26,
										27
									],
									"uv_size": [
										1,
										1
									]
								},
								"east": {
									"uv": [
										24,
										27
									],
									"uv_size": [
										2,
										1
									]
								},
								"south": {
									"uv": [
										29,
										27
									],
									"uv_size": [
										1,
										1
									]
								},
								"west": {
									"uv": [
										27,
										27
									],
									"uv_size": [
										2,
										1
									]
								},
								"up": {
									"uv": [
										26,
										25
									],
									"uv_size": [
										1,
										2
									]
								},
								"down": {
									"uv": [
										27,
										27
									],
									"uv_size": [
										1,
										-2
									]
								}
							},
							"inflate": 0
						},
						{
							"origin": [
								-6.49525,
								-2.85023,
								-14.1819
							],
							"size": [
								1,
								1,
								2
							],
							"pivot": [
								-5.49525,
								13.39977,
								2.0681
							],
							"rotation": [
								-22.5,
								0,
								0
							],
							"uv": {
								"north": {
									"uv": [
										26,
										9
									],
									"uv_size": [
										1,
										1
									]
								},
								"east": {
									"uv": [
										24,
										9
									],
									"uv_size": [
										2,
										1
									]
								},
								"south": {
									"uv": [
										29,
										9
									],
									"uv_size": [
										1,
										1
									]
								},
								"west": {
									"uv": [
										27,
										9
									],
									"uv_size": [
										2,
										1
									]
								},
								"up": {
									"uv": [
										26,
										7
									],
									"uv_size": [
										1,
										2
									]
								},
								"down": {
									"uv": [
										27,
										9
									],
									"uv_size": [
										1,
										-2
									]
								}
							},
							"inflate": 0
						},
						{
							"origin": [
								-6.49525,
								-5.85023,
								-13.1819
							],
							"size": [
								1,
								3,
								1
							],
							"pivot": [
								-5.49525,
								13.39977,
								2.0681
							],
							"rotation": [
								-22.5,
								0,
								0
							],
							"uv": {
								"north": {
									"uv": [
										1,
										1
									],
									"uv_size": [
										1,
										3
									]
								},
								"east": {
									"uv": [
										0,
										1
									],
									"uv_size": [
										1,
										3
									]
								},
								"south": {
									"uv": [
										3,
										1
									],
									"uv_size": [
										1,
										3
									]
								},
								"west": {
									"uv": [
										2,
										1
									],
									"uv_size": [
										1,
										3
									]
								},
								"up": {
									"uv": [
										1,
										0
									],
									"uv_size": [
										1,
										1
									]
								},
								"down": {
									"uv": [
										2,
										1
									],
									"uv_size": [
										1,
										-1
									]
								}
							},
							"inflate": 0
						},
						{
							"origin": [
								-6.49525,
								-7.85023,
								-14.1819
							],
							"size": [
								1,
								2,
								1
							],
							"pivot": [
								-5.49525,
								13.39977,
								2.0681
							],
							"rotation": [
								-22.5,
								0,
								0
							],
							"uv": {
								"north": {
									"uv": [
										1,
										7
									],
									"uv_size": [
										1,
										2
									]
								},
								"east": {
									"uv": [
										0,
										7
									],
									"uv_size": [
										1,
										2
									]
								},
								"south": {
									"uv": [
										3,
										7
									],
									"uv_size": [
										1,
										2
									]
								},
								"west": {
									"uv": [
										2,
										7
									],
									"uv_size": [
										1,
										2
									]
								},
								"up": {
									"uv": [
										1,
										6
									],
									"uv_size": [
										1,
										1
									]
								},
								"down": {
									"uv": [
										2,
										7
									],
									"uv_size": [
										1,
										-1
									]
								}
							},
							"inflate": 0
						},
						{
							"origin": [
								-6.49525,
								-8.85023,
								-15.1819
							],
							"size": [
								1,
								1,
								1
							],
							"pivot": [
								-5.49525,
								13.39977,
								2.0681
							],
							"rotation": [
								-22.5,
								0,
								0
							],
							"uv": {
								"north": {
									"uv": [
										8,
										8
									],
									"uv_size": [
										1,
										1
									]
								},
								"east": {
									"uv": [
										7,
										8
									],
									"uv_size": [
										1,
										1
									]
								},
								"south": {
									"uv": [
										10,
										8
									],
									"uv_size": [
										1,
										1
									]
								},
								"west": {
									"uv": [
										9,
										8
									],
									"uv_size": [
										1,
										1
									]
								},
								"up": {
									"uv": [
										8,
										7
									],
									"uv_size": [
										1,
										1
									]
								},
								"down": {
									"uv": [
										9,
										8
									],
									"uv_size": [
										1,
										-1
									]
								}
							},
							"inflate": 0
						},
						{
							"origin": [
								-6.49525,
								-9.85023,
								-16.1819
							],
							"size": [
								1,
								1,
								1
							],
							"pivot": [
								-5.49525,
								13.39977,
								2.0681
							],
							"rotation": [
								-22.5,
								0,
								0
							],
							"uv": {
								"north": {
									"uv": [
										8,
										3
									],
									"uv_size": [
										1,
										1
									]
								},
								"east": {
									"uv": [
										7,
										3
									],
									"uv_size": [
										1,
										1
									]
								},
								"south": {
									"uv": [
										10,
										3
									],
									"uv_size": [
										1,
										1
									]
								},
								"west": {
									"uv": [
										9,
										3
									],
									"uv_size": [
										1,
										1
									]
								},
								"up": {
									"uv": [
										8,
										2
									],
									"uv_size": [
										1,
										1
									]
								},
								"down": {
									"uv": [
										9,
										3
									],
									"uv_size": [
										1,
										-1
									]
								}
							},
							"inflate": 0
						},
						{
							"origin": [
								-6.49525,
								-10.85023,
								-17.1819
							],
							"size": [
								1,
								1,
								1
							],
							"pivot": [
								-5.49525,
								13.39977,
								2.0681
							],
							"rotation": [
								-22.5,
								0,
								0
							],
							"uv": {
								"north": {
									"uv": [
										8,
										1
									],
									"uv_size": [
										1,
										1
									]
								},
								"east": {
									"uv": [
										7,
										1
									],
									"uv_size": [
										1,
										1
									]
								},
								"south": {
									"uv": [
										10,
										1
									],
									"uv_size": [
										1,
										1
									]
								},
								"west": {
									"uv": [
										9,
										1
									],
									"uv_size": [
										1,
										1
									]
								},
								"up": {
									"uv": [
										8,
										0
									],
									"uv_size": [
										1,
										1
									]
								},
								"down": {
									"uv": [
										9,
										1
									],
									"uv_size": [
										1,
										-1
									]
								}
							},
							"inflate": 0
						},
						{
							"origin": [
								-6.49525,
								-11.85023,
								-19.1819
							],
							"size": [
								1,
								1,
								2
							],
							"pivot": [
								-5.49525,
								13.39977,
								2.0681
							],
							"rotation": [
								-22.5,
								0,
								0
							],
							"uv": {
								"north": {
									"uv": [
										24,
										20
									],
									"uv_size": [
										1,
										1
									]
								},
								"east": {
									"uv": [
										22,
										20
									],
									"uv_size": [
										2,
										1
									]
								},
								"south": {
									"uv": [
										27,
										20
									],
									"uv_size": [
										1,
										1
									]
								},
								"west": {
									"uv": [
										25,
										20
									],
									"uv_size": [
										2,
										1
									]
								},
								"up": {
									"uv": [
										24,
										18
									],
									"uv_size": [
										1,
										2
									]
								},
								"down": {
									"uv": [
										25,
										20
									],
									"uv_size": [
										1,
										-2
									]
								}
							},
							"inflate": 0
						},
						{
							"origin": [
								-6.49525,
								-12.85023,
								-23.1819
							],
							"size": [
								1,
								1,
								4
							],
							"pivot": [
								-5.49525,
								13.39977,
								2.0681
							],
							"rotation": [
								-22.5,
								0,
								0
							],
							"uv": {
								"north": {
									"uv": [
										10,
										17
									],
									"uv_size": [
										1,
										1
									]
								},
								"east": {
									"uv": [
										6,
										17
									],
									"uv_size": [
										4,
										1
									]
								},
								"south": {
									"uv": [
										15,
										17
									],
									"uv_size": [
										1,
										1
									]
								},
								"west": {
									"uv": [
										11,
										17
									],
									"uv_size": [
										4,
										1
									]
								},
								"up": {
									"uv": [
										10,
										13
									],
									"uv_size": [
										1,
										4
									]
								},
								"down": {
									"uv": [
										11,
										17
									],
									"uv_size": [
										1,
										-4
									]
								}
							},
							"inflate": 0
						},
						{
							"origin": [
								-6.49525,
								-11.85023,
								-23.1819
							],
							"size": [
								1,
								1,
								4
							],
							"pivot": [
								-5.49525,
								13.39977,
								2.0681
							],
							"rotation": [
								-22.5,
								0,
								0
							],
							"uv": {
								"north": {
									"uv": [
										4,
										16
									],
									"uv_size": [
										1,
										1
									]
								},
								"east": {
									"uv": [
										0,
										16
									],
									"uv_size": [
										4,
										1
									]
								},
								"south": {
									"uv": [
										9,
										16
									],
									"uv_size": [
										1,
										1
									]
								},
								"west": {
									"uv": [
										5,
										16
									],
									"uv_size": [
										4,
										1
									]
								},
								"up": {
									"uv": [
										4,
										12
									],
									"uv_size": [
										1,
										4
									]
								},
								"down": {
									"uv": [
										5,
										16
									],
									"uv_size": [
										1,
										-4
									]
								}
							},
							"inflate": 0
						},
						{
							"origin": [
								-6.49525,
								-10.85023,
								-22.1819
							],
							"size": [
								1,
								1,
								5
							],
							"pivot": [
								-5.49525,
								13.39977,
								2.0681
							],
							"rotation": [
								-22.5,
								0,
								0
							],
							"uv": {
								"north": {
									"uv": [
										12,
										6
									],
									"uv_size": [
										1,
										1
									]
								},
								"east": {
									"uv": [
										7,
										6
									],
									"uv_size": [
										5,
										1
									]
								},
								"south": {
									"uv": [
										18,
										6
									],
									"uv_size": [
										1,
										1
									]
								},
								"west": {
									"uv": [
										13,
										6
									],
									"uv_size": [
										5,
										1
									]
								},
								"up": {
									"uv": [
										12,
										1
									],
									"uv_size": [
										1,
										5
									]
								},
								"down": {
									"uv": [
										13,
										6
									],
									"uv_size": [
										1,
										-5
									]
								}
							},
							"inflate": 0
						},
						{
							"origin": [
								-6.49525,
								-9.85023,
								-21.1819
							],
							"size": [
								1,
								1,
								5
							],
							"pivot": [
								-5.49525,
								13.39977,
								2.0681
							],
							"rotation": [
								-22.5,
								0,
								0
							],
							"uv": {
								"north": {
									"uv": [
										5,
										11
									],
									"uv_size": [
										1,
										1
									]
								},
								"east": {
									"uv": [
										0,
										11
									],
									"uv_size": [
										5,
										1
									]
								},
								"south": {
									"uv": [
										11,
										11
									],
									"uv_size": [
										1,
										1
									]
								},
								"west": {
									"uv": [
										6,
										11
									],
									"uv_size": [
										5,
										1
									]
								},
								"up": {
									"uv": [
										5,
										6
									],
									"uv_size": [
										1,
										5
									]
								},
								"down": {
									"uv": [
										6,
										11
									],
									"uv_size": [
										1,
										-5
									]
								}
							},
							"inflate": 0
						},
						{
							"origin": [
								-6.49525,
								-8.85023,
								-20.1819
							],
							"size": [
								1,
								1,
								5
							],
							"pivot": [
								-5.49525,
								13.39977,
								2.0681
							],
							"rotation": [
								-22.5,
								0,
								0
							],
							"uv": {
								"north": {
									"uv": [
										5,
										5
									],
									"uv_size": [
										1,
										1
									]
								},
								"east": {
									"uv": [
										0,
										5
									],
									"uv_size": [
										5,
										1
									]
								},
								"south": {
									"uv": [
										11,
										5
									],
									"uv_size": [
										1,
										1
									]
								},
								"west": {
									"uv": [
										6,
										5
									],
									"uv_size": [
										5,
										1
									]
								},
								"up": {
									"uv": [
										5,
										0
									],
									"uv_size": [
										1,
										5
									]
								},
								"down": {
									"uv": [
										6,
										5
									],
									"uv_size": [
										1,
										-5
									]
								}
							},
							"inflate": 0
						},
						{
							"origin": [
								-6.49525,
								-4.85023,
								-19.1819
							],
							"size": [
								1,
								1,
								1
							],
							"pivot": [
								-5.49525,
								13.39977,
								2.0681
							],
							"rotation": [
								-22.5,
								0,
								0
							],
							"uv": {
								"north": {
									"uv": [
										1,
										10
									],
									"uv_size": [
										1,
										1
									]
								},
								"east": {
									"uv": [
										0,
										10
									],
									"uv_size": [
										1,
										1
									]
								},
								"south": {
									"uv": [
										3,
										10
									],
									"uv_size": [
										1,
										1
									]
								},
								"west": {
									"uv": [
										2,
										10
									],
									"uv_size": [
										1,
										1
									]
								},
								"up": {
									"uv": [
										1,
										9
									],
									"uv_size": [
										1,
										1
									]
								},
								"down": {
									"uv": [
										2,
										10
									],
									"uv_size": [
										1,
										-1
									]
								}
							},
							"inflate": 0
						},
						{
							"origin": [
								-6.49525,
								-0.85023,
								-15.1819
							],
							"size": [
								1,
								1,
								1
							],
							"pivot": [
								-5.49525,
								13.39977,
								2.0681
							],
							"rotation": [
								-22.5,
								0,
								0
							],
							"uv": {
								"north": {
									"uv": [
										27,
										18
									],
									"uv_size": [
										1,
										1
									]
								},
								"east": {
									"uv": [
										26,
										18
									],
									"uv_size": [
										1,
										1
									]
								},
								"south": {
									"uv": [
										29,
										18
									],
									"uv_size": [
										1,
										1
									]
								},
								"west": {
									"uv": [
										28,
										18
									],
									"uv_size": [
										1,
										1
									]
								},
								"up": {
									"uv": [
										27,
										17
									],
									"uv_size": [
										1,
										1
									]
								},
								"down": {
									"uv": [
										28,
										18
									],
									"uv_size": [
										1,
										-1
									]
								}
							},
							"inflate": 0
						},
						{
							"origin": [
								-6.49525,
								17.14977,
								2.8181
							],
							"size": [
								1,
								1,
								1
							],
							"pivot": [
								-5.49525,
								13.39977,
								2.0681
							],
							"rotation": [
								-22.5,
								0,
								0
							],
							"uv": {
								"north": {
									"uv": [
										27,
										11
									],
									"uv_size": [
										1,
										1
									]
								},
								"east": {
									"uv": [
										26,
										11
									],
									"uv_size": [
										1,
										1
									]
								},
								"south": {
									"uv": [
										29,
										11
									],
									"uv_size": [
										1,
										1
									]
								},
								"west": {
									"uv": [
										28,
										11
									],
									"uv_size": [
										1,
										1
									]
								},
								"up": {
									"uv": [
										27,
										10
									],
									"uv_size": [
										1,
										1
									]
								},
								"down": {
									"uv": [
										28,
										11
									],
									"uv_size": [
										1,
										-1
									]
								}
							},
							"inflate": 0
						},
						{
							"origin": [
								-6.49525,
								21.14977,
								6.8181
							],
							"size": [
								1,
								1,
								1
							],
							"pivot": [
								-5.49525,
								13.39977,
								2.0681
							],
							"rotation": [
								-22.5,
								0,
								0
							],
							"uv": {
								"north": {
									"uv": [
										7,
										27
									],
									"uv_size": [
										1,
										1
									]
								},
								"east": {
									"uv": [
										6,
										27
									],
									"uv_size": [
										1,
										1
									]
								},
								"south": {
									"uv": [
										9,
										27
									],
									"uv_size": [
										1,
										1
									]
								},
								"west": {
									"uv": [
										8,
										27
									],
									"uv_size": [
										1,
										1
									]
								},
								"up": {
									"uv": [
										7,
										26
									],
									"uv_size": [
										1,
										1
									]
								},
								"down": {
									"uv": [
										8,
										27
									],
									"uv_size": [
										1,
										-1
									]
								}
							},
							"inflate": 0
						},
						{
							"origin": [
								-6.49525,
								23.14977,
								8.8181
							],
							"size": [
								1,
								1,
								1
							],
							"pivot": [
								-5.49525,
								13.39977,
								2.0681
							],
							"rotation": [
								-22.5,
								0,
								0
							],
							"uv": {
								"north": {
									"uv": [
										26,
										15
									],
									"uv_size": [
										1,
										1
									]
								},
								"east": {
									"uv": [
										25,
										15
									],
									"uv_size": [
										1,
										1
									]
								},
								"south": {
									"uv": [
										28,
										15
									],
									"uv_size": [
										1,
										1
									]
								},
								"west": {
									"uv": [
										27,
										15
									],
									"uv_size": [
										1,
										1
									]
								},
								"up": {
									"uv": [
										26,
										14
									],
									"uv_size": [
										1,
										1
									]
								},
								"down": {
									"uv": [
										27,
										15
									],
									"uv_size": [
										1,
										-1
									]
								}
							},
							"inflate": 0
						},
						{
							"origin": [
								-6.49525,
								25.14977,
								10.8181
							],
							"size": [
								1,
								1,
								1
							],
							"pivot": [
								-5.49525,
								13.39977,
								2.0681
							],
							"rotation": [
								-22.5,
								0,
								0
							],
							"uv": {
								"north": {
									"uv": [
										25,
										1
									],
									"uv_size": [
										1,
										1
									]
								},
								"east": {
									"uv": [
										24,
										1
									],
									"uv_size": [
										1,
										1
									]
								},
								"south": {
									"uv": [
										27,
										1
									],
									"uv_size": [
										1,
										1
									]
								},
								"west": {
									"uv": [
										26,
										1
									],
									"uv_size": [
										1,
										1
									]
								},
								"up": {
									"uv": [
										25,
										0
									],
									"uv_size": [
										1,
										1
									]
								},
								"down": {
									"uv": [
										26,
										1
									],
									"uv_size": [
										1,
										-1
									]
								}
							},
							"inflate": 0
						},
						{
							"origin": [
								-6.49525,
								22.14977,
								9.8181
							],
							"size": [
								1,
								1,
								1
							],
							"pivot": [
								-5.49525,
								13.39977,
								2.0681
							],
							"rotation": [
								-22.5,
								0,
								0
							],
							"uv": {
								"north": {
									"uv": [
										21,
										10
									],
									"uv_size": [
										1,
										1
									]
								},
								"east": {
									"uv": [
										20,
										10
									],
									"uv_size": [
										1,
										1
									]
								},
								"south": {
									"uv": [
										23,
										10
									],
									"uv_size": [
										1,
										1
									]
								},
								"west": {
									"uv": [
										22,
										10
									],
									"uv_size": [
										1,
										1
									]
								},
								"up": {
									"uv": [
										21,
										9
									],
									"uv_size": [
										1,
										1
									]
								},
								"down": {
									"uv": [
										22,
										10
									],
									"uv_size": [
										1,
										-1
									]
								}
							},
							"inflate": 0
						},
						{
							"origin": [
								-6.49525,
								20.14977,
								7.8181
							],
							"size": [
								1,
								1,
								1
							],
							"pivot": [
								-5.49525,
								13.39977,
								2.0681
							],
							"rotation": [
								-22.5,
								0,
								0
							],
							"uv": {
								"north": {
									"uv": [
										19,
										18
									],
									"uv_size": [
										1,
										1
									]
								},
								"east": {
									"uv": [
										18,
										18
									],
									"uv_size": [
										1,
										1
									]
								},
								"south": {
									"uv": [
										21,
										18
									],
									"uv_size": [
										1,
										1
									]
								},
								"west": {
									"uv": [
										20,
										18
									],
									"uv_size": [
										1,
										1
									]
								},
								"up": {
									"uv": [
										19,
										17
									],
									"uv_size": [
										1,
										1
									]
								},
								"down": {
									"uv": [
										20,
										18
									],
									"uv_size": [
										1,
										-1
									]
								}
							},
							"inflate": 0
						},
						{
							"origin": [
								-6.49525,
								26.14977,
								13.8181
							],
							"size": [
								1,
								1,
								1
							],
							"pivot": [
								-5.49525,
								13.39977,
								2.0681
							],
							"rotation": [
								-22.5,
								0,
								0
							],
							"uv": {
								"north": {
									"uv": [
										11,
										19
									],
									"uv_size": [
										1,
										1
									]
								},
								"east": {
									"uv": [
										10,
										19
									],
									"uv_size": [
										1,
										1
									]
								},
								"south": {
									"uv": [
										13,
										19
									],
									"uv_size": [
										1,
										1
									]
								},
								"west": {
									"uv": [
										12,
										19
									],
									"uv_size": [
										1,
										1
									]
								},
								"up": {
									"uv": [
										11,
										18
									],
									"uv_size": [
										1,
										1
									]
								},
								"down": {
									"uv": [
										12,
										19
									],
									"uv_size": [
										1,
										-1
									]
								}
							},
							"inflate": 0
						},
						{
							"origin": [
								-6.49525,
								24.14977,
								11.8181
							],
							"size": [
								1,
								1,
								1
							],
							"pivot": [
								-5.49525,
								13.39977,
								2.0681
							],
							"rotation": [
								-22.5,
								0,
								0
							],
							"uv": {
								"north": {
									"uv": [
										15,
										10
									],
									"uv_size": [
										1,
										1
									]
								},
								"east": {
									"uv": [
										14,
										10
									],
									"uv_size": [
										1,
										1
									]
								},
								"south": {
									"uv": [
										17,
										10
									],
									"uv_size": [
										1,
										1
									]
								},
								"west": {
									"uv": [
										16,
										10
									],
									"uv_size": [
										1,
										1
									]
								},
								"up": {
									"uv": [
										15,
										9
									],
									"uv_size": [
										1,
										1
									]
								},
								"down": {
									"uv": [
										16,
										10
									],
									"uv_size": [
										1,
										-1
									]
								}
							},
							"inflate": 0
						},
						{
							"origin": [
								-6.49525,
								27.14977,
								12.8181
							],
							"size": [
								1,
								1,
								1
							],
							"pivot": [
								-5.49525,
								13.39977,
								2.0681
							],
							"rotation": [
								-22.5,
								0,
								0
							],
							"uv": {
								"north": {
									"uv": [
										15,
										8
									],
									"uv_size": [
										1,
										1
									]
								},
								"east": {
									"uv": [
										14,
										8
									],
									"uv_size": [
										1,
										1
									]
								},
								"south": {
									"uv": [
										17,
										8
									],
									"uv_size": [
										1,
										1
									]
								},
								"west": {
									"uv": [
										16,
										8
									],
									"uv_size": [
										1,
										1
									]
								},
								"up": {
									"uv": [
										15,
										7
									],
									"uv_size": [
										1,
										1
									]
								},
								"down": {
									"uv": [
										16,
										8
									],
									"uv_size": [
										1,
										-1
									]
								}
							},
							"inflate": 0
						},
						{
							"origin": [
								-6.49525,
								16.14977,
								3.8181
							],
							"size": [
								1,
								1,
								1
							],
							"pivot": [
								-5.49525,
								13.39977,
								2.0681
							],
							"rotation": [
								-22.5,
								0,
								0
							],
							"uv": {
								"north": {
									"uv": [
										15,
										3
									],
									"uv_size": [
										1,
										1
									]
								},
								"east": {
									"uv": [
										14,
										3
									],
									"uv_size": [
										1,
										1
									]
								},
								"south": {
									"uv": [
										17,
										3
									],
									"uv_size": [
										1,
										1
									]
								},
								"west": {
									"uv": [
										16,
										3
									],
									"uv_size": [
										1,
										1
									]
								},
								"up": {
									"uv": [
										15,
										2
									],
									"uv_size": [
										1,
										1
									]
								},
								"down": {
									"uv": [
										16,
										3
									],
									"uv_size": [
										1,
										-1
									]
								}
							},
							"inflate": 0
						},
						{
							"origin": [
								-6.49525,
								12.14977,
								-0.1819
							],
							"size": [
								1,
								1,
								1
							],
							"pivot": [
								-5.49525,
								13.39977,
								2.0681
							],
							"rotation": [
								-22.5,
								0,
								0
							],
							"uv": {
								"north": {
									"uv": [
										15,
										1
									],
									"uv_size": [
										1,
										1
									]
								},
								"east": {
									"uv": [
										14,
										1
									],
									"uv_size": [
										1,
										1
									]
								},
								"south": {
									"uv": [
										17,
										1
									],
									"uv_size": [
										1,
										1
									]
								},
								"west": {
									"uv": [
										16,
										1
									],
									"uv_size": [
										1,
										1
									]
								},
								"up": {
									"uv": [
										15,
										0
									],
									"uv_size": [
										1,
										1
									]
								},
								"down": {
									"uv": [
										16,
										1
									],
									"uv_size": [
										1,
										-1
									]
								}
							},
							"inflate": 0
						},
						{
							"origin": [
								-6.49525,
								10.14977,
								-2.1819
							],
							"size": [
								1,
								1,
								1
							],
							"pivot": [
								-5.49525,
								13.39977,
								2.0681
							],
							"rotation": [
								-22.5,
								0,
								0
							],
							"uv": {
								"north": {
									"uv": [
										1,
										15
									],
									"uv_size": [
										1,
										1
									]
								},
								"east": {
									"uv": [
										0,
										15
									],
									"uv_size": [
										1,
										1
									]
								},
								"south": {
									"uv": [
										3,
										15
									],
									"uv_size": [
										1,
										1
									]
								},
								"west": {
									"uv": [
										2,
										15
									],
									"uv_size": [
										1,
										1
									]
								},
								"up": {
									"uv": [
										1,
										14
									],
									"uv_size": [
										1,
										1
									]
								},
								"down": {
									"uv": [
										2,
										15
									],
									"uv_size": [
										1,
										-1
									]
								}
							},
							"inflate": 0
						},
						{
							"origin": [
								-6.49525,
								8.14977,
								-4.1819
							],
							"size": [
								1,
								1,
								1
							],
							"pivot": [
								-5.49525,
								13.39977,
								2.0681
							],
							"rotation": [
								-22.5,
								0,
								0
							],
							"uv": {
								"north": {
									"uv": [
										7,
										14
									],
									"uv_size": [
										1,
										1
									]
								},
								"east": {
									"uv": [
										6,
										14
									],
									"uv_size": [
										1,
										1
									]
								},
								"south": {
									"uv": [
										9,
										14
									],
									"uv_size": [
										1,
										1
									]
								},
								"west": {
									"uv": [
										8,
										14
									],
									"uv_size": [
										1,
										1
									]
								},
								"up": {
									"uv": [
										7,
										13
									],
									"uv_size": [
										1,
										1
									]
								},
								"down": {
									"uv": [
										8,
										14
									],
									"uv_size": [
										1,
										-1
									]
								}
							},
							"inflate": 0
						},
						{
							"origin": [
								-6.49525,
								14.14977,
								1.8181
							],
							"size": [
								1,
								1,
								1
							],
							"pivot": [
								-5.49525,
								13.39977,
								2.0681
							],
							"rotation": [
								-22.5,
								0,
								0
							],
							"uv": {
								"north": {
									"uv": [
										1,
										13
									],
									"uv_size": [
										1,
										1
									]
								},
								"east": {
									"uv": [
										0,
										13
									],
									"uv_size": [
										1,
										1
									]
								},
								"south": {
									"uv": [
										3,
										13
									],
									"uv_size": [
										1,
										1
									]
								},
								"west": {
									"uv": [
										2,
										13
									],
									"uv_size": [
										1,
										1
									]
								},
								"up": {
									"uv": [
										1,
										12
									],
									"uv_size": [
										1,
										1
									]
								},
								"down": {
									"uv": [
										2,
										13
									],
									"uv_size": [
										1,
										-1
									]
								}
							},
							"inflate": 0
						},
						{
							"origin": [
								-6.49525,
								18.14977,
								5.8181
							],
							"size": [
								1,
								1,
								1
							],
							"pivot": [
								-5.49525,
								13.39977,
								2.0681
							],
							"rotation": [
								-22.5,
								0,
								0
							],
							"uv": {
								"north": {
									"uv": [
										8,
										10
									],
									"uv_size": [
										1,
										1
									]
								},
								"east": {
									"uv": [
										7,
										10
									],
									"uv_size": [
										1,
										1
									]
								},
								"south": {
									"uv": [
										10,
										10
									],
									"uv_size": [
										1,
										1
									]
								},
								"west": {
									"uv": [
										9,
										10
									],
									"uv_size": [
										1,
										1
									]
								},
								"up": {
									"uv": [
										8,
										9
									],
									"uv_size": [
										1,
										1
									]
								},
								"down": {
									"uv": [
										9,
										10
									],
									"uv_size": [
										1,
										-1
									]
								}
							},
							"inflate": 0
						}
					],
					"parent": "weapon",
					"rotation": [
						-22.5,
						3.5,
						1.8
					]
				}
			]
		}
	]
}