{
	"format_version": "1.12.0",
	"minecraft:geometry": [
		{
			"description": {
				"identifier": "geometry.knights_gothic_armour",
				"texture_width": 16,
				"texture_height": 16,
				"visible_bounds_width": 3,
				"visible_bounds_height": 3.5,
				"visible_bounds_offset": [
					0,
					1.25,
					0
				]
			},
			"bones": [
				{
					"name": "head",
					"pivot": [
						0,
						24,
						0
					],
					"cubes": [
						{
							"origin": [
								-4,
								24,
								-4
							],
							"size": [
								8,
								8,
								8
							],
							"uv": {
								"north": {
									"uv": [
										10,
										4
									],
									"uv_size": [
										2,
										4
									]
								},
								"east": {
									"uv": [
										8,
										4
									],
									"uv_size": [
										2,
										4
									]
								},
								"south": {
									"uv": [
										14,
										4
									],
									"uv_size": [
										2,
										4
									]
								},
								"west": {
									"uv": [
										12,
										4
									],
									"uv_size": [
										2,
										4
									]
								},
								"up": {
									"uv": [
										10,
										0
									],
									"uv_size": [
										2,
										4
									]
								},
								"down": {
									"uv": [
										12,
										4
									],
									"uv_size": [
										2,
										-4
									]
								}
							},
							"inflate": 1.2
						}
					]
				},
				{
					"name": "body",
					"pivot": [
						0,
						24,
						0
					],
					"cubes": [
						{
							"origin": [
								-4,
								12,
								-2
							],
							"size": [
								8,
								12,
								4
							],
							"uv": {
								"north": {
									"uv": [
										5,
										10
									],
									"uv_size": [
										2,
										6
									]
								},
								"east": {
									"uv": [
										4,
										10
									],
									"uv_size": [
										1,
										6
									]
								},
								"south": {
									"uv": [
										8,
										10
									],
									"uv_size": [
										2,
										6
									]
								},
								"west": {
									"uv": [
										7,
										10
									],
									"uv_size": [
										1,
										6
									]
								},
								"up": {
									"uv": [
										5,
										8
									],
									"uv_size": [
										2,
										2
									]
								},
								"down": {
									"uv": [
										7,
										10
									],
									"uv_size": [
										2,
										-2
									]
								}
							},
							"inflate": 0.65
						}
					]
				},
				{
					"name": "rightArm",
					"pivot": [
						-5,
						22,
						0
					],
					"cubes": [
						{
							"origin": [
								-8,
								17.95,
								-2
							],
							"size": [
								4,
								6,
								4
							],
							"uv": {
								"north": {
									"uv": [
										11,
										10
									],
									"uv_size": [
										1,
										3
									]
								},
								"east": {
									"uv": [
										10,
										10
									],
									"uv_size": [
										1,
										3
									]
								},
								"south": {
									"uv": [
										13,
										10
									],
									"uv_size": [
										1,
										3
									]
								},
								"west": {
									"uv": [
										12,
										10
									],
									"uv_size": [
										1,
										3
									]
								},
								"up": {
									"uv": [
										11,
										8
									],
									"uv_size": [
										1,
										2
									]
								},
								"down": {
									"uv": [
										12,
										10
									],
									"uv_size": [
										1,
										-2
									]
								}
							},
							"inflate": 0.6
						},
						{
							"origin": [
								-8,
								19,
								-2
							],
							"size": [
								3,
								5,
								4
							],
							"uv": {
								"north": {
									"uv": [
										11,
										10
									],
									"uv_size": [
										1,
										3
									]
								},
								"east": {
									"uv": [
										10,
										10
									],
									"uv_size": [
										1,
										3
									]
								},
								"south": {
									"uv": [
										13,
										10
									],
									"uv_size": [
										1,
										3
									]
								},
								"west": {
									"uv": [
										12,
										10
									],
									"uv_size": [
										1,
										3
									]
								},
								"up": {
									"uv": [
										11,
										8
									],
									"uv_size": [
										1,
										2
									]
								},
								"down": {
									"uv": [
										12,
										10
									],
									"uv_size": [
										1,
										-2
									]
								}
							},
							"inflate": 0.8
						}
					]
				},
				{
					"name": "lowerrarm",
					"pivot": [
						-5,
						19,
						0
					],
					"cubes": [
						{
							"origin": [
								-8,
								12,
								-2
							],
							"size": [
								4,
								6,
								4
							],
							"uv": {
								"north": {
									"uv": [
										11,
										13
									],
									"uv_size": [
										1,
										3
									]
								},
								"east": {
									"uv": [
										10,
										13
									],
									"uv_size": [
										1,
										3
									]
								},
								"south": {
									"uv": [
										13,
										13
									],
									"uv_size": [
										1,
										3
									]
								},
								"west": {
									"uv": [
										12,
										13
									],
									"uv_size": [
										1,
										3
									]
								},
								"up": {
									"uv": [
										11,
										8
									],
									"uv_size": [
										1,
										2
									]
								},
								"down": {
									"uv": [
										12,
										10
									],
									"uv_size": [
										1,
										-2
									]
								}
							},
							"inflate": 0.6
						}
					],
					"parent": "rightArm"
				},
				{
					"name": "leftArm",
					"pivot": [
						5,
						22,
						0
					],
					"cubes": [
						{
							"origin": [
								4,
								17.95,
								-2
							],
							"size": [
								4,
								6,
								4
							],
							"uv": {
								"north": {
									"uv": [
										12,
										10
									],
									"uv_size": [
										-1,
										3
									]
								},
								"east": {
									"uv": [
										13,
										10
									],
									"uv_size": [
										-1,
										3
									]
								},
								"south": {
									"uv": [
										14,
										10
									],
									"uv_size": [
										-1,
										3
									]
								},
								"west": {
									"uv": [
										11,
										10
									],
									"uv_size": [
										-1,
										3
									]
								},
								"up": {
									"uv": [
										12,
										8
									],
									"uv_size": [
										-1,
										2
									]
								},
								"down": {
									"uv": [
										13,
										10
									],
									"uv_size": [
										-1,
										-2
									]
								}
							},
							"inflate": 0.6
						},
						{
							"origin": [
								5,
								19,
								-2
							],
							"size": [
								3,
								5,
								4
							],
							"uv": {
								"north": {
									"uv": [
										12,
										10
									],
									"uv_size": [
										-1,
										3
									]
								},
								"east": {
									"uv": [
										13,
										10
									],
									"uv_size": [
										-1,
										3
									]
								},
								"south": {
									"uv": [
										14,
										10
									],
									"uv_size": [
										-1,
										3
									]
								},
								"west": {
									"uv": [
										11,
										10
									],
									"uv_size": [
										-1,
										3
									]
								},
								"up": {
									"uv": [
										12,
										8
									],
									"uv_size": [
										-1,
										2
									]
								},
								"down": {
									"uv": [
										13,
										10
									],
									"uv_size": [
										-1,
										-2
									]
								}
							},
							"inflate": 0.8
						}
					]
				},
				{
					"name": "lowerlarm",
					"pivot": [
						6,
						19,
						0
					],
					"cubes": [
						{
							"origin": [
								4,
								12,
								-2
							],
							"size": [
								4,
								6,
								4
							],
							"uv": {
								"north": {
									"uv": [
										12,
										13
									],
									"uv_size": [
										-1,
										3
									]
								},
								"east": {
									"uv": [
										12,
										13
									],
									"uv_size": [
										1,
										3
									]
								},
								"south": {
									"uv": [
										14,
										13
									],
									"uv_size": [
										-1,
										3
									]
								},
								"west": {
									"uv": [
										11,
										13
									],
									"uv_size": [
										-1,
										3
									]
								},
								"up": {
									"uv": [
										12,
										11
									],
									"uv_size": [
										-1,
										2
									]
								},
								"down": {
									"uv": [
										13,
										10
									],
									"uv_size": [
										-1,
										-2
									]
								}
							},
							"inflate": 0.6
						}
					],
					"parent": "leftArm"
				},
				{
					"name": "rightLeg",
					"pivot": [
						-1.9,
						12,
						0
					],
					"cubes": [
						{
							"origin": [
								-4.25,
								2,
								-2
							],
							"size": [
								4,
								10,
								4
							],
							"uv": {
								"north": {
									"uv": [
										1,
										10
									],
									"uv_size": [
										1,
										5
									]
								},
								"east": {
									"uv": [
										0,
										10
									],
									"uv_size": [
										1,
										5
									]
								},
								"south": {
									"uv": [
										3,
										10
									],
									"uv_size": [
										1,
										5
									]
								},
								"west": {
									"uv": [
										2,
										10
									],
									"uv_size": [
										1,
										5
									]
								},
								"up": {
									"uv": [
										1,
										8
									],
									"uv_size": [
										1,
										2
									]
								},
								"down": {
									"uv": [
										2,
										10
									],
									"uv_size": [
										1,
										-2
									]
								}
							},
							"inflate": 0.6
						}
					]
				},
				{
					"name": "lowerrleg",
					"pivot": [
						-1.9,
						7,
						0
					],
					"cubes": [
						{
							"origin": [
								-4.25,
								0.25,
								-2
							],
							"size": [
								4,
								2,
								4
							],
							"uv": {
								"north": {
									"uv": [
										1,
										15
									],
									"uv_size": [
										1,
										1
									]
								},
								"east": {
									"uv": [
										0,
										15
									],
									"uv_size": [
										1,
										1
									]
								},
								"south": {
									"uv": [
										3,
										15
									],
									"uv_size": [
										1,
										1
									]
								},
								"west": {
									"uv": [
										2,
										15
									],
									"uv_size": [
										1,
										1
									]
								},
								"up": {
									"uv": [
										1,
										13
									],
									"uv_size": [
										1,
										2
									]
								},
								"down": {
									"uv": [
										2,
										15
									],
									"uv_size": [
										1,
										-2
									]
								}
							},
							"inflate": 0.65
						}
					],
					"parent": "rightLeg"
				},
				{
					"name": "leftLeg",
					"pivot": [
						1.9,
						12,
						0
					],
					"cubes": [
						{
							"origin": [
								0.25,
								2,
								-2
							],
							"size": [
								4,
								10,
								4
							],
							"uv": {
								"north": {
									"uv": [
										2,
										10
									],
									"uv_size": [
										-1,
										5
									]
								},
								"east": {
									"uv": [
										3,
										10
									],
									"uv_size": [
										-1,
										5
									]
								},
								"south": {
									"uv": [
										4,
										10
									],
									"uv_size": [
										-1,
										5
									]
								},
								"west": {
									"uv": [
										1,
										10
									],
									"uv_size": [
										-1,
										5
									]
								},
								"up": {
									"uv": [
										2,
										8
									],
									"uv_size": [
										-1,
										2
									]
								},
								"down": {
									"uv": [
										3,
										10
									],
									"uv_size": [
										-1,
										-2
									]
								}
							},
							"inflate": 0.6
						}
					]
				},
				{
					"name": "lowerlleg",
					"pivot": [
						1.9,
						7,
						0
					],
					"cubes": [
						{
							"origin": [
								0.25,
								0.25,
								-2
							],
							"size": [
								4,
								2,
								4
							],
							"uv": {
								"north": {
									"uv": [
										2,
										15
									],
									"uv_size": [
										-1,
										1
									]
								},
								"east": {
									"uv": [
										3,
										15
									],
									"uv_size": [
										-1,
										1
									]
								},
								"south": {
									"uv": [
										4,
										15
									],
									"uv_size": [
										-1,
										1
									]
								},
								"west": {
									"uv": [
										1,
										15
									],
									"uv_size": [
										-1,
										1
									]
								},
								"up": {
									"uv": [
										2,
										13
									],
									"uv_size": [
										-1,
										2
									]
								},
								"down": {
									"uv": [
										3,
										15
									],
									"uv_size": [
										-1,
										-2
									]
								}
							},
							"inflate": 0.65
						}
					],
					"parent": "leftLeg"
				}
			]
		}
	]
}