{"format_version":"1.8.0","animations":{"animation.yg_catnap.general":{"loop":true,"animation_length":2,"bones":{"Body":{"rotation":{"0.0":{"post":[0,0,0],"lerp_mode":"catmullrom"},"1.0":{"post":[2.5,0,0],"lerp_mode":"catmullrom"},"2.0":{"post":[0,0,0],"lerp_mode":"catmullrom"}}},"Tail":{"rotation":{"0.0":{"post":[0.05123,6.40728,-2.98671],"lerp_mode":"catmullrom"},"1.0":{"post":[0.48328,-14.29835,2.70433],"lerp_mode":"catmullrom"},"1.5":{"post":[0.48328,-14.29835,2.70433],"lerp_mode":"catmullrom"},"2.0":{"post":[0.05123,6.40728,-2.98671],"lerp_mode":"catmullrom"}}},"Tail2":{"rotation":{"0.0":{"post":[0.11435,9.91358,1.31845],"lerp_mode":"catmullrom"},"1.0":{"post":[0.11435,-9.91358,-1.31845],"lerp_mode":"catmullrom"},"1.5":{"post":[0.2614,-14.8687,-2.00307],"lerp_mode":"catmullrom"},"2.0":{"post":[0.11435,9.91358,1.31845],"lerp_mode":"catmullrom"}}},"Tail3":{"rotation":{"0.0":{"post":[0.82159,13.27207,7.05309],"lerp_mode":"catmullrom"},"1.0":{"post":[1.89942,-19.84302,-10.82777],"lerp_mode":"catmullrom"},"1.5":{"post":[1.12702,15.46973,8.28342],"lerp_mode":"catmullrom"},"2.0":{"post":[0.82159,13.27207,7.05309],"lerp_mode":"catmullrom"}}},"Tail4":{"rotation":{"0.0":{"post":[2.08859,18.82943,12.54707],"lerp_mode":"catmullrom"},"1.0":{"post":[13.7424,-14.6914,-9.61518],"lerp_mode":"catmullrom"},"1.5":{"post":[0.22348,6.3202,4.04618],"lerp_mode":"catmullrom"},"2.0":{"post":[2.08859,18.82943,12.54707],"lerp_mode":"catmullrom"}}},"Tail5":{"rotation":{"0.0":{"post":[3.43148,19.90349,19.37626],"lerp_mode":"catmullrom"},"1.0":{"post":[12.26498,-16.3882,-15.63367],"lerp_mode":"catmullrom"},"1.5":{"post":[0.10882,-3.68425,-3.38262],"lerp_mode":"catmullrom"},"2.0":{"post":[3.43148,19.90349,19.37626],"lerp_mode":"catmullrom"}}},"Torso":{"rotation":{"0.0":{"post":[0,0,0],"lerp_mode":"catmullrom"},"1.0":{"post":[5,0,0],"lerp_mode":"catmullrom"},"1.5":{"post":[5,0,0],"lerp_mode":"catmullrom"},"2.0":{"post":[0,0,0],"lerp_mode":"catmullrom"}}},"Moon":{"rotation":{"0.0":{"post":[0,0,0],"lerp_mode":"catmullrom"},"1.0":{"post":[-2.5,0,0],"lerp_mode":"catmullrom"},"2.0":{"post":[0,0,0],"lerp_mode":"catmullrom"}}},"Head":{"rotation":{"0.0":{"post":[2.5,0,0],"lerp_mode":"catmullrom"},"1.0":{"post":[-5,0,0],"lerp_mode":"catmullrom"},"2.0":{"post":[2.5,0,0],"lerp_mode":"catmullrom"}}},"Rightarm":{"rotation":{"0.0":{"post":[2.5,0,2.5],"lerp_mode":"catmullrom"},"1.0":{"post":[0.02078,0.31799,4.97918],"lerp_mode":"catmullrom"},"1.5":{"post":[0.02078,0.31799,4.97918],"lerp_mode":"catmullrom"},"2.0":{"post":[2.5,0,2.5],"lerp_mode":"catmullrom"}}},"Rightarm2":{"rotation":{"0.0":{"post":[-2.5,0,0],"lerp_mode":"catmullrom"},"1.0":{"post":[-7.5,0,0],"lerp_mode":"catmullrom"},"2.0":{"post":[-2.5,0,0],"lerp_mode":"catmullrom"}}},"Rightarm3":{"rotation":{"0.0":{"post":[-5,0,0],"lerp_mode":"catmullrom"},"1.0":{"post":[-10,0,0],"lerp_mode":"catmullrom"},"1.5":{"post":[-10,0,0],"lerp_mode":"catmullrom"},"2.0":{"post":[-5,0,0],"lerp_mode":"catmullrom"}}},"Rightarm4":{"rotation":{"0.0":{"post":[-10,0,0],"lerp_mode":"catmullrom"},"1.0":{"post":[-10,0,0],"lerp_mode":"catmullrom"},"1.5":{"post":[-10,0,0],"lerp_mode":"catmullrom"},"2.0":{"post":[-10,0,0],"lerp_mode":"catmullrom"}}},"Leftarm":{"rotation":{"0.0":{"post":[2.5,0,-2.5],"lerp_mode":"catmullrom"},"1.0":{"post":[2.46004,-0.21152,-4.97687],"lerp_mode":"catmullrom"},"1.5":{"post":[2.46004,-0.21152,-4.97687],"lerp_mode":"catmullrom"},"2.0":{"post":[2.5,0,-2.5],"lerp_mode":"catmullrom"}}},"Leftarm2":{"rotation":{"0.0":{"post":[-2.5,0,0],"lerp_mode":"catmullrom"},"1.0":{"post":[-7.5,0,0],"lerp_mode":"catmullrom"},"2.0":{"post":[-2.5,0,0],"lerp_mode":"catmullrom"}}},"Leftarm3":{"rotation":{"0.0":{"post":[-5,0,0],"lerp_mode":"catmullrom"},"1.0":{"post":[-10,0,0],"lerp_mode":"catmullrom"},"1.5":{"post":[-10,0,0],"lerp_mode":"catmullrom"},"2.0":{"post":[-5,0,0],"lerp_mode":"catmullrom"}}},"Leftarm4":{"rotation":{"0.0":{"post":[-10,0,0],"lerp_mode":"catmullrom"},"1.0":{"post":[-10,0,0],"lerp_mode":"catmullrom"},"1.5":{"post":[-10,0,0],"lerp_mode":"catmullrom"},"2.0":{"post":[-10,0,0],"lerp_mode":"catmullrom"}}},"Rightleg":{"rotation":{"0.0":{"post":[0,7.5,2.5],"lerp_mode":"catmullrom"},"2.0":{"post":[0,7.5,2.5],"lerp_mode":"catmullrom"}}},"Leftleg":{"rotation":{"0.0":{"post":[0,-10,-2.5],"lerp_mode":"catmullrom"},"2.0":{"post":[0,-10,-2.5],"lerp_mode":"catmullrom"}}}}},"animation.yg_catnap.looking":{"loop":true,"bones":{"Head":{"rotation":{"0.0":{"post":["query.target_x_rotation - this","query.target_y_rotation - this",0],"lerp_mode":"catmullrom"}}}}},"animation.yg_catnap.move":{"loop":true,"animation_length":1.5,"anim_time_update":"query.modified_distance_moved * 0.1","bones":{"Root":{"position":{"0.0":{"post":[0,-2,0],"lerp_mode":"catmullrom"},"0.3":{"post":[0,0,0],"lerp_mode":"catmullrom"},"0.7":{"post":[0,-2,0],"lerp_mode":"catmullrom"},"1.1":{"post":[0,-1,0],"lerp_mode":"catmullrom"},"1.5":{"post":[0,-2,0],"lerp_mode":"catmullrom"}}},"Body":{"rotation":{"0.0":{"post":[2.5,0,0],"lerp_mode":"catmullrom"},"0.3":{"post":[2.5,0,0],"lerp_mode":"catmullrom"},"0.7":{"post":[5,0,0],"lerp_mode":"catmullrom"},"1.5":{"post":[2.5,0,0],"lerp_mode":"catmullrom"}}},"Tail":{"rotation":{"0.0":{"post":[-0.28025,-3.40487,9.40804],"lerp_mode":"catmullrom"},"0.7":{"post":[-0.0701,1.70818,-4.69986],"lerp_mode":"catmullrom"},"1.5":{"post":[-0.28025,-3.40487,9.40804],"lerp_mode":"catmullrom"}}},"Torso":{"rotation":{"0.0":{"post":[2.5,0,0],"lerp_mode":"catmullrom"},"0.7":{"post":[7.5,0,0],"lerp_mode":"catmullrom"},"1.5":{"post":[2.5,0,0],"lerp_mode":"catmullrom"}}},"Head":{"rotation":{"0.0":{"post":[0,0,0],"lerp_mode":"catmullrom"},"0.7":{"post":[-5,0,0],"lerp_mode":"catmullrom"},"1.5":{"post":[0,0,0],"lerp_mode":"catmullrom"}}},"Rightarm":{"rotation":{"0.0":{"post":[12.5,0,5],"lerp_mode":"catmullrom"},"0.7":{"post":[-17.5,0,5],"lerp_mode":"catmullrom"},"1.5":{"post":[12.5,0,5],"lerp_mode":"catmullrom"}}},"Rightarm2":{"rotation":{"0.0":{"post":[5,0,0],"lerp_mode":"catmullrom"},"0.7":{"post":[-7.5,0,0],"lerp_mode":"catmullrom"},"1.5":{"post":[5,0,0],"lerp_mode":"catmullrom"}}},"Rightarm3":{"rotation":{"0.0":{"post":[5,0,0],"lerp_mode":"catmullrom"},"0.7":{"post":[-12.5,0,0],"lerp_mode":"catmullrom"},"1.5":{"post":[5,0,0],"lerp_mode":"catmullrom"}}},"Rightarm4":{"rotation":{"0.0":{"post":[15,0,0],"lerp_mode":"catmullrom"},"0.7":{"post":[-17.5,0,0],"lerp_mode":"catmullrom"},"1.5":{"post":[15,0,0],"lerp_mode":"catmullrom"}}},"Leftarm":{"rotation":{"0.0":{"post":[-5,0,-7.5],"lerp_mode":"catmullrom"},"0.7":{"post":[12.5,0,-7.5],"lerp_mode":"catmullrom"},"1.5":{"post":[-5,0,-7.5],"lerp_mode":"catmullrom"}}},"Leftarm2":{"rotation":{"0.0":{"post":[-7.5,0,0],"lerp_mode":"catmullrom"},"0.7":{"post":[5,0,0],"lerp_mode":"catmullrom"},"1.5":{"post":[-7.5,0,0],"lerp_mode":"catmullrom"}}},"Leftarm3":{"rotation":{"0.0":{"post":[-10,0,0],"lerp_mode":"catmullrom"},"0.7":{"post":[5,0,0],"lerp_mode":"catmullrom"},"1.5":{"post":[-10,0,0],"lerp_mode":"catmullrom"}}},"Leftarm4":{"rotation":{"0.0":{"post":[-17.5,0,0],"lerp_mode":"catmullrom"},"0.7":{"post":[15,0,0],"lerp_mode":"catmullrom"},"1.5":{"post":[-17.5,0,0],"lerp_mode":"catmullrom"}}},"Rightleg":{"rotation":{"0.0":{"post":[-27.5,0,0],"lerp_mode":"catmullrom"},"0.7":{"post":[7.5,0,0],"lerp_mode":"catmullrom"},"1.5":{"post":[-27.5,0,0],"lerp_mode":"catmullrom"}},"position":{"0.0":{"post":[0,0,-1],"lerp_mode":"catmullrom"},"0.3":{"post":[0,0,0],"lerp_mode":"catmullrom"},"0.7":{"post":[0,0,1],"lerp_mode":"catmullrom"},"1.1":{"post":[0,3,0],"lerp_mode":"catmullrom"},"1.5":{"post":[0,0,-1],"lerp_mode":"catmullrom"}}},"Rightleg2":{"rotation":{"0.0":{"post":[10,0,0],"lerp_mode":"catmullrom"},"0.3":{"post":[17.5,0,0],"lerp_mode":"catmullrom"},"0.7":{"post":[17.5,0,0],"lerp_mode":"catmullrom"},"1.5":{"post":[10,0,0],"lerp_mode":"catmullrom"}}},"Rightleg3":{"rotation":{"0.0":{"post":[20,0,0],"lerp_mode":"catmullrom"},"0.7":{"post":[20,0,0],"lerp_mode":"catmullrom"},"1.1":{"post":[0,0,0],"lerp_mode":"catmullrom"},"1.5":{"post":[20,0,0],"lerp_mode":"catmullrom"}}},"Rightleg4":{"rotation":{"0.0":{"post":[22.5,0,0],"lerp_mode":"catmullrom"},"0.7":{"post":[30,0,0],"lerp_mode":"catmullrom"},"1.1":{"post":[4.21875,0,0],"lerp_mode":"catmullrom"},"1.5":{"post":[22.5,0,0],"lerp_mode":"catmullrom"}}},"bone3":{"rotation":{"0.0":{"post":[-25,0,0],"lerp_mode":"catmullrom"},"0.7":{"post":[17.5,0,0],"lerp_mode":"catmullrom"},"1.1":{"post":[-18.56659,2.85538,-4.76333],"lerp_mode":"catmullrom"},"1.5":{"post":[-25,0,0],"lerp_mode":"catmullrom"}}},"Leftleg":{"rotation":{"0.0":{"post":[7.5,0,0],"lerp_mode":"catmullrom"},"0.7":{"post":[-27.5,0,0],"lerp_mode":"catmullrom"},"1.5":{"post":[7.5,0,0],"lerp_mode":"catmullrom"}},"position":{"0.0":{"post":[0,0,1],"lerp_mode":"catmullrom"},"0.3":{"post":[0,3,0],"lerp_mode":"catmullrom"},"0.7":{"post":[0,0,-1],"lerp_mode":"catmullrom"},"1.1":{"post":[0,0,0],"lerp_mode":"catmullrom"},"1.5":{"post":[0,0,1],"lerp_mode":"catmullrom"}}},"Leftleg2":{"rotation":{"0.0":{"post":[17.5,0,0],"lerp_mode":"catmullrom"},"0.3":{"post":[-0.78125,0,0],"lerp_mode":"catmullrom"},"0.7":{"post":[10,0,0],"lerp_mode":"catmullrom"},"1.5":{"post":[17.5,0,0],"lerp_mode":"catmullrom"}}},"Leftleg3":{"rotation":{"0.0":{"post":[20,0,0],"lerp_mode":"catmullrom"},"0.3":{"post":[0,0,0],"lerp_mode":"catmullrom"},"0.7":{"post":[20,0,0],"lerp_mode":"catmullrom"},"1.5":{"post":[20,0,0],"lerp_mode":"catmullrom"}}},"Leftleg4":{"rotation":{"0.0":{"post":[30,0,0],"lerp_mode":"catmullrom"},"0.3":{"post":[4.21875,0,0],"lerp_mode":"catmullrom"},"0.7":{"post":[22.5,0,0],"lerp_mode":"catmullrom"},"1.5":{"post":[30,0,0],"lerp_mode":"catmullrom"}}},"bone4":{"rotation":{"0.0":{"post":[17.5,0,0],"lerp_mode":"catmullrom"},"0.3":{"post":[-18.56659,2.85538,-4.76333],"lerp_mode":"catmullrom"},"0.7":{"post":[-25,0,0],"lerp_mode":"catmullrom"},"1.5":{"post":[17.5,0,0],"lerp_mode":"catmullrom"}}},"Moon":{"rotation":{"0.0":{"post":[0,0,0],"lerp_mode":"catmullrom"},"0.7":{"post":[-10,0,0],"lerp_mode":"catmullrom"},"1.1":{"post":[-10,0,0],"lerp_mode":"catmullrom"},"1.5":{"post":[0,0,0],"lerp_mode":"catmullrom"}}}}},"animation.yg_catnap.attack":{"animation_length":1,"bones":{"Root":{"rotation":{"0.0":{"post":[0,0,0],"lerp_mode":"catmullrom"},"0.1667":{"post":[0,20,0],"lerp_mode":"catmullrom"},"0.3333":{"post":[0,-15,0],"lerp_mode":"catmullrom"},"0.6667":{"post":[0,-22.5,0],"lerp_mode":"catmullrom"},"1.0":{"post":[0,0,0],"lerp_mode":"catmullrom"}},"position":{"0.0":{"post":[0,0,0],"lerp_mode":"catmullrom"},"0.1667":{"post":[0,0,0],"lerp_mode":"catmullrom"},"0.3333":{"post":[0,-1,0],"lerp_mode":"catmullrom"},"0.6667":{"post":[0,-1,0],"lerp_mode":"catmullrom"},"1.0":{"post":[0,0,0],"lerp_mode":"catmullrom"}}},"Body":{"rotation":{"0.0":{"post":[0,0,0],"lerp_mode":"catmullrom"},"0.1667":{"post":[0,22.5,0],"lerp_mode":"catmullrom"},"0.3333":{"post":[10,-20,0],"lerp_mode":"catmullrom"},"0.6667":{"post":[5.7593,-17.63163,-0.5136],"lerp_mode":"catmullrom"},"1.0":{"post":[0,0,0],"lerp_mode":"catmullrom"}}},"Tail":{"rotation":{"0.0":{"post":[0,0,0],"lerp_mode":"catmullrom"},"0.3333":{"post":[-2.10756,9.08661,-26.06663],"lerp_mode":"catmullrom"},"0.6667":{"post":[-2.94478,-6.39161,20.80336],"lerp_mode":"catmullrom"},"1.0":{"post":[0,0,0],"lerp_mode":"catmullrom"}}},"Torso":{"rotation":{"0.0":{"post":[0,0,0],"lerp_mode":"catmullrom"},"0.1667":{"post":[-20,0,0],"lerp_mode":"catmullrom"},"0.3333":{"post":[15.50409,-14.47751,-3.96713],"lerp_mode":"catmullrom"},"0.6667":{"post":[14.97105,-8.1436,-2.23151],"lerp_mode":"catmullrom"},"1.0":{"post":[0,0,0],"lerp_mode":"catmullrom"}}},"Moon":{"rotation":{"0.0":{"post":[0,0,0],"lerp_mode":"catmullrom"},"0.1667":{"post":[-15,0,0],"lerp_mode":"catmullrom"},"0.3333":{"post":[2.29332,2.10775,2.02542],"lerp_mode":"catmullrom"},"0.6667":{"post":[-12.70668,2.10775,2.02542],"lerp_mode":"catmullrom"},"1.0":{"post":[0,0,0],"lerp_mode":"catmullrom"}}},"Head":{"rotation":{"0.0":{"post":[0,0,0],"lerp_mode":"catmullrom"},"0.1667":{"post":[31.5667,-17.2294,-10.3141],"lerp_mode":"catmullrom"},"0.3333":{"post":[-7.5,30,0],"lerp_mode":"catmullrom"},"0.6667":{"post":[-9.96791,24.32833,-8.43045],"lerp_mode":"catmullrom"},"1.0":{"post":[0,0,0],"lerp_mode":"catmullrom"}}},"Rightarm":{"rotation":{"0.0":{"post":[0,0,0],"lerp_mode":"catmullrom"},"0.1667":{"post":[33.12598,10.51794,101.79286],"lerp_mode":"catmullrom"},"0.3333":{"post":[-38.30005,-26.94622,13.71217],"lerp_mode":"catmullrom"},"0.6667":{"post":[-38.30005,-26.94622,13.71217],"lerp_mode":"catmullrom"},"1.0":{"post":[0,0,0],"lerp_mode":"catmullrom"}}},"Rightarm2":{"rotation":{"0.0":{"post":[0,0,0],"lerp_mode":"catmullrom"},"0.1667":{"post":[-22.5,0,0],"lerp_mode":"catmullrom"},"0.3333":{"post":[-15.62489,-7.98133,-26.40319],"lerp_mode":"catmullrom"},"0.6667":{"post":[-19.89429,-9.71371,-31.15019],"lerp_mode":"catmullrom"},"1.0":{"post":[0,0,0],"lerp_mode":"catmullrom"}}},"Rightarm3":{"rotation":{"0.0":{"post":[0,0,0],"lerp_mode":"catmullrom"},"0.1667":{"post":[-42.5,0,0],"lerp_mode":"catmullrom"},"0.3333":{"post":[-23.30696,-9.30727,-20.57639],"lerp_mode":"catmullrom"},"0.6667":{"post":[-28.99047,-14.30211,-29.43034],"lerp_mode":"catmullrom"},"1.0":{"post":[0,0,0],"lerp_mode":"catmullrom"}}},"Rightarm4":{"rotation":{"0.0":{"post":[0,0,0],"lerp_mode":"catmullrom"},"0.1667":{"post":[-52.5,0,0],"lerp_mode":"catmullrom"},"0.3333":{"post":[-23.09454,-15.35793,-31.84407],"lerp_mode":"catmullrom"},"0.6667":{"post":[-28.09454,-15.35793,-31.84407],"lerp_mode":"catmullrom"},"1.0":{"post":[0,0,0],"lerp_mode":"catmullrom"}}},"bone":{"rotation":{"0.0":{"post":[0,0,0],"lerp_mode":"catmullrom"},"0.1667":{"post":[0,0,25],"lerp_mode":"catmullrom"},"0.3333":{"post":[0,0,0],"lerp_mode":"catmullrom"},"0.6667":{"post":[0,0,-47.5],"lerp_mode":"catmullrom"},"1.0":{"post":[0,0,0],"lerp_mode":"catmullrom"}}},"Leftarm":{"rotation":{"0.0":{"post":[0,0,0],"lerp_mode":"catmullrom"},"0.1667":{"post":[39.14314,5.90316,-16.50371],"lerp_mode":"catmullrom"},"0.3333":{"post":[20,0,-22.5],"lerp_mode":"catmullrom"},"0.6667":{"post":[25,0,-22.5],"lerp_mode":"catmullrom"},"1.0":{"post":[0,0,0],"lerp_mode":"catmullrom"}}},"Leftarm2":{"rotation":{"0.0":{"post":[0,0,0],"lerp_mode":"catmullrom"},"0.1667":{"post":[-17.5,0,0],"lerp_mode":"catmullrom"},"0.3333":{"post":[-10,0,0],"lerp_mode":"catmullrom"},"0.6667":{"post":[-15,0,0],"lerp_mode":"catmullrom"},"1.0":{"post":[0,0,0],"lerp_mode":"catmullrom"}}},"Leftarm3":{"rotation":{"0.0":{"post":[0,0,0],"lerp_mode":"catmullrom"},"0.1667":{"post":[-17.5,0,0],"lerp_mode":"catmullrom"},"0.3333":{"post":[-12.5,0,0],"lerp_mode":"catmullrom"},"0.6667":{"post":[-26.25,0,0],"lerp_mode":"catmullrom"},"1.0":{"post":[0,0,0],"lerp_mode":"catmullrom"}}},"Leftarm4":{"rotation":{"0.0":{"post":[0,0,0],"lerp_mode":"catmullrom"},"0.1667":{"post":[-37.5,0,0],"lerp_mode":"catmullrom"},"0.3333":{"post":[-30,0,0],"lerp_mode":"catmullrom"},"0.6667":{"post":[-37.5,0,0],"lerp_mode":"catmullrom"},"1.0":{"post":[0,0,0],"lerp_mode":"catmullrom"}}},"bone2":{"rotation":{"0.0":{"post":[0,0,0],"lerp_mode":"catmullrom"},"0.1667":{"post":[0,0,-15],"lerp_mode":"catmullrom"},"0.3333":{"post":[0,0,0],"lerp_mode":"catmullrom"},"0.6667":{"post":[0,0,12.5],"lerp_mode":"catmullrom"},"1.0":{"post":[0,0,0],"lerp_mode":"catmullrom"}}},"Rightleg":{"rotation":{"0.0":{"post":[0,0,0],"lerp_mode":"catmullrom"},"0.1667":{"post":[-2.06933,23.06092,10.05194],"lerp_mode":"catmullrom"},"0.3333":{"post":[-2.23361,22.72831,6.03357],"lerp_mode":"catmullrom"},"0.6667":{"post":[2.87998,27.31277,9.62475],"lerp_mode":"catmullrom"},"1.0":{"post":[0,0,0],"lerp_mode":"catmullrom"}}},"Rightleg2":{"rotation":{"0.0":{"post":[0,0,0],"lerp_mode":"catmullrom"},"0.1667":{"post":[7.5,0,0],"lerp_mode":"catmullrom"},"0.3333":{"post":[7.5,0,0],"lerp_mode":"catmullrom"},"0.6667":{"post":[8.75,0,0],"lerp_mode":"catmullrom"},"1.0":{"post":[0,0,0],"lerp_mode":"catmullrom"}}},"Rightleg3":{"rotation":{"0.0":{"post":[0,0,0],"lerp_mode":"catmullrom"},"0.1667":{"post":[7.5,0,0],"lerp_mode":"catmullrom"},"0.3333":{"post":[7.5,0,0],"lerp_mode":"catmullrom"},"0.6667":{"post":[8.75,0,0],"lerp_mode":"catmullrom"},"1.0":{"post":[0,0,0],"lerp_mode":"catmullrom"}}},"Rightleg4":{"rotation":{"0.0":{"post":[0,0,0],"lerp_mode":"catmullrom"},"0.1667":{"post":[12.5,0,0],"lerp_mode":"catmullrom"},"0.3333":{"post":[12.5,0,0],"lerp_mode":"catmullrom"},"0.6667":{"post":[13.75,0,0],"lerp_mode":"catmullrom"},"1.0":{"post":[0,0,0],"lerp_mode":"catmullrom"}}},"bone3":{"rotation":{"0.0":{"post":[0,0,0],"lerp_mode":"catmullrom"},"0.1667":{"post":[-12.5,0,0],"lerp_mode":"catmullrom"},"0.3333":{"post":[-17.5,0,0],"lerp_mode":"catmullrom"},"0.6667":{"post":[-17.5,0,0],"lerp_mode":"catmullrom"},"1.0":{"post":[0,0,0],"lerp_mode":"catmullrom"}}},"Leftleg":{"rotation":{"0.0":{"post":[0,0,0],"lerp_mode":"catmullrom"},"0.1667":{"post":[-15,0,-2.5],"lerp_mode":"catmullrom"},"0.3333":{"post":[-14.98637,-0.64686,-4.91492],"lerp_mode":"catmullrom"},"0.6667":{"post":[-14.94548,-1.29256,-6.08045],"lerp_mode":"catmullrom"},"1.0":{"post":[0,0,0],"lerp_mode":"catmullrom"}}},"Leftleg2":{"rotation":{"0.0":{"post":[0,0,0],"lerp_mode":"catmullrom"},"0.1667":{"post":[7.5,0,0],"lerp_mode":"catmullrom"},"0.3333":{"post":[7.5,0,0],"lerp_mode":"catmullrom"},"0.6667":{"post":[8.75,0,0],"lerp_mode":"catmullrom"},"1.0":{"post":[0,0,0],"lerp_mode":"catmullrom"}}},"Leftleg3":{"rotation":{"0.0":{"post":[0,0,0],"lerp_mode":"catmullrom"},"0.1667":{"post":[7.5,0,0],"lerp_mode":"catmullrom"},"0.3333":{"post":[7.5,0,0],"lerp_mode":"catmullrom"},"0.6667":{"post":[11.25,0,0],"lerp_mode":"catmullrom"},"1.0":{"post":[0,0,0],"lerp_mode":"catmullrom"}}},"Leftleg4":{"rotation":{"0.0":{"post":[0,0,0],"lerp_mode":"catmullrom"},"0.1667":{"post":[7.5,0,0],"lerp_mode":"catmullrom"},"0.3333":{"post":[7.5,0,0],"lerp_mode":"catmullrom"},"0.6667":{"post":[8.75,0,0],"lerp_mode":"catmullrom"},"1.0":{"post":[0,0,0],"lerp_mode":"catmullrom"}}},"bone4":{"rotation":{"0.0":{"post":[0,0,0],"lerp_mode":"catmullrom"},"0.1667":{"post":[0,0,0],"lerp_mode":"catmullrom"},"0.3333":{"post":[-10,0,0],"lerp_mode":"catmullrom"},"0.6667":{"post":[-10,0,0],"lerp_mode":"catmullrom"},"1.0":{"post":[0,0,0],"lerp_mode":"catmullrom"}}}}},"animation.yg_catnap.jumpscare":{"animation_length":1.5,"bones":{"Body":{"rotation":{"0.0":{"post":[0,0,0],"lerp_mode":"catmullrom"},"0.1667":{"post":[-12.5,0,0],"lerp_mode":"catmullrom"},"0.3333":{"post":[10,0,0],"lerp_mode":"catmullrom"},"1.3333":{"post":[7.5,0,0],"lerp_mode":"catmullrom"},"1.5":{"post":[0,0,0],"lerp_mode":"catmullrom"}}},"Torso":{"rotation":{"0.0":{"post":[0,0,0],"lerp_mode":"catmullrom"},"0.1667":{"post":[-17.5,0,0],"lerp_mode":"catmullrom"},"0.3333":{"post":[5,0,0],"lerp_mode":"catmullrom"},"1.3333":{"post":[7.5,0,0],"lerp_mode":"catmullrom"},"1.5":{"post":[0,0,0],"lerp_mode":"catmullrom"}}},"Head":{"rotation":{"0.0":{"post":[0,0,0],"lerp_mode":"catmullrom"},"0.1667":{"post":[-10,0,0],"lerp_mode":"catmullrom"},"0.3333":{"post":[-2.44081,0.54094,12.48848],"lerp_mode":"catmullrom"},"1.3333":{"post":[-2.46114,-0.43445,-9.98942],"lerp_mode":"catmullrom"},"1.5":{"post":[0,0,0],"lerp_mode":"catmullrom"}}},"Rightarm":{"rotation":{"0.0":{"post":[0,0,0],"lerp_mode":"catmullrom"},"0.1667":{"post":[27.5,0,17.5],"lerp_mode":"catmullrom"},"0.3333":{"post":[-45,0,17.5],"lerp_mode":"catmullrom"},"1.3333":{"post":[-45,0,17.5],"lerp_mode":"catmullrom"},"1.5":{"post":[0,0,0],"lerp_mode":"catmullrom"}}},"Rightarm2":{"rotation":{"0.0":{"post":[0,0,0],"lerp_mode":"catmullrom"},"0.1667":{"post":[-7.5,0,0],"lerp_mode":"catmullrom"},"0.3333":{"post":[-15,0,0],"lerp_mode":"catmullrom"},"1.3333":{"post":[-15,0,0],"lerp_mode":"catmullrom"},"1.5":{"post":[0,0,0],"lerp_mode":"catmullrom"}}},"Rightarm3":{"rotation":{"0.0":{"post":[0,0,0],"lerp_mode":"catmullrom"},"0.1667":{"post":[-32.5,0,0],"lerp_mode":"catmullrom"},"0.3333":{"post":[-30,0,0],"lerp_mode":"catmullrom"},"1.3333":{"post":[-30,0,0],"lerp_mode":"catmullrom"},"1.5":{"post":[0,0,0],"lerp_mode":"catmullrom"}}},"Rightarm4":{"rotation":{"0.0":{"post":[0,0,0],"lerp_mode":"catmullrom"},"0.1667":{"post":[-40,0,0],"lerp_mode":"catmullrom"},"0.3333":{"post":[-40,0,0],"lerp_mode":"catmullrom"},"1.3333":{"post":[-40,0,0],"lerp_mode":"catmullrom"},"1.5":{"post":[0,0,0],"lerp_mode":"catmullrom"}}},"Leftarm":{"rotation":{"0.0":{"post":[0,0,0],"lerp_mode":"catmullrom"},"0.1667":{"post":[40,0,-17.5],"lerp_mode":"catmullrom"},"0.3333":{"post":[-37.5,0,-17.5],"lerp_mode":"catmullrom"},"1.3333":{"post":[-37.5,0,-17.5],"lerp_mode":"catmullrom"},"1.5":{"post":[0,0,0],"lerp_mode":"catmullrom"}}},"Leftarm2":{"rotation":{"0.0":{"post":[0,0,0],"lerp_mode":"catmullrom"},"0.1667":{"post":[-15,0,0],"lerp_mode":"catmullrom"},"0.3333":{"post":[-22.5,0,0],"lerp_mode":"catmullrom"},"1.3333":{"post":[-22.5,0,0],"lerp_mode":"catmullrom"},"1.5":{"post":[0,0,0],"lerp_mode":"catmullrom"}}},"Leftarm3":{"rotation":{"0.0":{"post":[0,0,0],"lerp_mode":"catmullrom"},"0.1667":{"post":[-35,0,0],"lerp_mode":"catmullrom"},"0.3333":{"post":[-37.5,0,0],"lerp_mode":"catmullrom"},"1.3333":{"post":[-37.5,0,0],"lerp_mode":"catmullrom"},"1.5":{"post":[0,0,0],"lerp_mode":"catmullrom"}}},"Leftarm4":{"rotation":{"0.0":{"post":[0,0,0],"lerp_mode":"catmullrom"},"0.1667":{"post":[-42.5,0,0],"lerp_mode":"catmullrom"},"0.3333":{"post":[-30,0,0],"lerp_mode":"catmullrom"},"1.3333":{"post":[-30,0,0],"lerp_mode":"catmullrom"},"1.5":{"post":[0,0,0],"lerp_mode":"catmullrom"}}}}},"animation.yg_catnap.breath_gas":{"animation_length":2.5,"bones":{"Body":{"rotation":{"0.0":{"post":[0,0,0],"lerp_mode":"catmullrom"},"0.2083":{"post":[-15,0,0],"lerp_mode":"catmullrom"},"0.4167":{"post":[24.68691,0,0],"lerp_mode":"catmullrom"},"0.6667":{"post":[24.68691,0,0],"lerp_mode":"catmullrom"},"1.0":{"post":[24.68691,0,0],"lerp_mode":"catmullrom"},"1.5":{"post":[27.18691,0,0],"lerp_mode":"catmullrom"},"1.8333":{"post":[27.18691,0,0],"lerp_mode":"catmullrom"},"2.3333":{"post":[24.68691,0,0],"lerp_mode":"catmullrom"},"2.5":{"post":[0,0,0],"lerp_mode":"catmullrom"}}},"Tail":{"rotation":{"0.0":{"post":[0,0,0],"lerp_mode":"catmullrom"},"0.1667":{"post":[-7.5,0,0],"lerp_mode":"catmullrom"},"0.5":{"post":[34.375,0,0],"lerp_mode":"catmullrom"},"2.3333":{"post":[34.375,0,0],"lerp_mode":"catmullrom"},"2.5":{"post":[0,0,0],"lerp_mode":"catmullrom"}}},"Torso":{"rotation":{"0.0":{"post":[0,0,0],"lerp_mode":"catmullrom"},"0.2083":{"post":[-32.5,0,0],"lerp_mode":"catmullrom"},"0.4167":{"post":[27.2383,0,0],"lerp_mode":"catmullrom"},"0.6667":{"post":[27.2383,0,0],"lerp_mode":"catmullrom"},"1.0":{"post":[27.2383,0,0],"lerp_mode":"catmullrom"},"1.5":{"post":[27.2383,0,0],"lerp_mode":"catmullrom"},"1.8333":{"post":[27.2383,0,0],"lerp_mode":"catmullrom"},"2.3333":{"post":[0,0,0],"lerp_mode":"catmullrom"},"2.5":{"post":[0,0,0],"lerp_mode":"catmullrom"}}},"Head":{"rotation":{"0.0":{"post":[0,0,0],"lerp_mode":"catmullrom"},"0.2083":{"post":[-22.5,0,0],"lerp_mode":"catmullrom"},"0.4167":{"post":[-39.21964,0,0],"lerp_mode":"catmullrom"},"0.6667":{"post":[-40.83819,-13.41673,11.34049],"lerp_mode":"catmullrom"},"1.0":{"post":[-40.47797,11.52007,-9.67236],"lerp_mode":"catmullrom"},"1.5":{"post":[-40.47797,-11.52007,9.67236],"lerp_mode":"catmullrom"},"1.8333":{"post":[-44.92648,12.08129,-0.37571],"lerp_mode":"catmullrom"},"2.3333":{"post":[-21.93112,23.23135,-5.62462],"lerp_mode":"catmullrom"},"2.5":{"post":[0,0,0],"lerp_mode":"catmullrom"}}},"Rightarm":{"rotation":{"0.0":{"post":[0,0,0],"lerp_mode":"catmullrom"},"0.2083":{"post":[0,0,20],"lerp_mode":"catmullrom"},"0.5":{"post":[32.10382,-5.35355,21.8056],"lerp_mode":"catmullrom"},"2.3333":{"post":[32.10382,-5.35355,21.8056],"lerp_mode":"catmullrom"},"2.5":{"post":[0,0,0],"lerp_mode":"catmullrom"}}},"Rightarm2":{"rotation":{"0.0":{"post":[0,0,0],"lerp_mode":"catmullrom"},"0.2083":{"post":[-10,0,0],"lerp_mode":"catmullrom"},"0.5":{"post":[-13.89799,0,0],"lerp_mode":"catmullrom"},"2.3333":{"post":[-13.89799,0,0],"lerp_mode":"catmullrom"},"2.5":{"post":[0,0,0],"lerp_mode":"catmullrom"}}},"Rightarm3":{"rotation":{"0.0":{"post":[0,0,0],"lerp_mode":"catmullrom"},"0.2083":{"post":[-22.5,0,0],"lerp_mode":"catmullrom"},"0.5":{"post":[-27.52048,0,0],"lerp_mode":"catmullrom"},"2.3333":{"post":[-27.52048,0,0],"lerp_mode":"catmullrom"},"2.5":{"post":[0,0,0],"lerp_mode":"catmullrom"}}},"Rightarm4":{"rotation":{"0.0":{"post":[0,0,0],"lerp_mode":"catmullrom"},"0.2083":{"post":[-27.5,0,0],"lerp_mode":"catmullrom"},"0.5":{"post":[-39.46947,0,0],"lerp_mode":"catmullrom"},"2.3333":{"post":[-39.46947,0,0],"lerp_mode":"catmullrom"},"2.5":{"post":[0,0,0],"lerp_mode":"catmullrom"}}},"Leftarm":{"rotation":{"0.0":{"post":[0,0,0],"lerp_mode":"catmullrom"},"0.2083":{"post":[0,0,-20],"lerp_mode":"catmullrom"},"0.5":{"post":[40,0,-17.79598],"lerp_mode":"catmullrom"},"2.3333":{"post":[40,0,-17.79598],"lerp_mode":"catmullrom"},"2.5":{"post":[0,0,0],"lerp_mode":"catmullrom"}}},"Leftarm2":{"rotation":{"0.0":{"post":[0,0,0],"lerp_mode":"catmullrom"},"0.2083":{"post":[-10,0,0],"lerp_mode":"catmullrom"},"0.5":{"post":[-13.89799,0,0],"lerp_mode":"catmullrom"},"2.3333":{"post":[-13.89799,0,0],"lerp_mode":"catmullrom"},"2.5":{"post":[0,0,0],"lerp_mode":"catmullrom"}}},"Leftarm3":{"rotation":{"0.0":{"post":[0,0,0],"lerp_mode":"catmullrom"},"0.2083":{"post":[-22.5,0,0],"lerp_mode":"catmullrom"},"0.5":{"post":[-27.52048,0,0],"lerp_mode":"catmullrom"},"2.3333":{"post":[-27.52048,0,0],"lerp_mode":"catmullrom"},"2.5":{"post":[0,0,0],"lerp_mode":"catmullrom"}}},"Leftarm4":{"rotation":{"0.0":{"post":[0,0,0],"lerp_mode":"catmullrom"},"0.2083":{"post":[-27.5,0,0],"lerp_mode":"catmullrom"},"0.5":{"post":[-34.46947,0,0],"lerp_mode":"catmullrom"},"2.25":{"post":[-34.46947,0,0],"lerp_mode":"catmullrom"},"2.5":{"post":[0,0,0],"lerp_mode":"catmullrom"}}},"bone2":{"rotation":{"0.0":{"post":[0,0,0],"lerp_mode":"catmullrom"},"1.5":{"post":[0,0,0],"lerp_mode":"catmullrom"}}},"Rightleg3":{"rotation":{"0.0":{"post":[0,0,0],"lerp_mode":"catmullrom"},"1.5":{"post":[0,0,0],"lerp_mode":"catmullrom"}}}},"particle_effects":{"0.0":{"effect":"gas","locator":"gas"}}}}}