{"format_version":"1.8.0","animations":{"animation.yg_grabpack.firstperson":{"loop":true,"bones":{"Grab_pack":{"rotation":[-180,360,-180]}}},"animation.yg_grabpack.thirdperson":{"loop":true,"bones":{"Grab_pack":{"rotation":[0,0,0],"position":[0,0,0]}}},"animation.yg_grabpack.shoot":{"loop":true,"animation_length":1,"bones":{"Righthand":{"position":{"0.0":{"post":[0,0,0],"lerp_mode":"catmullrom"},"0.1667":{"post":[0,0,-13],"lerp_mode":"catmullrom"},"0.8333":{"post":[0,0,-13],"lerp_mode":"catmullrom"},"1.0":{"post":[0,0,0],"lerp_mode":"catmullrom"}}}}},"animation.yg_grabpack.shoot2":{"loop":true,"animation_length":1,"bones":{"Lefthand":{"position":{"0.0":{"post":[0,0,0],"lerp_mode":"catmullrom"},"0.1667":{"post":[0,0,-13],"lerp_mode":"catmullrom"},"0.8333":{"post":[0,0,-13],"lerp_mode":"catmullrom"},"1.0":{"post":[0,0,0],"lerp_mode":"catmullrom"}}}}}}}