{"format_version":"1.8.0","animations":{"animation.yg_huggy_wuggy.general":{"loop":true,"animation_length":2,"bones":{"Body":{"rotation":{"0.0":{"post":[0,0,0],"lerp_mode":"catmullrom"},"1.0":{"post":[2.5,0,0],"lerp_mode":"catmullrom"},"2.0":{"post":[0,0,0],"lerp_mode":"catmullrom"}}},"Torso":{"rotation":{"0.0":{"post":[5,0,0],"lerp_mode":"catmullrom"},"1.0":{"post":[7.5,0,0],"lerp_mode":"catmullrom"},"1.5":{"post":[7.5,0,0],"lerp_mode":"catmullrom"},"2.0":{"post":[5,0,0],"lerp_mode":"catmullrom"}}},"Head":{"rotation":{"0.0":{"post":[0,0,0],"lerp_mode":"catmullrom"},"1.0":{"post":[-5,0,0],"lerp_mode":"catmullrom"},"2.0":{"post":[0,0,0],"lerp_mode":"catmullrom"}}},"Rightarm":{"rotation":{"0.0":{"post":[-4.99527,0.21782,2.4905],"lerp_mode":"catmullrom"},"1.0":{"post":[-9.99067,0.43399,2.46207],"lerp_mode":"catmullrom"},"2.0":{"post":[-4.99527,0.21782,2.4905],"lerp_mode":"catmullrom"}}},"Rightarm3":{"rotation":{"0.0":{"post":[-2.5,0,0],"lerp_mode":"catmullrom"},"1.0":{"post":[-2.5,0,0],"lerp_mode":"catmullrom"},"2.0":{"post":[-2.5,0,0],"lerp_mode":"catmullrom"}}},"Leftarm":{"rotation":{"0.0":{"post":[-4.99527,-0.21782,-2.4905],"lerp_mode":"catmullrom"},"1.0":{"post":[-9.99067,-0.43399,-2.46207],"lerp_mode":"catmullrom"},"2.0":{"post":[-4.99527,-0.21782,-2.4905],"lerp_mode":"catmullrom"}}},"Leftarm3":{"rotation":{"0.0":{"post":[-2.5,0,0],"lerp_mode":"catmullrom"},"1.0":{"post":[-2.5,0,0],"lerp_mode":"catmullrom"},"2.0":{"post":[-2.5,0,0],"lerp_mode":"catmullrom"}}}}},"animation.yg_huggy_wuggy.looking":{"loop":true,"bones":{"Head":{"rotation":{"0.0":{"post":["query.target_x_rotation-this","query.target_y_rotation-this",0],"lerp_mode":"catmullrom"}}}}},"animation.yg_huggy_wuggy.move":{"loop":true,"animation_length":1.5,"anim_time_update":"query.modified_distance_moved * 0.1","bones":{"Root":{"position":{"0.0":{"post":[0,-1,0],"lerp_mode":"catmullrom"},"0.375":{"post":[0,0,0],"lerp_mode":"catmullrom"},"0.75":{"post":[0,-1,0],"lerp_mode":"catmullrom"},"1.125":{"post":[0,0,0],"lerp_mode":"catmullrom"},"1.5":{"post":[0,-1,0],"lerp_mode":"catmullrom"}}},"Body":{"rotation":{"0.0":{"post":[10.03742,4.92385,0.87038],"lerp_mode":"catmullrom"},"0.75":{"post":[12.51153,-2.4407,-0.54143],"lerp_mode":"catmullrom"},"1.5":{"post":[10.03742,4.92385,0.87038],"lerp_mode":"catmullrom"}}},"Torso":{"rotation":{"0.0":{"post":[12.5,0,0],"lerp_mode":"catmullrom"},"0.75":{"post":[17.5,0,0],"lerp_mode":"catmullrom"},"1.5":{"post":[12.5,0,0],"lerp_mode":"catmullrom"}}},"Head":{"rotation":{"0.0":{"post":[-12.45392,-1.08089,-4.88206],"lerp_mode":"catmullrom"},"0.75":{"post":[-14.89638,1.61888,7.32417],"lerp_mode":"catmullrom"},"1.5":{"post":[-12.45392,-1.08089,-4.88206],"lerp_mode":"catmullrom"}}},"Rightarm":{"rotation":{"0.0":{"post":[-19.9299,1.70818,4.69986],"lerp_mode":"catmullrom"},"0.75":{"post":[-29.9299,1.70818,4.69986],"lerp_mode":"catmullrom"},"1.5":{"post":[-19.9299,1.70818,4.69986],"lerp_mode":"catmullrom"}}},"Rightarm2":{"rotation":{"0.0":{"post":[0,0,2.5],"lerp_mode":"catmullrom"},"0.75":{"post":[0,0,-5],"lerp_mode":"catmullrom"},"1.5":{"post":[0,0,2.5],"lerp_mode":"catmullrom"}}},"Rightarm3":{"rotation":{"0.0":{"post":[0,0,2.5],"lerp_mode":"catmullrom"},"0.75":{"post":[0,0,-10],"lerp_mode":"catmullrom"},"1.5":{"post":[0,0,2.5],"lerp_mode":"catmullrom"}}},"Rightarm4":{"rotation":{"0.0":{"post":[0,0,12.5],"lerp_mode":"catmullrom"},"0.75":{"post":[0,0,-7.5],"lerp_mode":"catmullrom"},"1.5":{"post":[0,0,12.5],"lerp_mode":"catmullrom"}}},"Leftarm":{"rotation":{"0.0":{"post":[-19.9299,-1.70818,-4.69986],"lerp_mode":"catmullrom"},"0.75":{"post":[-29.9299,-1.70818,-4.69986],"lerp_mode":"catmullrom"},"1.5":{"post":[-19.9299,-1.70818,-4.69986],"lerp_mode":"catmullrom"}}},"Leftarm2":{"rotation":{"0.0":{"post":[0,0,2.5],"lerp_mode":"catmullrom"},"0.75":{"post":[0,0,-2.5],"lerp_mode":"catmullrom"},"1.5":{"post":[0,0,2.5],"lerp_mode":"catmullrom"}}},"Leftarm3":{"rotation":{"0.0":{"post":[0,0,5],"lerp_mode":"catmullrom"},"0.75":{"post":[0,0,-5],"lerp_mode":"catmullrom"},"1.5":{"post":[0,0,5],"lerp_mode":"catmullrom"}}},"Leftarm4":{"rotation":{"0.0":{"post":[0,0,10],"lerp_mode":"catmullrom"},"0.75":{"post":[0,0,-10],"lerp_mode":"catmullrom"},"1.5":{"post":[0,0,10],"lerp_mode":"catmullrom"}}},"Rightleg":{"rotation":{"0.0":{"post":[-12.5,0,0],"lerp_mode":"catmullrom"},"0.75":{"post":[5,0,0],"lerp_mode":"catmullrom"},"1.5":{"post":[-12.5,0,0],"lerp_mode":"catmullrom"}},"position":{"0.0":{"post":[0,0,-1],"lerp_mode":"catmullrom"},"0.375":{"post":[0,0,0],"lerp_mode":"catmullrom"},"0.75":{"post":[0,0,1],"lerp_mode":"catmullrom"},"1.125":{"post":[0,2,0],"lerp_mode":"catmullrom"},"1.5":{"post":[0,0,-1],"lerp_mode":"catmullrom"}}},"Rightleg2":{"rotation":{"0.0":{"post":[10,0,0],"lerp_mode":"catmullrom"},"0.375":{"post":[1.40625,0,0],"lerp_mode":"catmullrom"},"0.75":{"post":[7.5,0,0],"lerp_mode":"catmullrom"},"1.5":{"post":[10,0,0],"lerp_mode":"catmullrom"}}},"Rightleg3":{"rotation":{"0.0":{"post":[17.5,0,0],"lerp_mode":"catmullrom"},"0.375":{"post":[-5.46875,0,0],"lerp_mode":"catmullrom"},"0.75":{"post":[5,0,0],"lerp_mode":"catmullrom"},"1.5":{"post":[17.5,0,0],"lerp_mode":"catmullrom"}}},"Rightleg4":{"rotation":{"0.0":{"post":[5,0,0],"lerp_mode":"catmullrom"},"0.375":{"post":[0.78125,0,0],"lerp_mode":"catmullrom"},"0.75":{"post":[12.5,0,0],"lerp_mode":"catmullrom"},"1.5":{"post":[5,0,0],"lerp_mode":"catmullrom"}}},"Rightfoot":{"rotation":{"0.0":{"post":[-42.5,0,0],"lerp_mode":"catmullrom"},"0.375":{"post":[6.09375,0,0],"lerp_mode":"catmullrom"},"0.75":{"post":[22.5,0,0],"lerp_mode":"catmullrom"},"1.5":{"post":[-42.5,0,0],"lerp_mode":"catmullrom"}}},"Leftleg":{"rotation":{"0.0":{"post":[5,0,0],"lerp_mode":"catmullrom"},"0.75":{"post":[-12.5,0,0],"lerp_mode":"catmullrom"},"1.5":{"post":[5,0,0],"lerp_mode":"catmullrom"}},"position":{"0.0":{"post":[0,0,1],"lerp_mode":"catmullrom"},"0.375":{"post":[0,2,0],"lerp_mode":"catmullrom"},"0.75":{"post":[0,0,-1],"lerp_mode":"catmullrom"},"1.125":{"post":[0,0,0],"lerp_mode":"catmullrom"},"1.5":{"post":[0,0,1],"lerp_mode":"catmullrom"}}},"Leftleg2":{"rotation":{"0.0":{"post":[7.5,0,0],"lerp_mode":"catmullrom"},"0.75":{"post":[10,0,0],"lerp_mode":"catmullrom"},"1.125":{"post":[1.40625,0,0],"lerp_mode":"catmullrom"},"1.5":{"post":[7.5,0,0],"lerp_mode":"catmullrom"}}},"Leftleg3":{"rotation":{"0.0":{"post":[5,0,0],"lerp_mode":"catmullrom"},"0.75":{"post":[17.5,0,0],"lerp_mode":"catmullrom"},"1.125":{"post":[-5.46875,0,0],"lerp_mode":"catmullrom"},"1.5":{"post":[5,0,0],"lerp_mode":"catmullrom"}}},"Leftleg4":{"rotation":{"0.0":{"post":[12.5,0,0],"lerp_mode":"catmullrom"},"0.75":{"post":[5,0,0],"lerp_mode":"catmullrom"},"1.125":{"post":[0.78125,0,0],"lerp_mode":"catmullrom"},"1.5":{"post":[12.5,0,0],"lerp_mode":"catmullrom"}}},"Leftfoot":{"rotation":{"0.0":{"post":[22.5,0,0],"lerp_mode":"catmullrom"},"0.75":{"post":[-42.5,0,0],"lerp_mode":"catmullrom"},"1.125":{"post":[6.09375,0,0],"lerp_mode":"catmullrom"},"1.5":{"post":[22.5,0,0],"lerp_mode":"catmullrom"}}}}},"animation.yg_huggy_wuggy.attack":{"animation_length":1,"bones":{"Root":{"rotation":{"0.0":{"post":[0,0,0],"lerp_mode":"catmullrom"},"0.1667":{"post":[1.81693,19.92066,5.3191],"lerp_mode":"catmullrom"},"0.3333":{"post":[7.5,-20,0],"lerp_mode":"catmullrom"},"0.6667":{"post":[0,-27.5,0],"lerp_mode":"catmullrom"},"1.0":{"post":[0,0,0],"lerp_mode":"catmullrom"}},"position":{"0.0":{"post":[0,0,0],"lerp_mode":"catmullrom"},"0.1667":{"post":[0,-1,0],"lerp_mode":"catmullrom"},"0.3333":{"post":[0,-2.8,0],"lerp_mode":"catmullrom"},"0.6667":{"post":[0,-2.8,0],"lerp_mode":"catmullrom"},"1.0":{"post":[0,0,0],"lerp_mode":"catmullrom"}}},"Body":{"rotation":{"0.0":{"post":[0,0,0],"lerp_mode":"catmullrom"},"0.1667":{"post":[0,22.5,0],"lerp_mode":"catmullrom"},"0.3333":{"post":[22.5,-17.5,0],"lerp_mode":"catmullrom"},"0.6667":{"post":[23.19962,-22.10816,-2.06309],"lerp_mode":"catmullrom"},"1.0":{"post":[0,0,0],"lerp_mode":"catmullrom"}}},"Torso":{"rotation":{"0.0":{"post":[0,0,0],"lerp_mode":"catmullrom"},"0.1667":{"post":[-12.92638,14.63639,-3.31914],"lerp_mode":"catmullrom"},"0.3333":{"post":[16.91381,-17.07228,3.90399],"lerp_mode":"catmullrom"},"0.6667":{"post":[17.43186,-21.84746,2.33491],"lerp_mode":"catmullrom"},"1.0":{"post":[0,0,0],"lerp_mode":"catmullrom"}}},"Head":{"rotation":{"0.0":{"post":[0,0,0],"lerp_mode":"catmullrom"},"0.1667":{"post":[-15,0,0],"lerp_mode":"catmullrom"},"0.3333":{"post":[-25.91527,19.291,-5.38152],"lerp_mode":"catmullrom"},"0.6667":{"post":[-28.0416,15.88286,-12.39075],"lerp_mode":"catmullrom"},"1.0":{"post":[0,0,0],"lerp_mode":"catmullrom"}}},"Rightarm":{"rotation":{"0.0":{"post":[0,0,0],"lerp_mode":"catmullrom"},"0.1667":{"post":[54.06539,48.42583,108.40619],"lerp_mode":"catmullrom"},"0.3333":{"post":[-48.97606,-6.07058,35.69378],"lerp_mode":"catmullrom"},"0.6667":{"post":[-51.48,-6.07,35.69],"lerp_mode":"catmullrom"},"1.0":{"post":[0,0,0],"lerp_mode":"catmullrom"}}},"Rightarm2":{"rotation":{"0.0":{"post":[0,0,0],"lerp_mode":"catmullrom"},"0.1667":{"post":[-15,0,0],"lerp_mode":"catmullrom"},"0.3333":{"post":[-32.10382,-5.35355,-8.45862],"lerp_mode":"catmullrom"},"0.6667":{"post":[-39.6,-5.35,-8.46],"lerp_mode":"catmullrom"},"1.0":{"post":[0,0,0],"lerp_mode":"catmullrom"}}},"Rightarm3":{"rotation":{"0.0":{"post":[0,0,0],"lerp_mode":"catmullrom"},"0.1667":{"post":[-50,0,0],"lerp_mode":"catmullrom"},"0.3333":{"post":[-50.28872,-17.67415,-14.15251],"lerp_mode":"catmullrom"},"0.6667":{"post":[-56.2352,-23.96417,-18.51653],"lerp_mode":"catmullrom"},"1.0":{"post":[0,0,0],"lerp_mode":"catmullrom"}}},"Rightarm4":{"rotation":{"0.0":{"post":[0,0,0],"lerp_mode":"catmullrom"},"0.1667":{"post":[-47.5,0,0],"lerp_mode":"catmullrom"},"0.3333":{"post":[-10.59061,-6.6782,-31.88034],"lerp_mode":"catmullrom"},"0.6667":{"post":[-16.71498,-9.67797,-41.51946],"lerp_mode":"catmullrom"},"1.0":{"post":[0,0,0],"lerp_mode":"catmullrom"}}},"Leftarm":{"rotation":{"0.0":{"post":[0,0,0],"lerp_mode":"catmullrom"},"0.1667":{"post":[18.88172,6.71771,-18.88172],"lerp_mode":"catmullrom"},"0.3333":{"post":[18.25612,8.31087,-23.66235],"lerp_mode":"catmullrom"},"0.6667":{"post":[17.49919,9.84601,-28.47877],"lerp_mode":"catmullrom"},"1.0":{"post":[0,0,0],"lerp_mode":"catmullrom"}}},"Leftarm2":{"rotation":{"0.0":{"post":[0,0,0],"lerp_mode":"catmullrom"},"0.1667":{"post":[-7.5,0,0],"lerp_mode":"catmullrom"},"0.3333":{"post":[-15,0,0],"lerp_mode":"catmullrom"},"0.6667":{"post":[-25,0,0],"lerp_mode":"catmullrom"},"1.0":{"post":[0,0,0],"lerp_mode":"catmullrom"}}},"Leftarm3":{"rotation":{"0.0":{"post":[0,0,0],"lerp_mode":"catmullrom"},"0.1667":{"post":[-12.5,0,0],"lerp_mode":"catmullrom"},"0.3333":{"post":[-25,0,0],"lerp_mode":"catmullrom"},"0.6667":{"post":[-32.5,0,0],"lerp_mode":"catmullrom"},"1.0":{"post":[0,0,0],"lerp_mode":"catmullrom"}}},"Leftarm4":{"rotation":{"0.0":{"post":[0,0,0],"lerp_mode":"catmullrom"},"0.1667":{"post":[-30,0,0],"lerp_mode":"catmullrom"},"0.3333":{"post":[-42.5,0,0],"lerp_mode":"catmullrom"},"0.6667":{"post":[-47.5,0,0],"lerp_mode":"catmullrom"},"1.0":{"post":[0,0,0],"lerp_mode":"catmullrom"}}},"Rightleg":{"rotation":{"0.0":{"post":[0,0,0],"lerp_mode":"catmullrom"},"0.1667":{"post":[-17.48436,0.75155,2.38443],"lerp_mode":"catmullrom"},"0.3333":{"post":[-10.65038,19.37048,6.21299],"lerp_mode":"catmullrom"},"0.6667":{"post":[-9.77451,19.81381,8.8246],"lerp_mode":"catmullrom"},"1.0":{"post":[0,0,0],"lerp_mode":"catmullrom"}}},"Rightleg2":{"rotation":{"0.0":{"post":[0,0,0],"lerp_mode":"catmullrom"},"0.1667":{"post":[15,0,0],"lerp_mode":"catmullrom"},"0.3333":{"post":[20,0,0],"lerp_mode":"catmullrom"},"0.6667":{"post":[20,0,0],"lerp_mode":"catmullrom"},"1.0":{"post":[0,0,0],"lerp_mode":"catmullrom"}}},"Rightleg3":{"rotation":{"0.0":{"post":[0,0,0],"lerp_mode":"catmullrom"},"0.1667":{"post":[15,0,0],"lerp_mode":"catmullrom"},"0.3333":{"post":[20,0,0],"lerp_mode":"catmullrom"},"0.6667":{"post":[20,0,0],"lerp_mode":"catmullrom"},"1.0":{"post":[0,0,0],"lerp_mode":"catmullrom"}}},"Rightleg4":{"rotation":{"0.0":{"post":[0,0,0],"lerp_mode":"catmullrom"},"0.1667":{"post":[12.5,0,0],"lerp_mode":"catmullrom"},"0.3333":{"post":[17.5,0,0],"lerp_mode":"catmullrom"},"0.6667":{"post":[17.5,0,0],"lerp_mode":"catmullrom"},"1.0":{"post":[0,0,0],"lerp_mode":"catmullrom"}}},"Rightfoot":{"rotation":{"0.0":{"post":[0,0,0],"lerp_mode":"catmullrom"},"0.1667":{"post":[-20,0,0],"lerp_mode":"catmullrom"},"0.3333":{"post":[-42.5,0,0],"lerp_mode":"catmullrom"},"0.6667":{"post":[-42.5,0,0],"lerp_mode":"catmullrom"},"1.0":{"post":[0,0,0],"lerp_mode":"catmullrom"}}},"Leftleg":{"rotation":{"0.0":{"post":[0,0,0],"lerp_mode":"catmullrom"},"0.1667":{"post":[2.78565,-27.14597,-8.77883],"lerp_mode":"catmullrom"},"0.3333":{"post":[-30.02136,0.32621,-7.49294],"lerp_mode":"catmullrom"},"0.6667":{"post":[-30.02136,0.32621,-7.49294],"lerp_mode":"catmullrom"},"1.0":{"post":[0,0,0],"lerp_mode":"catmullrom"}}},"Leftleg2":{"rotation":{"0.0":{"post":[0,0,0],"lerp_mode":"catmullrom"},"0.1667":{"post":[10,0,0],"lerp_mode":"catmullrom"},"0.3333":{"post":[17.5,0,0],"lerp_mode":"catmullrom"},"0.6667":{"post":[17.5,0,0],"lerp_mode":"catmullrom"},"1.0":{"post":[0,0,0],"lerp_mode":"catmullrom"}}},"Leftleg3":{"rotation":{"0.0":{"post":[0,0,0],"lerp_mode":"catmullrom"},"0.1667":{"post":[10,0,0],"lerp_mode":"catmullrom"},"0.3333":{"post":[22.5,0,0],"lerp_mode":"catmullrom"},"0.6667":{"post":[22.5,0,0],"lerp_mode":"catmullrom"},"1.0":{"post":[0,0,0],"lerp_mode":"catmullrom"}}},"Leftleg4":{"rotation":{"0.0":{"post":[0,0,0],"lerp_mode":"catmullrom"},"0.1667":{"post":[2.5,0,0],"lerp_mode":"catmullrom"},"0.3333":{"post":[22.5,0,0],"lerp_mode":"catmullrom"},"0.6667":{"post":[22.5,0,0],"lerp_mode":"catmullrom"},"1.0":{"post":[0,0,0],"lerp_mode":"catmullrom"}}},"Leftfoot":{"rotation":{"0.0":{"post":[0,0,0],"lerp_mode":"catmullrom"},"0.1667":{"post":[-22.5,0,0],"lerp_mode":"catmullrom"},"0.3333":{"post":[-35,0,0],"lerp_mode":"catmullrom"},"0.6667":{"post":[-35,0,0],"lerp_mode":"catmullrom"},"1.0":{"post":[0,0,0],"lerp_mode":"catmullrom"}}}}},"animation.yg_huggy_wuggy.jumpscare":{"animation_length":1.5,"bones":{"Body":{"rotation":{"0.0":{"post":[0,0,0],"lerp_mode":"catmullrom"},"0.1667":{"post":[7.5,0,0],"lerp_mode":"catmullrom"},"0.3333":{"post":[-10.9375,0,0],"lerp_mode":"catmullrom"},"1.0":{"post":[-10.9375,0,0],"lerp_mode":"catmullrom"},"1.25":{"post":[20.3125,0,0],"lerp_mode":"catmullrom"},"1.5":{"post":[0,0,0],"lerp_mode":"catmullrom"}}},"Torso":{"rotation":{"0.0":{"post":[0,0,0],"lerp_mode":"catmullrom"},"0.1667":{"post":[15,0,0],"lerp_mode":"catmullrom"},"0.3333":{"post":[-6.875,0,0],"lerp_mode":"catmullrom"},"1.0":{"post":[-6.875,0,0],"lerp_mode":"catmullrom"},"1.25":{"post":[27.05357,0,0],"lerp_mode":"catmullrom"},"1.5":{"post":[0,0,0],"lerp_mode":"catmullrom"}}},"Head":{"rotation":{"0.0":{"post":[0,0,0],"lerp_mode":"catmullrom"},"0.1667":{"post":[17.5,0,0],"lerp_mode":"catmullrom"},"0.3333":{"post":[15.18757,1.97537,-7.23662],"lerp_mode":"catmullrom"},"1.0":{"post":[15.18757,-1.97537,7.23662],"lerp_mode":"catmullrom"},"1.25":{"post":[-18.49104,-0.84659,3.10141],"lerp_mode":"catmullrom"},"1.5":{"post":[0,0,0],"lerp_mode":"catmullrom"}}},"Rightarm":{"rotation":{"0.0":{"post":[0,0,0],"lerp_mode":"catmullrom"},"0.1667":{"post":[0,0,20],"lerp_mode":"catmullrom"},"1.25":{"post":[0,0,20],"lerp_mode":"catmullrom"},"1.5":{"post":[0,0,0],"lerp_mode":"catmullrom"}}},"Rightarm2":{"rotation":{"0.0":{"post":[0,0,0],"lerp_mode":"catmullrom"},"0.1667":{"post":[-65,0,0],"lerp_mode":"catmullrom"},"1.25":{"post":[-65,0,0],"lerp_mode":"catmullrom"},"1.5":{"post":[0,0,0],"lerp_mode":"catmullrom"}}},"Rightarm3":{"rotation":{"0.0":{"post":[0,0,0],"lerp_mode":"catmullrom"},"0.1667":{"post":[-30,0,0],"lerp_mode":"catmullrom"},"1.25":{"post":[-30,0,0],"lerp_mode":"catmullrom"},"1.5":{"post":[0,0,0],"lerp_mode":"catmullrom"}}},"Rightarm4":{"rotation":{"0.0":{"post":[0,0,0],"lerp_mode":"catmullrom"},"0.1667":{"post":[-20,0,-37.5],"lerp_mode":"catmullrom"},"0.75":{"post":[-10.56262,9.30142,-18.85058],"lerp_mode":"catmullrom"},"1.25":{"post":[-20,0,-37.5],"lerp_mode":"catmullrom"},"1.5":{"post":[0,0,0],"lerp_mode":"catmullrom"}}},"Leftarm":{"rotation":{"0.0":{"post":[0,0,0],"lerp_mode":"catmullrom"},"0.1667":{"post":[0,0,-17.5],"lerp_mode":"catmullrom"},"1.25":{"post":[0,0,-17.5],"lerp_mode":"catmullrom"},"1.5":{"post":[0,0,0],"lerp_mode":"catmullrom"}}},"Leftarm2":{"rotation":{"0.0":{"post":[0,0,0],"lerp_mode":"catmullrom"},"0.1667":{"post":[-45,0,0],"lerp_mode":"catmullrom"},"1.25":{"post":[-45,0,0],"lerp_mode":"catmullrom"},"1.5":{"post":[0,0,0],"lerp_mode":"catmullrom"}}},"Leftarm3":{"rotation":{"0.0":{"post":[0,0,0],"lerp_mode":"catmullrom"},"0.1667":{"post":[-52.5,0,0],"lerp_mode":"catmullrom"},"1.25":{"post":[-52.5,0,0],"lerp_mode":"catmullrom"},"1.5":{"post":[0,0,0],"lerp_mode":"catmullrom"}}},"Leftarm4":{"rotation":{"0.0":{"post":[0,0,0],"lerp_mode":"catmullrom"},"0.1667":{"post":[-31.28223,9.29798,14.89149],"lerp_mode":"catmullrom"},"0.75":{"post":[-8.08521,-8.70371,-9.63883],"lerp_mode":"catmullrom"},"1.25":{"post":[-31.28223,9.29798,14.89149],"lerp_mode":"catmullrom"},"1.5":{"post":[0,0,0],"lerp_mode":"catmullrom"}}}}}}}