{"format_version":"1.8.0","animations":{"animation.yg_prototype.general":{"loop":true,"animation_length":2,"bones":{"Body":{"rotation":{"0.0":{"post":[5,0,0],"lerp_mode":"catmullrom"},"1.0":{"post":[7.5,0,0],"lerp_mode":"catmullrom"},"1.5":{"post":[7.5,0,0],"lerp_mode":"catmullrom"},"2.0":{"post":[5,0,0],"lerp_mode":"catmullrom"}}},"Rightarm":{"rotation":{"0.0":{"post":[0,0,2.5],"lerp_mode":"catmullrom"},"1.0":{"post":[0,0,10],"lerp_mode":"catmullrom"},"2.0":{"post":[0,0,2.5],"lerp_mode":"catmullrom"}}},"bone2":{"rotation":{"0.0":{"post":[-30,0,0],"lerp_mode":"catmullrom"},"1.0":{"post":[-35,0,0],"lerp_mode":"catmullrom"},"2.0":{"post":[-30,0,0],"lerp_mode":"catmullrom"}}},"Leftarm":{"rotation":{"0.0":{"post":[-0.00473,0.21782,-2.4905],"lerp_mode":"catmullrom"},"1.0":{"post":[-0.07558,0.86717,-9.96271],"lerp_mode":"catmullrom"},"2.0":{"post":[-0.00473,0.21782,-2.4905],"lerp_mode":"catmullrom"}}},"bone24":{"rotation":{"0.0":{"post":[-30,0,0],"lerp_mode":"catmullrom"},"1.0":{"post":[-35,0,0],"lerp_mode":"catmullrom"},"2.0":{"post":[-30,0,0],"lerp_mode":"catmullrom"}}},"Head":{"rotation":{"0.0":{"post":[-2.5,0,0],"lerp_mode":"catmullrom"},"1.0":{"post":[-7.5,0,0],"lerp_mode":"catmullrom"},"2.0":{"post":[-2.5,0,0],"lerp_mode":"catmullrom"}}},"bone":{"rotation":{"0.0":{"post":[-2.5,0,0],"lerp_mode":"catmullrom"},"1.0":{"post":[5,0,0],"lerp_mode":"catmullrom"},"2.0":{"post":[-2.5,0,0],"lerp_mode":"catmullrom"}}}}},"animation.yg_prototype.looking":{"loop":true,"bones":{"Head":{"rotation":{"0.0":{"post":["query.target_x_rotation-this","query.target_y_rotation-this",0],"lerp_mode":"catmullrom"}}}}},"animation.yg_prototype.move":{"loop":true,"animation_length":1.5,"anim_time_update":"query.modified_distance_moved * 0.1","bones":{"Root":{"position":{"0.0":{"post":[0,-2,0],"lerp_mode":"catmullrom"},"0.375":{"post":[0,-1,0],"lerp_mode":"catmullrom"},"0.75":{"post":[0,-3,0],"lerp_mode":"catmullrom"},"1.125":{"post":[0,-1,0],"lerp_mode":"catmullrom"},"1.5":{"post":[0,-2,0],"lerp_mode":"catmullrom"}}},"Body":{"rotation":{"0.0":{"post":[7.52832,4.95712,0.65426],"lerp_mode":"catmullrom"},"0.75":{"post":[10.03742,-4.92385,-0.87038],"lerp_mode":"catmullrom"},"1.5":{"post":[7.52832,4.95712,0.65426],"lerp_mode":"catmullrom"}}},"Rightarm":{"rotation":{"0.0":{"post":[12.2127,-2.68507,12.2127],"lerp_mode":"catmullrom"},"0.75":{"post":[14.71,-2.69,12.21],"lerp_mode":"catmullrom"},"1.5":{"post":[12.21,-2.69,12.21],"lerp_mode":"catmullrom"}}},"bone2":{"rotation":{"0.0":{"post":[-67.5,0,0],"lerp_mode":"catmullrom"},"0.75":{"post":[-70,0,0],"lerp_mode":"catmullrom"},"1.5":{"post":[-67.5,0,0],"lerp_mode":"catmullrom"}}},"Leftarm":{"rotation":{"0.0":{"post":[11.73634,5.188,-16.73634],"lerp_mode":"catmullrom"},"0.75":{"post":[14.24,5.19,-16.74],"lerp_mode":"catmullrom"},"1.5":{"post":[11.74,5.19,-16.74],"lerp_mode":"catmullrom"}}},"bone24":{"rotation":{"0.0":{"post":[-67.5,0,0],"lerp_mode":"catmullrom"},"0.75":{"post":[-70,0,0],"lerp_mode":"catmullrom"},"1.5":{"post":[-67.5,0,0],"lerp_mode":"catmullrom"}}},"Head":{"rotation":{"0.0":{"post":[0,0,7.5],"lerp_mode":"catmullrom"},"0.75":{"post":[0,0,-2.5],"lerp_mode":"catmullrom"},"1.5":{"post":[0,0,7.5],"lerp_mode":"catmullrom"}}},"bone":{"rotation":{"0.0":{"post":[0,0,0],"lerp_mode":"catmullrom"},"0.75":{"post":[10,0,0],"lerp_mode":"catmullrom"},"1.5":{"post":[0,0,0],"lerp_mode":"catmullrom"}}},"Rightleg":{"rotation":{"0.0":{"post":[-32.5,0,0],"lerp_mode":"catmullrom"},"0.75":{"post":[12.5,0,0],"lerp_mode":"catmullrom"},"1.5":{"post":[-32.5,0,0],"lerp_mode":"catmullrom"}},"position":{"0.0":{"post":[0,0,-1],"lerp_mode":"catmullrom"},"0.375":{"post":[0,0,0],"lerp_mode":"catmullrom"},"0.75":{"post":[0,0,1],"lerp_mode":"catmullrom"},"1.125":{"post":[0,2,0],"lerp_mode":"catmullrom"},"1.5":{"post":[0,0,-1],"lerp_mode":"catmullrom"}}},"bone48":{"rotation":{"0.0":{"post":[40,0,0],"lerp_mode":"catmullrom"},"0.75":{"post":[50,0,0],"lerp_mode":"catmullrom"},"1.125":{"post":[8.125,0,0],"lerp_mode":"catmullrom"},"1.5":{"post":[40,0,0],"lerp_mode":"catmullrom"}}},"Leftleg":{"rotation":{"0.0":{"post":[12.5,0,0],"lerp_mode":"catmullrom"},"0.75":{"post":[-32.5,0,0],"lerp_mode":"catmullrom"},"1.5":{"post":[12.5,0,0],"lerp_mode":"catmullrom"}},"position":{"0.0":{"post":[0,0,1],"lerp_mode":"catmullrom"},"0.375":{"post":[0,2,0],"lerp_mode":"catmullrom"},"0.75":{"post":[0,0,-1],"lerp_mode":"catmullrom"},"1.125":{"post":[0,0,0],"lerp_mode":"catmullrom"},"1.5":{"post":[0,0,1],"lerp_mode":"catmullrom"}}},"bone46":{"rotation":{"0.0":{"post":[50,0,0],"lerp_mode":"catmullrom"},"0.375":{"post":[8.125,0,0],"lerp_mode":"catmullrom"},"0.75":{"post":[40,0,0],"lerp_mode":"catmullrom"},"1.5":{"post":[50,0,0],"lerp_mode":"catmullrom"}}}}},"animation.yg_prototype.climbing":{"loop":true,"animation_length":1,"bones":{"Prototype":{"position":{"0.0":[0,0,0],"0.25":[0,0,4],"0.5":[0,0,1],"0.75":[0,0,4],"1.0":[0,0,0]}},"Head":{"rotation":{"0.0":[-45,0,0],"0.5":[-57.5,0,0],"1.0":[-45,0,0]}},"bone":{"rotation":{"0.0":[0,0,0],"0.5":[25,0,0],"1.0":[0,0,0]}},"Body":{"rotation":{"0.0":[0,0,0],"0.25":[-12.5,0,0],"0.5":[0,0,0],"0.75":[-12.5,0,0],"1.0":[0,0,0]}},"Rightarm":{"rotation":{"0.0":[-165.48918,3.84097,-29.51082],"0.5":[-31.60659,7.99365,-2.26585],"1.0":[-165.48918,3.84097,-29.51082]}},"bone2":{"rotation":{"0.0":[19.35043,-5.13476,-0.4202],"0.5":[-64.30096,12.77345,-9.69527],"1.0":[19.35043,-5.13476,-0.4202]}},"bone3":{"rotation":{"0.0":[-41.38168,-29.74357,41.95536],"0.5":[-89.91565,24.98399,101.63483],"1.0":[-41.38168,-29.74357,41.95536]}},"Leftarm":{"rotation":{"0.0":[-29.14743,-7.43547,1.93569],"0.5":[-170.3342,-2.57594,29.78217],"1.0":[-51.53653,-11.84911,5.73567]}},"bone24":{"rotation":{"0.0":[-87.41193,-14.98539,14.33037],"0.5":[19.37006,5.07855,0.86728],"1.0":[-87.41193,-14.98539,14.33037]}},"bone25":{"rotation":{"0.0":[-83.38739,-25.03677,-86.20126],"0.5":[-56.32585,23.01162,-52.64526],"1.0":[-82.37827,-10.26715,-83.04446]}},"Leftleg":{"rotation":{"0.0":[-22.5,0,0],"0.5":[-60,0,0],"1.0":[-22.5,0,0]}},"bone46":{"rotation":{"0.0":[39.93402,0.57399,0.59661],"0.25":[53.31604,0.90566,5.79407],"0.5":[101.51772,-2.32488,11.00079],"0.75":[55.81944,5.53944,8.19073],"1.0":[39.93402,0.57399,0.59661]}},"bone47":{"rotation":{"0.0":[0,0,0],"0.5":[-39.13234,-2.52992,-7.21725],"1.0":[0,0,0]}},"Rightleg":{"rotation":{"0.0":[-60,0,0],"0.5":[-27.5,0,0],"1.0":[-60,0,0]}},"bone48":{"rotation":{"0.0":[101.51772,-2.32488,11.00079],"0.25":[55.81944,5.53944,8.19073],"0.5":[44.79651,7.99054,7.93196],"0.75":[55.81944,5.53944,8.19073],"1.0":[101.51772,-2.32488,11.00079]}},"bone49":{"rotation":{"0.0":[-39.13234,-2.52992,-7.21725],"0.5":[2.452,-0.01272,0.48713],"1.0":[-39.13234,-2.52992,-7.21725]}}}},"animation.yg_prototype.attack":{"animation_length":1,"bones":{"Head":{"rotation":{"0.0":{"post":[0,0,0],"lerp_mode":"catmullrom"},"0.1667":{"post":[12.5,0,0],"lerp_mode":"catmullrom"},"0.3333":{"post":[7.85897,17.54607,-14.94561],"lerp_mode":"catmullrom"},"0.625":{"post":[5.24255,17.67052,-7.07745],"lerp_mode":"catmullrom"},"1.0":{"post":[0,0,0],"lerp_mode":"catmullrom"}}},"bone":{"rotation":{"0.0":{"post":[0,0,0],"lerp_mode":"catmullrom"},"0.1667":{"post":[7.5,0,0],"lerp_mode":"catmullrom"},"0.3333":{"post":[10,0,0],"lerp_mode":"catmullrom"},"0.625":{"post":[15,0,0],"lerp_mode":"catmullrom"},"1.0":{"post":[0,0,0],"lerp_mode":"catmullrom"}}},"Body":{"rotation":{"0.0":{"post":[0,0,0],"lerp_mode":"catmullrom"},"0.1667":{"post":[-11.5064,21.93857,5.123],"lerp_mode":"catmullrom"},"0.3333":{"post":[-0.40398,-30.30619,1.71697],"lerp_mode":"catmullrom"},"0.6667":{"post":[3.67192,-40.05657,-1.00794],"lerp_mode":"catmullrom"},"1.0":{"post":[0,0,0],"lerp_mode":"catmullrom"}}},"Rightarm":{"rotation":{"0.0":{"post":[0,0,0],"lerp_mode":"catmullrom"},"0.1667":{"post":[-77.9117,53.77546,13.92809],"lerp_mode":"catmullrom"},"0.3333":{"post":[-84.76228,-12.3071,-2.20462],"lerp_mode":"catmullrom"},"0.75":{"post":[-84.52521,-17.22575,-3.13388],"lerp_mode":"catmullrom"},"1.0":{"post":[0,0,0],"lerp_mode":"catmullrom"}}},"bone2":{"rotation":{"0.0":{"post":[0,0,0],"lerp_mode":"catmullrom"},"0.1667":{"post":[4.5662,26.94622,18.89595],"lerp_mode":"catmullrom"},"0.3333":{"post":[13.8017,-41.99821,-35.00057],"lerp_mode":"catmullrom"},"0.75":{"post":[8.8017,-41.99821,-35.00057],"lerp_mode":"catmullrom"},"1.0":{"post":[0,0,0],"lerp_mode":"catmullrom"}}},"bone3":{"rotation":{"0.0":{"post":[0,0,0],"lerp_mode":"catmullrom"},"0.1667":{"post":[-4.80614,61.06931,31.28777],"lerp_mode":"catmullrom"},"0.3333":{"post":[-14.30341,67.64656,-29.0663],"lerp_mode":"catmullrom"},"0.75":{"post":[-31.80341,67.64656,-29.0663],"lerp_mode":"catmullrom"},"1.0":{"post":[0,0,0],"lerp_mode":"catmullrom"}}},"Leftarm":{"rotation":{"0.0":{"post":[0,0,0],"lerp_mode":"catmullrom"},"0.1667":{"post":[-0.07558,0.86717,-9.96271],"lerp_mode":"catmullrom"},"0.3333":{"post":[9.92442,0.86717,-9.96271],"lerp_mode":"catmullrom"},"0.75":{"post":[12.42442,0.86717,-9.96271],"lerp_mode":"catmullrom"},"1.0":{"post":[0,0,0],"lerp_mode":"catmullrom"}}},"bone24":{"rotation":{"0.0":{"post":[0,0,0],"lerp_mode":"catmullrom"},"0.1667":{"post":[-12.5,0,0],"lerp_mode":"catmullrom"},"0.3333":{"post":[10,0,0],"lerp_mode":"catmullrom"},"0.75":{"post":[0,0,0],"lerp_mode":"catmullrom"},"1.0":{"post":[0,0,0],"lerp_mode":"catmullrom"}}},"bone25":{"rotation":{"0.0":{"post":[0,0,0],"lerp_mode":"catmullrom"},"0.1667":{"post":[0,0,0],"lerp_mode":"catmullrom"},"0.3333":{"post":[15.74603,-4.97154,19.46083],"lerp_mode":"catmullrom"},"0.75":{"post":[30.00905,-15.91185,39.19898],"lerp_mode":"catmullrom"},"1.0":{"post":[0,0,0],"lerp_mode":"catmullrom"}}}}},"animation.yg_prototype.jumpscare":{"animation_length":1.5,"bones":{"Body":{"rotation":{"0.0":{"post":[0,0,0],"lerp_mode":"catmullrom"},"0.1667":{"post":[-12.5,0,0],"lerp_mode":"catmullrom"},"0.3333":{"post":[12.5,0,0],"lerp_mode":"catmullrom"},"1.3333":{"post":[12.5,0,0],"lerp_mode":"catmullrom"},"1.5":{"post":[0,0,0],"lerp_mode":"catmullrom"}}},"Rightarm":{"rotation":{"0.0":{"post":[0,0,0],"lerp_mode":"catmullrom"},"0.1667":{"post":[-30,0,0],"lerp_mode":"catmullrom"},"0.3333":{"post":[0,0,0],"lerp_mode":"catmullrom"},"1.3333":{"post":[0,0,0],"lerp_mode":"catmullrom"},"1.5":{"post":[0,0,0],"lerp_mode":"catmullrom"}}},"bone2":{"rotation":{"0.0":{"post":[0,0,0],"lerp_mode":"catmullrom"},"0.1667":{"post":[-20,0,0],"lerp_mode":"catmullrom"},"0.3333":{"post":[7.5,0,0],"lerp_mode":"catmullrom"},"1.3333":{"post":[7.5,0,0],"lerp_mode":"catmullrom"},"1.5":{"post":[0,0,0],"lerp_mode":"catmullrom"}}},"Head":{"rotation":{"0.0":{"post":[0,0,0],"lerp_mode":"catmullrom"},"0.1667":{"post":[-22.5,0,0],"lerp_mode":"catmullrom"},"0.3333":{"post":[-5,0,0],"lerp_mode":"catmullrom"},"0.5":{"post":[-4.65993,3.21132,12.08681],"lerp_mode":"catmullrom"},"1.0":{"post":[-4.94548,-1.29256,-4.83045],"lerp_mode":"catmullrom"},"1.3333":{"post":[-4.94548,-1.29256,-4.83045],"lerp_mode":"catmullrom"},"1.5":{"post":[0,0,0],"lerp_mode":"catmullrom"}}},"bone":{"rotation":{"0.0":{"post":[0,0,0],"lerp_mode":"catmullrom"},"0.1667":{"post":[-7.5,0,0],"lerp_mode":"catmullrom"},"0.3333":{"post":[20,0,0],"lerp_mode":"catmullrom"},"1.3333":{"post":[20,0,0],"lerp_mode":"catmullrom"},"1.5":{"post":[0,0,0],"lerp_mode":"catmullrom"}}},"Leftarm":{"rotation":{"0.0":{"post":[0,0,0],"lerp_mode":"catmullrom"},"0.1667":{"post":[-30,0,0],"lerp_mode":"catmullrom"},"0.3333":{"post":[-5,0,0],"lerp_mode":"catmullrom"},"1.3333":{"post":[-5,0,0],"lerp_mode":"catmullrom"},"1.5":{"post":[0,0,0],"lerp_mode":"catmullrom"}}},"bone24":{"rotation":{"0.0":{"post":[0,0,0],"lerp_mode":"catmullrom"},"0.1667":{"post":[-25,0,0],"lerp_mode":"catmullrom"},"0.3333":{"post":[0,0,0],"lerp_mode":"catmullrom"},"1.3333":{"post":[0,0,0],"lerp_mode":"catmullrom"},"1.5":{"post":[0,0,0],"lerp_mode":"catmullrom"}}}}}}}