{
  "format_version": "1.16.100",
  "minecraft:item": {
	"description": {
      "identifier": "pixel:diamond_lance",
      "category":"Equipment"
    },
    "components": {
	  "minecraft:icon": {
	    "texture": "diamond_lance"
	  },
      "minecraft:creative_category": {
        "parent": "itemGroup.name.sword"
      },
	  "tag:damage:12":{},
      "tag:minecraft:is_lance":{},
	  "minecraft:display_name": {
		"value": "item.pixel:diamond_lance.name"
	  },
      "minecraft:max_stack_size": 1,
      "minecraft:use_duration": 3600,
      "minecraft:hand_equipped": true,
      "minecraft:durability": {
        "max_durability": 1890,
        "damage_chance": {
          "min": 60,
          "max": 100
        }
      },
      "minecraft:repairable": {
        "repair_items": [
          {
            "items": [ "minecraft:diamond" ],
            "repair_amount": 560
          },
          {
            "items": [ "pixel:repair_item" ],
            "repair_amount": 250
          },
          {
            "items": [ "pixel:diamond_lance" ],
            "repair_amount": "query.max_durability"
          }
        ]
      },
      "minecraft:mining_speed": 1.5,
      "minecraft:damage": 12,
      "minecraft:enchantable": {
        "value": 12,
        "slot": "sword"
      },
      "minecraft:can_destroy_in_creative": false,
      "minecraft:digger": {
        "use_efficiency": true,
        "destroy_speeds": [
          {
            "block": "minecraft:web",
            "speed": 15,
			"on_dig": {
			  "event": "minecraft:break"
			}
          },
          {
            "block": "minecraft:bamboo",
            "speed": 10,
			"on_dig": {
			  "event": "minecraft:break"
			}
          }
        ],
		"on_dig": {
		  "event": "minecraft:break",
		  "target": "self"
		}
      },
      "minecraft:chargeable": {
		"on_complete": {
		  "event": "filter_the_shoot",
		  "target": "self"
		}
	  },
	  "minecraft:weapon": {
		"on_hurt_entity": {
		  "event": "minecraft:break"
		}
	  }
	},
	"events": {
	  "minecraft:break": {
	    "sequence":[
	      {
		    "condition": "query.scoreboard('hvymstr') >= 0 && query.scoreboard('hvymstr') < 50",
		    "sequence":[
	          {
		        "condition": "query.is_sprinting && query.scoreboard('lance_cd') < 2",
	            "sequence":[
	              {
		            "damage": {
		              "type": "magic",
		              "amount": 1,
		              "target": "other"
		            }
	              }
	            ]
	          },
	          {
		        "condition": "query.is_riding && query.scoreboard('lance_cd') < 2",
	            "sequence":[
	              {
		            "damage": {
		              "type": "magic",
		              "amount": 2,
		              "target": "other"
		            }
	              }
	            ]
	          }
		    ]
	      },
	      {
		    "condition": "query.scoreboard('hvymstr') >= 50 && query.scoreboard('hvymstr') < 100",
		    "sequence":[
	          {
		        "condition": "query.is_sprinting && query.scoreboard('lance_cd') < 2",
	            "sequence":[
	              {
		            "damage": {
		              "type": "magic",
		              "amount": 2,
		              "target": "other"
		            }
	              }
	            ]
	          },
	          {
		        "condition": "query.is_riding && query.scoreboard('lance_cd') < 2",
	            "sequence":[
	              {
		            "damage": {
		              "type": "magic",
		              "amount": 4,
		              "target": "other"
		            }
	              }
	            ]
	          }
		    ]
	      },
	      {
		    "condition": "query.scoreboard('hvymstr') >= 100 && query.scoreboard('hvymstr') < 1000",
		    "sequence":[
	          {
		        "condition": "query.is_sprinting && query.scoreboard('lance_cd') < 2",
	            "sequence":[
	              {
		            "damage": {
		              "type": "magic",
		              "amount": 4,
		              "target": "other"
		            }
	              }
	            ]
	          },
	          {
		        "condition": "query.is_riding && query.scoreboard('lance_cd') < 2",
	            "sequence":[
	              {
		            "damage": {
		              "type": "magic",
		              "amount": 8,
		              "target": "other"
		            }
	              }
	            ]
	          }
		    ]
	      },
	      {
		    "condition": "query.scoreboard('hvymstr') >= 1000",
		    "sequence":[
	          {
		        "condition": "query.is_sprinting && query.scoreboard('lance_cd') < 2",
	            "sequence":[
	              {
		            "damage": {
		              "type": "magic",
		              "amount": 5,
		              "target": "other"
		            }
	              }
	            ]
	          },
	          {
		        "condition": "query.is_riding && query.scoreboard('lance_cd') < 2",
	            "sequence":[
	              {
		            "damage": {
		              "type": "magic",
		              "amount": 10,
		              "target": "other"
		            }
	              }
	            ]
	          }
		    ]
	      },
	      {
	        "randomize":[
	          {
	            "weight": 10,
		        "damage": {
		          "type": "durability",
		          "amount": 1
	            }
	          },
	          {
	            "weight": 20,
		        "damage": {
		          "type": "durability",
		          "amount": 0
	            }
	          },
	          {
	            "weight": 5,
		        "damage": {
		          "type": "durability",
		          "amount": 2
	            }
	          }
	        ]
	      }
	    ]
	  }
    }
  }
}