{
  "format_version": "1.8.0",
  "minecraft:entity": {
    "description": {
      "identifier": "fc:hippocampus",
      "is_spawnable": true,
      "is_summonable": true,
      "is_experimental": false
    },
    "components": {
      "minecraft:type_family": {
        "family": [
          "cod",
          "fish"
        ]
      },
      "minecraft:collision_box": {
        "height": 0.3,
        "width": 0.6
      },
      "minecraft:health": {
        "value": 20,
        "max": 20
      },
      "minecraft:scale": {
        "value": 1.2
      },
      "minecraft:movement": {
        "value": 0.3
      },
      "minecraft:underwater_movement": {
        "value": 0.1
      },
      "minecraft:navigation.generic": {
        "is_amphibious": false,
        "can_path_over_water": false,
        "can_swim": true,
        "can_walk": false,
        "can_breach": false,
        "can_sink": false
      },
      "minecraft:physics": {},
      "minecraft:movement.sway": {
        "sway_amplitude": 0.0
      },
      "minecraft:behavior.swim_idle": {
        "priority": 5
      },
      "minecraft:behavior.random_swim": {
        "priority": 3,
        "speed_multiplier": 1.0,
        "xz_dist": 16,
        "y_dist": 4,
        "interval": 0
      },
      "minecraft:behavior.swim_wander": {
        "priority": 4,
        "speed_multiplier": 1.0,
        "interval": 10,
        "look_ahead": 2.0
      },
      "minecraft:behavior.avoid_mob_type": {
        "priority": 1,
        "entity_types": [
          {
            "filters": {
              "test": "is_family",
              "subject": "other",
              "value": "player",
              "other_with_families": []
            },
            "max_dist": 6,
            "walk_speed_multiplier": 1.5,
            "sprint_speed_multiplier": 2.0
          }
        ]
      },
      "minecraft:nameable": {
        "alwaysShow": false,
        "allowNameTagRenaming": true
      },
      "minecraft:experience_reward": {
        "on_death": "query.last_hit_by_player ? 10 : 0"
      },
      "minecraft:rideable": {
        "seat_count": 1,
        "family_types": [
          "player",
          "zombie",
          "drowned"
        ],
        "interact_text": "action.interact.mount",
        "pull_in_entities": true,
        "seats": [
          {
            "position": [
              0.0,
              0.6,
              -0.2
            ]
          }
        ]
      },
      "minecraft:addrider": {
        "entity_type": null
      },
      "minecraft:behavior.panic": {
        "speed_multiplier": 1.25
      },
      "minecraft:behavior.flee_sun": {
        "priority": 2,
        "speed_multiplier": 2
      },
      "minecraft:behavior.restrict_sun": {
        "priority": 1
      },
      "minecraft:on_death": {
        "event": "on:death",
        "target": "self"
      },
      "minecraft:on_hurt": {
        "event": "on:hurt",
        "target": "self"
      },
      "minecraft:on_hurt_by_player": {
        "event": "on:hurt_by_player",
        "target": "self"
      },
      "minecraft:on_ignite": {
        "event": "on:ignite",
        "target": "self"
      },
      "minecraft:on_target_acquired": {
        "event": "on:target_acquired",
        "target": "self"
      },
      "minecraft:on_target_escape": {
        "event": "on:target_escape",
        "target": "self"
      },
      "minecraft:on_wake_with_owner": {
        "event": "on:wake_with_owner",
        "target": "self"
      },
      "minecraft:loot": {
        "table": "loot_tables/entities/fc_hippocampus.json"
      }
    },
    "events": {
      "on:death": {
        "run_command": {
          "command": []
        }
      },
      "on:hurt": {
        "run_command": {
          "command": []
        }
      },
      "on:hurt_by_player": {
        "run_command": {
          "command": []
        }
      },
      "on:ignite": {
        "run_command": {
          "command": []
        }
      },
      "on:target_acquired": {
        "run_command": {
          "command": []
        }
      },
      "on:target_escape": {
        "run_command": {
          "command": []
        }
      },
      "on:wake_with_owner": {
        "run_command": {
          "command": []
        }
      }
    },
    "component_groups": null
  }
}