{
  "format_version": "1.11",
  "minecraft:entity": {
    "description": {
      "identifier": "minecraft:player",
      "is_spawnable": false,
      "is_summonable": false,
      "is_experimental": false,
      "scripts": {
        "animate": [
          "walk",
          "fc:medusa_head",
          "fc:fairy_dust_arrow",
          "fc:spear",
          "fc:siren_tail_green",
          "fc:siren_tail",
          "fc:siren_tail_pink",
          "fc:flower_tiara",
          "fc:siren_helmet",
          "fc:yeti_chestplate",
          "fc:siren_tail_purple"
        ]
      },
      "animations": {
        "walk": "controller.animation.walk",
        "fc:medusa_head": "controller.animation.fc_medusa_head",
        "fc:fairy_dust_arrow": "controller.animation.fc_fairy_dust_arrow",
        "fc:spear": "controller.animation.fc_spear",
        "fc:siren_tail_green": "controller.animation.fc_siren_tail_green",
        "fc:siren_tail": "controller.animation.fc_siren_tail",
        "fc:siren_tail_pink": "controller.animation.fc_siren_tail_pink",
        "fc:flower_tiara": "controller.animation.fc_flower_tiara",
        "fc:siren_helmet": "controller.animation.fc_siren_helmet",
        "fc:yeti_chestplate": "controller.animation.fc_yeti_chestplate",
        "fc:siren_tail_purple": "controller.animation.fc_siren_tail_purple"
      }
    },
    "component_groups": {
      "pamobile:respawn": {
        "minecraft:mark_variant": {
          "value": 99999
        },
        "minecraft:health": {
          "value": 20,
          "max": 20
        },
        "minecraft:movement": {
          "value": 0.1
        },
        "minecraft:attack": {
          "damage": 1
        },
        "minecraft:spell_effects": {
          "remove_effects": [
            "water_breathing",
            "regeneration"
          ]
        }
      },
      "ammo:1": {
        "minecraft:mark_variant": {
          "value": 1
        }
      },
      "fc:siren_sword": {
        "minecraft:health": {
          "value": 22,
          "max": 22
        },
        "minecraft:movement": {
          "value": 0.1
        },
        "minecraft:spell_effects": {
          "add_effects": []
        }
      },
      "fc:unicorn_horn_sword": {
        "minecraft:health": {
          "value": 20,
          "max": 20
        },
        "minecraft:movement": {
          "value": 0.1
        },
        "minecraft:spell_effects": {
          "add_effects": []
        }
      },
      "fc:medusa_head_fire": {
        "minecraft:spawn_entity": [
          {
            "min_wait_time": 0,
            "max_wait_time": 0,
            "single_use": true,
            "spawn_entity": "fc:medusa_head",
            "num_to_spawn": 1
          }
        ]
      },
      "fc:fairy_dust_arrow_fire": {
        "minecraft:spawn_entity": [
          {
            "min_wait_time": 0,
            "max_wait_time": 0,
            "single_use": true,
            "spawn_entity": "fc:fairy_dust_arrow",
            "num_to_spawn": 1
          }
        ]
      },
      "fc:spear_fire": {
        "minecraft:spawn_entity": [
          {
            "min_wait_time": 0,
            "max_wait_time": 0,
            "single_use": true,
            "spawn_entity": "fc:spear",
            "num_to_spawn": 1
          }
        ]
      },
      "fc:siren_tail_green_event_play": {
        "minecraft:health": {
          "value": 23,
          "max": 23
        },
        "minecraft:movement": {
          "value": 0.1
        },
        "minecraft:spell_effects": {
          "add_effects": [
            {
              "effect": "night_vision",
              "duration": 60000,
              "amplifier": 1,
              "display_on_screen_animation": false
            },
            {
              "effect": "water_breathing",
              "duration": 60000,
              "amplifier": 1,
              "display_on_screen_animation": false
            }
          ]
        }
      },
      "fc:siren_tail_event_play": {
        "minecraft:health": {
          "value": 23,
          "max": 23
        },
        "minecraft:movement": {
          "value": 0.1
        },
        "minecraft:spell_effects": {
          "add_effects": [
            {
              "effect": "night_vision",
              "duration": 60000,
              "amplifier": 1,
              "display_on_screen_animation": false
            },
            {
              "effect": "water_breathing",
              "duration": 60000,
              "amplifier": 1,
              "display_on_screen_animation": false
            }
          ]
        }
      },
      "fc:siren_tail_pink_event_play": {
        "minecraft:health": {
          "value": 23,
          "max": 23
        },
        "minecraft:movement": {
          "value": 0.1
        },
        "minecraft:spell_effects": {
          "add_effects": [
            {
              "effect": "night_vision",
              "duration": 60000,
              "amplifier": 1,
              "display_on_screen_animation": false
            },
            {
              "effect": "water_breathing",
              "duration": 60000,
              "amplifier": 1,
              "display_on_screen_animation": false
            }
          ]
        }
      },
      "fc:flower_tiara_event_play": {
        "minecraft:health": {
          "value": 20,
          "max": 20
        },
        "minecraft:movement": {
          "value": 0.1
        },
        "minecraft:spell_effects": {
          "add_effects": [
            {
              "effect": "regeneration",
              "duration": 60000,
              "amplifier": 3,
              "display_on_screen_animation": false
            }
          ]
        }
      },
      "fc:siren_helmet_event_play": {
        "minecraft:health": {
          "value": 30,
          "max": 30
        },
        "minecraft:movement": {
          "value": 0.1
        },
        "minecraft:spell_effects": {
          "add_effects": [
            {
              "effect": "water_breathing",
              "duration": 60000,
              "amplifier": 1,
              "display_on_screen_animation": false
            }
          ]
        }
      },
      "fc:yeti_chestplate_event_play": {
        "minecraft:health": {
          "value": 20,
          "max": 20
        },
        "minecraft:movement": {
          "value": 0.1
        },
        "minecraft:spell_effects": {
          "add_effects": []
        }
      },
      "fc:siren_tail_purple_event_play": {
        "minecraft:health": {
          "value": 23,
          "max": 23
        },
        "minecraft:movement": {
          "value": 0.1
        },
        "minecraft:spell_effects": {
          "add_effects": [
            {
              "effect": "night_vision",
              "duration": 60000,
              "amplifier": 1,
              "display_on_screen_animation": false
            },
            {
              "effect": "water_breathing",
              "duration": 60000,
              "amplifier": 1,
              "display_on_screen_animation": false
            }
          ]
        }
      }
    },
    "components": {
      "minecraft:type_family": {
        "family": [
          "player"
        ]
      },
      "minecraft:loot": {
        "table": "loot_tables/empty.json"
      },
      "minecraft:collision_box": {
        "width": 0.6,
        "height": 1.8
      },
      "minecraft:can_climb": {},
      "minecraft:movement": {
        "value": 0.1
      },
      "minecraft:environment_sensor": [
        {
          "on_environment": {
            "filters": {
              "any_of": [
                {
                  "test": "is_family",
                  "subject": "self",
                  "value": "player"
                }
              ]
            },
            "event": "pamobile:refresh_player"
          }
        },
        {
          "on_environment": {
            "filters": {
              "all_of": [
                {
                  "test": "has_equipment",
                  "subject": "self",
                  "domain": "hand",
                  "value": "fc:siren_sword"
                }
              ]
            },
            "event": "fc:siren_sword_event"
          }
        },
        {
          "on_environment": {
            "filters": {
              "all_of": [
                {
                  "test": "has_equipment",
                  "subject": "self",
                  "domain": "hand",
                  "value": "fc:unicorn_horn_sword"
                }
              ]
            },
            "event": "fc:unicorn_horn_sword_event"
          }
        },
        {
          "on_environment": {
            "filters": {
              "all_of": [
                {
                  "test": "has_equipment",
                  "subject": "self",
                  "domain": "hand",
                  "value": "fc:medusa_head"
                },
                {
                  "test": "is_family",
                  "subject": "self",
                  "value": "player"
                }
              ]
            },
            "event": "ammo:1"
          }
        },
        {
          "on_environment": {
            "filters": {
              "all_of": [
                {
                  "test": "has_equipment",
                  "subject": "self",
                  "domain": "hand",
                  "value": "fc:fairy_dust_arrow"
                },
                {
                  "test": "is_family",
                  "subject": "self",
                  "value": "player"
                }
              ]
            },
            "event": "ammo:1"
          }
        },
        {
          "on_environment": {
            "filters": {
              "all_of": [
                {
                  "test": "has_equipment",
                  "subject": "self",
                  "domain": "hand",
                  "value": "fc:spear"
                },
                {
                  "test": "is_family",
                  "subject": "self",
                  "value": "player"
                }
              ]
            },
            "event": "ammo:1"
          }
        },
        {
          "on_environment": {
            "filters": {
              "all_of": [
                {
                  "test": "has_equipment",
                  "subject": "self",
                  "domain": "hand",
                  "value": "fc:siren_tail_green"
                }
              ]
            },
            "event": "fc:siren_tail_green_event_hold"
          }
        },
        {
          "on_environment": {
            "filters": {
              "all_of": [
                {
                  "test": "has_equipment",
                  "subject": "self",
                  "domain": "head",
                  "value": "fc:siren_tail_green"
                }
              ]
            },
            "event": "fc:siren_tail_green_event_play"
          }
        },
        {
          "on_environment": {
            "filters": {
              "all_of": [
                {
                  "test": "has_equipment",
                  "subject": "self",
                  "domain": "hand",
                  "value": "fc:siren_tail"
                }
              ]
            },
            "event": "fc:siren_tail_event_hold"
          }
        },
        {
          "on_environment": {
            "filters": {
              "all_of": [
                {
                  "test": "has_equipment",
                  "subject": "self",
                  "domain": "head",
                  "value": "fc:siren_tail"
                }
              ]
            },
            "event": "fc:siren_tail_event_play"
          }
        },
        {
          "on_environment": {
            "filters": {
              "all_of": [
                {
                  "test": "has_equipment",
                  "subject": "self",
                  "domain": "hand",
                  "value": "fc:siren_tail_pink"
                }
              ]
            },
            "event": "fc:siren_tail_pink_event_hold"
          }
        },
        {
          "on_environment": {
            "filters": {
              "all_of": [
                {
                  "test": "has_equipment",
                  "subject": "self",
                  "domain": "head",
                  "value": "fc:siren_tail_pink"
                }
              ]
            },
            "event": "fc:siren_tail_pink_event_play"
          }
        },
        {
          "on_environment": {
            "filters": {
              "all_of": [
                {
                  "test": "has_equipment",
                  "subject": "self",
                  "domain": "hand",
                  "value": "fc:flower_tiara"
                }
              ]
            },
            "event": "fc:flower_tiara_event_hold"
          }
        },
        {
          "on_environment": {
            "filters": {
              "all_of": [
                {
                  "test": "has_equipment",
                  "subject": "self",
                  "domain": "head",
                  "value": "fc:flower_tiara"
                }
              ]
            },
            "event": "fc:flower_tiara_event_play"
          }
        },
        {
          "on_environment": {
            "filters": {
              "all_of": [
                {
                  "test": "has_equipment",
                  "subject": "self",
                  "domain": "hand",
                  "value": "fc:siren_helmet"
                }
              ]
            },
            "event": "fc:siren_helmet_event_hold"
          }
        },
        {
          "on_environment": {
            "filters": {
              "all_of": [
                {
                  "test": "has_equipment",
                  "subject": "self",
                  "domain": "head",
                  "value": "fc:siren_helmet"
                }
              ]
            },
            "event": "fc:siren_helmet_event_play"
          }
        },
        {
          "on_environment": {
            "filters": {
              "all_of": [
                {
                  "test": "has_equipment",
                  "subject": "self",
                  "domain": "hand",
                  "value": "fc:yeti_chestplate"
                }
              ]
            },
            "event": "fc:yeti_chestplate_event_hold"
          }
        },
        {
          "on_environment": {
            "filters": {
              "all_of": [
                {
                  "test": "has_equipment",
                  "subject": "self",
                  "domain": "head",
                  "value": "fc:yeti_chestplate"
                }
              ]
            },
            "event": "fc:yeti_chestplate_event_play"
          }
        },
        {
          "on_environment": {
            "filters": {
              "all_of": [
                {
                  "test": "has_equipment",
                  "subject": "self",
                  "domain": "hand",
                  "value": "fc:siren_tail_purple"
                }
              ]
            },
            "event": "fc:siren_tail_purple_event_hold"
          }
        },
        {
          "on_environment": {
            "filters": {
              "all_of": [
                {
                  "test": "has_equipment",
                  "subject": "self",
                  "domain": "head",
                  "value": "fc:siren_tail_purple"
                }
              ]
            },
            "event": "fc:siren_tail_purple_event_play"
          }
        }
      ],
      "minecraft:player.saturation": {
        "value": 20
      },
      "minecraft:player.exhaustion": {
        "value": 0,
        "max": 4
      },
      "minecraft:player.level": {
        "value": 0,
        "max": 24791
      },
      "minecraft:player.experience": {
        "value": 0,
        "max": 1
      },
      "minecraft:breathable": {
        "totalSupply": 15,
        "suffocateTime": -1,
        "inhaleTime": 3.75,
        "generatesBubbles": false
      },
      "minecraft:nameable": {
        "alwaysShow": true,
        "allowNameTagRenaming": false
      },
      "minecraft:physics": {},
      "minecraft:insomnia": {
        "days_until_insomnia": 3
      },
      "minecraft:rideable": {
        "seat_count": 2,
        "family_types": [
          "parrot_tame"
        ],
        "pull_in_entities": true,
        "seats": [
          {
            "position": [
              0.4,
              -0.15,
              0.04
            ],
            "min_rider_count": 0,
            "max_rider_count": 0,
            "lock_rider_rotation": 0
          },
          {
            "position": [
              -0.4,
              -0.15,
              0.04
            ],
            "min_rider_count": 1,
            "max_rider_count": 2,
            "lock_rider_rotation": 0
          }
        ]
      },
      "minecraft:scaffolding_climber": {}
    },
    "events": {
      "pamobile:refresh_player": {
        "add": {
          "component_groups": [
            "pamobile:respawn"
          ]
        },
        "remove": {
          "component_groups": [
            "fc:siren_sword",
            "fc:unicorn_horn_sword",
            "fc:siren_tail_green_event_hold",
            "fc:siren_tail_green_event_play",
            "fc:siren_tail_event_hold",
            "fc:siren_tail_event_play",
            "fc:siren_tail_pink_event_hold",
            "fc:siren_tail_pink_event_play",
            "fc:flower_tiara_event_hold",
            "fc:flower_tiara_event_play",
            "fc:siren_helmet_event_hold",
            "fc:siren_helmet_event_play",
            "fc:yeti_chestplate_event_hold",
            "fc:yeti_chestplate_event_play",
            "fc:siren_tail_purple_event_hold",
            "fc:siren_tail_purple_event_play"
          ]
        }
      },
      "minecraft:entity_spawned": {
        "add": {
          "component_groups": [
            "pamobile:respawn"
          ]
        },
        "remove": {}
      },
      "ammo:1": {
        "remove": {
          "component_groups": [
            "ammo:1"
          ]
        },
        "add": {
          "component_groups": [
            "ammo:1"
          ]
        }
      },
      "ammo:2": {
        "remove": {
          "component_groups": [
            "ammo:2"
          ]
        },
        "add": {
          "component_groups": [
            "ammo:2"
          ]
        }
      },
      "fc:siren_sword_event": {
        "add": {
          "component_groups": [
            "fc:siren_sword"
          ]
        }
      },
      "fc:unicorn_horn_sword_event": {
        "add": {
          "component_groups": [
            "fc:unicorn_horn_sword"
          ]
        }
      },
      "fc:medusa_head_fire": {
        "add": {
          "component_groups": [
            "fc:medusa_head_fire"
          ]
        }
      },
      "fc:fairy_dust_arrow_fire": {
        "add": {
          "component_groups": [
            "fc:fairy_dust_arrow_fire"
          ]
        }
      },
      "fc:spear_fire": {
        "add": {
          "component_groups": [
            "fc:spear_fire"
          ]
        }
      },
      "fc:siren_tail_green_event_hold": {
        "add": {
          "component_groups": [
            "fc:siren_tail_green_event_hold"
          ]
        }
      },
      "fc:siren_tail_green_event_play": {
        "add": {
          "component_groups": [
            "fc:siren_tail_green_event_play"
          ]
        }
      },
      "fc:siren_tail_event_hold": {
        "add": {
          "component_groups": [
            "fc:siren_tail_event_hold"
          ]
        }
      },
      "fc:siren_tail_event_play": {
        "add": {
          "component_groups": [
            "fc:siren_tail_event_play"
          ]
        }
      },
      "fc:siren_tail_pink_event_hold": {
        "add": {
          "component_groups": [
            "fc:siren_tail_pink_event_hold"
          ]
        }
      },
      "fc:siren_tail_pink_event_play": {
        "add": {
          "component_groups": [
            "fc:siren_tail_pink_event_play"
          ]
        }
      },
      "fc:flower_tiara_event_hold": {
        "add": {
          "component_groups": [
            "fc:flower_tiara_event_hold"
          ]
        }
      },
      "fc:flower_tiara_event_play": {
        "add": {
          "component_groups": [
            "fc:flower_tiara_event_play"
          ]
        }
      },
      "fc:siren_helmet_event_hold": {
        "add": {
          "component_groups": [
            "fc:siren_helmet_event_hold"
          ]
        }
      },
      "fc:siren_helmet_event_play": {
        "add": {
          "component_groups": [
            "fc:siren_helmet_event_play"
          ]
        }
      },
      "fc:yeti_chestplate_event_hold": {
        "add": {
          "component_groups": [
            "fc:yeti_chestplate_event_hold"
          ]
        }
      },
      "fc:yeti_chestplate_event_play": {
        "add": {
          "component_groups": [
            "fc:yeti_chestplate_event_play"
          ]
        }
      },
      "fc:siren_tail_purple_event_hold": {
        "add": {
          "component_groups": [
            "fc:siren_tail_purple_event_hold"
          ]
        }
      },
      "fc:siren_tail_purple_event_play": {
        "add": {
          "component_groups": [
            "fc:siren_tail_purple_event_play"
          ]
        }
      }
    }
  }
}