{
  "format_version": "1.12",
  "minecraft:recipe_shaped": {
    "description": {
      "identifier": "flower_tiara_fac383a0"
    },
    "tags": [
      "crafting_table"
    ],
    "pattern": [
      " A ",
      "BCD",
      " E "
    ],
    "key": {
      "A": {
        "item": "minecraft:double_plant",
        "data": 4
      },
      "B": {
        "item": "minecraft:red_flower",
        "data": 1
      },
      "C": {
        "item": "minecraft:red_flower",
        "data": 8
      },
      "D": {
        "item": "minecraft:red_flower",
        "data": 10
      },
      "E": {
        "item": "minecraft:diamond",
        "data": 0
      }
    },
    "result": {
      "item": "fc:flower_tiara",
      "count": 1
    }
  }
}