{
  "format_version": "1.12",
  "minecraft:recipe_shaped": {
    "description": {
      "identifier": "fairy_house_c81041ff"
    },
    "tags": [
      "crafting_table"
    ],
    "pattern": [
      " A ",
      "BC "
    ],
    "key": {
      "A": {
        "item": "minecraft:red_flower",
        "data": 1
      },
      "B": {
        "item": "minecraft:torch",
        "data": 0
      },
      "C": {
        "item": "minecraft:log",
        "data": 0
      }
    },
    "result": {
      "item": "fc:fairy_house",
      "count": 1
    }
  }
}