{
  "format_version": "1.12",
  "minecraft:recipe_shaped": {
    "description": {
      "identifier": "siren_sword_07e20e25"
    },
    "tags": [
      "crafting_table"
    ],
    "pattern": [
      "ABA",
      " B ",
      " C "
    ],
    "key": {
      "A": {
        "item": "minecraft:prismarine_crystals",
        "data": 0
      },
      "B": {
        "item": "fc:siren_scale",
        "data": 0
      },
      "C": {
        "item": "minecraft:stick",
        "data": 0
      }
    },
    "result": {
      "item": "fc:siren_sword",
      "count": 1
    }
  }
}