{
	"format_version": "1.16.100",
	"minecraft:block": {
		"description": {
			"identifier": "knights:enclosed_helm_display",
			"properties": {
				"knights:facing_direction": [
					0,
					1,
					2,
					3,
					4,
					5
				],
				"knights:vertical_direction": [
					0,
					1
				]
			}
		},
		"permutations": [
			{
				"condition": "query.block_property('knights:facing_direction') == 2",
				"components": {
					"minecraft:rotation": [
						0,
						180,
						0
					]
				}
			},
			{
				"condition": "query.block_property('knights:facing_direction') == 3",
				"components": {
					"minecraft:rotation": [
						0,
						0,
						0
					]
				}
			},
			{
				"condition": "query.block_property('knights:facing_direction') == 4",
				"components": {
					"minecraft:rotation": [
						0,
						-90,
						0
					]
				}
			},
			{
				"condition": "query.block_property('knights:facing_direction') == 5",
				"components": {
					"minecraft:rotation": [
						0,
						90,
						0
					]
				}
			},
			{
				"condition": "query.block_property('knights:vertical_direction') == 1",
				"components": {
					"minecraft:geometry": "geometry.knights_enclosed_helm_display"
				}
			},
			{
				"condition": "query.block_property('knights:vertical_direction') == 0",
				"components": {
					"minecraft:geometry": "geometry.knights_enclosed_helm_display"
				}
			}
		],
		"components": {
			"minecraft:creative_category": {
				"category": "commands"
			},
			"minecraft:display_name": "Enclosed Helm",
			"tag:wood": {},
			"minecraft:geometry": "geometry.knights_enclosed_helm_display",
			"minecraft:material_instances": {
				"*": {
					"texture": "knights_enclosed_helm_display",
					"render_method": "alpha_test"
				}
			},
			"minecraft:on_player_placing": {
				"event": "set_facing_direction"
			},
			"minecraft:loot": "loot_tables/blocks/entity/knights_enclosed_helm_display.json",
			"minecraft:entity_collision": {
				"origin": [
					-6,
					0,
					-8
				],
				"size": [
					12,
					10,
					16
				]
			},
			"minecraft:block_light_absorption": 0,
			"minecraft:flammable": {
				"flame_odds": 0,
				"burn_odds": 0
			},
			"minecraft:destroy_time": 1
		},
		"events": {
			"set_facing_direction": {
				"set_block_property": {
					"knights:facing_direction": "query.cardinal_facing_2d",
					"knights:vertical_direction": "query.cardinal_block_face_placed_on"
				}
			}
		}
	}
}