{
    "format_version": 1,
    "header": {
        "description": "当前版本2.0
king of monster by Distant, legitDragonb0y And Crafter Saurus",
        "name": "Godzilla Attack (Distant Expansion) Re",
        "uuid": "fabf955e-04f6-4683-b73e-d706086317be",
        "version": [0, 0, 2],
        "min_engine_version":[1,12,0]
    },
    "modules": [
        {
            "description": "当前版本2.0
king of king of monster by Distant, legitDragonb0y And Crafter Saurus ",
            "type": "resources",
            "uuid": "bd3df6bb-61e2-4d73-8eb6-b527eb494cf2",
            "version": [0, 0, 2]
        }
    ],
    "dependencies": [
        {
            "uuid": "b4af28f8-174e-44ff-ba0d-75d6e1fe17ae",
            "version": [0, 0, 2]
        }
    ]
}
