{"format_version":"1.10.0","particle_effect":{"description":{"identifier":"yg:purple_trail","basic_render_parameters":{"material":"particles_add","texture":"textures/particles/yg_purpleglow"}},"components":{"minecraft:emitter_rate_steady":{"spawn_rate":200,"max_particles":202},"minecraft:emitter_lifetime_once":{"active_time":1},"minecraft:emitter_shape_point":{},"minecraft:particle_lifetime_expression":{"max_lifetime":0.07},"minecraft:particle_initial_speed":0,"minecraft:particle_motion_dynamic":{},"minecraft:particle_appearance_billboard":{"size":["0.1+(0-math.abs(variable.particle_age)*0.2)","0.1+(0-math.abs(variable.particle_age)*0.2)"],"facing_camera_mode":"rotate_xyz","uv":{"texture_width":16,"texture_height":16,"uv":[0,0],"uv_size":[16,16]}},"minecraft:particle_appearance_tinting":{"color":{"interpolant":"v.particle_age / v.particle_lifetime","gradient":{"0.02":"#FFE7BDF1","0.23":"#FF9000FF","0.45":"#FF220454"}}}}}}