{"format_version":"1.10.0","particle_effect":{"description":{"identifier":"yg:redgas","basic_render_parameters":{"material":"particles_blend","texture":"textures/particles/yg_redgas"}},"components":{"minecraft:emitter_rate_steady":{"spawn_rate":30,"max_particles":100},"minecraft:emitter_lifetime_once":{"active_time":3},"minecraft:emitter_shape_point":{"direction":["math.random(0.4,-0.4)","math.random(0.4,-0.4)","math.random(-1,-1)"]},"minecraft:particle_lifetime_expression":{"max_lifetime":"math.random(1.3,1.5)"},"minecraft:particle_initial_speed":18,"minecraft:particle_motion_dynamic":{},"minecraft:particle_appearance_billboard":{"size":[1.5,1.5],"facing_camera_mode":"rotate_xyz","uv":{"texture_width":16,"texture_height":192,"flipbook":{"base_UV":[0,0],"size_UV":[16,16],"step_UV":[0,16],"max_frame":32,"stretch_to_lifetime":true,"loop":true}}},"minecraft:particle_appearance_tinting":{"color":{"interpolant":"v.particle_age / v.particle_lifetime","gradient":{"0.0":"#FFFBB8B8","0.19":"#FFFF0000","0.4":"#FF300C0C","1.0":"#FF000000"}}}}}}