{
  "format_version": "1.16.100",
  "minecraft:entity": {
    "description": {
      "identifier": "pixel:ground_slash",
      "is_spawnable": false,
      "is_summonable": true,
      "is_experimental": false,
	  "scripts": {
		"animate": [
	      "run"
		]
      },
	  "animations": {
		"run": "controller.animation.static_movement"
	  }
    },
    "component_groups": {
      "despawn":{
	    "minecraft:instant_despawn":{}
      },
      "shoot":{
	    "minecraft:variant":{
	      "value": 2
	    }
      },
      "katana_spin":{
        "minecraft:area_attack" : {
          "damage_range": 2,
          "damage_per_tick": 17,
          "cause": "contact",
          "entity_filter": {
            "all_of": [
              { "test": "has_tag", "subject": "other", "operator": "!=" ,"value": "slasher" }
            ]
          }
        },
	    "minecraft:timer":{
	      "time": 1.25,
	      "looping": true,
	      "time_down_event":{
	      "event": "remove_damage",
	        "target": "self"
	      }
	    }
      },
      "katana_null":{
	    "minecraft:timer":{
	      "time": 0.05,
	      "looping": true,
	      "time_down_event":{
	      "event": "remove_tag",
	        "target": "self"
	      }
	    }
      },
      "nonshoot":{
	    "minecraft:variant":{
	      "value": 1
	    }
      }
    },

    "components": {
      "minecraft:collision_box": {
        "width": 0.0,
        "height": 0.0
      },
      "minecraft:damage_sensor": {
        "triggers": {
          "cause": "any",
          "deals_damage": false
        }
      },
      "minecraft:type_family": {
        "family": [ "attack" ]
      }
    },

    "events": {
      "splode": {
        "add":{
          "component_groups":[
            "katana_spin"
          ]
        }
      },
      "remove_damage":{
        "add": {
          "component_groups":[
            "katana_null"
          ]
        },
        "remove":{
          "component_groups":[
            "katana_spin"
          ]
        }
      },
      "remove_tag":{
        "run_command": {
          "command": [
            "execute @a[tag=slasher] ~~~ tag @s remove slasher",
            "event entity @s remove_katana"
          ]
        }
      },
      "remove_katana":{
        "add":{
          "component_groups":[
               "despawn"
          ]
        }
      }
    }
  }
}