{
  "format_version": "1.8.0",
  "animations": {
    "animation.witch.general": {
      "loop": true,
      "bones": {
        "nose": {
          "rotation": [
            "(variable.isholdingitem ? -25.7831 : (math.sin(query.life_time * 57.296) * 4.5)) - this",
            0,
            "(math.cos(query.life_time * 57.296) * 2.5) - this"
          ]
        }
      }
    },
    "animation.witch.villager_general": {
      "loop": true,
      "bones": {
        "arms": {
          "position": [
            0,
            -1,
            -1
          ],
          "rotation": [
            "-42.97 - this",
            0,
            0
          ]
        }
      }
    },
    "animation.witch.move": {
      "anim_time_update": "query.modified_distance_moved",
      "loop": true,
      "bones": {
        "leg0": {
          "rotation": [
            "(math.cos(query.anim_time * 38.17) * 40.0) - this",
            "-this",
            0
          ]
        },
        "leg1": {
          "rotation": [
            "(math.cos(query.anim_time * 38.17 + 180) * 40.0) - this",
            "-this",
            0
          ]
        }
      }
    },
    "animation.Bubble.idleandwalk": {
      "loop": true,
      "animation_length": 4,
      "bones": {
        "Head": {
          "position": {
            "0.0": [
              0,
              -2,
              0
            ],
            "2.0": [
              0,
              1,
              0
            ],
            "4.0": [
              0,
              -2,
              0
            ]
          }
        }
      }
    }
  }
}