{
  "format_version": "1.8.0",
  "animations": {
    "animation.witch.general": {
      "loop": true,
      "bones": {
        "nose": {
          "rotation": [
            "(variable.isholdingitem ? -25.7831 : (math.sin(query.life_time * 57.296) * 4.5)) - this",
            0,
            "(math.cos(query.life_time * 57.296) * 2.5) - this"
          ]
        }
      }
    },
    "animation.witch.villager_general": {
      "loop": true,
      "bones": {
        "arms": {
          "rotation": [
            "-42.97 - this",
            0,
            0
          ],
          "position": [
            0,
            -1,
            -1
          ]
        }
      }
    },
    "animation.witch.move": {
      "loop": true,
      "anim_time_update": "query.modified_distance_moved",
      "bones": {
        "leg0": {
          "rotation": [
            "(math.cos(query.anim_time * 38.17) * 40.0) - this",
            "-this",
            0
          ]
        },
        "leg1": {
          "rotation": [
            "(math.cos(query.anim_time * 38.17 + 180) * 40.0) - this",
            "-this",
            0
          ]
        }
      }
    },
    "animation.Caine.idle": {
      "loop": true,
      "animation_length": 2,
      "bones": {
        "Hmmm": {
          "rotation": {
            "0.0": [
              0,
              0,
              5
            ],
            "1.0": [
              0,
              0,
              10
            ],
            "2.0": [
              0,
              0,
              5
            ]
          }
        },
        "Badan": {
          "position": [
            0,
            15,
            0
          ]
        },
        "bone4": {
          "rotation": [
            10.47479,
            -17.22575,
            -3.13388
          ]
        },
        "bone5": {
          "rotation": [
            -20,
            0,
            0
          ]
        },
        "bone": {
          "rotation": [
            -17.5,
            0,
            0
          ]
        },
        "bone2": {
          "rotation": [
            10,
            0,
            0
          ]
        },
        "bone8": {
          "position": {
            "0.0": [
              0,
              15,
              0
            ],
            "1.0": [
              0,
              13,
              0
            ],
            "2.0": [
              0,
              15,
              0
            ]
          }
        },
        "bone9": {
          "rotation": {
            "0.0": [
              0,
              0,
              30
            ],
            "1.0": [
              0,
              0,
              10
            ],
            "2.0": [
              0,
              0,
              30
            ]
          }
        },
        "bone10": {
          "rotation": [
            0,
            0,
            15
          ]
        },
        "bone11": {
          "position": {
            "0.0": [
              0,
              15,
              0
            ],
            "1.0": [
              0,
              13,
              0
            ],
            "2.0": [
              0,
              15,
              0
            ]
          }
        },
        "bone12": {
          "rotation": [
            0,
            0,
            22.5
          ]
        },
        "bone13": {
          "rotation": {
            "0.0": [
              0,
              -20,
              12.5
            ],
            "1.0": [
              -7.09597,
              -18.74724,
              33.67283
            ],
            "2.0": [
              0,
              -20,
              12.5
            ]
          }
        }
      }
    },
    "animation.Caine.walk": {
      "loop": true,
      "animation_length": 2,
      "bones": {
        "Hmmm": {
          "rotation": {
            "0.0": [
              0,
              0,
              -17.5
            ],
            "1.0": [
              0,
              0,
              -5.21
            ],
            "2.0": [
              0,
              0,
              -17.5
            ]
          }
        },
        "Badan": {
          "rotation": {
            "0.0": [
              93.60646,
              -21.93061,
              90.85102
            ],
            "2.0": [
              93.60646,
              -21.93061,
              90.85102
            ]
          },
          "position": {
            "0.0": [
              0,
              15,
              -3
            ],
            "1.0": [
              0,
              11,
              -5
            ],
            "2.0": [
              0,
              15,
              -3
            ]
          }
        },
        "bone4": {
          "rotation": [
            77.65722,
            -52.20373,
            -62.71263
          ]
        },
        "bone5": {
          "rotation": [
            -30.87463,
            48.20277,
            -24.02393
          ]
        },
        "bone": {
          "rotation": [
            -14.89149,
            9.29798,
            31.28223
          ]
        },
        "bone2": {
          "rotation": [
            10,
            0,
            0
          ]
        },
        "bone8": {
          "rotation": [
            -263.7179,
            -53.45741,
            -265.8948
          ],
          "position": {
            "0.0": [
              0,
              15,
              0
            ],
            "1.0": [
              0,
              13,
              0
            ],
            "2.0": [
              0,
              15,
              0
            ]
          }
        },
        "bone9": {
          "rotation": {
            "0.0": [
              0,
              0,
              30
            ],
            "1.0": [
              0,
              0,
              10
            ],
            "2.0": [
              0,
              0,
              30
            ]
          }
        },
        "bone10": {
          "rotation": [
            0,
            0,
            15
          ]
        },
        "bone11": {
          "rotation": [
            66.82007,
            -17.39097,
            64.10322
          ],
          "position": {
            "0.0": [
              0,
              15,
              0
            ],
            "1.0": [
              0,
              13,
              0
            ],
            "2.0": [
              0,
              15,
              0
            ]
          }
        },
        "bone12": {
          "rotation": [
            0,
            0,
            40
          ]
        },
        "bone13": {
          "rotation": {
            "0.0": [
              0,
              -20,
              12.5
            ],
            "1.0": [
              -7.09597,
              -18.74724,
              33.67283
            ],
            "2.0": [
              0,
              -20,
              12.5
            ]
          }
        },
        "bone6": {
          "rotation": [
            -12.06602,
            5.95739,
            14.23179
          ]
        },
        "bone7": {
          "rotation": {
            "0.0": [
              5,
              0,
              0
            ],
            "2.0": [
              -1255,
              0,
              0
            ]
          }
        }
      }
    }
  }
}