{
  "format_version": "1.8.0",
  "animations": {
    "animation.witch.general": {
      "loop": true,
      "bones": {
        "nose": {
          "rotation": [
            "(variable.isholdingitem ? -25.7831 : (math.sin(query.life_time * 57.296) * 4.5)) - this",
            0,
            "(math.cos(query.life_time * 57.296) * 2.5) - this"
          ]
        }
      }
    },
    "animation.witch.villager_general": {
      "loop": true,
      "bones": {
        "arms": {
          "position": [
            0,
            -1,
            -1
          ],
          "rotation": [
            "-42.97 - this",
            0,
            0
          ]
        }
      }
    },
    "animation.witch.move": {
      "anim_time_update": "query.modified_distance_moved",
      "loop": true,
      "bones": {
        "leg0": {
          "rotation": [
            "(math.cos(query.anim_time * 38.17) * 40.0) - this",
            "-this",
            0
          ]
        },
        "leg1": {
          "rotation": [
            "(math.cos(query.anim_time * 38.17 + 180) * 40.0) - this",
            "-this",
            0
          ]
        }
      }
    },
    "animation.Gangle.idle": {
      "loop": true,
      "animation_length": 1.5,
      "bones": {
        "Head": {
          "rotation": {
            "0.0": [
              12.5,
              0,
              0
            ],
            "0.4583": [
              23.71539,
              2.56485,
              11.73824
            ],
            "0.75": [
              22.5,
              0,
              0
            ],
            "1.5": [
              12.5,
              0,
              0
            ]
          }
        }
      }
    },
    "animation.Gangle.walk": {
      "loop": true,
      "animation_length": 1.5,
      "bones": {
        "spring5": {
          "rotation": {
            "0.0": [
              0,
              -10,
              0
            ],
            "0.75": [
              0,
              -2.5,
              0
            ],
            "1.5": [
              0,
              -10,
              0
            ]
          }
        },
        "bone": {
          "rotation": {
            "0.0": [
              45,
              0,
              0
            ],
            "0.75": [
              -17.5,
              0,
              0
            ],
            "1.5": [
              45,
              0,
              0
            ]
          }
        },
        "bone2": {
          "rotation": {
            "0.0": [
              27.5,
              0,
              0
            ],
            "0.75": [
              -27.5,
              0,
              0
            ],
            "1.5": [
              27.5,
              0,
              0
            ]
          }
        },
        "bone4": {
          "rotation": {
            "0.0": [
              -25,
              0,
              0
            ],
            "0.75": [
              42.5,
              0,
              0
            ],
            "1.5": [
              -25,
              0,
              0
            ]
          }
        },
        "bone5": {
          "rotation": {
            "0.0": [
              -27.5,
              0,
              0
            ],
            "0.75": [
              22.5,
              0,
              0
            ],
            "1.5": [
              -27.5,
              0,
              0
            ]
          }
        },
        "bone6": {
          "rotation": {
            "0.0": [
              30,
              0,
              0
            ],
            "0.3333": [
              7.5,
              0,
              0
            ],
            "0.75": [
              -45,
              0,
              0
            ],
            "1.5": [
              30,
              0,
              0
            ]
          }
        },
        "bone7": {
          "rotation": {
            "0.0": [
              33.47436,
              1.46479,
              2.52829
            ],
            "0.3333": [
              -2.5,
              0,
              0
            ],
            "0.75": [
              -2.68,
              0,
              0
            ],
            "1.5": [
              33.47436,
              1.46479,
              2.52829
            ]
          }
        },
        "bone8": {
          "rotation": {
            "0.0": [
              -20,
              0,
              0
            ],
            "0.3333": [
              10,
              0,
              0
            ],
            "0.75": [
              45,
              0,
              0
            ],
            "1.5": [
              -20,
              0,
              0
            ]
          }
        },
        "bone9": {
          "rotation": {
            "0.0": [
              7.5,
              0,
              0
            ],
            "0.25": [
              2.5,
              0,
              0
            ],
            "0.75": [
              27,
              0,
              0
            ],
            "1.5": [
              7.5,
              0,
              0
            ]
          }
        }
      }
    }
  }
}