{
  "format_version": "1.8.0",
  "animations": {
    "animation.f_jax.general": {
      "loop": true,
      "bones": {
        "nose": {
          "rotation": [
            "(variable.isholdingitem ? -25.7831 : (math.sin(query.life_time * 57.296) * 4.5)) - this",
            0,
            "(math.cos(query.life_time * 57.296) * 2.5) - this"
          ]
        }
      }
    },
    "animation.witch.villager_general": {
      "loop": true,
      "bones": {
        "arms": {
          "position": [
            0,
            -1,
            -1
          ],
          "rotation": [
            "-42.97 - this",
            0,
            0
          ]
        }
      }
    },
    "animation.witch.move": {
      "anim_time_update": "query.modified_distance_moved",
      "loop": true,
      "bones": {
        "leg0": {
          "rotation": [
            "(math.cos(query.anim_time * 38.17) * 40.0) - this",
            "-this",
            0
          ]
        },
        "leg1": {
          "rotation": [
            "(math.cos(query.anim_time * 38.17 + 180) * 40.0) - this",
            "-this",
            0
          ]
        }
      }
    },
    "animation.Jax.walk": {
      "loop": true,
      "animation_length": 1,
      "bones": {
        "bone": {
          "rotation": {
            "0.0": [
              2.5,
              0,
              0
            ],
            "0.5": [
              0,
              0,
              0
            ],
            "1.0": [
              2.5,
              0,
              0
            ]
          }
        },
        "bone2": {
          "rotation": {
            "0.0": [
              0,
              0,
              -7.5
            ],
            "0.5": [
              0,
              0,
              -2.5
            ],
            "1.0": [
              0,
              0,
              -7.5
            ]
          }
        },
        "bone5": {
          "rotation": {
            "0.0": [
              20,
              0,
              0
            ],
            "0.5": [
              -8.21378,
              4.26656,
              -13.66797
            ],
            "1.0": [
              20,
              0,
              0
            ]
          }
        },
        "bone6": {
          "rotation": {
            "0.0": [
              12.5,
              0,
              0
            ],
            "0.25": [
              25,
              0,
              0
            ],
            "0.5": [
              -47.5,
              0,
              0
            ],
            "1.0": [
              12.5,
              0,
              0
            ]
          }
        },
        "head": {
          "rotation": {
            "0.0": [
              -4.38373,
              2.6233,
              6.50797
            ],
            "0.25": [
              -1.88373,
              2.6233,
              6.50797
            ],
            "0.5": [
              -2.10521,
              2.44918,
              1.50609
            ],
            "1.0": [
              -4.38373,
              2.6233,
              6.50797
            ]
          }
        },
        "bone8": {
          "rotation": {
            "0.0": [
              -32.5,
              0,
              0
            ],
            "0.25": [
              -5,
              0,
              0
            ],
            "0.5": [
              20,
              0,
              0
            ],
            "0.75": [
              5,
              0,
              0
            ],
            "1.0": [
              -32.5,
              0,
              0
            ]
          }
        },
        "bone9": {
          "rotation": {
            "0.0": [
              -12.5,
              0,
              0
            ],
            "0.25": [
              5.83,
              0,
              0
            ],
            "0.5": [
              30,
              0,
              0
            ],
            "0.75": [
              3.75,
              0,
              0
            ],
            "1.0": [
              -12.5,
              0,
              0
            ]
          }
        },
        "bone11": {
          "rotation": {
            "0.0": [
              32.5,
              0,
              0
            ],
            "0.25": [
              5.83,
              0,
              0
            ],
            "0.5": [
              -22.5,
              0,
              0
            ],
            "0.75": [
              -3.4251,
              0.61395,
              5.31159
            ],
            "1.0": [
              32.5,
              0,
              0
            ]
          }
        },
        "bone12": {
          "rotation": {
            "0.0": [
              22.5,
              0,
              0
            ],
            "0.25": [
              3.33,
              0,
              0
            ],
            "0.5": [
              -17.5,
              0,
              0
            ],
            "0.75": [
              35.42,
              0,
              0
            ],
            "1.0": [
              22.5,
              0,
              0
            ]
          }
        }
      }
    }
  }
}