{
  "format_version": "1.8.0",
  "animations": {
    "animation.f_kaufmo.general": {
      "loop": true,
      "bones": {
        "nose": {
          "rotation": [
            "(variable.isholdingitem ? -25.7831 : (math.sin(query.life_time * 57.296) * 4.5)) - this",
            0,
            "(math.cos(query.life_time * 57.296) * 2.5) - this"
          ]
        }
      }
    },
    "animation.witch.villager_general": {
      "loop": true,
      "bones": {
        "arms": {
          "position": [
            0,
            -1,
            -1
          ],
          "rotation": [
            "-42.97 - this",
            0,
            0
          ]
        }
      }
    },
    "animation.witch.move": {
      "anim_time_update": "query.modified_distance_moved",
      "loop": true,
      "bones": {
        "leg0": {
          "rotation": [
            "(math.cos(query.anim_time * 38.17) * 40.0) - this",
            "-this",
            0
          ]
        },
        "leg1": {
          "rotation": [
            "(math.cos(query.anim_time * 38.17 + 180) * 40.0) - this",
            "-this",
            0
          ]
        }
      }
    },
    "animation.KaufmoOri.walk": {
      "loop": true,
      "animation_length": 1,
      "bones": {
        "Body": {
          "rotation": {
            "0.0": [
              5,
              0,
              0
            ],
            "0.5": [
              0,
              0,
              0
            ],
            "1.0": [
              5,
              0,
              0
            ]
          }
        },
        "Head": {
          "rotation": {
            "0.0": [
              15,
              0,
              0
            ],
            "0.25": [
              17.5,
              0,
              0
            ],
            "0.5": [
              10,
              0,
              0
            ],
            "1.0": [
              15,
              0,
              0
            ]
          }
        },
        "Rightarm1": {
          "rotation": {
            "0.0": [
              5,
              0,
              0
            ],
            "0.5": [
              -2.5,
              0,
              0
            ],
            "1.0": [
              5,
              0,
              0
            ]
          }
        },
        "Leftarm1": {
          "rotation": {
            "0.0": [
              -7.5,
              0,
              0
            ],
            "0.5": [
              5,
              0,
              0
            ],
            "1.0": [
              -7.5,
              0,
              0
            ]
          }
        },
        "Leftleg1": {
          "rotation": {
            "0.0": [
              -30,
              0,
              0
            ],
            "0.5": [
              30,
              0,
              0
            ],
            "1.0": [
              -30,
              0,
              0
            ]
          }
        },
        "Leftleg2": {
          "rotation": {
            "0.0": [
              -15,
              0,
              0
            ],
            "0.5": [
              27.5,
              0,
              0
            ],
            "1.0": [
              -15,
              0,
              0
            ]
          }
        },
        "Rightleg1": {
          "rotation": {
            "0.0": [
              30,
              0,
              0
            ],
            "0.5": [
              -28.43912,
              0.7935,
              9.62159
            ],
            "1.0": [
              30,
              0,
              0
            ]
          }
        },
        "Rightleg2": {
          "rotation": {
            "0.0": [
              22.5,
              0,
              0
            ],
            "0.5": [
              -20,
              0,
              0
            ],
            "1.0": [
              22.5,
              0,
              0
            ]
          }
        }
      }
    },
    "animation.KaufmoOri.hai": {
      "animation_length": 2,
      "bones": {
        "Head": {
          "rotation": {
            "0.0": [
              5,
              0,
              0
            ],
            "0.4583": [
              0,
              5,
              0
            ],
            "0.7917": [
              0,
              27.5,
              0
            ],
            "1.4167": [
              0,
              -15,
              0
            ],
            "2.0": [
              5,
              0,
              0
            ]
          }
        },
        "bone": {
          "rotation": {
            "0.0": [
              0,
              0,
              0
            ],
            "0.0833": [
              0,
              0,
              7.5
            ]
          },
          "position": [
            0,
            1,
            0
          ],
          "scale": {
            "0.0": [
              1,
              1,
              1
            ],
            "0.0833": [
              1,
              -1,
              1
            ]
          }
        }
      }
    }
  }
}