{
  "format_version": "1.8.0",
  "animations": {
    "animation.f_kinger.general": {
      "loop": true,
      "bones": {
        "nose": {
          "rotation": [
            "(variable.isholdingitem ? -25.7831 : (math.sin(query.life_time * 57.296) * 4.5)) - this",
            0,
            "(math.cos(query.life_time * 57.296) * 2.5) - this"
          ]
        }
      }
    },
    "animation.witch.villager_general": {
      "loop": true,
      "bones": {
        "arms": {
          "rotation": [
            "-42.97 - this",
            0,
            0
          ],
          "position": [
            0,
            -1,
            -1
          ]
        }
      }
    },
    "animation.witch.move": {
      "loop": true,
      "anim_time_update": "query.modified_distance_moved",
      "bones": {
        "leg0": {
          "rotation": [
            "(math.cos(query.anim_time * 38.17) * 40.0) - this",
            "-this",
            0
          ]
        },
        "leg1": {
          "rotation": [
            "(math.cos(query.anim_time * 38.17 + 180) * 40.0) - this",
            "-this",
            0
          ]
        }
      }
    },
    "animation.Kinger.new": {
      "loop": true,
      "animation_length": 1,
      "bones": {
        "bone": {
          "rotation": {
            "0.0": [
              0,
              -7.5,
              0
            ],
            "0.5": [
              0,
              5,
              0
            ],
            "1.0": [
              0,
              -7.5,
              0
            ]
          }
        },
        "Head": {
          "rotation": {
            "0.0": [
              0,
              5,
              0
            ],
            "0.5": [
              0,
              -12.5,
              0
            ],
            "1.0": [
              0,
              5,
              0
            ]
          }
        },
        "bone3": {
          "rotation": {
            "0.0": [
              15,
              0,
              0
            ],
            "0.5": [
              -12.5,
              0,
              0
            ],
            "1.0": [
              15,
              0,
              0
            ]
          }
        },
        "bone4": {
          "rotation": {
            "0.0": [
              -12.5,
              0,
              0
            ],
            "0.4583": [
              -45,
              0,
              0
            ],
            "1.0": [
              -12.5,
              0,
              0
            ]
          }
        }
      }
    }
  }
}