{
  "format_version": "1.8.0",
  "animations": {
    "animation.witch.general": {
      "loop": true,
      "bones": {
        "nose": {
          "rotation": [
            "(variable.isholdingitem ? -25.7831 : (math.sin(query.life_time * 57.296) * 4.5)) - this",
            0,
            "(math.cos(query.life_time * 57.296) * 2.5) - this"
          ]
        }
      }
    },
    "animation.witch.villager_general": {
      "loop": true,
      "bones": {
        "arms": {
          "position": [
            0,
            -1,
            -1
          ],
          "rotation": [
            "-42.97 - this",
            0,
            0
          ]
        }
      }
    },
    "animation.witch.move": {
      "anim_time_update": "query.modified_distance_moved",
      "loop": true,
      "bones": {
        "leg0": {
          "rotation": [
            "(math.cos(query.anim_time * 38.17) * 40.0) - this",
            "-this",
            0
          ]
        },
        "leg1": {
          "rotation": [
            "(math.cos(query.anim_time * 38.17 + 180) * 40.0) - this",
            "-this",
            0
          ]
        }
      }
    },
    "animation.Pomni.walk": {
      "loop": true,
      "animation_length": 1,
      "bones": {
        "bone2": {
          "rotation": {
            "0.0": [
              5,
              0,
              0
            ],
            "0.25": [
              7.5,
              0,
              0
            ],
            "0.5": [
              10,
              0,
              0
            ],
            "0.75": [
              10,
              0,
              0
            ],
            "1.0": [
              5,
              0,
              0
            ]
          },
          "position": {
            "0.0": [
              0,
              0,
              0
            ],
            "0.25": [
              0,
              -1.5,
              0
            ],
            "0.5": [
              0,
              -1,
              0
            ],
            "0.75": [
              0,
              -1.5,
              0
            ],
            "1.0": [
              0,
              0,
              0
            ]
          }
        },
        "bone5": {
          "rotation": {
            "0.0": [
              0,
              0,
              0
            ],
            "0.25": [
              5,
              0,
              0
            ],
            "0.5": [
              0,
              0,
              0
            ]
          }
        },
        "bone3": {
          "rotation": {
            "0.0": [
              0,
              0,
              0
            ],
            "0.25": [
              5,
              0,
              0
            ],
            "0.5": [
              0,
              0,
              0
            ]
          }
        },
        "Head": {
          "rotation": {
            "0.0": [
              10,
              0,
              0
            ],
            "0.25": [
              2.5,
              0,
              0
            ],
            "0.5": [
              10,
              0,
              0
            ],
            "0.75": [
              7.5,
              0,
              0
            ],
            "1.0": [
              10,
              0,
              0
            ]
          }
        },
        "bone13": {
          "position": {
            "0.0": [
              0,
              0,
              0
            ],
            "0.5": [
              0,
              1,
              0
            ],
            "1.0": [
              0,
              0,
              0
            ]
          }
        },
        "bone12": {
          "position": {
            "0.0": [
              0,
              0,
              0
            ],
            "0.5": [
              0,
              1,
              0
            ],
            "1.0": [
              0,
              0,
              0
            ]
          }
        },
        "bone7": {
          "rotation": {
            "0.0": [
              22.5,
              37.5,
              0
            ],
            "0.5": [
              -32.5,
              37.5,
              0
            ],
            "0.75": [
              -7.5,
              37.5,
              0
            ],
            "1.0": [
              22.5,
              37.5,
              0
            ]
          }
        },
        "bone8": {
          "rotation": {
            "0.0": [
              55,
              0,
              0
            ],
            "0.25": [
              33.75,
              0,
              0
            ],
            "0.5": [
              2.5,
              0,
              0
            ],
            "0.75": [
              -2.5,
              0,
              0
            ],
            "1.0": [
              55,
              0,
              0
            ]
          }
        },
        "bone": {
          "rotation": {
            "0.0": [
              25,
              0,
              0
            ],
            "0.25": [
              2.5,
              0,
              0
            ],
            "0.5": [
              2.5,
              0,
              0
            ],
            "1.0": [
              25,
              0,
              0
            ]
          }
        },
        "bone9": {
          "rotation": {
            "0.0": [
              -40.9218,
              -13.96286,
              9.18531
            ],
            "0.25": [
              -10,
              -22.5,
              0
            ],
            "0.5": [
              32.5,
              -22.5,
              0
            ],
            "1.0": [
              -43.4218,
              -13.96286,
              9.18531
            ]
          }
        },
        "bone10": {
          "rotation": {
            "0.0": [
              70,
              0,
              0
            ],
            "0.25": [
              5,
              0,
              0
            ],
            "0.5": [
              42.5,
              0,
              0
            ],
            "1.0": [
              70,
              0,
              0
            ]
          }
        },
        "bone11": {
          "rotation": {
            "0.0": [
              -20,
              0,
              0
            ],
            "0.25": [
              -20,
              0,
              0
            ],
            "0.3333": [
              -12.5,
              0,
              0
            ],
            "0.5": [
              -22.5,
              0,
              0
            ]
          }
        }
      }
    },
    "animation.Pomni.gener": {
      "loop": true,
      "animation_length": 1,
      "bones": {
        "bone2": {
          "position": [
            0,
            -4,
            0
          ],
          "scale": [
            0.8,
            0.8,
            0.9
          ]
        },
        "bone7": {
          "position": [
            1,
            -2,
            0
          ],
          "scale": [
            0.8,
            0.9,
            0.6
          ]
        },
        "bone9": {
          "position": [
            -1,
            -2,
            0
          ],
          "scale": [
            0.9,
            0.9,
            0.8
          ]
        }
      }
    }
  }
}