{
  "format_version": "1.8.0",
  "animations": {
    "animation.f_ragatha.general": {
      "loop": true,
      "bones": {
        "nose": {
          "rotation": [
            "(variable.isholdingitem ? -25.7831 : (math.sin(query.life_time * 57.296) * 4.5)) - this",
            0,
            "(math.cos(query.life_time * 57.296) * 2.5) - this"
          ]
        }
      }
    },
    "animation.witch.villager_general": {
      "loop": true,
      "bones": {
        "arms": {
          "position": [
            0,
            -1,
            -1
          ],
          "rotation": [
            "-42.97 - this",
            0,
            0
          ]
        }
      }
    },
    "animation.witch.move": {
      "anim_time_update": "query.modified_distance_moved",
      "loop": true,
      "bones": {
        "leg0": {
          "rotation": [
            "(math.cos(query.anim_time * 38.17) * 40.0) - this",
            "-this",
            0
          ]
        },
        "leg1": {
          "rotation": [
            "(math.cos(query.anim_time * 38.17 + 180) * 40.0) - this",
            "-this",
            0
          ]
        }
      }
    },
    "animation.Ragatha.walk": {
      "loop": true,
      "animation_length": 1,
      "bones": {
        "bone3": {
          "rotation": {
            "0.0": [
              2.5,
              0,
              0
            ],
            "0.25": [
              0,
              0,
              0
            ],
            "0.5": [
              -5,
              0,
              0
            ],
            "1.0": [
              2.5,
              0,
              0
            ]
          }
        },
        "bone4": {
          "rotation": {
            "0.0": [
              0,
              0,
              0
            ],
            "0.25": [
              -2.5,
              0,
              0
            ],
            "0.5": [
              5,
              0,
              0
            ],
            "1.0": [
              0,
              0,
              0
            ]
          }
        },
        "Head": {
          "rotation": {
            "0.0": [
              -0.08846,
              1.14025,
              0.23574
            ],
            "0.25": [
              0,
              0,
              0
            ],
            "0.5": [
              -2.5,
              0,
              0
            ],
            "0.75": [
              -2.5,
              0,
              0
            ],
            "1.0": [
              -0.08846,
              1.14025,
              0.23574
            ]
          },
          "position": {
            "0.0": [
              0,
              0,
              0
            ],
            "0.5": [
              0,
              -1,
              0
            ],
            "1.0": [
              0,
              0,
              0
            ]
          }
        },
        "bone8": {
          "rotation": {
            "0.0": [
              -4.55366,
              3.70656,
              -13.11931
            ],
            "0.25": [
              -2.05366,
              3.70656,
              -13.11931
            ],
            "0.5": [
              -7.05366,
              3.70656,
              -13.11931
            ],
            "1.0": [
              -4.55366,
              3.70656,
              -13.11931
            ]
          }
        },
        "bone9": {
          "rotation": {
            "0.0": [
              59.65953,
              11.12604,
              12.21551
            ],
            "0.25": [
              67.15953,
              11.12604,
              12.21551
            ],
            "0.5": [
              67.15953,
              11.12604,
              12.21551
            ],
            "1.0": [
              59.65953,
              11.12604,
              12.21551
            ]
          }
        },
        "Hemm": {
          "rotation": {
            "0.0": [
              7.51365,
              -2.41476,
              -0.64743
            ],
            "0.25": [
              5,
              0,
              0
            ],
            "0.5": [
              10.83,
              0,
              0
            ],
            "1.0": [
              7.51365,
              -2.41476,
              -0.64743
            ]
          },
          "position": {
            "0.0": [
              0,
              0,
              0
            ],
            "1.0": [
              0,
              0,
              0
            ]
          }
        },
        "bone6": {
          "rotation": {
            "0.0": [
              -17.5,
              0,
              0
            ],
            "0.2917": [
              12.5,
              0,
              0
            ],
            "0.5": [
              0,
              0,
              0
            ],
            "0.75": [
              -27.5,
              0,
              0
            ],
            "1.0": [
              -17.5,
              0,
              0
            ]
          },
          "position": {
            "0.0": [
              0,
              0,
              -3
            ],
            "0.2917": [
              0,
              0,
              0
            ],
            "0.5": [
              0,
              2,
              0
            ],
            "0.75": [
              0,
              2,
              -1.5
            ],
            "1.0": [
              0,
              0,
              -3
            ]
          }
        },
        "bone7": {
          "rotation": {
            "0.0": [
              2.5,
              0,
              0
            ],
            "0.25": [
              -32.5,
              0,
              0
            ],
            "0.5": [
              -2.5,
              0,
              0
            ],
            "0.75": [
              27.5,
              0,
              0
            ],
            "1.0": [
              2.5,
              0,
              0
            ]
          },
          "position": {
            "0.0": [
              0,
              4,
              0
            ],
            "0.25": [
              0,
              0.5,
              -2
            ],
            "0.5": [
              0,
              0,
              -3
            ],
            "0.75": [
              0,
              0,
              -1.5
            ],
            "1.0": [
              0,
              4,
              0
            ]
          }
        },
        "hair4": {
          "rotation": {
            "0.0": [
              0,
              0,
              -7.5
            ],
            "0.5": [
              0,
              0,
              5
            ],
            "1.0": [
              0,
              0,
              -7.5
            ]
          }
        },
        "hair8": {
          "rotation": {
            "0.0": [
              0,
              0,
              -12.5
            ],
            "0.25": [
              0,
              0,
              -5
            ],
            "0.5": [
              0,
              0,
              -12.5
            ],
            "0.75": [
              0,
              0,
              -2.5
            ],
            "1.0": [
              0,
              0,
              -12.5
            ]
          }
        },
        "hair7": {
          "rotation": [
            -2.5,
            0,
            0
          ]
        },
        "hair3": {
          "rotation": {
            "0.0": [
              0,
              0,
              15
            ],
            "0.5": [
              0,
              0,
              -7.5
            ],
            "1.0": [
              0,
              0,
              15
            ]
          }
        },
        "hair16": {
          "rotation": {
            "0.0": [
              0,
              0,
              7.5
            ],
            "0.25": [
              0,
              0,
              0
            ],
            "0.75": [
              0,
              0,
              10
            ],
            "1.0": [
              0,
              0,
              7.5
            ]
          }
        }
      }
    },
    "animation.Ragatha.new": {
      "animation_length": 3,
      "bones": {
        "Head": {
          "position": {
            "0.0": [
              0,
              -1,
              0
            ],
            "0.25": [
              0,
              -1,
              0
            ],
            "0.4583": [
              0,
              1,
              0
            ],
            "0.6667": [
              0,
              -1,
              0
            ]
          }
        },
        "bone3": {
          "rotation": {
            "0.0": [
              0,
              0,
              5
            ],
            "0.2083": [
              0,
              0,
              9.65
            ],
            "0.375": [
              0,
              0,
              -10.93
            ],
            "0.9583": [
              0,
              0,
              -1.09
            ],
            "3.0": [
              0,
              0,
              0
            ]
          }
        },
        "bone8": {
          "rotation": {
            "0.0": [
              7.5,
              0,
              -10
            ],
            "0.1667": [
              0,
              0,
              -10
            ],
            "0.375": [
              0,
              0,
              7.5
            ],
            "1.0": [
              0,
              0,
              -2.5
            ]
          }
        },
        "Hemm": {
          "rotation": {
            "0.0": [
              25,
              0,
              0
            ],
            "0.125": [
              29.38,
              0,
              0
            ],
            "0.4167": [
              -10.41,
              0,
              0
            ],
            "0.625": [
              -6.62559,
              -22.49764,
              -0.33461
            ],
            "1.0": [
              -2.2369,
              44.85333,
              4.35909
            ],
            "1.375": [
              -2.14158,
              31.46648,
              2.96205
            ],
            "1.75": [
              -0.19992,
              -42.95022,
              -5.11651
            ],
            "2.0417": [
              0.91624,
              -42.83494,
              -5.65785
            ],
            "3.0": [
              0,
              0,
              0
            ]
          }
        }
      }
    }
  }
}