{
  "format_version": "1.8.0",
  "animations": {
    "animation.witch.general": {
      "loop": true,
      "bones": {
        "nose": {
          "rotation": [
            "(variable.isholdingitem ? -25.7831 : (math.sin(query.life_time * 57.296) * 4.5)) - this",
            0,
            "(math.cos(query.life_time * 57.296) * 2.5) - this"
          ]
        }
      }
    },
    "animation.witch.villager_general": {
      "loop": true,
      "bones": {
        "arms": {
          "position": [
            0,
            -1,
            -1
          ],
          "rotation": [
            "-42.97 - this",
            0,
            0
          ]
        }
      }
    },
    "animation.witch.move": {
      "anim_time_update": "query.modified_distance_moved",
      "loop": true,
      "bones": {
        "leg0": {
          "rotation": [
            "(math.cos(query.anim_time * 38.17) * 40.0) - this",
            "-this",
            0
          ]
        },
        "leg1": {
          "rotation": [
            "(math.cos(query.anim_time * 38.17 + 180) * 40.0) - this",
            "-this",
            0
          ]
        }
      }
    },
    "animation.Zooble.walk": {
      "loop": true,
      "animation_length": 1,
      "bones": {
        "Body": {
          "rotation": {
            "0.0": [
              10,
              0,
              0
            ],
            "0.25": [
              9.99067,
              -0.43399,
              2.46207
            ],
            "0.5": [
              6.24067,
              -0.43399,
              2.46207
            ],
            "0.7083": [
              7.79958,
              0.42613,
              -3.51747
            ],
            "1.0": [
              10,
              0,
              0
            ]
          }
        },
        "Head": {
          "rotation": {
            "0.0": [
              7.5,
              0,
              0
            ],
            "0.25": [
              7.38733,
              1.29876,
              -9.91615
            ],
            "0.5": [
              7.44693,
              1.84581,
              2.57341
            ],
            "1.0": [
              7.5,
              0,
              0
            ]
          }
        },
        "bone": {
          "rotation": {
            "0.0": [
              0,
              0,
              12.5
            ],
            "0.25": [
              -12.5,
              0,
              0
            ],
            "0.5": [
              0,
              0,
              -12.5
            ],
            "0.75": [
              -10,
              0,
              0
            ],
            "1.0": [
              0,
              0,
              12.5
            ]
          }
        },
        "bone2": {
          "rotation": {
            "0.0": [
              -24.43845,
              3.73171,
              17.10967
            ],
            "0.5": [
              12.5,
              0,
              0
            ],
            "1.0": [
              -24.43845,
              3.73171,
              17.10967
            ]
          }
        },
        "bone3": {
          "rotation": {
            "0.0": [
              -17.5,
              0,
              0
            ],
            "0.5": [
              12.5,
              0,
              0
            ],
            "0.7917": [
              30,
              0,
              0
            ],
            "1.0": [
              -17.5,
              0,
              0
            ]
          }
        },
        "bone4": {
          "rotation": {
            "0.0": [
              32.5,
              0,
              0
            ],
            "0.25": [
              -22.5,
              0,
              0
            ],
            "0.5": [
              -52.5,
              0,
              0
            ],
            "0.75": [
              25,
              0,
              0
            ],
            "1.0": [
              32.5,
              0,
              0
            ]
          }
        },
        "bone5": {
          "rotation": {
            "0.0": [
              27.5,
              0,
              0
            ],
            "0.25": [
              22.01816,
              4.75113,
              -11.57518
            ],
            "0.5": [
              -12.98184,
              4.75113,
              -11.57518
            ],
            "1.0": [
              27.5,
              0,
              0
            ]
          }
        },
        "bone6": {
          "rotation": {
            "0.0": [
              7.5,
              0,
              0
            ],
            "0.25": [
              -8.71722,
              -0.75967,
              -4.9421
            ],
            "0.5": [
              -35,
              0,
              0
            ],
            "1.0": [
              7.5,
              0,
              0
            ]
          }
        },
        "bone7": {
          "rotation": {
            "0.0": [
              -14.18919,
              18.52959,
              13.91899
            ],
            "0.25": [
              4.51015,
              -23.56623,
              28.15549
            ],
            "0.5": [
              13.96224,
              -62.28494,
              -22.06662
            ],
            "0.75": [
              -16.44163,
              -34.7999,
              28.07293
            ],
            "1.0": [
              -14.18919,
              18.52959,
              13.91899
            ]
          }
        },
        "bone8": {
          "rotation": {
            "0.0": [
              -20,
              0,
              0
            ],
            "0.25": [
              0,
              0,
              0
            ],
            "0.5": [
              27.5,
              0,
              0
            ],
            "1.0": [
              -20,
              0,
              0
            ]
          }
        },
        "bone9": {
          "rotation": {
            "0.0": [
              15.14371,
              -34.05444,
              -8.61775
            ],
            "0.25": [
              -7.5,
              0,
              0
            ],
            "0.5": [
              17.62528,
              -31.26463,
              -9.36302
            ],
            "1.0": [
              15.14371,
              -34.05444,
              -8.61775
            ]
          }
        },
        "bone10": {
          "rotation": {
            "0.0": [
              20,
              0,
              0
            ],
            "0.25": [
              7.5,
              0,
              0
            ],
            "0.5": [
              22.5,
              0,
              0
            ],
            "1.0": [
              20,
              0,
              0
            ]
          }
        },
        "bone11": {
          "rotation": {
            "0.0": [
              7.5,
              0,
              0
            ],
            "0.25": [
              -6.15578,
              1.08321,
              9.94175
            ],
            "0.5": [
              -20,
              0,
              0
            ],
            "1.0": [
              7.5,
              0,
              0
            ]
          }
        },
        "bone12": {
          "rotation": {
            "0.0": [
              -22.5,
              0,
              0
            ],
            "0.5": [
              12.5,
              0,
              0
            ],
            "1.0": [
              -22.5,
              0,
              0
            ]
          }
        }
      }
    },
    "animation.Zooble.idle": {
      "loop": true,
      "animation_length": 1
    }
  }
}