{
  "format_version": "1.12.0",
  "minecraft:geometry": [
    {
      "description": {
        "identifier": "geometry.pa_bubble",
        "texture_width": 128,
        "texture_height": 128,
        "visible_bounds_width": 12,
        "visible_bounds_height": 6.5,
        "visible_bounds_offset": [
          0,
          2.75,
          0
        ]
      },
      "bones": [
        {
          "name": "bubble",
          "pivot": [
            1,
            28,
            0
          ],
          "cubes": [
            {
              "origin": [
                -7,
                22,
                -8
              ],
              "size": [
                16,
                15,
                16
              ],
              "uv": [
                0,
                0
              ]
            }
          ]
        }
      ]
    }
  ]
}