{
  "format_version": "1.12.0",
  "minecraft:geometry": [
    {
      "description": {
        "identifier": "geometry.pa_gangle",
        "texture_width": 64,
        "texture_height": 64,
        "visible_bounds_width": 3,
        "visible_bounds_height": 4.5,
        "visible_bounds_offset": [
          0,
          1.75,
          0
        ]
      },
      "bones": [
        {
          "name": "all",
          "pivot": [
            0,
            0,
            1
          ]
        },
        {
          "name": "ribbon13",
          "parent": "all",
          "pivot": [
            2,
            28,
            2
          ],
          "cubes": [
            {
              "origin": [
                1,
                20,
                2
              ],
              "size": [
                2,
                8,
                0
              ],
              "uv": [
                16,
                23
              ],
              "mirror": true
            }
          ]
        },
        {
          "name": "ribbon14",
          "parent": "ribbon13",
          "pivot": [
            2,
            20,
            2
          ],
          "cubes": [
            {
              "origin": [
                1,
                12,
                2
              ],
              "size": [
                2,
                8,
                0
              ],
              "uv": [
                12,
                23
              ],
              "mirror": true
            }
          ]
        },
        {
          "name": "ribbon15",
          "parent": "ribbon14",
          "pivot": [
            2,
            12,
            2
          ],
          "cubes": [
            {
              "origin": [
                1,
                6,
                2
              ],
              "size": [
                2,
                6,
                0
              ],
              "uv": [
                24,
                12
              ],
              "mirror": true
            }
          ]
        },
        {
          "name": "ribbon16",
          "parent": "ribbon15",
          "pivot": [
            2,
            6,
            2
          ],
          "cubes": [
            {
              "origin": [
                1,
                0,
                2
              ],
              "size": [
                2,
                6,
                0
              ],
              "uv": [
                0,
                0
              ],
              "mirror": true
            }
          ]
        },
        {
          "name": "ribbon5",
          "parent": "all",
          "pivot": [
            -2,
            28,
            2
          ],
          "cubes": [
            {
              "origin": [
                -3,
                20,
                2
              ],
              "size": [
                2,
                8,
                0
              ],
              "uv": [
                16,
                23
              ]
            }
          ]
        },
        {
          "name": "ribbon6",
          "parent": "ribbon5",
          "pivot": [
            -2,
            20,
            2
          ],
          "cubes": [
            {
              "origin": [
                -3,
                12,
                2
              ],
              "size": [
                2,
                8,
                0
              ],
              "uv": [
                12,
                23
              ]
            }
          ]
        },
        {
          "name": "ribbon7",
          "parent": "ribbon6",
          "pivot": [
            -2,
            12,
            2
          ],
          "cubes": [
            {
              "origin": [
                -3,
                6,
                2
              ],
              "size": [
                2,
                6,
                0
              ],
              "uv": [
                24,
                12
              ]
            }
          ]
        },
        {
          "name": "ribbon8",
          "parent": "ribbon7",
          "pivot": [
            -2,
            6,
            2
          ],
          "cubes": [
            {
              "origin": [
                -3,
                0,
                2
              ],
              "size": [
                2,
                6,
                0
              ],
              "uv": [
                0,
                0
              ]
            }
          ]
        },
        {
          "name": "base",
          "parent": "all",
          "pivot": [
            0,
            27,
            2
          ],
          "cubes": [
            {
              "origin": [
                -3,
                27,
                0
              ],
              "size": [
                6,
                14,
                6
              ],
              "uv": [
                0,
                0
              ]
            }
          ]
        },
        {
          "name": "ribbon17",
          "parent": "base",
          "pivot": [
            0,
            39,
            2
          ],
          "rotation": [
            15,
            0,
            -180
          ],
          "cubes": [
            {
              "origin": [
                -1,
                34,
                2
              ],
              "size": [
                2,
                5,
                0
              ],
              "uv": [
                16,
                23
              ]
            }
          ]
        },
        {
          "name": "ribbon18",
          "parent": "ribbon17",
          "pivot": [
            0,
            34,
            2
          ],
          "rotation": [
            -42.5,
            0,
            0
          ],
          "cubes": [
            {
              "origin": [
                -1,
                28,
                2
              ],
              "size": [
                2,
                6,
                0
              ],
              "uv": [
                12,
                23
              ]
            }
          ]
        },
        {
          "name": "ribbon19",
          "parent": "ribbon18",
          "pivot": [
            0,
            28,
            2
          ],
          "rotation": [
            -105,
            0,
            0
          ],
          "cubes": [
            {
              "origin": [
                -1,
                22,
                2
              ],
              "size": [
                2,
                6,
                0
              ],
              "uv": [
                0,
                0
              ]
            }
          ]
        },
        {
          "name": "123",
          "parent": "ribbon19",
          "pivot": [
            0,
            20,
            3
          ],
          "rotation": [
            -126.27174,
            -24.90554,
            152.78323
          ],
          "cubes": [
            {
              "origin": [
                -6,
                20,
                3
              ],
              "size": [
                6,
                1,
                1
              ],
              "uv": [
                24,
                10
              ]
            },
            {
              "origin": [
                -7,
                21,
                3
              ],
              "size": [
                7,
                3,
                1
              ],
              "uv": [
                20,
                20
              ]
            },
            {
              "origin": [
                -8,
                24,
                3
              ],
              "size": [
                8,
                5,
                1
              ],
              "uv": [
                18,
                0
              ]
            },
            {
              "origin": [
                -9,
                29,
                3
              ],
              "size": [
                9,
                2,
                1
              ],
              "uv": [
                0,
                20
              ]
            },
            {
              "origin": [
                -0.28171,
                29,
                1.40233
              ],
              "size": [
                9,
                2,
                1
              ],
              "pivot": [
                -1.28171,
                20,
                2.40233
              ],
              "rotation": [
                0,
                -70,
                0
              ],
              "uv": [
                0,
                20
              ],
              "mirror": true
            },
            {
              "origin": [
                -0.28171,
                24,
                1.40233
              ],
              "size": [
                8,
                5,
                1
              ],
              "pivot": [
                -1.28171,
                20,
                2.40233
              ],
              "rotation": [
                0,
                -70,
                0
              ],
              "uv": [
                18,
                0
              ],
              "mirror": true
            },
            {
              "origin": [
                -0.28171,
                21,
                1.40233
              ],
              "size": [
                7,
                3,
                1
              ],
              "pivot": [
                -1.28171,
                20,
                2.40233
              ],
              "rotation": [
                0,
                -70,
                0
              ],
              "uv": [
                20,
                20
              ],
              "mirror": true
            },
            {
              "origin": [
                -0.28171,
                20,
                1.40233
              ],
              "size": [
                6,
                1,
                1
              ],
              "pivot": [
                -1.28171,
                20,
                2.40233
              ],
              "rotation": [
                0,
                -70,
                0
              ],
              "uv": [
                24,
                10
              ],
              "mirror": true
            }
          ]
        },
        {
          "name": "mouth",
          "parent": "123",
          "pivot": [
            0,
            23,
            3
          ],
          "cubes": [
            {
              "origin": [
                -6,
                21,
                2.9
              ],
              "size": [
                6,
                4,
                0
              ],
              "uv": [
                24,
                6
              ]
            }
          ]
        },
        {
          "name": "eyes",
          "parent": "123",
          "pivot": [
            -3,
            27,
            3
          ],
          "cubes": [
            {
              "origin": [
                -7,
                25,
                2.9
              ],
              "size": [
                6,
                5,
                0
              ],
              "uv": [
                0,
                23
              ]
            }
          ]
        },
        {
          "name": "tears",
          "parent": "123",
          "pivot": [
            0,
            20,
            4
          ],
          "cubes": [
            {
              "origin": [
                -7,
                22,
                2.8
              ],
              "size": [
                2,
                2,
                0
              ],
              "uv": [
                20,
                24
              ]
            }
          ]
        },
        {
          "name": "tears2",
          "parent": "123",
          "pivot": [
            -4,
            25,
            3
          ],
          "cubes": [
            {
              "origin": [
                -6,
                24,
                2.8
              ],
              "size": [
                3,
                2,
                0
              ],
              "uv": [
                24,
                18
              ]
            }
          ]
        },
        {
          "name": "tears4",
          "parent": "123",
          "pivot": [
            1.06031,
            25,
            6.34202
          ],
          "rotation": [
            0,
            -70,
            0
          ],
          "cubes": [
            {
              "origin": [
                0.55719,
                24,
                5.99534
              ],
              "size": [
                3,
                2,
                0
              ],
              "uv": [
                24,
                18
              ],
              "mirror": true
            }
          ]
        },
        {
          "name": "tears3",
          "parent": "123",
          "pivot": [
            -0.93969,
            20,
            3.34202
          ],
          "rotation": [
            0,
            -70,
            0
          ],
          "cubes": [
            {
              "origin": [
                4.06031,
                22,
                2.14202
              ],
              "size": [
                2,
                2,
                0
              ],
              "uv": [
                20,
                24
              ],
              "mirror": true
            }
          ]
        },
        {
          "name": "eyes2",
          "parent": "123",
          "pivot": [
            1.06031,
            26,
            6.34202
          ],
          "rotation": [
            0,
            -70,
            0
          ],
          "cubes": [
            {
              "origin": [
                -1.44281,
                25,
                6.09534
              ],
              "size": [
                6,
                5,
                0
              ],
              "uv": [
                0,
                23
              ],
              "mirror": true
            }
          ]
        },
        {
          "name": "mouth2",
          "parent": "123",
          "pivot": [
            -0.28171,
            23,
            3.40233
          ],
          "rotation": [
            0,
            -70,
            0
          ],
          "cubes": [
            {
              "origin": [
                -0.56343,
                21,
                2.9
              ],
              "size": [
                6,
                4,
                0
              ],
              "uv": [
                24,
                6
              ],
              "mirror": true
            }
          ]
        },
        {
          "name": "ribbon4",
          "parent": "base",
          "pivot": [
            -4,
            40,
            3
          ],
          "cubes": [
            {
              "origin": [
                -5,
                32,
                3
              ],
              "size": [
                2,
                8,
                0
              ],
              "uv": [
                16,
                23
              ]
            }
          ]
        },
        {
          "name": "ribbon3",
          "parent": "ribbon4",
          "pivot": [
            -4,
            32,
            3
          ],
          "cubes": [
            {
              "origin": [
                -5,
                24,
                3
              ],
              "size": [
                2,
                8,
                0
              ],
              "uv": [
                12,
                23
              ]
            }
          ]
        },
        {
          "name": "ribbon2",
          "parent": "ribbon3",
          "pivot": [
            -4,
            24,
            3
          ],
          "cubes": [
            {
              "origin": [
                -5,
                18,
                3
              ],
              "size": [
                2,
                6,
                0
              ],
              "uv": [
                24,
                12
              ]
            }
          ]
        },
        {
          "name": "ribbon",
          "parent": "ribbon2",
          "pivot": [
            -4,
            18,
            3
          ],
          "cubes": [
            {
              "origin": [
                -5,
                12,
                3
              ],
              "size": [
                2,
                6,
                0
              ],
              "uv": [
                0,
                0
              ]
            }
          ]
        },
        {
          "name": "ribbon9",
          "parent": "base",
          "pivot": [
            4,
            40,
            3
          ],
          "cubes": [
            {
              "origin": [
                3,
                32,
                3
              ],
              "size": [
                2,
                8,
                0
              ],
              "uv": [
                16,
                23
              ],
              "mirror": true
            }
          ]
        },
        {
          "name": "ribbon10",
          "parent": "ribbon9",
          "pivot": [
            4,
            32,
            3
          ],
          "cubes": [
            {
              "origin": [
                3,
                24,
                3
              ],
              "size": [
                2,
                8,
                0
              ],
              "uv": [
                12,
                23
              ],
              "mirror": true
            }
          ]
        },
        {
          "name": "ribbon11",
          "parent": "ribbon10",
          "pivot": [
            4,
            24,
            3
          ],
          "cubes": [
            {
              "origin": [
                3,
                18,
                3
              ],
              "size": [
                2,
                6,
                0
              ],
              "uv": [
                24,
                12
              ],
              "mirror": true
            }
          ]
        },
        {
          "name": "ribbon12",
          "parent": "ribbon11",
          "pivot": [
            4,
            18,
            3
          ],
          "cubes": [
            {
              "origin": [
                3,
                12,
                3
              ],
              "size": [
                2,
                6,
                0
              ],
              "uv": [
                0,
                0
              ],
              "mirror": true
            }
          ]
        }
      ]
    }
  ]
}