{
  "format_version": "1.12.0",
  "minecraft:geometry": [
    {
      "description": {
        "identifier": "geometry.pa_gloink_yellow",
        "texture_width": 128,
        "texture_height": 128,
        "visible_bounds_width": 2,
        "visible_bounds_height": 2.5,
        "visible_bounds_offset": [
          0,
          0.75,
          0
        ]
      },
      "bones": [
        {
          "name": "gloinks",
          "pivot": [
            0,
            0,
            0
          ]
        },
        {
          "name": "blue",
          "parent": "gloinks",
          "pivot": [
            -1,
            0,
            0
          ],
          "cubes": [
            {
              "origin": [
                -4,
                0,
                -5
              ],
              "size": [
                6,
                11,
                11
              ],
              "uv": [
                0,
                0
              ]
            }
          ]
        },
        {
          "name": "bone6",
          "parent": "blue",
          "pivot": [
            -3,
            0,
            0
          ],
          "cubes": [
            {
              "origin": [
                -5,
                6,
                1
              ],
              "size": [
                1,
                3,
                3
              ],
              "uv": [
                0,
                22
              ]
            },
            {
              "origin": [
                -5,
                4,
                -4
              ],
              "size": [
                1,
                3,
                3
              ],
              "uv": [
                0,
                0
              ]
            }
          ]
        },
        {
          "name": "red",
          "parent": "gloinks",
          "pivot": [
            -2,
            0,
            0
          ],
          "cubes": [
            {
              "origin": [
                -3,
                0,
                -5
              ],
              "size": [
                5,
                2,
                3
              ],
              "uv": [
                49,
                0
              ]
            },
            {
              "origin": [
                -3,
                0,
                2
              ],
              "size": [
                5,
                2,
                3
              ],
              "uv": [
                44,
                48
              ]
            },
            {
              "origin": [
                -3,
                10,
                -1
              ],
              "size": [
                5,
                3,
                2
              ],
              "uv": [
                0,
                52
              ]
            },
            {
              "origin": [
                -3,
                6,
                4
              ],
              "size": [
                5,
                2,
                3
              ],
              "uv": [
                0,
                47
              ]
            },
            {
              "origin": [
                -3,
                6,
                -7
              ],
              "size": [
                5,
                2,
                3
              ],
              "uv": [
                44,
                14
              ]
            },
            {
              "origin": [
                -3,
                2,
                1
              ],
              "size": [
                5,
                1,
                3
              ],
              "uv": [
                49,
                38
              ]
            },
            {
              "origin": [
                -3,
                9,
                -2
              ],
              "size": [
                5,
                1,
                4
              ],
              "uv": [
                38,
                43
              ]
            },
            {
              "origin": [
                -3,
                5,
                3
              ],
              "size": [
                5,
                4,
                1
              ],
              "uv": [
                14,
                55
              ]
            },
            {
              "origin": [
                -3,
                5,
                -4
              ],
              "size": [
                5,
                4,
                1
              ],
              "uv": [
                52,
                42
              ]
            },
            {
              "origin": [
                -3,
                3,
                -3
              ],
              "size": [
                5,
                6,
                6
              ],
              "uv": [
                22,
                43
              ]
            },
            {
              "origin": [
                -3,
                2,
                -4
              ],
              "size": [
                5,
                1,
                3
              ],
              "uv": [
                49,
                34
              ]
            }
          ]
        },
        {
          "name": "bone2",
          "parent": "red",
          "pivot": [
            -2,
            0,
            0
          ],
          "cubes": [
            {
              "origin": [
                -4,
                6,
                1
              ],
              "size": [
                1,
                2,
                2
              ],
              "uv": [
                21,
                28
              ]
            },
            {
              "origin": [
                -4,
                5,
                -3
              ],
              "size": [
                1,
                2,
                2
              ],
              "uv": [
                0,
                28
              ]
            }
          ]
        },
        {
          "name": "yellow",
          "parent": "gloinks",
          "pivot": [
            0,
            0,
            0
          ],
          "cubes": [
            {
              "origin": [
                -3,
                2,
                -5
              ],
              "size": [
                5,
                2,
                11
              ],
              "uv": [
                0,
                22
              ]
            },
            {
              "origin": [
                -3,
                0,
                -6
              ],
              "size": [
                5,
                2,
                13
              ],
              "uv": [
                21,
                9
              ]
            },
            {
              "origin": [
                -3,
                4,
                -4
              ],
              "size": [
                5,
                3,
                9
              ],
              "uv": [
                0,
                35
              ]
            },
            {
              "origin": [
                -3,
                7,
                -3
              ],
              "size": [
                5,
                3,
                7
              ],
              "uv": [
                40,
                24
              ]
            },
            {
              "origin": [
                -3,
                10,
                -1
              ],
              "size": [
                5,
                2,
                3
              ],
              "uv": [
                44,
                9
              ]
            }
          ]
        },
        {
          "name": "bone7",
          "parent": "yellow",
          "pivot": [
            -2,
            0,
            0
          ],
          "cubes": [
            {
              "origin": [
                -4,
                6,
                1
              ],
              "size": [
                1,
                2,
                2
              ],
              "uv": [
                25,
                26
              ]
            },
            {
              "origin": [
                -4,
                5,
                -3
              ],
              "size": [
                1,
                2,
                2
              ],
              "uv": [
                21,
                24
              ]
            }
          ]
        },
        {
          "name": "green",
          "parent": "gloinks",
          "pivot": [
            0,
            0,
            0
          ],
          "cubes": [
            {
              "origin": [
                -3,
                0,
                -2
              ],
              "size": [
                4,
                2,
                5
              ],
              "uv": [
                36,
                2
              ]
            },
            {
              "origin": [
                -3,
                10,
                -2
              ],
              "size": [
                4,
                2,
                5
              ],
              "uv": [
                23,
                0
              ]
            },
            {
              "origin": [
                -3,
                2,
                -4
              ],
              "size": [
                4,
                8,
                9
              ],
              "uv": [
                23,
                26
              ]
            },
            {
              "origin": [
                -3,
                4,
                -6
              ],
              "size": [
                4,
                4,
                2
              ],
              "uv": [
                54,
                53
              ]
            },
            {
              "origin": [
                -3,
                4,
                5
              ],
              "size": [
                4,
                4,
                2
              ],
              "uv": [
                42,
                53
              ]
            }
          ]
        },
        {
          "name": "bone8",
          "parent": "green",
          "pivot": [
            -2,
            0,
            0
          ],
          "cubes": [
            {
              "origin": [
                -4,
                6,
                1
              ],
              "size": [
                1,
                2,
                2
              ],
              "uv": [
                23,
                7
              ]
            },
            {
              "origin": [
                -4,
                5,
                -3
              ],
              "size": [
                1,
                2,
                2
              ],
              "uv": [
                0,
                6
              ]
            }
          ]
        }
      ]
    }
  ]
}