{
  "format_version": "1.12.0",
  "minecraft:geometry": [
    {
      "description": {
        "identifier": "geometry.pa_kaufmo",
        "texture_width": 128,
        "texture_height": 128,
        "visible_bounds_width": 5,
        "visible_bounds_height": 6.5,
        "visible_bounds_offset": [
          0,
          2.75,
          0
        ]
      },
      "bones": [
        {
          "name": "all",
          "pivot": [
            0,
            55,
            0
          ]
        },
        {
          "name": "right_leg",
          "parent": "all",
          "pivot": [
            -2,
            23,
            1
          ],
          "cubes": [
            {
              "origin": [
                -5,
                13,
                -2
              ],
              "size": [
                4,
                10,
                5
              ],
              "uv": [
                96,
                58
              ]
            }
          ]
        },
        {
          "name": "right_leg2",
          "parent": "right_leg",
          "pivot": [
            -3,
            13,
            1
          ],
          "cubes": [
            {
              "origin": [
                -5,
                3,
                -2
              ],
              "size": [
                4,
                10,
                5
              ],
              "uv": [
                96,
                0
              ]
            }
          ]
        },
        {
          "name": "right_feet",
          "parent": "right_leg2",
          "pivot": [
            -3,
            3,
            1
          ],
          "cubes": [
            {
              "origin": [
                -6,
                0,
                -13
              ],
              "size": [
                6,
                3,
                17
              ],
              "uv": [
                48,
                45
              ]
            }
          ]
        },
        {
          "name": "left_leg",
          "parent": "all",
          "pivot": [
            2,
            23,
            1
          ],
          "cubes": [
            {
              "origin": [
                1,
                13,
                -2
              ],
              "size": [
                4,
                10,
                5
              ],
              "uv": [
                36,
                93
              ]
            }
          ]
        },
        {
          "name": "left_leg2",
          "parent": "left_leg",
          "pivot": [
            3,
            13,
            1
          ],
          "cubes": [
            {
              "origin": [
                1,
                3,
                -2
              ],
              "size": [
                4,
                10,
                5
              ],
              "uv": [
                18,
                91
              ]
            }
          ]
        },
        {
          "name": "left_feet",
          "parent": "left_leg2",
          "pivot": [
            3,
            3,
            1
          ],
          "cubes": [
            {
              "origin": [
                0,
                0,
                -13
              ],
              "size": [
                6,
                3,
                17
              ],
              "uv": [
                39,
                25
              ]
            }
          ]
        },
        {
          "name": "base",
          "parent": "all",
          "pivot": [
            0,
            23,
            0
          ],
          "cubes": [
            {
              "origin": [
                -7,
                31,
                -5
              ],
              "size": [
                14,
                14,
                10
              ],
              "uv": [
                0,
                42
              ]
            },
            {
              "origin": [
                -8,
                23,
                -6
              ],
              "size": [
                16,
                12,
                12
              ],
              "uv": [
                0,
                0
              ]
            },
            {
              "origin": [
                -6,
                43,
                -4
              ],
              "size": [
                12,
                12,
                8
              ],
              "uv": [
                0,
                71
              ]
            }
          ]
        },
        {
          "name": "scarf",
          "parent": "base",
          "pivot": [
            0,
            55,
            0
          ],
          "cubes": [
            {
              "origin": [
                -7,
                51.1,
                -7
              ],
              "size": [
                14,
                4,
                14
              ],
              "uv": [
                0,
                24
              ]
            }
          ]
        },
        {
          "name": "head",
          "parent": "base",
          "pivot": [
            0,
            55,
            0
          ],
          "cubes": [
            {
              "origin": [
                -5,
                55,
                -5
              ],
              "size": [
                10,
                14,
                10
              ],
              "uv": [
                56,
                0
              ]
            }
          ]
        },
        {
          "name": "lip",
          "parent": "head",
          "pivot": [
            0,
            55,
            0
          ],
          "cubes": [
            {
              "origin": [
                -5,
                55,
                -5.1
              ],
              "size": [
                10,
                7,
                0
              ],
              "uv": [
                44,
                0
              ]
            }
          ]
        },
        {
          "name": "hat",
          "parent": "head",
          "pivot": [
            0,
            68,
            1
          ],
          "rotation": [
            -12.5,
            0,
            0
          ],
          "cubes": [
            {
              "origin": [
                -6,
                68,
                -5
              ],
              "size": [
                12,
                2,
                12
              ],
              "uv": [
                36,
                65
              ]
            },
            {
              "origin": [
                -3,
                73,
                -2
              ],
              "size": [
                6,
                3,
                6
              ],
              "uv": [
                95,
                84
              ]
            },
            {
              "origin": [
                -2,
                76,
                -1
              ],
              "size": [
                4,
                3,
                4
              ],
              "uv": [
                48,
                51
              ]
            },
            {
              "origin": [
                -1,
                79,
                0
              ],
              "size": [
                2,
                2,
                2
              ],
              "uv": [
                0,
                30
              ]
            },
            {
              "origin": [
                -4,
                70,
                -3
              ],
              "size": [
                8,
                3,
                8
              ],
              "uv": [
                72,
                65
              ]
            }
          ]
        },
        {
          "name": "eyes",
          "parent": "head",
          "pivot": [
            -3,
            66,
            -4
          ],
          "cubes": [
            {
              "origin": [
                -6,
                63,
                -6
              ],
              "size": [
                6,
                6,
                7
              ],
              "uv": [
                77,
                45
              ]
            },
            {
              "origin": [
                -12,
                63,
                -4
              ],
              "size": [
                6,
                6,
                0
              ],
              "uv": [
                0,
                24
              ]
            },
            {
              "origin": [
                -12,
                63,
                -4
              ],
              "size": [
                6,
                6,
                0
              ],
              "pivot": [
                -2,
                66,
                0
              ],
              "rotation": [
                0,
                -17.5,
                82.5
              ],
              "uv": [
                0,
                6
              ]
            },
            {
              "origin": [
                113,
                -51,
                -44
              ],
              "size": [
                6,
                6,
                0
              ],
              "pivot": [
                -2,
                -66,
                0
              ],
              "rotation": [
                0,
                -17.5,
                -82.5
              ],
              "uv": [
                0,
                0
              ]
            }
          ]
        },
        {
          "name": "right_arm",
          "parent": "base",
          "pivot": [
            -6,
            52,
            1
          ],
          "cubes": [
            {
              "origin": [
                -10,
                41,
                -2
              ],
              "size": [
                4,
                12,
                5
              ],
              "uv": [
                0,
                91
              ]
            }
          ]
        },
        {
          "name": "right_arm2",
          "parent": "right_arm",
          "pivot": [
            -8,
            41,
            0
          ],
          "cubes": [
            {
              "origin": [
                -10,
                29,
                -2
              ],
              "size": [
                4,
                12,
                5
              ],
              "uv": [
                82,
                90
              ]
            }
          ]
        },
        {
          "name": "right_hand",
          "parent": "right_arm2",
          "pivot": [
            -8,
            29,
            1
          ],
          "cubes": [
            {
              "origin": [
                -11,
                22,
                -3
              ],
              "size": [
                5,
                7,
                7
              ],
              "uv": [
                40,
                79
              ]
            },
            {
              "origin": [
                -8,
                13,
                -6
              ],
              "size": [
                0,
                16,
                10
              ],
              "pivot": [
                -7,
                26,
                1
              ],
              "rotation": [
                -0.35382,
                -0.2783,
                -4.97885
              ],
              "uv": [
                68,
                14
              ]
            }
          ]
        },
        {
          "name": "left_arm3",
          "parent": "base",
          "pivot": [
            6,
            52,
            1
          ],
          "cubes": [
            {
              "origin": [
                6,
                41,
                -2
              ],
              "size": [
                4,
                12,
                5
              ],
              "uv": [
                88,
                24
              ]
            }
          ]
        },
        {
          "name": "left_arm4",
          "parent": "left_arm3",
          "pivot": [
            8,
            41,
            0
          ],
          "cubes": [
            {
              "origin": [
                6,
                29,
                -2
              ],
              "size": [
                4,
                12,
                5
              ],
              "uv": [
                64,
                85
              ]
            }
          ]
        },
        {
          "name": "left_hand2",
          "parent": "left_arm4",
          "pivot": [
            8,
            29,
            1
          ],
          "cubes": [
            {
              "origin": [
                6,
                22,
                -3
              ],
              "size": [
                5,
                7,
                7
              ],
              "uv": [
                77,
                76
              ]
            }
          ]
        },
        {
          "name": "exit",
          "pivot": [
            0,
            51,
            12
          ],
          "cubes": [
            {
              "origin": [
                6,
                64,
                11
              ],
              "size": [
                13,
                6,
                0
              ],
              "uv": [
                38,
                45
              ]
            },
            {
              "origin": [
                -21,
                64,
                11
              ],
              "size": [
                13,
                6,
                0
              ],
              "uv": [
                38,
                45
              ]
            },
            {
              "origin": [
                10,
                64,
                11
              ],
              "size": [
                13,
                6,
                0
              ],
              "pivot": [
                0,
                51,
                12
              ],
              "rotation": [
                0,
                0,
                32.5
              ],
              "uv": [
                38,
                45
              ]
            },
            {
              "origin": [
                -18,
                64,
                11
              ],
              "size": [
                13,
                6,
                0
              ],
              "pivot": [
                0,
                51,
                12
              ],
              "rotation": [
                0,
                0,
                -32.5
              ],
              "uv": [
                38,
                45
              ]
            }
          ]
        }
      ]
    }
  ]
}