{
  "format_version": "1.12.0",
  "minecraft:geometry": [
    {
      "description": {
        "identifier": "geometry.pa_kinger",
        "texture_width": 128,
        "texture_height": 128,
        "visible_bounds_width": 3,
        "visible_bounds_height": 4.5,
        "visible_bounds_offset": [
          0,
          1.75,
          0
        ]
      },
      "bones": [
        {
          "name": "base2",
          "pivot": [
            0,
            0,
            0
          ],
          "cubes": [
            {
              "origin": [
                -4,
                2,
                -4
              ],
              "size": [
                8,
                14,
                8
              ],
              "uv": [
                0,
                0
              ]
            },
            {
              "origin": [
                -5,
                0,
                -5
              ],
              "size": [
                10,
                2,
                10
              ],
              "uv": [
                24,
                12
              ]
            }
          ]
        },
        {
          "name": "base",
          "parent": "base2",
          "pivot": [
            0,
            16,
            0
          ],
          "cubes": [
            {
              "origin": [
                -4,
                16,
                -4
              ],
              "size": [
                8,
                14,
                8
              ],
              "uv": [
                0,
                22
              ]
            },
            {
              "origin": [
                -4,
                29,
                -5
              ],
              "size": [
                2,
                9,
                10
              ],
              "pivot": [
                0,
                31,
                0
              ],
              "rotation": [
                0,
                0,
                -50
              ],
              "uv": [
                22,
                43
              ]
            },
            {
              "origin": [
                2,
                29,
                -5
              ],
              "size": [
                2,
                9,
                10
              ],
              "pivot": [
                0,
                31,
                0
              ],
              "rotation": [
                0,
                0,
                50
              ],
              "uv": [
                32,
                24
              ]
            }
          ]
        },
        {
          "name": "head",
          "parent": "base",
          "pivot": [
            0,
            31,
            0
          ],
          "cubes": [
            {
              "origin": [
                -4,
                31,
                -4
              ],
              "size": [
                8,
                1,
                8
              ],
              "uv": [
                46,
                24
              ]
            },
            {
              "origin": [
                -4,
                33,
                -4
              ],
              "size": [
                8,
                1,
                8
              ],
              "uv": [
                0,
                44
              ]
            },
            {
              "origin": [
                -1,
                44,
                -0.5
              ],
              "size": [
                2,
                7,
                1
              ],
              "uv": [
                0,
                0
              ]
            },
            {
              "origin": [
                -3,
                47,
                -0.5
              ],
              "size": [
                2,
                2,
                1
              ],
              "uv": [
                0,
                25
              ]
            },
            {
              "origin": [
                1,
                47,
                -0.5
              ],
              "size": [
                2,
                2,
                1
              ],
              "uv": [
                24,
                5
              ]
            },
            {
              "origin": [
                -4,
                42,
                -4
              ],
              "size": [
                8,
                1,
                8
              ],
              "uv": [
                32,
                0
              ]
            },
            {
              "origin": [
                -2,
                43,
                -2
              ],
              "size": [
                4,
                1,
                4
              ],
              "uv": [
                24,
                24
              ]
            },
            {
              "origin": [
                -3,
                30,
                -3
              ],
              "size": [
                6,
                12,
                6
              ],
              "uv": [
                46,
                43
              ]
            }
          ]
        },
        {
          "name": "eyes",
          "parent": "head",
          "pivot": [
            -3,
            40,
            -2
          ],
          "cubes": [
            {
              "origin": [
                -4,
                39,
                -5
              ],
              "size": [
                3,
                3,
                3
              ],
              "uv": [
                54,
                9
              ]
            }
          ]
        },
        {
          "name": "eye",
          "parent": "head",
          "pivot": [
            2,
            38,
            -2
          ],
          "cubes": [
            {
              "origin": [
                1,
                36,
                -5
              ],
              "size": [
                3,
                3,
                3
              ],
              "uv": [
                0,
                53
              ]
            }
          ]
        },
        {
          "name": "hand",
          "parent": "base",
          "pivot": [
            -8,
            20,
            0
          ],
          "rotation": [
            0,
            52.5,
            0
          ],
          "cubes": [
            {
              "origin": [
                -10,
                14,
                -1
              ],
              "size": [
                4,
                4,
                2
              ],
              "uv": [
                36,
                43
              ]
            },
            {
              "origin": [
                -9,
                18,
                -1
              ],
              "size": [
                2,
                1,
                2
              ],
              "uv": [
                0,
                22
              ]
            },
            {
              "origin": [
                -10,
                19,
                -2
              ],
              "size": [
                4,
                1,
                4
              ],
              "uv": [
                24,
                0
              ]
            }
          ]
        },
        {
          "name": "finger",
          "parent": "hand",
          "pivot": [
            -9,
            14,
            1
          ],
          "rotation": [
            0,
            0,
            10
          ],
          "cubes": [
            {
              "origin": [
                -10,
                11,
                0
              ],
              "size": [
                1,
                3,
                1
              ],
              "uv": [
                24,
                24
              ]
            }
          ]
        },
        {
          "name": "finger2",
          "parent": "finger",
          "pivot": [
            -10,
            11,
            0
          ],
          "rotation": [
            27.5,
            0,
            0
          ],
          "cubes": [
            {
              "origin": [
                -10,
                8,
                0
              ],
              "size": [
                1,
                3,
                1
              ],
              "uv": [
                24,
                0
              ]
            }
          ]
        },
        {
          "name": "finger3",
          "parent": "hand",
          "pivot": [
            -8,
            14,
            1
          ],
          "rotation": [
            0,
            0,
            5
          ],
          "cubes": [
            {
              "origin": [
                -9,
                11,
                0
              ],
              "size": [
                1,
                3,
                1
              ],
              "uv": [
                24,
                24
              ]
            }
          ]
        },
        {
          "name": "finger4",
          "parent": "finger3",
          "pivot": [
            -9,
            11,
            0
          ],
          "rotation": [
            17.5,
            0,
            0
          ],
          "cubes": [
            {
              "origin": [
                -9,
                8,
                0
              ],
              "size": [
                1,
                3,
                1
              ],
              "uv": [
                24,
                0
              ]
            }
          ]
        },
        {
          "name": "finger5",
          "parent": "hand",
          "pivot": [
            -7,
            14,
            1
          ],
          "cubes": [
            {
              "origin": [
                -8,
                11,
                0
              ],
              "size": [
                1,
                3,
                1
              ],
              "uv": [
                24,
                24
              ]
            }
          ]
        },
        {
          "name": "finger6",
          "parent": "finger5",
          "pivot": [
            -8,
            11,
            0
          ],
          "rotation": [
            20,
            0,
            0
          ],
          "cubes": [
            {
              "origin": [
                -8,
                8,
                0
              ],
              "size": [
                1,
                3,
                1
              ],
              "uv": [
                24,
                0
              ]
            }
          ]
        },
        {
          "name": "finger7",
          "parent": "hand",
          "pivot": [
            -6,
            14,
            1
          ],
          "rotation": [
            0,
            0,
            -12.5
          ],
          "cubes": [
            {
              "origin": [
                -7,
                11,
                0
              ],
              "size": [
                1,
                3,
                1
              ],
              "uv": [
                24,
                24
              ]
            }
          ]
        },
        {
          "name": "finger8",
          "parent": "finger7",
          "pivot": [
            -7,
            11,
            0
          ],
          "rotation": [
            25,
            0,
            0
          ],
          "cubes": [
            {
              "origin": [
                -7,
                8,
                0
              ],
              "size": [
                1,
                3,
                1
              ],
              "uv": [
                24,
                0
              ]
            }
          ]
        },
        {
          "name": "finger9",
          "parent": "hand",
          "pivot": [
            -5,
            17,
            1
          ],
          "rotation": [
            -0.46258,
            0.45936,
            -4.9592
          ],
          "cubes": [
            {
              "origin": [
                -6,
                14,
                0
              ],
              "size": [
                1,
                3,
                1
              ],
              "uv": [
                24,
                24
              ]
            }
          ]
        },
        {
          "name": "finger10",
          "parent": "finger9",
          "pivot": [
            -6,
            14,
            0
          ],
          "rotation": [
            11.56015,
            0.14034,
            9.58786
          ],
          "cubes": [
            {
              "origin": [
                -6,
                11,
                0
              ],
              "size": [
                1,
                3,
                1
              ],
              "uv": [
                24,
                0
              ]
            }
          ]
        },
        {
          "name": "hand2",
          "parent": "base",
          "pivot": [
            8,
            20,
            0
          ],
          "rotation": [
            0,
            -52.5,
            0
          ],
          "cubes": [
            {
              "origin": [
                6,
                14,
                -1
              ],
              "size": [
                4,
                4,
                2
              ],
              "uv": [
                36,
                43
              ],
              "mirror": true
            },
            {
              "origin": [
                7,
                18,
                -1
              ],
              "size": [
                2,
                1,
                2
              ],
              "uv": [
                0,
                22
              ],
              "mirror": true
            },
            {
              "origin": [
                6,
                19,
                -2
              ],
              "size": [
                4,
                1,
                4
              ],
              "uv": [
                24,
                0
              ],
              "mirror": true
            }
          ]
        },
        {
          "name": "finger11",
          "parent": "hand2",
          "pivot": [
            9,
            14,
            1
          ],
          "rotation": [
            0,
            0,
            -10
          ],
          "cubes": [
            {
              "origin": [
                9,
                11,
                0
              ],
              "size": [
                1,
                3,
                1
              ],
              "uv": [
                24,
                24
              ],
              "mirror": true
            }
          ]
        },
        {
          "name": "finger12",
          "parent": "finger11",
          "pivot": [
            10,
            11,
            0
          ],
          "rotation": [
            27.5,
            0,
            0
          ],
          "cubes": [
            {
              "origin": [
                9,
                8,
                0
              ],
              "size": [
                1,
                3,
                1
              ],
              "uv": [
                24,
                0
              ],
              "mirror": true
            }
          ]
        },
        {
          "name": "finger13",
          "parent": "hand2",
          "pivot": [
            8,
            14,
            1
          ],
          "rotation": [
            0,
            0,
            -5
          ],
          "cubes": [
            {
              "origin": [
                8,
                11,
                0
              ],
              "size": [
                1,
                3,
                1
              ],
              "uv": [
                24,
                24
              ],
              "mirror": true
            }
          ]
        },
        {
          "name": "finger14",
          "parent": "finger13",
          "pivot": [
            9,
            11,
            0
          ],
          "rotation": [
            17.5,
            0,
            0
          ],
          "cubes": [
            {
              "origin": [
                8,
                8,
                0
              ],
              "size": [
                1,
                3,
                1
              ],
              "uv": [
                24,
                0
              ],
              "mirror": true
            }
          ]
        },
        {
          "name": "finger15",
          "parent": "hand2",
          "pivot": [
            7,
            14,
            1
          ],
          "cubes": [
            {
              "origin": [
                7,
                11,
                0
              ],
              "size": [
                1,
                3,
                1
              ],
              "uv": [
                24,
                24
              ],
              "mirror": true
            }
          ]
        },
        {
          "name": "finger16",
          "parent": "finger15",
          "pivot": [
            8,
            11,
            0
          ],
          "rotation": [
            20,
            0,
            0
          ],
          "cubes": [
            {
              "origin": [
                7,
                8,
                0
              ],
              "size": [
                1,
                3,
                1
              ],
              "uv": [
                24,
                0
              ],
              "mirror": true
            }
          ]
        },
        {
          "name": "finger17",
          "parent": "hand2",
          "pivot": [
            6,
            14,
            1
          ],
          "rotation": [
            0,
            0,
            12.5
          ],
          "cubes": [
            {
              "origin": [
                6,
                11,
                0
              ],
              "size": [
                1,
                3,
                1
              ],
              "uv": [
                24,
                24
              ],
              "mirror": true
            }
          ]
        },
        {
          "name": "finger18",
          "parent": "finger17",
          "pivot": [
            7,
            11,
            0
          ],
          "rotation": [
            25,
            0,
            0
          ],
          "cubes": [
            {
              "origin": [
                6,
                8,
                0
              ],
              "size": [
                1,
                3,
                1
              ],
              "uv": [
                24,
                0
              ],
              "mirror": true
            }
          ]
        },
        {
          "name": "finger19",
          "parent": "hand2",
          "pivot": [
            5,
            17,
            1
          ],
          "rotation": [
            -0.46258,
            -0.45936,
            4.9592
          ],
          "cubes": [
            {
              "origin": [
                5,
                14,
                0
              ],
              "size": [
                1,
                3,
                1
              ],
              "uv": [
                24,
                24
              ],
              "mirror": true
            }
          ]
        },
        {
          "name": "finger20",
          "parent": "finger19",
          "pivot": [
            6,
            14,
            0
          ],
          "rotation": [
            11.56015,
            -0.14034,
            -9.58786
          ],
          "cubes": [
            {
              "origin": [
                5,
                11,
                0
              ],
              "size": [
                1,
                3,
                1
              ],
              "uv": [
                24,
                0
              ],
              "mirror": true
            }
          ]
        }
      ]
    }
  ]
}