{
  "format_version": "1.12.0",
  "minecraft:geometry": [
    {
      "description": {
        "identifier": "geometry.pa_pomni",
        "texture_width": 128,
        "texture_height": 128,
        "visible_bounds_width": 3,
        "visible_bounds_height": 4.5,
        "visible_bounds_offset": [
          0,
          1.75,
          0
        ]
      },
      "bones": [
        {
          "name": "all",
          "pivot": [
            0,
            31,
            0
          ]
        },
        {
          "name": "left_leg",
          "parent": "all",
          "pivot": [
            -2,
            19,
            0
          ],
          "cubes": [
            {
              "origin": [
                -4,
                15,
                -2
              ],
              "size": [
                4,
                4,
                4
              ],
              "uv": [
                28,
                38
              ]
            },
            {
              "origin": [
                -3,
                10,
                -1
              ],
              "size": [
                2,
                5,
                2
              ],
              "uv": [
                38,
                0
              ]
            },
            {
              "origin": [
                -3.5,
                14,
                -1.5
              ],
              "size": [
                3,
                1,
                3
              ],
              "uv": [
                22,
                24
              ]
            }
          ]
        },
        {
          "name": "left_leg2",
          "parent": "left_leg",
          "pivot": [
            -2,
            10,
            0
          ],
          "cubes": [
            {
              "origin": [
                -3,
                5,
                -1
              ],
              "size": [
                2,
                5,
                2
              ],
              "uv": [
                0,
                38
              ]
            }
          ]
        },
        {
          "name": "left_leg3",
          "parent": "left_leg2",
          "pivot": [
            -2,
            5,
            0
          ],
          "cubes": [
            {
              "origin": [
                -4,
                3,
                -2
              ],
              "size": [
                4,
                2,
                4
              ],
              "uv": [
                36,
                52
              ]
            },
            {
              "origin": [
                -4,
                0,
                -5
              ],
              "size": [
                4,
                3,
                7
              ],
              "uv": [
                0,
                56
              ]
            },
            {
              "origin": [
                -3,
                1,
                -6
              ],
              "size": [
                2,
                3,
                2
              ],
              "uv": [
                55,
                36
              ]
            }
          ]
        },
        {
          "name": "right_leg",
          "parent": "all",
          "pivot": [
            2,
            19,
            0
          ],
          "cubes": [
            {
              "origin": [
                0,
                15,
                -2
              ],
              "size": [
                4,
                4,
                4
              ],
              "uv": [
                0,
                66
              ]
            },
            {
              "origin": [
                1,
                10,
                -1
              ],
              "size": [
                2,
                5,
                2
              ],
              "uv": [
                0,
                74
              ]
            },
            {
              "origin": [
                0.5,
                14,
                -1.5
              ],
              "size": [
                3,
                1,
                3
              ],
              "uv": [
                41,
                16
              ]
            }
          ]
        },
        {
          "name": "right_leg2",
          "parent": "right_leg",
          "pivot": [
            2,
            10,
            0
          ],
          "cubes": [
            {
              "origin": [
                1,
                5,
                -1
              ],
              "size": [
                2,
                5,
                2
              ],
              "uv": [
                22,
                72
              ]
            }
          ]
        },
        {
          "name": "right_leg3",
          "parent": "right_leg2",
          "pivot": [
            2,
            5,
            0
          ],
          "cubes": [
            {
              "origin": [
                0,
                3,
                -2
              ],
              "size": [
                4,
                2,
                4
              ],
              "uv": [
                71,
                30
              ]
            },
            {
              "origin": [
                0,
                0,
                -5
              ],
              "size": [
                4,
                3,
                7
              ],
              "uv": [
                39,
                61
              ]
            },
            {
              "origin": [
                1,
                1,
                -6
              ],
              "size": [
                2,
                3,
                2
              ],
              "uv": [
                54,
                61
              ]
            }
          ]
        },
        {
          "name": "base",
          "parent": "all",
          "pivot": [
            0,
            18,
            0
          ],
          "cubes": [
            {
              "origin": [
                -2,
                31,
                -2
              ],
              "size": [
                4,
                2,
                4
              ],
              "pivot": [
                0,
                31,
                0
              ],
              "rotation": [
                0,
                0,
                -180
              ],
              "uv": [
                33,
                71
              ]
            },
            {
              "origin": [
                -4,
                24,
                -4
              ],
              "size": [
                8,
                5,
                8
              ],
              "uv": [
                38,
                0
              ]
            },
            {
              "origin": [
                -1,
                26,
                -5
              ],
              "size": [
                2,
                2,
                1
              ],
              "uv": [
                15,
                56
              ]
            },
            {
              "origin": [
                -1,
                22,
                -4
              ],
              "size": [
                2,
                2,
                1
              ],
              "uv": [
                0,
                56
              ]
            },
            {
              "origin": [
                -1,
                19,
                -3
              ],
              "size": [
                2,
                2,
                1
              ],
              "pivot": [
                0,
                31,
                0
              ],
              "rotation": [
                -2.5,
                0,
                0
              ],
              "uv": [
                48,
                52
              ]
            },
            {
              "origin": [
                -3,
                22,
                -3
              ],
              "size": [
                6,
                2,
                6
              ],
              "uv": [
                62,
                0
              ]
            },
            {
              "origin": [
                -3,
                18,
                -3
              ],
              "size": [
                6,
                2,
                6
              ],
              "uv": [
                61,
                61
              ]
            },
            {
              "origin": [
                -1,
                17,
                -3
              ],
              "size": [
                2,
                1,
                6
              ],
              "uv": [
                67,
                70
              ]
            },
            {
              "origin": [
                -6,
                18,
                -4
              ],
              "size": [
                4,
                1,
                8
              ],
              "pivot": [
                0,
                31,
                0
              ],
              "rotation": [
                0,
                0,
                -25
              ],
              "uv": [
                55,
                33
              ]
            },
            {
              "origin": [
                2,
                18,
                -4
              ],
              "size": [
                4,
                1,
                8
              ],
              "pivot": [
                0,
                31,
                0
              ],
              "rotation": [
                0,
                0,
                25
              ],
              "uv": [
                46,
                52
              ]
            },
            {
              "origin": [
                -2.5,
                19,
                -2.5
              ],
              "size": [
                5,
                3,
                5
              ],
              "uv": [
                63,
                13
              ]
            }
          ]
        },
        {
          "name": "head",
          "parent": "base",
          "pivot": [
            0,
            31,
            0
          ],
          "cubes": [
            {
              "origin": [
                -5,
                31,
                -5
              ],
              "size": [
                10,
                2,
                8
              ],
              "uv": [
                0,
                38
              ]
            },
            {
              "origin": [
                -5,
                33,
                -5
              ],
              "size": [
                10,
                2,
                6
              ],
              "uv": [
                0,
                48
              ]
            },
            {
              "origin": [
                -7,
                32,
                -5.5
              ],
              "size": [
                2,
                6,
                0
              ],
              "pivot": [
                0,
                31,
                0
              ],
              "rotation": [
                0,
                0,
                15
              ],
              "uv": [
                26,
                48
              ]
            },
            {
              "origin": [
                5,
                32,
                -5.5
              ],
              "size": [
                2,
                6,
                0
              ],
              "pivot": [
                0,
                31,
                0
              ],
              "rotation": [
                0,
                0,
                -15
              ],
              "uv": [
                10,
                4
              ]
            },
            {
              "origin": [
                -5,
                35,
                -5
              ],
              "size": [
                10,
                2,
                4
              ],
              "uv": [
                44,
                27
              ]
            },
            {
              "origin": [
                -1,
                36,
                -5.5
              ],
              "size": [
                1,
                3,
                0
              ],
              "uv": [
                2,
                0
              ]
            },
            {
              "origin": [
                1,
                36,
                -5.5
              ],
              "size": [
                1,
                3,
                0
              ],
              "pivot": [
                0,
                31,
                0
              ],
              "rotation": [
                -2.5,
                0,
                -12.5
              ],
              "uv": [
                0,
                0
              ]
            },
            {
              "origin": [
                -5,
                37,
                -5
              ],
              "size": [
                10,
                2,
                1
              ],
              "uv": [
                22,
                16
              ]
            }
          ]
        },
        {
          "name": "mouth",
          "parent": "head",
          "pivot": [
            0,
            32,
            -5
          ],
          "cubes": [
            {
              "origin": [
                -2,
                30.4,
                -5.1
              ],
              "size": [
                4,
                2,
                0
              ],
              "uv": [
                31,
                19
              ]
            }
          ]
        },
        {
          "name": "eyes",
          "parent": "head",
          "pivot": [
            -2.5,
            35,
            -5
          ],
          "cubes": [
            {
              "origin": [
                -4,
                32.5,
                -5.1
              ],
              "size": [
                3,
                4,
                0
              ],
              "uv": [
                0,
                48
              ]
            }
          ]
        },
        {
          "name": "eyes2",
          "parent": "head",
          "pivot": [
            2.5,
            33,
            -5
          ],
          "rotation": [
            0,
            0,
            -180
          ],
          "cubes": [
            {
              "origin": [
                1,
                28.5,
                -5.1
              ],
              "size": [
                3,
                4,
                0
              ],
              "uv": [
                6,
                16
              ]
            }
          ]
        },
        {
          "name": "hat",
          "parent": "head",
          "pivot": [
            0,
            35,
            -1
          ],
          "cubes": [
            {
              "origin": [
                -6,
                33,
                -10
              ],
              "size": [
                12,
                2,
                14
              ],
              "pivot": [
                0,
                31,
                0
              ],
              "rotation": [
                -40,
                0,
                0
              ],
              "uv": [
                0,
                0
              ]
            },
            {
              "origin": [
                -1,
                35,
                -8
              ],
              "size": [
                2,
                4,
                10
              ],
              "pivot": [
                0,
                31,
                0
              ],
              "rotation": [
                -40,
                0,
                0
              ],
              "uv": [
                22,
                48
              ]
            },
            {
              "origin": [
                -5,
                35,
                -9
              ],
              "size": [
                5,
                5,
                12
              ],
              "pivot": [
                0,
                31,
                0
              ],
              "rotation": [
                -39.97314,
                -1.60667,
                -1.91561
              ],
              "uv": [
                22,
                21
              ]
            },
            {
              "origin": [
                0,
                35,
                -9
              ],
              "size": [
                5,
                5,
                12
              ],
              "pivot": [
                0,
                31,
                0
              ],
              "rotation": [
                -39.97314,
                1.60667,
                1.91561
              ],
              "uv": [
                0,
                16
              ]
            },
            {
              "origin": [
                1,
                38,
                -5
              ],
              "size": [
                5,
                5,
                9
              ],
              "pivot": [
                0,
                31,
                0
              ],
              "rotation": [
                -40,
                0,
                0
              ],
              "uv": [
                44,
                13
              ]
            },
            {
              "origin": [
                -6,
                38,
                -5
              ],
              "size": [
                5,
                5,
                9
              ],
              "pivot": [
                0,
                31,
                0
              ],
              "rotation": [
                -40,
                0,
                0
              ],
              "uv": [
                36,
                38
              ]
            },
            {
              "origin": [
                -8,
                37,
                1
              ],
              "size": [
                5,
                5,
                5
              ],
              "pivot": [
                0,
                31,
                0
              ],
              "rotation": [
                -40,
                0,
                0
              ],
              "uv": [
                62,
                47
              ]
            },
            {
              "origin": [
                3,
                37,
                1
              ],
              "size": [
                5,
                5,
                5
              ],
              "pivot": [
                0,
                31,
                0
              ],
              "rotation": [
                -40,
                0,
                0
              ],
              "uv": [
                17,
                62
              ]
            },
            {
              "origin": [
                -9,
                36,
                5
              ],
              "size": [
                2,
                2,
                2
              ],
              "pivot": [
                0,
                31,
                0
              ],
              "rotation": [
                -40,
                0,
                0
              ],
              "uv": [
                12,
                33
              ]
            },
            {
              "origin": [
                7,
                36,
                5
              ],
              "size": [
                2,
                2,
                2
              ],
              "pivot": [
                0,
                31,
                0
              ],
              "rotation": [
                -40,
                0,
                0
              ],
              "uv": [
                6,
                0
              ]
            }
          ]
        },
        {
          "name": "right_arm",
          "parent": "base",
          "pivot": [
            -3,
            28,
            0
          ],
          "cubes": [
            {
              "origin": [
                -7,
                27,
                -2
              ],
              "size": [
                4,
                3,
                4
              ],
              "uv": [
                57,
                69
              ]
            },
            {
              "origin": [
                -6.5,
                26,
                -1.5
              ],
              "size": [
                3,
                2,
                3
              ],
              "uv": [
                22,
                19
              ]
            },
            {
              "origin": [
                -6,
                21,
                -1
              ],
              "size": [
                2,
                5,
                2
              ],
              "uv": [
                8,
                77
              ]
            }
          ]
        },
        {
          "name": "right_arm2",
          "parent": "right_arm",
          "pivot": [
            -5,
            21,
            0
          ],
          "cubes": [
            {
              "origin": [
                -6,
                16,
                -1
              ],
              "size": [
                2,
                5,
                2
              ],
              "uv": [
                55,
                76
              ]
            }
          ]
        },
        {
          "name": "right_hand",
          "parent": "right_arm2",
          "pivot": [
            -5,
            17,
            0
          ],
          "cubes": [
            {
              "origin": [
                -7,
                16,
                -2
              ],
              "size": [
                4,
                1,
                4
              ],
              "uv": [
                55,
                42
              ]
            },
            {
              "origin": [
                -6,
                15,
                -1
              ],
              "size": [
                2,
                1,
                2
              ],
              "uv": [
                32,
                62
              ]
            },
            {
              "origin": [
                -5.5,
                10,
                -2
              ],
              "size": [
                1,
                5,
                4
              ],
              "uv": [
                0,
                16
              ]
            }
          ]
        },
        {
          "name": "left_arm",
          "parent": "base",
          "pivot": [
            3,
            28,
            0
          ],
          "cubes": [
            {
              "origin": [
                3,
                27,
                -2
              ],
              "size": [
                4,
                3,
                4
              ],
              "uv": [
                68,
                23
              ]
            },
            {
              "origin": [
                3.5,
                26,
                -1.5
              ],
              "size": [
                3,
                2,
                3
              ],
              "uv": [
                0,
                9
              ]
            },
            {
              "origin": [
                4,
                21,
                -1
              ],
              "size": [
                2,
                5,
                2
              ],
              "uv": [
                14,
                72
              ]
            }
          ]
        },
        {
          "name": "left_arm2",
          "parent": "left_arm",
          "pivot": [
            5,
            21,
            0
          ],
          "cubes": [
            {
              "origin": [
                4,
                16,
                -1
              ],
              "size": [
                2,
                5,
                2
              ],
              "uv": [
                49,
                71
              ]
            }
          ]
        },
        {
          "name": "left_hand",
          "parent": "left_arm2",
          "pivot": [
            5,
            17,
            0
          ],
          "cubes": [
            {
              "origin": [
                3,
                16,
                -2
              ],
              "size": [
                4,
                1,
                4
              ],
              "uv": [
                0,
                33
              ]
            },
            {
              "origin": [
                4,
                15,
                -1
              ],
              "size": [
                2,
                1,
                2
              ],
              "uv": [
                0,
                25
              ]
            },
            {
              "origin": [
                4.5,
                10,
                -2
              ],
              "size": [
                1,
                5,
                4
              ],
              "uv": [
                0,
                0
              ]
            }
          ]
        }
      ]
    }
  ]
}