{
  "format_version": "1.12.0",
  "minecraft:geometry": [
    {
      "description": {
        "identifier": "geometry.pa_queenie_abstracted",
        "texture_width": 128,
        "texture_height": 128,
        "visible_bounds_width": 6,
        "visible_bounds_height": 6.5,
        "visible_bounds_offset": [
          0,
          2.75,
          0
        ]
      },
      "bones": [
        {
          "name": "all",
          "pivot": [
            0,
            0,
            0
          ]
        },
        {
          "name": "leg4",
          "parent": "all",
          "pivot": [
            -8,
            24,
            -13
          ],
          "cubes": [
            {
              "origin": [
                -9,
                0,
                -15
              ],
              "size": [
                3,
                4,
                3
              ],
              "uv": [
                0,
                0
              ]
            },
            {
              "origin": [
                -10,
                4,
                -16
              ],
              "size": [
                5,
                6,
                5
              ],
              "uv": [
                43,
                78
              ]
            },
            {
              "origin": [
                -11,
                10,
                -17
              ],
              "size": [
                7,
                9,
                7
              ],
              "uv": [
                60,
                0
              ]
            },
            {
              "origin": [
                -10,
                19,
                -16
              ],
              "size": [
                5,
                5,
                5
              ],
              "uv": [
                63,
                78
              ]
            }
          ]
        },
        {
          "name": "leg3",
          "parent": "all",
          "pivot": [
            -8,
            24,
            7
          ],
          "cubes": [
            {
              "origin": [
                -9,
                0,
                5
              ],
              "size": [
                3,
                4,
                3
              ],
              "uv": [
                0,
                0
              ]
            },
            {
              "origin": [
                -10,
                4,
                4
              ],
              "size": [
                5,
                6,
                5
              ],
              "uv": [
                43,
                78
              ]
            },
            {
              "origin": [
                -11,
                10,
                3
              ],
              "size": [
                7,
                9,
                7
              ],
              "uv": [
                60,
                0
              ]
            },
            {
              "origin": [
                -10,
                19,
                4
              ],
              "size": [
                5,
                5,
                5
              ],
              "uv": [
                63,
                78
              ]
            }
          ]
        },
        {
          "name": "leg",
          "parent": "all",
          "pivot": [
            8,
            24,
            -13
          ],
          "cubes": [
            {
              "origin": [
                7,
                0,
                -15
              ],
              "size": [
                3,
                4,
                3
              ],
              "uv": [
                0,
                0
              ]
            },
            {
              "origin": [
                6,
                4,
                -16
              ],
              "size": [
                5,
                6,
                5
              ],
              "uv": [
                43,
                78
              ]
            },
            {
              "origin": [
                5,
                10,
                -17
              ],
              "size": [
                7,
                9,
                7
              ],
              "uv": [
                60,
                0
              ]
            },
            {
              "origin": [
                6,
                19,
                -16
              ],
              "size": [
                5,
                5,
                5
              ],
              "uv": [
                63,
                78
              ]
            }
          ]
        },
        {
          "name": "leg2",
          "parent": "all",
          "pivot": [
            8,
            24,
            7
          ],
          "cubes": [
            {
              "origin": [
                7,
                0,
                5
              ],
              "size": [
                3,
                4,
                3
              ],
              "uv": [
                0,
                0
              ]
            },
            {
              "origin": [
                6,
                4,
                4
              ],
              "size": [
                5,
                6,
                5
              ],
              "uv": [
                43,
                78
              ]
            },
            {
              "origin": [
                5,
                10,
                3
              ],
              "size": [
                7,
                9,
                7
              ],
              "uv": [
                60,
                0
              ]
            },
            {
              "origin": [
                6,
                19,
                4
              ],
              "size": [
                5,
                5,
                5
              ],
              "uv": [
                63,
                78
              ]
            }
          ]
        },
        {
          "name": "base",
          "parent": "all",
          "pivot": [
            0,
            22,
            -6
          ],
          "cubes": [
            {
              "origin": [
                -8,
                21,
                -8
              ],
              "size": [
                16,
                15,
                14
              ],
              "uv": [
                0,
                0
              ]
            },
            {
              "origin": [
                -13,
                27,
                0
              ],
              "size": [
                12,
                8,
                0
              ],
              "pivot": [
                -7,
                27,
                -3
              ],
              "rotation": [
                0,
                -75,
                0
              ],
              "uv": [
                48,
                70
              ]
            },
            {
              "origin": [
                -20,
                26,
                -12
              ],
              "size": [
                12,
                8,
                0
              ],
              "pivot": [
                -7,
                27,
                -3
              ],
              "rotation": [
                -180,
                5,
                -162.5
              ],
              "uv": [
                48,
                70
              ]
            },
            {
              "origin": [
                -18,
                24,
                14
              ],
              "size": [
                12,
                8,
                0
              ],
              "pivot": [
                -7,
                27,
                -3
              ],
              "rotation": [
                0,
                97.5,
                0
              ],
              "uv": [
                48,
                70
              ]
            }
          ]
        },
        {
          "name": "eyes6",
          "parent": "base",
          "pivot": [
            8,
            26,
            1
          ],
          "rotation": [
            92.1718,
            -60.65356,
            -85.34259
          ],
          "cubes": [
            {
              "origin": [
                2,
                31,
                0
              ],
              "size": [
                12,
                8,
                0
              ],
              "uv": [
                72,
                70
              ],
              "mirror": true
            }
          ]
        },
        {
          "name": "eyes5",
          "parent": "base",
          "pivot": [
            -8,
            26,
            1
          ],
          "rotation": [
            92.1718,
            60.65356,
            85.34259
          ],
          "cubes": [
            {
              "origin": [
                -14,
                18,
                0
              ],
              "size": [
                12,
                8,
                0
              ],
              "uv": [
                72,
                70
              ]
            }
          ]
        },
        {
          "name": "eyes3",
          "parent": "base",
          "pivot": [
            6,
            36,
            0
          ],
          "rotation": [
            61.96044,
            -85.46652,
            -152.24401
          ],
          "cubes": [
            {
              "origin": [
                0,
                36,
                -1
              ],
              "size": [
                12,
                8,
                0
              ],
              "uv": [
                72,
                70
              ],
              "mirror": true
            }
          ]
        },
        {
          "name": "spike21",
          "parent": "base",
          "pivot": [
            0,
            34,
            -1
          ],
          "rotation": [
            0,
            180,
            0
          ],
          "cubes": [
            {
              "origin": [
                -29.80774,
                52.8405,
                -2
              ],
              "size": [
                13,
                23,
                0
              ],
              "pivot": [
                11.19226,
                60.8405,
                -1
              ],
              "rotation": [
                0,
                0,
                -55
              ],
              "uv": [
                0,
                56
              ]
            },
            {
              "origin": [
                -11.64211,
                48.398,
                -2
              ],
              "size": [
                13,
                23,
                0
              ],
              "pivot": [
                10.35789,
                41.398,
                -1
              ],
              "rotation": [
                0,
                0,
                -75
              ],
              "uv": [
                0,
                56
              ]
            },
            {
              "origin": [
                -1.08142,
                19.5,
                -2
              ],
              "size": [
                13,
                23,
                0
              ],
              "pivot": [
                17.91858,
                32.5,
                -1
              ],
              "rotation": [
                0,
                0,
                30
              ],
              "uv": [
                0,
                56
              ]
            },
            {
              "origin": [
                -22.27978,
                4.15492,
                -2
              ],
              "size": [
                13,
                23,
                0
              ],
              "pivot": [
                7.72022,
                4.15492,
                -1
              ],
              "rotation": [
                0,
                0,
                65
              ],
              "uv": [
                0,
                56
              ]
            }
          ]
        },
        {
          "name": "spike26",
          "parent": "base",
          "pivot": [
            0,
            34,
            -1
          ],
          "rotation": [
            0,
            100,
            0
          ],
          "cubes": [
            {
              "origin": [
                -29.80774,
                52.8405,
                -2
              ],
              "size": [
                13,
                23,
                0
              ],
              "pivot": [
                11.19226,
                60.8405,
                -1
              ],
              "rotation": [
                0,
                0,
                -55
              ],
              "uv": [
                0,
                56
              ]
            },
            {
              "origin": [
                -11.64211,
                48.398,
                -2
              ],
              "size": [
                13,
                23,
                0
              ],
              "pivot": [
                10.35789,
                41.398,
                -1
              ],
              "rotation": [
                0,
                0,
                -75
              ],
              "uv": [
                0,
                56
              ]
            },
            {
              "origin": [
                -1.08142,
                19.5,
                -2
              ],
              "size": [
                13,
                23,
                0
              ],
              "pivot": [
                17.91858,
                32.5,
                -1
              ],
              "rotation": [
                0,
                0,
                30
              ],
              "uv": [
                0,
                56
              ]
            },
            {
              "origin": [
                -22.27978,
                4.15492,
                -2
              ],
              "size": [
                13,
                23,
                0
              ],
              "pivot": [
                7.72022,
                4.15492,
                -1
              ],
              "rotation": [
                0,
                0,
                65
              ],
              "uv": [
                0,
                56
              ]
            }
          ]
        },
        {
          "name": "base2",
          "parent": "base",
          "pivot": [
            0,
            30,
            -6
          ],
          "rotation": [
            35,
            0,
            0
          ],
          "cubes": [
            {
              "origin": [
                -7,
                25.30496,
                -17.62401
              ],
              "size": [
                14,
                13,
                14
              ],
              "uv": [
                0,
                29
              ]
            }
          ]
        },
        {
          "name": "eyes7",
          "parent": "base2",
          "pivot": [
            0,
            19.30496,
            -26.62401
          ],
          "rotation": [
            32.5,
            0,
            -35
          ],
          "cubes": [
            {
              "origin": [
                1,
                26.30496,
                -20.62401
              ],
              "size": [
                12,
                8,
                0
              ],
              "pivot": [
                0,
                19.30496,
                -26.62401
              ],
              "rotation": [
                -42.5,
                0,
                0
              ],
              "uv": [
                72,
                70
              ]
            }
          ]
        },
        {
          "name": "eyes4",
          "parent": "base2",
          "pivot": [
            6,
            22.30496,
            -19.62401
          ],
          "rotation": [
            -92.70285,
            -66.80577,
            99.03539
          ],
          "cubes": [
            {
              "origin": [
                0,
                32.30496,
                -20.62401
              ],
              "size": [
                12,
                8,
                0
              ],
              "uv": [
                72,
                70
              ],
              "mirror": true
            }
          ]
        },
        {
          "name": "eyes2",
          "parent": "base2",
          "pivot": [
            -6,
            22.30496,
            -19.62401
          ],
          "rotation": [
            -92.70285,
            66.80577,
            -99.03539
          ],
          "cubes": [
            {
              "origin": [
                -12,
                29.30496,
                -20.62401
              ],
              "size": [
                12,
                8,
                0
              ],
              "uv": [
                72,
                70
              ]
            }
          ]
        },
        {
          "name": "eyes10",
          "parent": "base2",
          "pivot": [
            -1,
            25.30496,
            -30.62401
          ],
          "rotation": [
            0,
            0,
            20
          ]
        },
        {
          "name": "spike11",
          "parent": "base2",
          "pivot": [
            0,
            34.30496,
            -9.62401
          ],
          "rotation": [
            -93.88581,
            -49.93505,
            92.97576
          ]
        },
        {
          "name": "spike12",
          "parent": "spike11",
          "pivot": [
            -2,
            42.30496,
            -10.62401
          ],
          "rotation": [
            0,
            0,
            -55
          ],
          "cubes": [
            {
              "origin": [
                -20,
                34.30496,
                -10.62401
              ],
              "size": [
                13,
                23,
                0
              ],
              "uv": [
                0,
                56
              ]
            }
          ]
        },
        {
          "name": "spike13",
          "parent": "spike11",
          "pivot": [
            -2,
            22.30496,
            -10.62401
          ],
          "rotation": [
            0,
            0,
            -57.5
          ],
          "cubes": [
            {
              "origin": [
                -1,
                29.30496,
                -10.62401
              ],
              "size": [
                13,
                23,
                0
              ],
              "pivot": [
                21,
                22.30496,
                -9.62401
              ],
              "rotation": [
                0,
                0,
                -17.5
              ],
              "uv": [
                0,
                56
              ]
            }
          ]
        },
        {
          "name": "spike14",
          "parent": "spike11",
          "pivot": [
            -2,
            44.30496,
            -10.62401
          ],
          "rotation": [
            0,
            0,
            30
          ],
          "cubes": [
            {
              "origin": [
                2,
                31.30496,
                -10.62401
              ],
              "size": [
                13,
                23,
                0
              ],
              "uv": [
                0,
                56
              ]
            }
          ]
        },
        {
          "name": "spike15",
          "parent": "spike11",
          "pivot": [
            -2,
            25.30496,
            -10.62401
          ],
          "rotation": [
            0,
            0,
            65
          ],
          "cubes": [
            {
              "origin": [
                -9,
                25.30496,
                -10.62401
              ],
              "size": [
                13,
                23,
                0
              ],
              "uv": [
                0,
                56
              ]
            }
          ]
        },
        {
          "name": "spike16",
          "parent": "base2",
          "pivot": [
            0,
            36.30496,
            -10.62401
          ],
          "rotation": [
            -144.26211,
            7.45465,
            172.09815
          ]
        },
        {
          "name": "spike17",
          "parent": "spike16",
          "pivot": [
            -2,
            44.30496,
            -11.62401
          ],
          "rotation": [
            0,
            0,
            -55
          ],
          "cubes": [
            {
              "origin": [
                -20,
                36.30496,
                -11.62401
              ],
              "size": [
                13,
                23,
                0
              ],
              "uv": [
                0,
                56
              ]
            }
          ]
        },
        {
          "name": "spike18",
          "parent": "spike16",
          "pivot": [
            -2,
            24.30496,
            -11.62401
          ],
          "rotation": [
            0,
            0,
            -57.5
          ],
          "cubes": [
            {
              "origin": [
                -1,
                31.30496,
                -11.62401
              ],
              "size": [
                13,
                23,
                0
              ],
              "pivot": [
                21,
                24.30496,
                -10.62401
              ],
              "rotation": [
                0,
                0,
                -17.5
              ],
              "uv": [
                0,
                56
              ]
            }
          ]
        },
        {
          "name": "spike19",
          "parent": "spike16",
          "pivot": [
            -2,
            46.30496,
            -11.62401
          ],
          "rotation": [
            0,
            0,
            30
          ],
          "cubes": [
            {
              "origin": [
                2,
                33.30496,
                -11.62401
              ],
              "size": [
                13,
                23,
                0
              ],
              "uv": [
                0,
                56
              ]
            }
          ]
        },
        {
          "name": "spike20",
          "parent": "spike16",
          "pivot": [
            -2,
            27.30496,
            -11.62401
          ],
          "rotation": [
            0,
            0,
            65
          ],
          "cubes": [
            {
              "origin": [
                -9,
                27.30496,
                -11.62401
              ],
              "size": [
                13,
                23,
                0
              ],
              "uv": [
                0,
                56
              ]
            }
          ]
        },
        {
          "name": "head",
          "parent": "base2",
          "pivot": [
            0,
            34,
            -11
          ],
          "rotation": [
            -35,
            0,
            0
          ],
          "cubes": [
            {
              "origin": [
                -6,
                34,
                -19
              ],
              "size": [
                12,
                14,
                11
              ],
              "uv": [
                45,
                45
              ]
            },
            {
              "origin": [
                -5,
                48,
                -18
              ],
              "size": [
                10,
                12,
                9
              ],
              "uv": [
                51,
                20
              ]
            },
            {
              "origin": [
                -3,
                60,
                -16
              ],
              "size": [
                6,
                12,
                5
              ],
              "uv": [
                26,
                65
              ]
            }
          ]
        },
        {
          "name": "eyes",
          "parent": "head",
          "pivot": [
            0,
            36,
            -19
          ],
          "rotation": [
            0,
            0,
            20
          ],
          "cubes": [
            {
              "origin": [
                -6,
                36,
                -20
              ],
              "size": [
                12,
                8,
                0
              ],
              "uv": [
                72,
                70
              ]
            }
          ]
        },
        {
          "name": "eyes8",
          "parent": "head",
          "pivot": [
            -1,
            51,
            -18
          ],
          "rotation": [
            0,
            0,
            -27.5
          ],
          "cubes": [
            {
              "origin": [
                -6,
                51,
                -19
              ],
              "size": [
                12,
                8,
                0
              ],
              "uv": [
                48,
                70
              ]
            }
          ]
        },
        {
          "name": "eyes9",
          "parent": "head",
          "pivot": [
            -7,
            17,
            9
          ],
          "rotation": [
            -84.18824,
            77.35817,
            -94.18999
          ],
          "cubes": [
            {
              "origin": [
                14,
                37,
                14
              ],
              "size": [
                12,
                8,
                0
              ],
              "uv": [
                48,
                70
              ]
            }
          ]
        },
        {
          "name": "spike5",
          "parent": "head",
          "pivot": [
            0,
            43,
            -10
          ],
          "cubes": [
            {
              "origin": [
                -18.80774,
                76.8405,
                -11
              ],
              "size": [
                13,
                23,
                0
              ],
              "pivot": [
                11.19226,
                76.8405,
                -10
              ],
              "rotation": [
                0,
                0,
                -55
              ],
              "uv": [
                0,
                56
              ]
            },
            {
              "origin": [
                -19.64211,
                57.398,
                -11
              ],
              "size": [
                13,
                23,
                0
              ],
              "pivot": [
                10.35789,
                57.398,
                -10
              ],
              "rotation": [
                0,
                0,
                -57.5
              ],
              "uv": [
                0,
                56
              ]
            },
            {
              "origin": [
                -12.08142,
                48.5,
                -11
              ],
              "size": [
                13,
                23,
                0
              ],
              "pivot": [
                17.91858,
                48.5,
                -10
              ],
              "rotation": [
                0,
                0,
                30
              ],
              "uv": [
                0,
                56
              ]
            },
            {
              "origin": [
                -22.27978,
                20.15492,
                -11
              ],
              "size": [
                13,
                23,
                0
              ],
              "pivot": [
                7.72022,
                20.15492,
                -10
              ],
              "rotation": [
                0,
                0,
                65
              ],
              "uv": [
                0,
                56
              ]
            }
          ]
        },
        {
          "name": "spike6",
          "parent": "head",
          "pivot": [
            0,
            50,
            -10
          ],
          "rotation": [
            0,
            -92.5,
            0
          ],
          "cubes": [
            {
              "origin": [
                -18.80774,
                76.8405,
                -11
              ],
              "size": [
                13,
                23,
                0
              ],
              "pivot": [
                11.19226,
                76.8405,
                -10
              ],
              "rotation": [
                0,
                0,
                -55
              ],
              "uv": [
                0,
                56
              ]
            },
            {
              "origin": [
                -19.64211,
                57.398,
                -11
              ],
              "size": [
                13,
                23,
                0
              ],
              "pivot": [
                10.35789,
                57.398,
                -10
              ],
              "rotation": [
                0,
                0,
                -57.5
              ],
              "uv": [
                0,
                56
              ]
            },
            {
              "origin": [
                -12.08142,
                48.5,
                -11
              ],
              "size": [
                13,
                23,
                0
              ],
              "pivot": [
                17.91858,
                48.5,
                -10
              ],
              "rotation": [
                0,
                0,
                30
              ],
              "uv": [
                0,
                56
              ]
            },
            {
              "origin": [
                -22.27978,
                20.15492,
                -11
              ],
              "size": [
                13,
                23,
                0
              ],
              "pivot": [
                7.72022,
                20.15492,
                -10
              ],
              "rotation": [
                0,
                0,
                65
              ],
              "uv": [
                0,
                56
              ]
            }
          ]
        },
        {
          "name": "base3",
          "parent": "base",
          "pivot": [
            0,
            9,
            9
          ],
          "rotation": [
            7.69653,
            -19.71126,
            -4.56136
          ],
          "cubes": [
            {
              "origin": [
                -8,
                21,
                -2
              ],
              "size": [
                16,
                15,
                14
              ],
              "uv": [
                0,
                0
              ],
              "mirror": true
            },
            {
              "origin": [
                1,
                27,
                6
              ],
              "size": [
                12,
                8,
                0
              ],
              "pivot": [
                7,
                27,
                3
              ],
              "rotation": [
                0,
                75,
                0
              ],
              "uv": [
                48,
                70
              ],
              "mirror": true
            },
            {
              "origin": [
                8,
                26,
                -6
              ],
              "size": [
                12,
                8,
                0
              ],
              "pivot": [
                7,
                27,
                3
              ],
              "rotation": [
                -180,
                -5,
                162.5
              ],
              "uv": [
                48,
                70
              ],
              "mirror": true
            },
            {
              "origin": [
                6,
                24,
                20
              ],
              "size": [
                12,
                8,
                0
              ],
              "pivot": [
                7,
                27,
                3
              ],
              "rotation": [
                0,
                -97.5,
                0
              ],
              "uv": [
                48,
                70
              ],
              "mirror": true
            }
          ]
        },
        {
          "name": "eyes11",
          "parent": "base3",
          "pivot": [
            -8,
            26,
            7
          ],
          "rotation": [
            92.1718,
            60.65356,
            85.34259
          ],
          "cubes": [
            {
              "origin": [
                -14,
                31,
                6
              ],
              "size": [
                12,
                8,
                0
              ],
              "uv": [
                72,
                70
              ]
            }
          ]
        },
        {
          "name": "eyes12",
          "parent": "base3",
          "pivot": [
            8,
            26,
            7
          ],
          "rotation": [
            92.1718,
            -60.65356,
            -85.34259
          ],
          "cubes": [
            {
              "origin": [
                2,
                18,
                6
              ],
              "size": [
                12,
                8,
                0
              ],
              "uv": [
                72,
                70
              ],
              "mirror": true
            }
          ]
        },
        {
          "name": "eyes13",
          "parent": "base3",
          "pivot": [
            -6,
            36,
            6
          ],
          "rotation": [
            61.96044,
            85.46652,
            152.24401
          ],
          "cubes": [
            {
              "origin": [
                -12,
                36,
                5
              ],
              "size": [
                12,
                8,
                0
              ],
              "uv": [
                72,
                70
              ]
            }
          ]
        },
        {
          "name": "spike2",
          "parent": "base3",
          "pivot": [
            0,
            34,
            5
          ],
          "rotation": [
            0,
            -180,
            0
          ],
          "cubes": [
            {
              "origin": [
                16.80774,
                52.8405,
                4
              ],
              "size": [
                13,
                23,
                0
              ],
              "pivot": [
                -11.19226,
                60.8405,
                5
              ],
              "rotation": [
                0,
                0,
                55
              ],
              "uv": [
                0,
                56
              ],
              "mirror": true
            },
            {
              "origin": [
                -1.35789,
                48.398,
                4
              ],
              "size": [
                13,
                23,
                0
              ],
              "pivot": [
                -10.35789,
                41.398,
                5
              ],
              "rotation": [
                0,
                0,
                75
              ],
              "uv": [
                0,
                56
              ],
              "mirror": true
            },
            {
              "origin": [
                -11.91858,
                19.5,
                4
              ],
              "size": [
                13,
                23,
                0
              ],
              "pivot": [
                -17.91858,
                32.5,
                5
              ],
              "rotation": [
                0,
                0,
                -30
              ],
              "uv": [
                0,
                56
              ],
              "mirror": true
            },
            {
              "origin": [
                9.27978,
                4.15492,
                4
              ],
              "size": [
                13,
                23,
                0
              ],
              "pivot": [
                -7.72022,
                4.15492,
                5
              ],
              "rotation": [
                0,
                0,
                -65
              ],
              "uv": [
                0,
                56
              ],
              "mirror": true
            }
          ]
        },
        {
          "name": "spike3",
          "parent": "base3",
          "pivot": [
            0,
            34,
            5
          ],
          "rotation": [
            0,
            -100,
            0
          ],
          "cubes": [
            {
              "origin": [
                16.80774,
                52.8405,
                4
              ],
              "size": [
                13,
                23,
                0
              ],
              "pivot": [
                -11.19226,
                60.8405,
                5
              ],
              "rotation": [
                0,
                0,
                55
              ],
              "uv": [
                0,
                56
              ],
              "mirror": true
            },
            {
              "origin": [
                -1.35789,
                48.398,
                4
              ],
              "size": [
                13,
                23,
                0
              ],
              "pivot": [
                -10.35789,
                41.398,
                5
              ],
              "rotation": [
                0,
                0,
                75
              ],
              "uv": [
                0,
                56
              ],
              "mirror": true
            },
            {
              "origin": [
                -11.91858,
                19.5,
                4
              ],
              "size": [
                13,
                23,
                0
              ],
              "pivot": [
                -17.91858,
                32.5,
                5
              ],
              "rotation": [
                0,
                0,
                -30
              ],
              "uv": [
                0,
                56
              ],
              "mirror": true
            },
            {
              "origin": [
                9.27978,
                4.15492,
                4
              ],
              "size": [
                13,
                23,
                0
              ],
              "pivot": [
                -7.72022,
                4.15492,
                5
              ],
              "rotation": [
                0,
                0,
                -65
              ],
              "uv": [
                0,
                56
              ],
              "mirror": true
            }
          ]
        },
        {
          "name": "base4",
          "parent": "base3",
          "pivot": [
            0,
            30,
            0
          ],
          "rotation": [
            35,
            0,
            0
          ],
          "cubes": [
            {
              "origin": [
                -7,
                25.30496,
                -11.62401
              ],
              "size": [
                14,
                13,
                14
              ],
              "uv": [
                0,
                29
              ],
              "mirror": true
            }
          ]
        },
        {
          "name": "eyes14",
          "parent": "base4",
          "pivot": [
            0,
            19.30496,
            -20.62401
          ],
          "rotation": [
            32.5,
            0,
            35
          ],
          "cubes": [
            {
              "origin": [
                -13,
                26.30496,
                -14.62401
              ],
              "size": [
                12,
                8,
                0
              ],
              "pivot": [
                0,
                19.30496,
                -20.62401
              ],
              "rotation": [
                -42.5,
                0,
                0
              ],
              "uv": [
                72,
                70
              ],
              "mirror": true
            }
          ]
        },
        {
          "name": "eyes15",
          "parent": "base4",
          "pivot": [
            -6,
            22.30496,
            -13.62401
          ],
          "rotation": [
            -92.70285,
            66.80577,
            -99.03539
          ],
          "cubes": [
            {
              "origin": [
                -12,
                32.30496,
                -14.62401
              ],
              "size": [
                12,
                8,
                0
              ],
              "uv": [
                72,
                70
              ]
            }
          ]
        },
        {
          "name": "eyes16",
          "parent": "base4",
          "pivot": [
            6,
            22.30496,
            -13.62401
          ],
          "rotation": [
            -92.70285,
            -66.80577,
            99.03539
          ],
          "cubes": [
            {
              "origin": [
                0,
                29.30496,
                -14.62401
              ],
              "size": [
                12,
                8,
                0
              ],
              "uv": [
                72,
                70
              ],
              "mirror": true
            }
          ]
        },
        {
          "name": "eyes17",
          "parent": "base4",
          "pivot": [
            1,
            25.30496,
            -24.62401
          ],
          "rotation": [
            0,
            0,
            -20
          ],
          "cubes": [
            {
              "origin": [
                -5,
                40.30496,
                -18.62401
              ],
              "size": [
                12,
                8,
                0
              ],
              "pivot": [
                1,
                25.30496,
                -24.62401
              ],
              "rotation": [
                -25,
                0,
                0
              ],
              "uv": [
                48,
                70
              ],
              "mirror": true
            }
          ]
        },
        {
          "name": "spike4",
          "parent": "base4",
          "pivot": [
            0,
            34.30496,
            -3.62401
          ],
          "rotation": [
            -93.88581,
            49.93505,
            -92.97576
          ]
        },
        {
          "name": "spike7",
          "parent": "spike4",
          "pivot": [
            2,
            42.30496,
            -4.62401
          ],
          "rotation": [
            0,
            0,
            55
          ],
          "cubes": [
            {
              "origin": [
                7,
                34.30496,
                -4.62401
              ],
              "size": [
                13,
                23,
                0
              ],
              "uv": [
                0,
                56
              ],
              "mirror": true
            }
          ]
        },
        {
          "name": "spike8",
          "parent": "spike4",
          "pivot": [
            2,
            22.30496,
            -4.62401
          ],
          "rotation": [
            0,
            0,
            57.5
          ],
          "cubes": [
            {
              "origin": [
                -12,
                29.30496,
                -4.62401
              ],
              "size": [
                13,
                23,
                0
              ],
              "pivot": [
                -21,
                22.30496,
                -3.62401
              ],
              "rotation": [
                0,
                0,
                17.5
              ],
              "uv": [
                0,
                56
              ],
              "mirror": true
            }
          ]
        },
        {
          "name": "spike9",
          "parent": "spike4",
          "pivot": [
            2,
            44.30496,
            -4.62401
          ],
          "rotation": [
            0,
            0,
            -30
          ],
          "cubes": [
            {
              "origin": [
                -15,
                31.30496,
                -4.62401
              ],
              "size": [
                13,
                23,
                0
              ],
              "uv": [
                0,
                56
              ],
              "mirror": true
            }
          ]
        },
        {
          "name": "spike10",
          "parent": "spike4",
          "pivot": [
            2,
            25.30496,
            -4.62401
          ],
          "rotation": [
            0,
            0,
            -65
          ],
          "cubes": [
            {
              "origin": [
                -4,
                25.30496,
                -4.62401
              ],
              "size": [
                13,
                23,
                0
              ],
              "uv": [
                0,
                56
              ],
              "mirror": true
            }
          ]
        },
        {
          "name": "spike22",
          "parent": "base4",
          "pivot": [
            0,
            36.30496,
            -4.62401
          ],
          "rotation": [
            -144.26211,
            -7.45465,
            -172.09815
          ]
        },
        {
          "name": "spike23",
          "parent": "spike22",
          "pivot": [
            2,
            44.30496,
            -5.62401
          ],
          "rotation": [
            0,
            0,
            55
          ],
          "cubes": [
            {
              "origin": [
                7,
                36.30496,
                -5.62401
              ],
              "size": [
                13,
                23,
                0
              ],
              "uv": [
                0,
                56
              ],
              "mirror": true
            }
          ]
        },
        {
          "name": "spike24",
          "parent": "spike22",
          "pivot": [
            2,
            24.30496,
            -5.62401
          ],
          "rotation": [
            0,
            0,
            57.5
          ],
          "cubes": [
            {
              "origin": [
                -12,
                31.30496,
                -5.62401
              ],
              "size": [
                13,
                23,
                0
              ],
              "pivot": [
                -21,
                24.30496,
                -4.62401
              ],
              "rotation": [
                0,
                0,
                17.5
              ],
              "uv": [
                0,
                56
              ],
              "mirror": true
            }
          ]
        },
        {
          "name": "spike25",
          "parent": "spike22",
          "pivot": [
            2,
            46.30496,
            -5.62401
          ],
          "rotation": [
            0,
            0,
            -30
          ],
          "cubes": [
            {
              "origin": [
                -15,
                33.30496,
                -5.62401
              ],
              "size": [
                13,
                23,
                0
              ],
              "uv": [
                0,
                56
              ],
              "mirror": true
            }
          ]
        },
        {
          "name": "spike27",
          "parent": "spike22",
          "pivot": [
            2,
            27.30496,
            -5.62401
          ],
          "rotation": [
            0,
            0,
            -65
          ],
          "cubes": [
            {
              "origin": [
                -4,
                27.30496,
                -5.62401
              ],
              "size": [
                13,
                23,
                0
              ],
              "uv": [
                0,
                56
              ],
              "mirror": true
            }
          ]
        },
        {
          "name": "head2",
          "parent": "base4",
          "pivot": [
            0,
            34,
            -5
          ],
          "rotation": [
            -35,
            0,
            0
          ],
          "cubes": [
            {
              "origin": [
                -6,
                34,
                -13
              ],
              "size": [
                12,
                14,
                11
              ],
              "uv": [
                45,
                45
              ],
              "mirror": true
            },
            {
              "origin": [
                -5,
                48,
                -12
              ],
              "size": [
                10,
                12,
                9
              ],
              "uv": [
                51,
                20
              ],
              "mirror": true
            },
            {
              "origin": [
                -3,
                60,
                -10
              ],
              "size": [
                6,
                12,
                5
              ],
              "uv": [
                26,
                65
              ],
              "mirror": true
            }
          ]
        },
        {
          "name": "eyes18",
          "parent": "head2",
          "pivot": [
            0,
            36,
            -13
          ],
          "rotation": [
            0,
            0,
            -20
          ]
        },
        {
          "name": "eyes19",
          "parent": "head2",
          "pivot": [
            1,
            51,
            -12
          ],
          "rotation": [
            0,
            0,
            27.5
          ],
          "cubes": [
            {
              "origin": [
                -5,
                51,
                -13
              ],
              "size": [
                12,
                8,
                0
              ],
              "uv": [
                48,
                70
              ],
              "mirror": true
            }
          ]
        },
        {
          "name": "eyes20",
          "parent": "head2",
          "pivot": [
            7,
            17,
            15
          ],
          "rotation": [
            -84.18824,
            -77.35817,
            94.18999
          ],
          "cubes": [
            {
              "origin": [
                -26,
                37,
                20
              ],
              "size": [
                12,
                8,
                0
              ],
              "uv": [
                48,
                70
              ],
              "mirror": true
            }
          ]
        },
        {
          "name": "spike28",
          "parent": "head2",
          "pivot": [
            0,
            43,
            -4
          ],
          "cubes": [
            {
              "origin": [
                5.80774,
                76.8405,
                -5
              ],
              "size": [
                13,
                23,
                0
              ],
              "pivot": [
                -11.19226,
                76.8405,
                -4
              ],
              "rotation": [
                0,
                0,
                55
              ],
              "uv": [
                0,
                56
              ],
              "mirror": true
            },
            {
              "origin": [
                6.64211,
                57.398,
                -5
              ],
              "size": [
                13,
                23,
                0
              ],
              "pivot": [
                -10.35789,
                57.398,
                -4
              ],
              "rotation": [
                0,
                0,
                57.5
              ],
              "uv": [
                0,
                56
              ],
              "mirror": true
            },
            {
              "origin": [
                -0.91858,
                48.5,
                -5
              ],
              "size": [
                13,
                23,
                0
              ],
              "pivot": [
                -17.91858,
                48.5,
                -4
              ],
              "rotation": [
                0,
                0,
                -30
              ],
              "uv": [
                0,
                56
              ],
              "mirror": true
            },
            {
              "origin": [
                9.27978,
                20.15492,
                -5
              ],
              "size": [
                13,
                23,
                0
              ],
              "pivot": [
                -7.72022,
                20.15492,
                -4
              ],
              "rotation": [
                0,
                0,
                -65
              ],
              "uv": [
                0,
                56
              ],
              "mirror": true
            }
          ]
        },
        {
          "name": "spike29",
          "parent": "head2",
          "pivot": [
            0,
            50,
            -4
          ],
          "rotation": [
            0,
            92.5,
            0
          ],
          "cubes": [
            {
              "origin": [
                5.80774,
                76.8405,
                -5
              ],
              "size": [
                13,
                23,
                0
              ],
              "pivot": [
                -11.19226,
                76.8405,
                -4
              ],
              "rotation": [
                0,
                0,
                55
              ],
              "uv": [
                0,
                56
              ],
              "mirror": true
            },
            {
              "origin": [
                6.64211,
                57.398,
                -5
              ],
              "size": [
                13,
                23,
                0
              ],
              "pivot": [
                -10.35789,
                57.398,
                -4
              ],
              "rotation": [
                0,
                0,
                57.5
              ],
              "uv": [
                0,
                56
              ],
              "mirror": true
            },
            {
              "origin": [
                -0.91858,
                48.5,
                -5
              ],
              "size": [
                13,
                23,
                0
              ],
              "pivot": [
                -17.91858,
                48.5,
                -4
              ],
              "rotation": [
                0,
                0,
                -30
              ],
              "uv": [
                0,
                56
              ],
              "mirror": true
            },
            {
              "origin": [
                9.27978,
                20.15492,
                -5
              ],
              "size": [
                13,
                23,
                0
              ],
              "pivot": [
                -7.72022,
                20.15492,
                -4
              ],
              "rotation": [
                0,
                0,
                -65
              ],
              "uv": [
                0,
                56
              ],
              "mirror": true
            }
          ]
        }
      ]
    }
  ]
}