{
  "format_version": "1.12.0",
  "minecraft:geometry": [
    {
      "description": {
        "identifier": "geometry.pa_ragatha",
        "texture_width": 128,
        "texture_height": 128,
        "visible_bounds_width": 3,
        "visible_bounds_height": 4.5,
        "visible_bounds_offset": [
          0,
          1.75,
          0
        ]
      },
      "bones": [
        {
          "name": "all",
          "pivot": [
            0,
            18,
            0
          ]
        },
        {
          "name": "right_leg",
          "parent": "all",
          "pivot": [
            2,
            18,
            0
          ],
          "cubes": [
            {
              "origin": [
                0,
                9,
                -2
              ],
              "size": [
                4,
                9,
                4
              ],
              "uv": [
                52,
                27
              ]
            }
          ]
        },
        {
          "name": "right_leg2",
          "parent": "right_leg",
          "pivot": [
            2,
            9,
            0
          ],
          "cubes": [
            {
              "origin": [
                0,
                0,
                -2
              ],
              "size": [
                4,
                9,
                4
              ],
              "uv": [
                51,
                14
              ]
            }
          ]
        },
        {
          "name": "left_leg",
          "parent": "all",
          "pivot": [
            -2,
            18,
            0
          ],
          "cubes": [
            {
              "origin": [
                -4,
                9,
                -2
              ],
              "size": [
                4,
                9,
                4
              ],
              "uv": [
                36,
                55
              ]
            }
          ]
        },
        {
          "name": "left_leg2",
          "parent": "left_leg",
          "pivot": [
            -2,
            9,
            0
          ],
          "cubes": [
            {
              "origin": [
                -4,
                0,
                -2
              ],
              "size": [
                4,
                9,
                4
              ],
              "uv": [
                55,
                0
              ]
            }
          ]
        },
        {
          "name": "base",
          "parent": "all",
          "pivot": [
            0,
            26,
            0
          ],
          "cubes": [
            {
              "origin": [
                -4,
                30,
                -4
              ],
              "size": [
                8,
                6,
                8
              ],
              "uv": [
                0,
                27
              ]
            },
            {
              "origin": [
                -3,
                26,
                -3
              ],
              "size": [
                6,
                4,
                6
              ],
              "uv": [
                36,
                45
              ]
            }
          ]
        },
        {
          "name": "neck",
          "parent": "base",
          "pivot": [
            0,
            36,
            0
          ],
          "cubes": [
            {
              "origin": [
                -2,
                36,
                -2
              ],
              "size": [
                4,
                2,
                4
              ],
              "uv": [
                0,
                84
              ]
            }
          ]
        },
        {
          "name": "head",
          "parent": "neck",
          "pivot": [
            0,
            38,
            0
          ],
          "cubes": [
            {
              "origin": [
                -5,
                38,
                -4
              ],
              "size": [
                10,
                8,
                8
              ],
              "uv": [
                0,
                11
              ]
            }
          ]
        },
        {
          "name": "hair_main2",
          "parent": "head",
          "pivot": [
            1,
            18,
            0
          ]
        },
        {
          "name": "hair13",
          "parent": "hair_main2",
          "pivot": [
            4,
            45,
            -1
          ],
          "rotation": [
            -6.08003,
            -14.34883,
            38.38302
          ],
          "cubes": [
            {
              "origin": [
                4,
                45,
                -2
              ],
              "size": [
                7,
                2,
                2
              ],
              "uv": [
                0,
                59
              ]
            }
          ]
        },
        {
          "name": "hair14",
          "parent": "hair_main2",
          "pivot": [
            1,
            45,
            3
          ],
          "rotation": [
            -8.14004,
            -28.89077,
            95.84016
          ],
          "cubes": [
            {
              "origin": [
                1,
                45,
                2
              ],
              "size": [
                9,
                2,
                2
              ],
              "uv": [
                74,
                56
              ]
            }
          ]
        },
        {
          "name": "hair15",
          "parent": "hair_main2",
          "pivot": [
            1,
            45,
            3
          ],
          "rotation": [
            -8.14453,
            -37.12027,
            64.36919
          ],
          "cubes": [
            {
              "origin": [
                1,
                45,
                2
              ],
              "size": [
                9,
                2,
                2
              ],
              "uv": [
                72,
                63
              ]
            }
          ]
        },
        {
          "name": "hair16",
          "parent": "hair_main2",
          "pivot": [
            1,
            45,
            3
          ],
          "rotation": [
            3.0308,
            -29.45388,
            33.45231
          ],
          "cubes": [
            {
              "origin": [
                1,
                45,
                2
              ],
              "size": [
                9,
                2,
                2
              ],
              "uv": [
                71,
                8
              ]
            }
          ]
        },
        {
          "name": "hair17",
          "parent": "hair_main2",
          "pivot": [
            1,
            45,
            3
          ],
          "rotation": [
            2.88359,
            -13.04216,
            7.7856
          ],
          "cubes": [
            {
              "origin": [
                1,
                45,
                2
              ],
              "size": [
                9,
                2,
                2
              ],
              "uv": [
                71,
                4
              ]
            },
            {
              "origin": [
                1,
                45,
                2
              ],
              "size": [
                9,
                2,
                2
              ],
              "uv": [
                70,
                52
              ]
            }
          ]
        },
        {
          "name": "hair18",
          "parent": "hair_main2",
          "pivot": [
            1,
            45,
            -1
          ],
          "rotation": [
            10.37264,
            -34.89687,
            -24.59297
          ],
          "cubes": [
            {
              "origin": [
                1,
                45,
                -2
              ],
              "size": [
                9,
                2,
                2
              ],
              "uv": [
                68,
                35
              ]
            }
          ]
        },
        {
          "name": "hair19",
          "parent": "hair_main2",
          "pivot": [
            1,
            45,
            1
          ],
          "rotation": [
            4.02662,
            -12.74062,
            2.66556
          ],
          "cubes": [
            {
              "origin": [
                1,
                45,
                0
              ],
              "size": [
                9,
                2,
                2
              ],
              "uv": [
                68,
                31
              ]
            }
          ]
        },
        {
          "name": "hair20",
          "parent": "hair_main2",
          "pivot": [
            2,
            46,
            -2
          ],
          "rotation": [
            -2.38611,
            9.34581,
            29.95625
          ],
          "cubes": [
            {
              "origin": [
                2,
                46,
                -3
              ],
              "size": [
                10,
                2,
                2
              ],
              "uv": [
                0,
                63
              ]
            }
          ]
        },
        {
          "name": "hair21",
          "parent": "hair_main2",
          "pivot": [
            2,
            46,
            1
          ],
          "rotation": [
            -5.7805,
            -12.0561,
            46.22622
          ],
          "cubes": [
            {
              "origin": [
                2,
                46,
                0
              ],
              "size": [
                10,
                2,
                2
              ],
              "uv": [
                60,
                48
              ]
            }
          ]
        },
        {
          "name": "hair22",
          "parent": "hair_main2",
          "pivot": [
            2,
            46,
            0
          ],
          "rotation": [
            0,
            0,
            40
          ],
          "cubes": [
            {
              "origin": [
                2,
                46,
                -1
              ],
              "size": [
                10,
                2,
                2
              ],
              "uv": [
                52,
                59
              ]
            }
          ]
        },
        {
          "name": "hair23",
          "parent": "hair_main2",
          "pivot": [
            2,
            46,
            0
          ],
          "rotation": [
            0.43688,
            4.98093,
            65.019
          ],
          "cubes": [
            {
              "origin": [
                2,
                46,
                -1
              ],
              "size": [
                10,
                2,
                2
              ],
              "uv": [
                48,
                55
              ]
            }
          ]
        },
        {
          "name": "har2",
          "parent": "hair_main2",
          "pivot": [
            2,
            46,
            0
          ],
          "rotation": [
            0.4564,
            -17.51841,
            64.84369
          ],
          "cubes": [
            {
              "origin": [
                2,
                46,
                -1
              ],
              "size": [
                10,
                2,
                2
              ],
              "uv": [
                54,
                44
              ]
            }
          ]
        },
        {
          "name": "hair24",
          "parent": "hair_main2",
          "pivot": [
            2,
            46,
            3
          ],
          "rotation": [
            0.4564,
            -17.51841,
            64.84369
          ],
          "cubes": [
            {
              "origin": [
                2,
                46,
                2
              ],
              "size": [
                10,
                2,
                2
              ],
              "uv": [
                52,
                40
              ]
            }
          ]
        },
        {
          "name": "hair_main",
          "parent": "head",
          "pivot": [
            -1,
            18,
            0
          ]
        },
        {
          "name": "hair",
          "parent": "hair_main",
          "pivot": [
            -4,
            45,
            -1
          ],
          "rotation": [
            -6.08003,
            14.34883,
            -38.38302
          ],
          "cubes": [
            {
              "origin": [
                -11,
                45,
                -2
              ],
              "size": [
                7,
                2,
                2
              ],
              "uv": [
                84,
                47
              ]
            }
          ]
        },
        {
          "name": "hair2",
          "parent": "hair_main",
          "pivot": [
            -1,
            45,
            3
          ],
          "rotation": [
            -8.14004,
            28.89077,
            -95.84016
          ],
          "cubes": [
            {
              "origin": [
                -10,
                45,
                2
              ],
              "size": [
                9,
                2,
                2
              ],
              "uv": [
                78,
                43
              ]
            }
          ]
        },
        {
          "name": "hair3",
          "parent": "hair_main",
          "pivot": [
            -1,
            45,
            3
          ],
          "rotation": [
            -8.14453,
            37.12027,
            -64.36919
          ],
          "cubes": [
            {
              "origin": [
                -10,
                45,
                2
              ],
              "size": [
                9,
                2,
                2
              ],
              "uv": [
                14,
                79
              ]
            }
          ]
        },
        {
          "name": "hair4",
          "parent": "hair_main",
          "pivot": [
            -1,
            45,
            3
          ],
          "rotation": [
            3.0308,
            29.45388,
            -33.45231
          ],
          "cubes": [
            {
              "origin": [
                -10,
                45,
                2
              ],
              "size": [
                9,
                2,
                2
              ],
              "uv": [
                50,
                80
              ]
            }
          ]
        },
        {
          "name": "hair5",
          "parent": "hair_main",
          "pivot": [
            -1,
            45,
            3
          ],
          "rotation": [
            2.88359,
            13.04216,
            -7.7856
          ],
          "cubes": [
            {
              "origin": [
                -10,
                45,
                2
              ],
              "size": [
                9,
                2,
                2
              ],
              "uv": [
                82,
                67
              ]
            },
            {
              "origin": [
                -10,
                45,
                2
              ],
              "size": [
                9,
                2,
                2
              ],
              "uv": [
                76,
                39
              ]
            }
          ]
        },
        {
          "name": "hair6",
          "parent": "hair_main",
          "pivot": [
            -1,
            45,
            -1
          ],
          "rotation": [
            8.63025,
            10.2265,
            20.1584
          ],
          "cubes": [
            {
              "origin": [
                -10,
                45,
                -2
              ],
              "size": [
                9,
                2,
                2
              ],
              "uv": [
                70,
                82
              ]
            }
          ]
        },
        {
          "name": "hair7",
          "parent": "hair_main",
          "pivot": [
            -1,
            45,
            1
          ],
          "rotation": [
            4.02662,
            12.74062,
            -2.66556
          ],
          "cubes": [
            {
              "origin": [
                -10,
                45,
                0
              ],
              "size": [
                9,
                2,
                2
              ],
              "uv": [
                12,
                83
              ]
            }
          ]
        },
        {
          "name": "hair8",
          "parent": "hair_main",
          "pivot": [
            -2,
            46,
            -2
          ],
          "rotation": [
            -2.38611,
            -9.34581,
            -29.95625
          ],
          "cubes": [
            {
              "origin": [
                -12,
                46,
                -3
              ],
              "size": [
                10,
                2,
                2
              ],
              "uv": [
                67,
                17
              ]
            }
          ]
        },
        {
          "name": "hair9",
          "parent": "hair_main",
          "pivot": [
            -2,
            46,
            1
          ],
          "rotation": [
            -5.7805,
            12.0561,
            -46.22622
          ],
          "cubes": [
            {
              "origin": [
                -12,
                46,
                0
              ],
              "size": [
                10,
                2,
                2
              ],
              "uv": [
                67,
                0
              ]
            }
          ]
        },
        {
          "name": "hair10",
          "parent": "hair_main",
          "pivot": [
            -2,
            46,
            0
          ],
          "rotation": [
            0,
            0,
            -40
          ],
          "cubes": [
            {
              "origin": [
                -12,
                46,
                -1
              ],
              "size": [
                10,
                2,
                2
              ],
              "uv": [
                67,
                21
              ]
            }
          ]
        },
        {
          "name": "hair11",
          "parent": "hair_main",
          "pivot": [
            -2,
            46,
            0
          ],
          "rotation": [
            0.43688,
            -4.98093,
            -65.019
          ],
          "cubes": [
            {
              "origin": [
                -12,
                46,
                -1
              ],
              "size": [
                10,
                2,
                2
              ],
              "uv": [
                0,
                67
              ]
            }
          ]
        },
        {
          "name": "har",
          "parent": "hair_main",
          "pivot": [
            -2,
            46,
            0
          ],
          "rotation": [
            0.4564,
            17.51841,
            -64.84369
          ],
          "cubes": [
            {
              "origin": [
                -12,
                46,
                -1
              ],
              "size": [
                10,
                2,
                2
              ],
              "uv": [
                64,
                27
              ]
            }
          ]
        },
        {
          "name": "hair12",
          "parent": "hair_main",
          "pivot": [
            -2,
            46,
            3
          ],
          "rotation": [
            0.4564,
            17.51841,
            -64.84369
          ],
          "cubes": [
            {
              "origin": [
                -12,
                46,
                2
              ],
              "size": [
                10,
                2,
                2
              ],
              "uv": [
                63,
                13
              ]
            }
          ]
        },
        {
          "name": "bangs2",
          "parent": "head",
          "pivot": [
            0,
            46,
            -4
          ],
          "cubes": [
            {
              "origin": [
                0,
                43,
                -5
              ],
              "size": [
                1,
                4,
                2
              ],
              "pivot": [
                1,
                47,
                -4
              ],
              "rotation": [
                0,
                -22.5,
                -22.5
              ],
              "uv": [
                84,
                71
              ]
            },
            {
              "origin": [
                3,
                43,
                -5
              ],
              "size": [
                1,
                4,
                2
              ],
              "pivot": [
                4,
                47,
                -4
              ],
              "rotation": [
                1.9892,
                -20.2026,
                -43.0077
              ],
              "uv": [
                36,
                45
              ]
            },
            {
              "origin": [
                1,
                43,
                -5
              ],
              "size": [
                1,
                4,
                2
              ],
              "pivot": [
                2,
                47,
                -4
              ],
              "rotation": [
                1.9892,
                -20.2026,
                -43.0077
              ],
              "uv": [
                14,
                71
              ]
            }
          ]
        },
        {
          "name": "bangs",
          "parent": "head",
          "pivot": [
            0,
            46,
            -4
          ],
          "cubes": [
            {
              "origin": [
                -1,
                43,
                -5
              ],
              "size": [
                1,
                4,
                2
              ],
              "pivot": [
                -1,
                47,
                -4
              ],
              "rotation": [
                -2.0216,
                23.7097,
                6.8706
              ],
              "uv": [
                68,
                86
              ]
            },
            {
              "origin": [
                -2,
                43,
                -5
              ],
              "size": [
                1,
                4,
                2
              ],
              "pivot": [
                -2,
                47,
                -4
              ],
              "rotation": [
                1.9892,
                20.2026,
                43.0077
              ],
              "uv": [
                62,
                84
              ]
            },
            {
              "origin": [
                -4,
                43,
                -5
              ],
              "size": [
                1,
                4,
                2
              ],
              "pivot": [
                -4,
                47,
                -4
              ],
              "rotation": [
                1.9892,
                20.2026,
                43.0077
              ],
              "uv": [
                28,
                11
              ]
            }
          ]
        },
        {
          "name": "eyes",
          "parent": "head",
          "pivot": [
            0,
            42,
            0
          ],
          "cubes": [
            {
              "origin": [
                -4,
                41,
                -4.1
              ],
              "size": [
                3,
                3,
                0
              ],
              "uv": [
                0,
                14
              ]
            },
            {
              "origin": [
                1.5,
                41,
                -4.1
              ],
              "size": [
                2,
                3,
                0
              ],
              "uv": [
                36,
                18
              ]
            }
          ]
        },
        {
          "name": "left_arm",
          "parent": "base",
          "pivot": [
            4,
            35,
            0
          ],
          "rotation": [
            0,
            0,
            -10
          ],
          "cubes": [
            {
              "origin": [
                4,
                32,
                -2
              ],
              "size": [
                4,
                4,
                4
              ],
              "uv": [
                34,
                81
              ]
            },
            {
              "origin": [
                5,
                27,
                -1
              ],
              "size": [
                2,
                5,
                2
              ],
              "uv": [
                24,
                27
              ]
            }
          ]
        },
        {
          "name": "left_arm2",
          "parent": "left_arm",
          "pivot": [
            6,
            27,
            0
          ],
          "cubes": [
            {
              "origin": [
                5,
                22,
                -1
              ],
              "size": [
                2,
                5,
                2
              ],
              "uv": [
                0,
                27
              ]
            }
          ]
        },
        {
          "name": "left_hand",
          "parent": "left_arm2",
          "pivot": [
            6,
            22,
            0
          ],
          "cubes": [
            {
              "origin": [
                5,
                18,
                -2
              ],
              "size": [
                2,
                4,
                4
              ],
              "uv": [
                50,
                84
              ]
            }
          ]
        },
        {
          "name": "right_arm",
          "parent": "base",
          "pivot": [
            -4,
            35,
            0
          ],
          "rotation": [
            0,
            0,
            10
          ],
          "cubes": [
            {
              "origin": [
                -8,
                32,
                -2
              ],
              "size": [
                4,
                4,
                4
              ],
              "uv": [
                52,
                71
              ]
            },
            {
              "origin": [
                -7,
                27,
                -1
              ],
              "size": [
                2,
                5,
                2
              ],
              "uv": [
                0,
                7
              ]
            }
          ]
        },
        {
          "name": "right_arm2",
          "parent": "right_arm",
          "pivot": [
            -6,
            27,
            0
          ],
          "cubes": [
            {
              "origin": [
                -7,
                22,
                -1
              ],
              "size": [
                2,
                5,
                2
              ],
              "uv": [
                0,
                0
              ]
            }
          ]
        },
        {
          "name": "right_hand",
          "parent": "right_arm2",
          "pivot": [
            -6,
            22,
            0
          ],
          "cubes": [
            {
              "origin": [
                -7,
                18,
                -2
              ],
              "size": [
                2,
                4,
                4
              ],
              "uv": [
                36,
                18
              ]
            }
          ]
        },
        {
          "name": "hair_ribbon",
          "parent": "base",
          "pivot": [
            0,
            48,
            5
          ],
          "cubes": [
            {
              "origin": [
                -5,
                44,
                5
              ],
              "size": [
                10,
                8,
                0
              ],
              "uv": [
                52,
                63
              ]
            }
          ]
        },
        {
          "name": "skirt",
          "parent": "base",
          "pivot": [
            0,
            26,
            0
          ],
          "cubes": [
            {
              "origin": [
                -4,
                10.6865,
                2.21696
              ],
              "size": [
                8,
                16,
                2
              ],
              "pivot": [
                0,
                26,
                3
              ],
              "rotation": [
                155,
                0,
                180
              ],
              "uv": [
                35,
                0
              ]
            },
            {
              "origin": [
                -4,
                10,
                -3
              ],
              "size": [
                8,
                16,
                2
              ],
              "pivot": [
                0,
                26,
                -2
              ],
              "rotation": [
                -20,
                0,
                0
              ],
              "uv": [
                32,
                27
              ]
            },
            {
              "origin": [
                0,
                10,
                -3
              ],
              "size": [
                5,
                11,
                2
              ],
              "pivot": [
                0,
                26,
                -2
              ],
              "rotation": [
                -21.843,
                -33.86486,
                -3.65277
              ],
              "uv": [
                0,
                71
              ]
            },
            {
              "origin": [
                -5,
                10,
                -3
              ],
              "size": [
                5,
                11,
                2
              ],
              "pivot": [
                0,
                26,
                -2
              ],
              "rotation": [
                -21.843,
                33.86486,
                3.65277
              ],
              "uv": [
                70,
                69
              ]
            },
            {
              "origin": [
                -4,
                10,
                0
              ],
              "size": [
                5,
                11,
                2
              ],
              "pivot": [
                0,
                26,
                2
              ],
              "rotation": [
                154.99114,
                -43.04778,
                -178.58066
              ],
              "uv": [
                38,
                68
              ]
            },
            {
              "origin": [
                -1,
                10,
                0
              ],
              "size": [
                5,
                11,
                2
              ],
              "pivot": [
                0,
                26,
                2
              ],
              "rotation": [
                154.99114,
                43.04778,
                178.58066
              ],
              "uv": [
                24,
                66
              ]
            },
            {
              "origin": [
                -5,
                9,
                4
              ],
              "size": [
                7,
                16,
                2
              ],
              "pivot": [
                0,
                26,
                2
              ],
              "rotation": [
                0,
                -90,
                25
              ],
              "uv": [
                18,
                45
              ]
            },
            {
              "origin": [
                -2,
                9,
                4
              ],
              "size": [
                7,
                16,
                2
              ],
              "pivot": [
                0,
                26,
                2
              ],
              "rotation": [
                0,
                90,
                -25
              ],
              "uv": [
                0,
                41
              ]
            },
            {
              "origin": [
                -6,
                14,
                -5
              ],
              "size": [
                12,
                0,
                11
              ],
              "uv": [
                0,
                0
              ]
            }
          ]
        }
      ]
    }
  ]
}