{
  "format_version": "1.12.0",
  "minecraft:geometry": [
    {
      "description": {
        "identifier": "geometry.pa_zooble",
        "texture_width": 128,
        "texture_height": 128,
        "visible_bounds_width": 4,
        "visible_bounds_height": 5.5,
        "visible_bounds_offset": [
          0,
          2.25,
          0
        ]
      },
      "bones": [
        {
          "name": "all",
          "pivot": [
            0,
            58,
            0
          ]
        },
        {
          "name": "left_leg",
          "parent": "all",
          "pivot": [
            2,
            33,
            0
          ],
          "rotation": [
            0,
            0,
            -5
          ],
          "cubes": [
            {
              "origin": [
                1,
                19,
                -1
              ],
              "size": [
                2,
                14,
                2
              ],
              "uv": [
                52,
                42
              ]
            }
          ]
        },
        {
          "name": "left_leg2",
          "parent": "left_leg",
          "pivot": [
            2,
            19,
            0
          ],
          "rotation": [
            0,
            0,
            10
          ],
          "cubes": [
            {
              "origin": [
                1,
                5,
                -1
              ],
              "size": [
                2,
                14,
                2
              ],
              "uv": [
                52,
                42
              ]
            }
          ]
        },
        {
          "name": "left_feel",
          "parent": "left_leg2",
          "pivot": [
            2,
            5,
            0
          ],
          "rotation": [
            0,
            0,
            -10
          ],
          "cubes": [
            {
              "origin": [
                0,
                3,
                -2
              ],
              "size": [
                4,
                2,
                4
              ],
              "uv": [
                42,
                10
              ]
            },
            {
              "origin": [
                -1,
                0,
                -8
              ],
              "size": [
                6,
                3,
                11
              ],
              "uv": [
                0,
                16
              ]
            }
          ]
        },
        {
          "name": "right_leg",
          "parent": "all",
          "pivot": [
            -1,
            33,
            0
          ],
          "rotation": [
            -1.25673,
            1.52681,
            17.37204
          ],
          "cubes": [
            {
              "origin": [
                -3,
                18,
                1
              ],
              "size": [
                3,
                15,
                0
              ],
              "uv": [
                60,
                41
              ]
            },
            {
              "origin": [
                -2.5,
                18,
                0.5
              ],
              "size": [
                2,
                1,
                2
              ],
              "uv": [
                53,
                17
              ]
            },
            {
              "origin": [
                -2.5,
                14,
                0.5
              ],
              "size": [
                2,
                1,
                2
              ],
              "uv": [
                23,
                24
              ]
            },
            {
              "origin": [
                -3,
                15,
                0
              ],
              "size": [
                3,
                3,
                3
              ],
              "uv": [
                62,
                31
              ]
            }
          ]
        },
        {
          "name": "right_leg2",
          "parent": "right_leg",
          "pivot": [
            -2,
            14,
            0
          ],
          "rotation": [
            0,
            0,
            -37.5
          ],
          "cubes": [
            {
              "origin": [
                -3,
                1,
                -1
              ],
              "size": [
                2,
                13,
                2
              ],
              "uv": [
                58,
                58
              ]
            },
            {
              "origin": [
                -7,
                0,
                -1
              ],
              "size": [
                4,
                2,
                2
              ],
              "uv": [
                12,
                45
              ]
            },
            {
              "origin": [
                -8,
                6,
                -1
              ],
              "size": [
                3,
                2,
                2
              ],
              "uv": [
                0,
                23
              ]
            },
            {
              "origin": [
                -6,
                4,
                -1
              ],
              "size": [
                2,
                2,
                2
              ],
              "uv": [
                36,
                10
              ]
            },
            {
              "origin": [
                -9,
                1,
                -1
              ],
              "size": [
                2,
                5,
                2
              ],
              "uv": [
                0,
                16
              ]
            }
          ]
        },
        {
          "name": "base",
          "parent": "all",
          "pivot": [
            0,
            33,
            0
          ],
          "rotation": [
            0,
            0,
            -12.5
          ],
          "cubes": [
            {
              "origin": [
                -1,
                47,
                0
              ],
              "size": [
                3,
                6,
                0
              ],
              "uv": [
                0,
                0
              ]
            },
            {
              "origin": [
                -3,
                33,
                -3
              ],
              "size": [
                7,
                14,
                6
              ],
              "uv": [
                28,
                24
              ]
            }
          ]
        },
        {
          "name": "head",
          "parent": "base",
          "pivot": [
            -1,
            53,
            0
          ],
          "rotation": [
            0,
            0,
            25
          ],
          "cubes": [
            {
              "origin": [
                -10,
                53,
                -4
              ],
              "size": [
                17,
                2,
                6
              ],
              "uv": [
                0,
                0
              ]
            },
            {
              "origin": [
                -8,
                55,
                -4
              ],
              "size": [
                15,
                2,
                6
              ],
              "uv": [
                0,
                8
              ]
            },
            {
              "origin": [
                -5,
                57,
                -4
              ],
              "size": [
                12,
                2,
                6
              ],
              "uv": [
                23,
                16
              ]
            },
            {
              "origin": [
                -1,
                59,
                -4
              ],
              "size": [
                8,
                2,
                6
              ],
              "uv": [
                40,
                2
              ]
            },
            {
              "origin": [
                4,
                61,
                -4
              ],
              "size": [
                3,
                1,
                6
              ],
              "uv": [
                53,
                10
              ]
            }
          ]
        },
        {
          "name": "eyes",
          "parent": "head",
          "pivot": [
            0,
            56,
            0
          ],
          "rotation": [
            0,
            0,
            -10
          ],
          "cubes": [
            {
              "origin": [
                -6.52094,
                54.04558,
                -6
              ],
              "size": [
                4,
                4,
                2
              ],
              "uv": [
                34,
                62
              ]
            },
            {
              "origin": [
                2.47906,
                55.04558,
                -6
              ],
              "size": [
                3,
                3,
                2
              ],
              "uv": [
                18,
                30
              ]
            },
            {
              "origin": [
                2.47906,
                54.04558,
                -6
              ],
              "size": [
                3,
                1,
                0
              ],
              "uv": [
                0,
                13
              ]
            }
          ]
        },
        {
          "name": "sting",
          "parent": "head",
          "pivot": [
            -4,
            58,
            0
          ],
          "rotation": [
            -0.08272,
            -2.18164,
            -14.83959
          ],
          "cubes": [
            {
              "origin": [
                -7.41586,
                58.14218,
                -1.08999
              ],
              "size": [
                6,
                8,
                0
              ],
              "uv": [
                62,
                23
              ]
            }
          ]
        },
        {
          "name": "sting2",
          "parent": "head",
          "pivot": [
            3,
            61,
            -1
          ],
          "rotation": [
            0,
            0,
            -7.5
          ],
          "cubes": [
            {
              "origin": [
                0.0521,
                59.53778,
                -1
              ],
              "size": [
                6,
                8,
                0
              ],
              "uv": [
                62,
                0
              ]
            }
          ]
        },
        {
          "name": "left_arm",
          "parent": "base",
          "pivot": [
            4,
            45,
            0
          ],
          "rotation": [
            0,
            0,
            -10
          ],
          "cubes": [
            {
              "origin": [
                4,
                31,
                -2
              ],
              "size": [
                3,
                15,
                3
              ],
              "uv": [
                0,
                45
              ]
            }
          ]
        },
        {
          "name": "left_bone",
          "parent": "left_arm",
          "pivot": [
            6,
            31,
            0
          ],
          "rotation": [
            0,
            0,
            20
          ],
          "cubes": [
            {
              "origin": [
                4,
                27,
                -6
              ],
              "size": [
                4,
                4,
                4
              ],
              "pivot": [
                -3,
                58,
                0
              ],
              "rotation": [
                7.5,
                0,
                0
              ],
              "uv": [
                34,
                54
              ]
            }
          ]
        },
        {
          "name": "left_arm2",
          "parent": "left_bone",
          "pivot": [
            6,
            27,
            0
          ],
          "rotation": [
            0.26975,
            2.42948,
            12.26532
          ],
          "cubes": [
            {
              "origin": [
                5,
                16,
                -1
              ],
              "size": [
                2,
                11,
                2
              ],
              "uv": [
                54,
                24
              ]
            }
          ]
        },
        {
          "name": "claw",
          "parent": "left_arm2",
          "pivot": [
            6,
            16,
            0
          ],
          "rotation": [
            0.52231,
            3.37578,
            17.18132
          ],
          "cubes": [
            {
              "origin": [
                4,
                14,
                -2
              ],
              "size": [
                4,
                2,
                4
              ],
              "uv": [
                59,
                17
              ]
            },
            {
              "origin": [
                3,
                5,
                -3
              ],
              "size": [
                6,
                9,
                6
              ],
              "uv": [
                0,
                30
              ]
            }
          ]
        },
        {
          "name": "right_arm",
          "parent": "base",
          "pivot": [
            -3,
            46,
            0
          ],
          "rotation": [
            0,
            0,
            60
          ],
          "cubes": [
            {
              "origin": [
                -5,
                37,
                -1
              ],
              "size": [
                2,
                10,
                2
              ],
              "uv": [
                26,
                54
              ]
            }
          ]
        },
        {
          "name": "right_arm2",
          "parent": "right_arm",
          "pivot": [
            -4,
            37,
            0
          ],
          "rotation": [
            0,
            0,
            -110
          ],
          "cubes": [
            {
              "origin": [
                -5,
                26,
                -1
              ],
              "size": [
                2,
                11,
                2
              ],
              "uv": [
                26,
                54
              ]
            }
          ]
        },
        {
          "name": "right_hand",
          "parent": "right_arm2",
          "pivot": [
            -4,
            26,
            0
          ],
          "rotation": [
            0,
            0,
            57.5
          ],
          "cubes": [
            {
              "origin": [
                -5,
                17,
                -4
              ],
              "size": [
                2,
                9,
                5
              ],
              "uv": [
                12,
                49
              ]
            },
            {
              "origin": [
                -5,
                22,
                -5
              ],
              "size": [
                2,
                4,
                1
              ],
              "uv": [
                0,
                8
              ]
            }
          ]
        },
        {
          "name": "wing",
          "parent": "base",
          "pivot": [
            -1,
            46,
            2
          ],
          "rotation": [
            0,
            0,
            -25
          ],
          "cubes": [
            {
              "origin": [
                -15,
                40,
                2
              ],
              "size": [
                14,
                10,
                0
              ],
              "uv": [
                24,
                44
              ]
            }
          ]
        }
      ]
    }
  ]
}