{
  "resource_pack_name": "vanilla",
  "texture_name": "atlas.terrain",
  "padding": 8,
  "num_mip_levels": 4,
  "texture_data": {
    "pa_bantengan": {
      "textures": [
        "textures/blocks/pa_bantengan"
      ]
    },
    "pa_macantutul": {
      "textures": [
        "textures/blocks/pa_macantutul"
      ]
    },
    "pa_macanputih": {
      "textures": [
        "textures/blocks/pa_macanputih"
      ]
    },
    "pa_sajen": {
      "textures": [
        "textures/blocks/pa_sajen"
      ]
    },
    "pa_macanan": {
      "textures": [
        "textures/blocks/pa_macanan"
      ]
    }
  }
}