{
  "format_version": "1.12.0",
  "minecraft:geometry": [
    {
      "description": {
        "identifier": "geometry.f_caine",
        "texture_width": 256,
        "texture_height": 256,
        "visible_bounds_width": 4,
        "visible_bounds_height": 9,
        "visible_bounds_offset": [
          0,
          3.5,
          0
        ]
      },
      "bones": [
        {
          "name": "Badan",
          "pivot": [
            -1,
            32,
            2
          ],
          "rotation": [
            0,
            87.5,
            0
          ],
          "cubes": [
            {
              "origin": [
                -5,
                21,
                -5
              ],
              "size": [
                10,
                23,
                13
              ],
              "uv": [
                0,
                50
              ]
            },
            {
              "origin": [
                -5,
                16,
                -5
              ],
              "size": [
                1,
                6,
                13
              ],
              "uv": [
                90,
                92
              ]
            },
            {
              "origin": [
                -2,
                21,
                -5
              ],
              "size": [
                1,
                6,
                13
              ],
              "uv": [
                143,
                0
              ]
            },
            {
              "origin": [
                -9,
                3,
                -6
              ],
              "size": [
                1,
                9,
                15
              ],
              "pivot": [
                6,
                0,
                0
              ],
              "rotation": [
                0,
                0,
                17.5
              ],
              "uv": [
                58,
                85
              ]
            }
          ]
        },
        {
          "name": "bone4",
          "parent": "Badan",
          "pivot": [
            1,
            42,
            8
          ],
          "cubes": [
            {
              "origin": [
                -3,
                30,
                8
              ],
              "size": [
                6,
                13,
                5
              ],
              "uv": [
                0,
                0
              ]
            }
          ]
        },
        {
          "name": "bone5",
          "parent": "bone4",
          "pivot": [
            -1,
            29,
            10
          ],
          "cubes": [
            {
              "origin": [
                -3,
                18,
                8
              ],
              "size": [
                6,
                12,
                5
              ],
              "uv": [
                86,
                111
              ]
            }
          ]
        },
        {
          "name": "bone6",
          "parent": "bone5",
          "pivot": [
            -2,
            18,
            10
          ],
          "rotation": [
            0,
            7.5,
            -5
          ],
          "cubes": [
            {
              "origin": [
                -4,
                17,
                7
              ],
              "size": [
                8,
                1,
                7
              ],
              "uv": [
                110,
                24
              ]
            },
            {
              "origin": [
                -3,
                11,
                8
              ],
              "size": [
                6,
                6,
                5
              ],
              "uv": [
                46,
                125
              ]
            }
          ]
        },
        {
          "name": "bone7",
          "parent": "bone6",
          "pivot": [
            0,
            14,
            10
          ],
          "rotation": [
            0,
            10,
            10
          ],
          "cubes": [
            {
              "origin": [
                14,
                11,
                7
              ],
              "size": [
                6,
                6,
                6
              ],
              "uv": [
                46,
                59
              ]
            },
            {
              "origin": [
                -12,
                13,
                9
              ],
              "size": [
                26,
                2,
                2
              ],
              "uv": [
                69,
                41
              ]
            },
            {
              "origin": [
                11,
                12,
                8
              ],
              "size": [
                3,
                4,
                4
              ],
              "uv": [
                29,
                86
              ]
            }
          ]
        },
        {
          "name": "bone",
          "parent": "Badan",
          "pivot": [
            -1,
            42,
            -5
          ],
          "cubes": [
            {
              "origin": [
                -3,
                30,
                -10
              ],
              "size": [
                6,
                13,
                5
              ],
              "uv": [
                0,
                0
              ]
            }
          ]
        },
        {
          "name": "bone2",
          "parent": "bone",
          "pivot": [
            0,
            29,
            -8
          ],
          "cubes": [
            {
              "origin": [
                -3,
                18,
                -10
              ],
              "size": [
                6,
                12,
                5
              ],
              "uv": [
                86,
                110
              ]
            }
          ]
        },
        {
          "name": "bone3",
          "parent": "bone2",
          "pivot": [
            0,
            17,
            -8
          ],
          "cubes": [
            {
              "origin": [
                -3,
                11,
                -10
              ],
              "size": [
                6,
                6,
                5
              ],
              "uv": [
                46,
                125
              ]
            },
            {
              "origin": [
                -4,
                17,
                -11
              ],
              "size": [
                8,
                1,
                7
              ],
              "uv": [
                110,
                24
              ]
            }
          ]
        },
        {
          "name": "Hmmm",
          "parent": "Badan",
          "pivot": [
            -2,
            58,
            1
          ],
          "rotation": [
            0,
            2.5,
            0
          ],
          "cubes": [
            {
              "origin": [
                6,
                67,
                -5
              ],
              "size": [
                7,
                7,
                15
              ],
              "uv": [
                81,
                70
              ]
            },
            {
              "origin": [
                6,
                48,
                -5
              ],
              "size": [
                7,
                7,
                15
              ],
              "uv": [
                81,
                70
              ]
            },
            {
              "origin": [
                -12,
                72,
                -14
              ],
              "size": [
                20,
                2,
                30
              ],
              "uv": [
                0,
                145
              ]
            },
            {
              "origin": [
                -12,
                48,
                -14
              ],
              "size": [
                20,
                2,
                30
              ],
              "uv": [
                0,
                145
              ]
            },
            {
              "origin": [
                -6,
                67,
                15
              ],
              "size": [
                6,
                7,
                5
              ],
              "uv": [
                93,
                12
              ]
            },
            {
              "origin": [
                -6,
                48,
                15
              ],
              "size": [
                6,
                7,
                5
              ],
              "uv": [
                93,
                12
              ]
            },
            {
              "origin": [
                -3,
                67,
                19
              ],
              "size": [
                6,
                7,
                5
              ],
              "pivot": [
                7,
                26,
                1
              ],
              "rotation": [
                0,
                -25,
                0
              ],
              "uv": [
                93,
                12
              ]
            },
            {
              "origin": [
                -9,
                67,
                19
              ],
              "size": [
                6,
                7,
                5
              ],
              "pivot": [
                7,
                26,
                1
              ],
              "rotation": [
                0,
                -25,
                0
              ],
              "uv": [
                93,
                12
              ]
            },
            {
              "origin": [
                -3,
                48,
                19
              ],
              "size": [
                6,
                7,
                5
              ],
              "pivot": [
                7,
                26,
                1
              ],
              "rotation": [
                0,
                -25,
                0
              ],
              "uv": [
                93,
                12
              ]
            },
            {
              "origin": [
                -9,
                48,
                19
              ],
              "size": [
                6,
                7,
                5
              ],
              "pivot": [
                7,
                26,
                1
              ],
              "rotation": [
                0,
                -25,
                0
              ],
              "uv": [
                93,
                12
              ]
            },
            {
              "origin": [
                -4,
                67,
                13
              ],
              "size": [
                6,
                7,
                5
              ],
              "pivot": [
                7,
                65,
                1
              ],
              "rotation": [
                0,
                12.5,
                0
              ],
              "uv": [
                93,
                12
              ]
            },
            {
              "origin": [
                -4,
                48,
                13
              ],
              "size": [
                6,
                7,
                5
              ],
              "pivot": [
                7,
                65,
                1
              ],
              "rotation": [
                0,
                12.5,
                0
              ],
              "uv": [
                93,
                12
              ]
            },
            {
              "origin": [
                -4,
                67,
                10
              ],
              "size": [
                6,
                7,
                5
              ],
              "pivot": [
                7,
                65,
                1
              ],
              "rotation": [
                0,
                32.5,
                0
              ],
              "uv": [
                93,
                12
              ]
            },
            {
              "origin": [
                -4,
                48,
                10
              ],
              "size": [
                6,
                7,
                5
              ],
              "pivot": [
                7,
                65,
                1
              ],
              "rotation": [
                0,
                32.5,
                0
              ],
              "uv": [
                93,
                12
              ]
            },
            {
              "origin": [
                -4,
                67,
                6
              ],
              "size": [
                6,
                7,
                5
              ],
              "pivot": [
                7,
                65,
                1
              ],
              "rotation": [
                0,
                62.5,
                0
              ],
              "uv": [
                93,
                12
              ]
            },
            {
              "origin": [
                -4,
                48,
                6
              ],
              "size": [
                6,
                7,
                5
              ],
              "pivot": [
                7,
                65,
                1
              ],
              "rotation": [
                0,
                62.5,
                0
              ],
              "uv": [
                93,
                12
              ]
            },
            {
              "origin": [
                10,
                67,
                -8
              ],
              "size": [
                5,
                7,
                5
              ],
              "pivot": [
                7,
                67,
                1
              ],
              "rotation": [
                0,
                20,
                0
              ],
              "uv": [
                74,
                0
              ]
            },
            {
              "origin": [
                10,
                48,
                -8
              ],
              "size": [
                5,
                7,
                5
              ],
              "pivot": [
                7,
                67,
                1
              ],
              "rotation": [
                0,
                20,
                0
              ],
              "uv": [
                74,
                0
              ]
            },
            {
              "origin": [
                12,
                67,
                -11
              ],
              "size": [
                5,
                7,
                5
              ],
              "pivot": [
                7,
                67,
                1
              ],
              "rotation": [
                0,
                32.5,
                0
              ],
              "uv": [
                74,
                0
              ]
            },
            {
              "origin": [
                12,
                48,
                -11
              ],
              "size": [
                5,
                7,
                5
              ],
              "pivot": [
                7,
                67,
                1
              ],
              "rotation": [
                0,
                32.5,
                0
              ],
              "uv": [
                74,
                0
              ]
            },
            {
              "origin": [
                16,
                67,
                -10
              ],
              "size": [
                5,
                7,
                5
              ],
              "pivot": [
                7,
                67,
                1
              ],
              "rotation": [
                0,
                57.5,
                0
              ],
              "uv": [
                74,
                0
              ]
            },
            {
              "origin": [
                16,
                48,
                -10
              ],
              "size": [
                5,
                7,
                5
              ],
              "pivot": [
                7,
                67,
                1
              ],
              "rotation": [
                0,
                57.5,
                0
              ],
              "uv": [
                74,
                0
              ]
            },
            {
              "origin": [
                18,
                67,
                -11
              ],
              "size": [
                5,
                7,
                5
              ],
              "pivot": [
                7,
                67,
                1
              ],
              "rotation": [
                0,
                72.5,
                0
              ],
              "uv": [
                74,
                0
              ]
            },
            {
              "origin": [
                18,
                48,
                -11
              ],
              "size": [
                5,
                7,
                5
              ],
              "pivot": [
                7,
                67,
                1
              ],
              "rotation": [
                0,
                72.5,
                0
              ],
              "uv": [
                74,
                0
              ]
            },
            {
              "origin": [
                21,
                67,
                -10
              ],
              "size": [
                5,
                7,
                5
              ],
              "pivot": [
                7,
                67,
                1
              ],
              "rotation": [
                0,
                92.5,
                0
              ],
              "uv": [
                74,
                0
              ]
            },
            {
              "origin": [
                21,
                48,
                -10
              ],
              "size": [
                5,
                7,
                5
              ],
              "pivot": [
                7,
                67,
                1
              ],
              "rotation": [
                0,
                92.5,
                0
              ],
              "uv": [
                74,
                0
              ]
            },
            {
              "origin": [
                21,
                67,
                -15
              ],
              "size": [
                5,
                7,
                5
              ],
              "pivot": [
                7,
                67,
                1
              ],
              "rotation": [
                0,
                92.5,
                0
              ],
              "uv": [
                74,
                0
              ]
            },
            {
              "origin": [
                21,
                67,
                -20
              ],
              "size": [
                5,
                7,
                5
              ],
              "pivot": [
                7,
                67,
                1
              ],
              "rotation": [
                0,
                92.5,
                0
              ],
              "uv": [
                74,
                0
              ]
            },
            {
              "origin": [
                21,
                48,
                -15
              ],
              "size": [
                5,
                7,
                5
              ],
              "pivot": [
                7,
                67,
                1
              ],
              "rotation": [
                0,
                92.5,
                0
              ],
              "uv": [
                74,
                0
              ]
            },
            {
              "origin": [
                21,
                48,
                -20
              ],
              "size": [
                5,
                7,
                5
              ],
              "pivot": [
                7,
                67,
                1
              ],
              "rotation": [
                0,
                92.5,
                0
              ],
              "uv": [
                74,
                0
              ]
            },
            {
              "origin": [
                -7,
                77,
                -10
              ],
              "size": [
                10,
                10,
                9
              ],
              "pivot": [
                7,
                26,
                1
              ],
              "rotation": [
                0,
                0,
                -7.5
              ],
              "uv": [
                0,
                91
              ]
            },
            {
              "origin": [
                -9,
                75,
                -12
              ],
              "size": [
                14,
                2,
                13
              ],
              "pivot": [
                7,
                26,
                1
              ],
              "rotation": [
                0,
                0,
                -7.5
              ],
              "uv": [
                69,
                26
              ]
            }
          ]
        },
        {
          "name": "Eyeball",
          "parent": "Hmmm",
          "pivot": [
            -3,
            55,
            0
          ],
          "rotation": [
            0,
            -87.5,
            0
          ],
          "cubes": [
            {
              "origin": [
                -11,
                56,
                -7
              ],
              "size": [
                8,
                8,
                6
              ],
              "pivot": [
                -3,
                63,
                0
              ],
              "rotation": [
                0,
                5,
                0
              ],
              "uv": [
                4,
                181
              ]
            },
            {
              "origin": [
                -10.5,
                56.5,
                -7.1
              ],
              "size": [
                7,
                7,
                3
              ],
              "pivot": [
                -3,
                63,
                0
              ],
              "rotation": [
                0,
                5,
                0
              ],
              "uv": [
                235,
                177
              ]
            },
            {
              "origin": [
                -8.9,
                57.9,
                -7.2
              ],
              "size": [
                4,
                4,
                3
              ],
              "pivot": [
                -3,
                63,
                0
              ],
              "rotation": [
                0,
                5,
                0
              ],
              "uv": [
                238,
                247
              ]
            },
            {
              "origin": [
                1,
                55,
                -7
              ],
              "size": [
                8,
                8,
                6
              ],
              "pivot": [
                -3,
                63,
                0
              ],
              "rotation": [
                0,
                -5,
                0
              ],
              "uv": [
                48,
                186
              ]
            },
            {
              "origin": [
                3.48991,
                56.9,
                -6.82664
              ],
              "size": [
                4,
                4,
                3
              ],
              "uv": [
                238,
                247
              ]
            },
            {
              "origin": [
                1.5,
                55.5,
                -7.1
              ],
              "size": [
                7,
                7,
                3
              ],
              "pivot": [
                -3,
                63,
                0
              ],
              "rotation": [
                0,
                -5,
                0
              ],
              "uv": [
                194,
                177
              ]
            }
          ]
        },
        {
          "name": "bone8",
          "pivot": [
            -5,
            22,
            1
          ],
          "rotation": [
            0,
            95,
            0
          ],
          "cubes": [
            {
              "origin": [
                -8,
                11,
                -1
              ],
              "size": [
                7,
                11,
                5
              ],
              "uv": [
                38,
                104
              ]
            }
          ]
        },
        {
          "name": "bone9",
          "parent": "bone8",
          "pivot": [
            -4,
            11,
            1
          ],
          "cubes": [
            {
              "origin": [
                -8,
                4,
                -1
              ],
              "size": [
                7,
                7,
                5
              ],
              "uv": [
                22,
                120
              ]
            }
          ]
        },
        {
          "name": "bone10",
          "parent": "bone9",
          "pivot": [
            -5,
            3,
            1
          ],
          "cubes": [
            {
              "origin": [
                -8,
                0,
                -1
              ],
              "size": [
                11,
                4,
                5
              ],
              "uv": [
                33,
                50
              ]
            }
          ]
        },
        {
          "name": "bone11",
          "pivot": [
            1,
            22,
            -1
          ],
          "rotation": [
            0,
            77.5,
            0
          ],
          "cubes": [
            {
              "origin": [
                -4,
                11,
                -3
              ],
              "size": [
                7,
                11,
                5
              ],
              "uv": [
                38,
                104
              ]
            }
          ]
        },
        {
          "name": "bone12",
          "parent": "bone11",
          "pivot": [
            0,
            11,
            0
          ],
          "cubes": [
            {
              "origin": [
                -4,
                4,
                -3
              ],
              "size": [
                7,
                7,
                5
              ],
              "uv": [
                22,
                120
              ]
            }
          ]
        },
        {
          "name": "bone13",
          "parent": "bone12",
          "pivot": [
            0,
            4,
            0
          ],
          "cubes": [
            {
              "origin": [
                -4,
                0,
                -3
              ],
              "size": [
                11,
                4,
                5
              ],
              "uv": [
                105,
                92
              ]
            }
          ]
        },
        {
          "name": "bone14",
          "pivot": [
            0,
            0,
            0
          ]
        }
      ]
    }
  ]
}