{
  "format_version": "1.12.0",
  "minecraft:geometry": [
    {
      "description": {
        "identifier": "geometry.f_kaufmo",
        "texture_width": 128,
        "texture_height": 128,
        "visible_bounds_width": 3,
        "visible_bounds_height": 5.5,
        "visible_bounds_offset": [
          0,
          2.25,
          0
        ]
      },
      "bones": [
        {
          "name": "Body",
          "pivot": [
            0,
            24,
            1
          ],
          "rotation": [
            17.5,
            0,
            0
          ],
          "cubes": [
            {
              "origin": [
                -7,
                34.49089,
                -2.69224
              ],
              "size": [
                14,
                2,
                13
              ],
              "uv": [
                0,
                0
              ]
            },
            {
              "origin": [
                -5,
                23.49089,
                -0.69224
              ],
              "size": [
                10,
                11,
                9
              ],
              "uv": [
                0,
                37
              ]
            }
          ]
        },
        {
          "name": "Body2",
          "parent": "Body",
          "pivot": [
            0,
            23.49089,
            4.30776
          ],
          "rotation": [
            12.5,
            0,
            0
          ],
          "cubes": [
            {
              "origin": [
                -6,
                13.59522,
                3.48607
              ],
              "size": [
                12,
                11,
                11
              ],
              "pivot": [
                0,
                34.59522,
                7.48607
              ],
              "rotation": [
                -27.5,
                0,
                0
              ],
              "uv": [
                0,
                15
              ]
            }
          ]
        },
        {
          "name": "Head",
          "parent": "Body",
          "pivot": [
            0,
            36.49089,
            3.30776
          ],
          "rotation": [
            -15,
            0,
            0
          ],
          "cubes": [
            {
              "origin": [
                -1,
                56.49089,
                2.30776
              ],
              "size": [
                2,
                2,
                2
              ],
              "pivot": [
                0,
                33.49089,
                3.30776
              ],
              "rotation": [
                0.51518,
                0.20272,
                2.43885
              ],
              "uv": [
                0,
                37
              ]
            },
            {
              "origin": [
                -5,
                47.49089,
                -1.69224
              ],
              "size": [
                10,
                1,
                10
              ],
              "pivot": [
                0,
                33.49089,
                3.30776
              ],
              "rotation": [
                0.51518,
                0.20272,
                2.43885
              ],
              "uv": [
                35,
                15
              ]
            },
            {
              "origin": [
                -4,
                37.49089,
                -0.69224
              ],
              "size": [
                8,
                10,
                8
              ],
              "pivot": [
                0,
                33.49089,
                3.30776
              ],
              "rotation": [
                0.51518,
                0.20272,
                2.43885
              ],
              "uv": [
                38,
                29
              ]
            },
            {
              "origin": [
                -3,
                35.49089,
                0.30776
              ],
              "size": [
                6,
                2,
                6
              ],
              "pivot": [
                0,
                33.49089,
                3.30776
              ],
              "rotation": [
                0.51518,
                0.20272,
                2.43885
              ],
              "uv": [
                81,
                0
              ]
            },
            {
              "origin": [
                -2,
                53.49089,
                1.30776
              ],
              "size": [
                4,
                3,
                4
              ],
              "pivot": [
                0,
                33.49089,
                3.30776
              ],
              "rotation": [
                0.51518,
                0.20272,
                2.43885
              ],
              "uv": [
                41,
                5
              ]
            },
            {
              "origin": [
                -7,
                52.49089,
                1.30776
              ],
              "size": [
                1,
                3,
                4
              ],
              "pivot": [
                0,
                33.49089,
                3.30776
              ],
              "rotation": [
                0.54684,
                0.08641,
                14.93835
              ],
              "uv": [
                0,
                15
              ]
            },
            {
              "origin": [
                -3,
                48.49089,
                1.30776
              ],
              "size": [
                1,
                5,
                4
              ],
              "pivot": [
                0,
                33.49089,
                3.30776
              ],
              "rotation": [
                0.51518,
                0.20272,
                2.43885
              ],
              "uv": [
                42,
                2
              ]
            },
            {
              "origin": [
                -2,
                52.49089,
                9.30776
              ],
              "size": [
                4,
                3,
                1
              ],
              "pivot": [
                0,
                33.49089,
                3.30776
              ],
              "rotation": [
                13.01518,
                0.20272,
                2.43885
              ],
              "uv": [
                41,
                8
              ]
            },
            {
              "origin": [
                -2,
                48.49089,
                5.30776
              ],
              "size": [
                4,
                5,
                1
              ],
              "pivot": [
                0,
                33.49089,
                3.30776
              ],
              "rotation": [
                0.51518,
                0.20272,
                2.43885
              ],
              "uv": [
                42,
                6
              ]
            },
            {
              "origin": [
                6,
                52.49089,
                1.30776
              ],
              "size": [
                1,
                3,
                4
              ],
              "pivot": [
                0,
                33.49089,
                3.30776
              ],
              "rotation": [
                0.45909,
                0.30941,
                -10.06082
              ],
              "uv": [
                0,
                6
              ]
            },
            {
              "origin": [
                2,
                48.49089,
                1.30776
              ],
              "size": [
                1,
                5,
                4
              ],
              "pivot": [
                0,
                33.49089,
                3.30776
              ],
              "rotation": [
                0.51518,
                0.20272,
                2.43885
              ],
              "uv": [
                0,
                0
              ]
            },
            {
              "origin": [
                -2,
                52.49089,
                -3.69224
              ],
              "size": [
                4,
                3,
                1
              ],
              "pivot": [
                0,
                33.49089,
                3.30776
              ],
              "rotation": [
                -11.98482,
                0.20272,
                2.43885
              ],
              "uv": [
                0,
                9
              ]
            },
            {
              "origin": [
                -2,
                48.49089,
                0.30776
              ],
              "size": [
                4,
                5,
                1
              ],
              "pivot": [
                0,
                33.49089,
                3.30776
              ],
              "rotation": [
                0.51518,
                0.20272,
                2.43885
              ],
              "uv": [
                44,
                6
              ]
            },
            {
              "origin": [
                -2,
                48.49089,
                1.30776
              ],
              "size": [
                4,
                5,
                4
              ],
              "pivot": [
                0,
                33.49089,
                3.30776
              ],
              "rotation": [
                0.51518,
                0.20272,
                2.43885
              ],
              "uv": [
                65,
                0
              ]
            }
          ]
        },
        {
          "name": "bone",
          "parent": "Head",
          "pivot": [
            1,
            39.49089,
            -0.69224
          ],
          "cubes": [
            {
              "origin": [
                -1.25226,
                39.02814,
                -1.7415
              ],
              "size": [
                1,
                2,
                2
              ],
              "pivot": [
                -1,
                38.49089,
                -0.69224
              ],
              "rotation": [
                0.53723,
                0.13374,
                9.93857
              ],
              "uv": [
                6,
                0
              ]
            },
            {
              "origin": [
                -0.25226,
                39.02814,
                -1.7415
              ],
              "size": [
                1,
                2,
                2
              ],
              "pivot": [
                -1,
                38.49089,
                -0.69224
              ],
              "rotation": [
                0.53723,
                0.13374,
                9.93857
              ],
              "uv": [
                6,
                0
              ]
            },
            {
              "origin": [
                0.77776,
                38.68301,
                -1.74934
              ],
              "size": [
                1,
                2,
                2
              ],
              "pivot": [
                1,
                38.49089,
                -0.69224
              ],
              "rotation": [
                -0.82044,
                0.86503,
                0.04604
              ],
              "uv": [
                6,
                0
              ]
            },
            {
              "origin": [
                1.77776,
                38.68301,
                -1.74934
              ],
              "size": [
                1,
                2,
                2
              ],
              "pivot": [
                1,
                38.49089,
                -0.69224
              ],
              "rotation": [
                -0.82044,
                0.86503,
                0.04604
              ],
              "uv": [
                6,
                0
              ]
            },
            {
              "origin": [
                2.77776,
                38.68301,
                -1.74934
              ],
              "size": [
                1,
                2,
                2
              ],
              "pivot": [
                1,
                38.49089,
                -0.69224
              ],
              "rotation": [
                -0.82044,
                0.86503,
                0.04604
              ],
              "uv": [
                6,
                0
              ]
            },
            {
              "origin": [
                -4,
                38.49089,
                -1.69224
              ],
              "size": [
                1,
                2,
                2
              ],
              "pivot": [
                0,
                32.49089,
                3.30776
              ],
              "rotation": [
                0.55009,
                0.06247,
                17.43824
              ],
              "uv": [
                6,
                0
              ]
            },
            {
              "origin": [
                -5,
                38.49089,
                -1.69224
              ],
              "size": [
                1,
                2,
                2
              ],
              "pivot": [
                0,
                32.49089,
                3.30776
              ],
              "rotation": [
                0.55009,
                0.06247,
                17.43824
              ],
              "uv": [
                6,
                0
              ]
            }
          ]
        },
        {
          "name": "Rightarm1",
          "parent": "Body",
          "pivot": [
            -6,
            32,
            4
          ],
          "rotation": [
            -12.5,
            0,
            0
          ],
          "cubes": [
            {
              "origin": [
                -9,
                22,
                2
              ],
              "size": [
                4,
                10,
                4
              ],
              "uv": [
                40,
                59
              ]
            }
          ]
        },
        {
          "name": "Rightarm2",
          "parent": "Rightarm1",
          "pivot": [
            -7,
            22,
            4
          ],
          "cubes": [
            {
              "origin": [
                -9,
                15,
                2
              ],
              "size": [
                4,
                7,
                4
              ],
              "uv": [
                40,
                59
              ]
            }
          ]
        },
        {
          "name": "Righthand",
          "parent": "Rightarm2",
          "pivot": [
            -8,
            15,
            4
          ],
          "cubes": [
            {
              "origin": [
                -10,
                14,
                1
              ],
              "size": [
                5,
                1,
                6
              ],
              "uv": [
                56,
                62
              ]
            },
            {
              "origin": [
                -9,
                11,
                2
              ],
              "size": [
                3,
                3,
                4
              ],
              "uv": [
                64,
                76
              ]
            }
          ]
        },
        {
          "name": "Leftarm1",
          "parent": "Body",
          "pivot": [
            5,
            32,
            5
          ],
          "rotation": [
            -20.01754,
            2.34914,
            -0.85553
          ],
          "cubes": [
            {
              "origin": [
                5,
                22,
                3
              ],
              "size": [
                4,
                10,
                4
              ],
              "uv": [
                40,
                59
              ]
            }
          ]
        },
        {
          "name": "Leftarm2",
          "parent": "Leftarm1",
          "pivot": [
            7,
            22,
            5
          ],
          "cubes": [
            {
              "origin": [
                5,
                15,
                3
              ],
              "size": [
                4,
                7,
                4
              ],
              "uv": [
                40,
                59
              ]
            }
          ]
        },
        {
          "name": "Lefthand",
          "parent": "Leftarm2",
          "pivot": [
            8,
            15,
            5
          ],
          "cubes": [
            {
              "origin": [
                5,
                14,
                2
              ],
              "size": [
                5,
                1,
                6
              ],
              "uv": [
                56,
                62
              ]
            },
            {
              "origin": [
                6,
                11,
                3
              ],
              "size": [
                3,
                3,
                4
              ],
              "uv": [
                64,
                76
              ]
            }
          ]
        },
        {
          "name": "Leftleg1",
          "pivot": [
            4,
            15,
            4
          ],
          "cubes": [
            {
              "origin": [
                0,
                9,
                1
              ],
              "size": [
                6,
                6,
                6
              ],
              "uv": [
                41,
                0
              ]
            }
          ]
        },
        {
          "name": "Leftleg2",
          "parent": "Leftleg1",
          "pivot": [
            3,
            9,
            4
          ],
          "cubes": [
            {
              "origin": [
                1,
                3,
                2
              ],
              "size": [
                4,
                6,
                4
              ],
              "uv": [
                40,
                59
              ]
            }
          ]
        },
        {
          "name": "Leftshoes",
          "parent": "Leftleg2",
          "pivot": [
            3,
            3,
            4
          ],
          "cubes": [
            {
              "origin": [
                0,
                0,
                0
              ],
              "size": [
                6,
                3,
                6
              ],
              "uv": [
                0,
                57
              ]
            },
            {
              "origin": [
                0,
                0,
                -3
              ],
              "size": [
                6,
                4,
                3
              ],
              "uv": [
                70,
                33
              ]
            }
          ]
        },
        {
          "name": "Rightleg1",
          "pivot": [
            -3,
            15,
            4
          ],
          "cubes": [
            {
              "origin": [
                -6,
                9,
                1
              ],
              "size": [
                6,
                6,
                6
              ],
              "uv": [
                41,
                0
              ]
            }
          ]
        },
        {
          "name": "Rightleg2",
          "parent": "Rightleg1",
          "pivot": [
            -3,
            9,
            4
          ],
          "cubes": [
            {
              "origin": [
                -5,
                3,
                2
              ],
              "size": [
                4,
                6,
                4
              ],
              "uv": [
                40,
                59
              ]
            }
          ]
        },
        {
          "name": "Rightshoes",
          "parent": "Rightleg2",
          "pivot": [
            -3,
            3,
            4
          ],
          "cubes": [
            {
              "origin": [
                -6,
                0,
                -3
              ],
              "size": [
                6,
                4,
                3
              ],
              "uv": [
                70,
                33
              ]
            },
            {
              "origin": [
                -6,
                0,
                0
              ],
              "size": [
                6,
                3,
                6
              ],
              "uv": [
                56,
                53
              ]
            }
          ]
        }
      ]
    }
  ]
}