{
  "format_version": "1.12.0",
  "minecraft:geometry": [
    {
      "description": {
        "identifier": "geometry.f_kinger",
        "texture_width": 256,
        "texture_height": 256,
        "visible_bounds_width": 7,
        "visible_bounds_height": 7,
        "visible_bounds_offset": [
          0,
          2.5,
          0
        ]
      },
      "bones": [
        {
          "name": "bone",
          "pivot": [
            0,
            26,
            0
          ],
          "cubes": [
            {
              "origin": [
                -5,
                43,
                5
              ],
              "size": [
                12,
                7,
                4
              ],
              "uv": [
                65,
                2
              ]
            },
            {
              "origin": [
                -8,
                4,
                0
              ],
              "size": [
                18,
                39,
                8
              ],
              "uv": [
                42,
                31
              ]
            },
            {
              "origin": [
                -9.7,
                4,
                -7
              ],
              "size": [
                18,
                39,
                8
              ],
              "pivot": [
                0,
                0,
                0
              ],
              "rotation": [
                0,
                -177.5,
                0
              ],
              "uv": [
                42,
                31
              ]
            },
            {
              "origin": [
                -8,
                4,
                -3
              ],
              "size": [
                18,
                38,
                3
              ],
              "uv": [
                52,
                37
              ]
            },
            {
              "origin": [
                -8,
                40,
                -8
              ],
              "size": [
                5,
                7,
                13
              ],
              "pivot": [
                0,
                63,
                0
              ],
              "rotation": [
                10.34721,
                12.06754,
                3.28396
              ],
              "uv": [
                77,
                17
              ]
            },
            {
              "origin": [
                3,
                40,
                -7
              ],
              "size": [
                7,
                7,
                9
              ],
              "pivot": [
                0,
                63,
                0
              ],
              "rotation": [
                15.34721,
                -12.06754,
                -3.28396
              ],
              "uv": [
                82,
                21
              ]
            },
            {
              "origin": [
                -20,
                43,
                -14
              ],
              "size": [
                15,
                7,
                6
              ],
              "pivot": [
                0,
                63,
                0
              ],
              "rotation": [
                47.88191,
                -35.41223,
                -45.61225
              ],
              "uv": [
                63,
                0
              ]
            },
            {
              "origin": [
                -59,
                64,
                -6
              ],
              "size": [
                34,
                8,
                6
              ],
              "pivot": [
                0,
                63,
                0
              ],
              "rotation": [
                58.24693,
                1.32625,
                -91.85418
              ],
              "uv": [
                52,
                23
              ]
            },
            {
              "origin": [
                -22,
                50,
                11
              ],
              "size": [
                10,
                8,
                5
              ],
              "pivot": [
                0,
                63,
                0
              ],
              "rotation": [
                107.57145,
                -26.24936,
                -119.06581
              ],
              "uv": [
                63,
                0
              ]
            },
            {
              "origin": [
                -10,
                0,
                -9
              ],
              "size": [
                22,
                4,
                19
              ],
              "uv": [
                63,
                14
              ]
            }
          ]
        },
        {
          "name": "Head",
          "parent": "bone",
          "pivot": [
            0,
            41,
            0
          ],
          "rotation": [
            0,
            0,
            -2.5
          ],
          "cubes": [
            {
              "origin": [
                -3,
                40,
                -3
              ],
              "size": [
                6,
                12,
                7
              ],
              "uv": [
                55,
                92
              ]
            },
            {
              "origin": [
                -4,
                46,
                -5
              ],
              "size": [
                8,
                1,
                10
              ],
              "uv": [
                94,
                37
              ]
            },
            {
              "origin": [
                -4,
                48,
                -5
              ],
              "size": [
                8,
                1,
                10
              ],
              "uv": [
                0,
                90
              ]
            },
            {
              "origin": [
                -4,
                50,
                -5
              ],
              "size": [
                8,
                1,
                10
              ],
              "uv": [
                26,
                88
              ]
            },
            {
              "origin": [
                -4,
                54,
                -4
              ],
              "size": [
                8,
                6,
                8
              ],
              "uv": [
                94,
                48
              ]
            },
            {
              "origin": [
                -3,
                52,
                -4
              ],
              "size": [
                6,
                3,
                8
              ],
              "uv": [
                0,
                101
              ]
            },
            {
              "origin": [
                6,
                55,
                -4
              ],
              "size": [
                2,
                3,
                8
              ],
              "pivot": [
                0,
                63,
                0
              ],
              "rotation": [
                0,
                0,
                32.5
              ],
              "uv": [
                73,
                105
              ]
            },
            {
              "origin": [
                -8,
                55,
                -4
              ],
              "size": [
                2,
                3,
                8
              ],
              "pivot": [
                0,
                63,
                0
              ],
              "rotation": [
                0,
                0,
                -32.5
              ],
              "uv": [
                23,
                70
              ]
            },
            {
              "origin": [
                -6,
                60,
                -4
              ],
              "size": [
                12,
                2,
                8
              ],
              "uv": [
                36,
                78
              ]
            },
            {
              "origin": [
                -3,
                62,
                -2
              ],
              "size": [
                6,
                1,
                4
              ],
              "uv": [
                85,
                105
              ]
            },
            {
              "origin": [
                -2,
                63,
                -1
              ],
              "size": [
                4,
                9,
                2
              ],
              "uv": [
                0,
                70
              ]
            },
            {
              "origin": [
                -4,
                66,
                -1
              ],
              "size": [
                8,
                3,
                2
              ],
              "uv": [
                33,
                137
              ]
            },
            {
              "origin": [
                5,
                60,
                -4
              ],
              "size": [
                1,
                3,
                8
              ],
              "pivot": [
                0,
                63,
                0
              ],
              "rotation": [
                0,
                0,
                30
              ],
              "uv": [
                20,
                104
              ]
            },
            {
              "origin": [
                -6,
                60,
                -4
              ],
              "size": [
                1,
                3,
                8
              ],
              "pivot": [
                0,
                63,
                0
              ],
              "rotation": [
                0,
                0,
                -30
              ],
              "uv": [
                0,
                0
              ]
            }
          ]
        },
        {
          "name": "Eyeball",
          "parent": "Head",
          "pivot": [
            0,
            0,
            0
          ],
          "cubes": [
            {
              "origin": [
                -4,
                57,
                -7
              ],
              "size": [
                3,
                3,
                3
              ],
              "pivot": [
                0,
                63,
                0
              ],
              "rotation": [
                0,
                5,
                0
              ],
              "uv": [
                0,
                11
              ]
            },
            {
              "origin": [
                -3.5,
                57.5,
                -7.1
              ],
              "size": [
                2,
                2,
                0
              ],
              "pivot": [
                0,
                63,
                0
              ],
              "rotation": [
                0,
                5,
                0
              ],
              "uv": [
                231,
                14
              ]
            },
            {
              "origin": [
                -2.9,
                57.9,
                -7.2
              ],
              "size": [
                1,
                1,
                0
              ],
              "pivot": [
                0,
                63,
                0
              ],
              "rotation": [
                0,
                5,
                0
              ],
              "uv": [
                234,
                84
              ]
            },
            {
              "origin": [
                1,
                56,
                -7
              ],
              "size": [
                3,
                3,
                3
              ],
              "pivot": [
                0,
                63,
                0
              ],
              "rotation": [
                0,
                -5,
                0
              ],
              "uv": [
                44,
                23
              ]
            },
            {
              "origin": [
                2.48991,
                56.9,
                -6.82664
              ],
              "size": [
                1,
                1,
                0
              ],
              "pivot": [
                0,
                58,
                -7
              ],
              "rotation": [
                0,
                2.5,
                0
              ],
              "uv": [
                234,
                84
              ]
            },
            {
              "origin": [
                1.5,
                56.5,
                -7.1
              ],
              "size": [
                2,
                2,
                0
              ],
              "pivot": [
                0,
                63,
                0
              ],
              "rotation": [
                0,
                -5,
                0
              ],
              "uv": [
                190,
                14
              ]
            }
          ]
        },
        {
          "name": "bone3",
          "pivot": [
            15,
            25,
            -5
          ],
          "rotation": [
            -55.18392,
            14.90835,
            -20.30179
          ],
          "cubes": [
            {
              "origin": [
                11,
                23,
                -9
              ],
              "size": [
                8,
                2,
                8
              ],
              "uv": [
                82,
                13
              ]
            },
            {
              "origin": [
                12,
                18,
                -8
              ],
              "size": [
                6,
                6,
                6
              ],
              "uv": [
                105,
                0
              ]
            }
          ]
        },
        {
          "name": "bone4",
          "pivot": [
            -13,
            25,
            -5
          ],
          "rotation": [
            -52.74765,
            -15.7627,
            19.65736
          ],
          "cubes": [
            {
              "origin": [
                -16,
                18,
                -8
              ],
              "size": [
                6,
                6,
                6
              ],
              "uv": [
                105,
                0
              ]
            },
            {
              "origin": [
                -17,
                23,
                -9
              ],
              "size": [
                8,
                2,
                8
              ],
              "uv": [
                82,
                13
              ]
            }
          ]
        }
      ]
    }
  ]
}