{
  "format_version": "1.12.0",
  "minecraft:geometry": [
    {
      "description": {
        "identifier": "geometry.f_pomni",
        "texture_width": 128,
        "texture_height": 128,
        "visible_bounds_width": 4,
        "visible_bounds_height": 5.5,
        "visible_bounds_offset": [
          0,
          2.25,
          0
        ]
      },
      "bones": [
        {
          "name": "bone2",
          "pivot": [
            0,
            32,
            0
          ],
          "cubes": [
            {
              "origin": [
                -6,
                32,
                -4
              ],
              "size": [
                12,
                7,
                8
              ],
              "uv": [
                0,
                42
              ]
            },
            {
              "origin": [
                -8,
                30,
                -4
              ],
              "size": [
                2,
                5,
                8
              ],
              "pivot": [
                0,
                39,
                0
              ],
              "rotation": [
                0,
                0,
                -20
              ],
              "uv": [
                108,
                115
              ]
            },
            {
              "origin": [
                6,
                30,
                -4
              ],
              "size": [
                2,
                5,
                8
              ],
              "pivot": [
                0,
                39,
                0
              ],
              "rotation": [
                0,
                0,
                20
              ],
              "uv": [
                8,
                42
              ]
            },
            {
              "origin": [
                -1,
                21,
                -4
              ],
              "size": [
                2,
                5,
                8
              ],
              "pivot": [
                0,
                39,
                0
              ],
              "rotation": [
                0,
                0,
                20
              ],
              "uv": [
                108,
                115
              ]
            },
            {
              "origin": [
                -4,
                23,
                -4
              ],
              "size": [
                2,
                5,
                8
              ],
              "pivot": [
                0,
                39,
                0
              ],
              "rotation": [
                0,
                0,
                -30
              ],
              "uv": [
                8,
                42
              ]
            },
            {
              "origin": [
                -5,
                22,
                -4
              ],
              "size": [
                10,
                10,
                8
              ],
              "uv": [
                0,
                49
              ]
            },
            {
              "origin": [
                -4,
                18,
                -4
              ],
              "size": [
                8,
                5,
                8
              ],
              "uv": [
                85,
                12
              ]
            },
            {
              "origin": [
                -13,
                22,
                -5
              ],
              "size": [
                8,
                2,
                10
              ],
              "pivot": [
                0,
                39,
                0
              ],
              "rotation": [
                0,
                0,
                -40
              ],
              "uv": [
                36,
                69
              ]
            },
            {
              "origin": [
                0,
                20,
                -5
              ],
              "size": [
                8,
                2,
                10
              ],
              "pivot": [
                0,
                39,
                0
              ],
              "rotation": [
                0,
                0,
                27.5
              ],
              "uv": [
                74,
                0
              ]
            },
            {
              "origin": [
                -3,
                38,
                -6
              ],
              "size": [
                6,
                2,
                8
              ],
              "pivot": [
                0,
                39,
                0
              ],
              "rotation": [
                6.50882,
                -44.73742,
                -6.50882
              ],
              "uv": [
                50,
                92
              ]
            },
            {
              "origin": [
                -3,
                38,
                -6
              ],
              "size": [
                6,
                2,
                8
              ],
              "pivot": [
                0,
                39,
                0
              ],
              "rotation": [
                9.7772,
                44.75543,
                4.03355
              ],
              "uv": [
                12,
                96
              ]
            },
            {
              "origin": [
                1,
                33,
                1
              ],
              "size": [
                3,
                3,
                3
              ],
              "pivot": [
                0,
                39,
                0
              ],
              "rotation": [
                -75.12679,
                2.65168,
                22.17026
              ],
              "uv": [
                0,
                17
              ]
            },
            {
              "origin": [
                3,
                33,
                6
              ],
              "size": [
                3,
                3,
                3
              ],
              "pivot": [
                0,
                39,
                0
              ],
              "rotation": [
                -74.78507,
                12.31064,
                24.78507
              ],
              "uv": [
                0,
                17
              ]
            }
          ]
        },
        {
          "name": "bone5",
          "parent": "bone2",
          "pivot": [
            6,
            40,
            0
          ],
          "rotation": [
            -22.03473,
            0.92588,
            8.83033
          ],
          "cubes": [
            {
              "origin": [
                6,
                35,
                -4
              ],
              "size": [
                7,
                7,
                8
              ],
              "uv": [
                79,
                42
              ]
            },
            {
              "origin": [
                7,
                34,
                -3
              ],
              "size": [
                5,
                1,
                6
              ],
              "uv": [
                100,
                97
              ]
            },
            {
              "origin": [
                8,
                26,
                -2
              ],
              "size": [
                3,
                9,
                4
              ],
              "uv": [
                0,
                0
              ]
            }
          ]
        },
        {
          "name": "bone6",
          "parent": "bone5",
          "pivot": [
            9,
            26,
            0
          ],
          "rotation": [
            -30.95978,
            4.40868,
            49.7644
          ],
          "cubes": [
            {
              "origin": [
                8,
                20,
                -2
              ],
              "size": [
                3,
                6,
                4
              ],
              "uv": [
                25,
                67
              ]
            },
            {
              "origin": [
                7,
                19,
                -3
              ],
              "size": [
                5,
                1,
                6
              ],
              "uv": [
                63,
                51
              ]
            },
            {
              "origin": [
                8,
                15,
                -2
              ],
              "size": [
                4,
                4,
                4
              ],
              "uv": [
                37,
                21
              ]
            }
          ]
        },
        {
          "name": "bone3",
          "parent": "bone2",
          "pivot": [
            -7,
            41,
            0
          ],
          "rotation": [
            -19.9266,
            -2.01302,
            -4.5817
          ],
          "cubes": [
            {
              "origin": [
                -12,
                34,
                -3
              ],
              "size": [
                5,
                1,
                6
              ],
              "uv": [
                98,
                34
              ]
            },
            {
              "origin": [
                -10,
                26,
                -2
              ],
              "size": [
                3,
                8,
                4
              ],
              "uv": [
                43,
                0
              ]
            },
            {
              "origin": [
                -14,
                37,
                -4
              ],
              "size": [
                7,
                7,
                8
              ],
              "pivot": [
                0,
                40,
                0
              ],
              "rotation": [
                0,
                0,
                -12.5
              ],
              "uv": [
                79,
                42
              ]
            }
          ]
        },
        {
          "name": "bone4",
          "parent": "bone3",
          "pivot": [
            -8,
            26,
            0
          ],
          "rotation": [
            -26.5724,
            -8.53726,
            -49.87961
          ],
          "cubes": [
            {
              "origin": [
                -12,
                19,
                -3
              ],
              "size": [
                5,
                1,
                6
              ],
              "uv": [
                96,
                25
              ]
            },
            {
              "origin": [
                -10,
                20,
                -2
              ],
              "size": [
                3,
                6,
                4
              ],
              "uv": [
                91,
                104
              ]
            },
            {
              "origin": [
                -11,
                15,
                -2
              ],
              "size": [
                4,
                4,
                4
              ],
              "uv": [
                50,
                81
              ]
            }
          ]
        },
        {
          "name": "Head",
          "parent": "bone2",
          "pivot": [
            0,
            39,
            0
          ],
          "rotation": [
            0,
            2.5,
            0
          ],
          "cubes": [
            {
              "origin": [
                8,
                38,
                -8
              ],
              "size": [
                2,
                11,
                8
              ],
              "pivot": [
                0,
                39,
                0
              ],
              "rotation": [
                0,
                0,
                -12.5
              ],
              "uv": [
                86,
                84
              ]
            },
            {
              "origin": [
                6,
                39,
                -8
              ],
              "size": [
                2,
                11,
                1
              ],
              "pivot": [
                0,
                39,
                0
              ],
              "rotation": [
                0,
                0,
                -2.5
              ],
              "uv": [
                20,
                83
              ]
            },
            {
              "origin": [
                -5,
                51,
                -11
              ],
              "size": [
                7,
                8,
                13
              ],
              "pivot": [
                0,
                39,
                0
              ],
              "rotation": [
                -24.78507,
                12.31064,
                24.78507
              ],
              "uv": [
                61,
                56
              ]
            },
            {
              "origin": [
                -10,
                52,
                -11
              ],
              "size": [
                7,
                5,
                11
              ],
              "pivot": [
                0,
                39,
                0
              ],
              "rotation": [
                -24.78507,
                12.31064,
                24.78507
              ],
              "uv": [
                0,
                67
              ]
            },
            {
              "origin": [
                -6,
                41,
                -7
              ],
              "size": [
                12,
                11,
                12
              ],
              "uv": [
                1,
                19
              ]
            },
            {
              "origin": [
                1,
                48,
                -8
              ],
              "size": [
                2,
                3,
                1
              ],
              "pivot": [
                0,
                39,
                0
              ],
              "rotation": [
                0,
                0,
                -7.5
              ],
              "uv": [
                0,
                42
              ]
            },
            {
              "origin": [
                -4,
                47,
                -8
              ],
              "size": [
                2,
                4,
                1
              ],
              "pivot": [
                0,
                39,
                0
              ],
              "rotation": [
                0,
                0,
                10
              ],
              "uv": [
                40,
                50
              ]
            },
            {
              "origin": [
                -7,
                40,
                -8
              ],
              "size": [
                2,
                11,
                1
              ],
              "uv": [
                21,
                83
              ]
            },
            {
              "origin": [
                -9,
                39,
                -8
              ],
              "size": [
                2,
                11,
                8
              ],
              "pivot": [
                0,
                39,
                0
              ],
              "rotation": [
                0,
                0,
                10
              ],
              "uv": [
                0,
                83
              ]
            },
            {
              "origin": [
                -6,
                47,
                -13
              ],
              "size": [
                12,
                8,
                13
              ],
              "pivot": [
                0,
                39,
                0
              ],
              "rotation": [
                -27.5,
                0,
                0
              ],
              "uv": [
                37,
                29
              ]
            },
            {
              "origin": [
                -7,
                46,
                -10
              ],
              "size": [
                14,
                8,
                13
              ],
              "pivot": [
                0,
                39,
                0
              ],
              "rotation": [
                -27.5,
                0,
                0
              ],
              "uv": [
                37,
                29
              ]
            },
            {
              "origin": [
                -1,
                51,
                -11
              ],
              "size": [
                7,
                8,
                12
              ],
              "pivot": [
                0,
                39,
                0
              ],
              "rotation": [
                -24.78507,
                -12.31064,
                -24.78507
              ],
              "uv": [
                39,
                49
              ]
            },
            {
              "origin": [
                1,
                49,
                -11
              ],
              "size": [
                8,
                8,
                11
              ],
              "pivot": [
                0,
                39,
                0
              ],
              "rotation": [
                -24.78507,
                -12.31064,
                -24.78507
              ],
              "uv": [
                47,
                6
              ]
            },
            {
              "origin": [
                -7,
                44,
                -14
              ],
              "size": [
                14,
                2,
                16
              ],
              "pivot": [
                0,
                39,
                0
              ],
              "rotation": [
                -32.5,
                0,
                0
              ],
              "uv": [
                -1,
                -1
              ]
            },
            {
              "origin": [
                -4,
                60,
                -12
              ],
              "size": [
                3,
                3,
                3
              ],
              "pivot": [
                0,
                39,
                0
              ],
              "rotation": [
                -73.95265,
                21.94283,
                27.60123
              ],
              "uv": [
                0,
                17
              ]
            },
            {
              "origin": [
                -15,
                59,
                -5
              ],
              "size": [
                3,
                3,
                3
              ],
              "pivot": [
                0,
                39,
                0
              ],
              "rotation": [
                -75.13206,
                -2.18106,
                20.88744
              ],
              "uv": [
                0,
                17
              ]
            },
            {
              "origin": [
                -7,
                45,
                -23
              ],
              "size": [
                4,
                11,
                5
              ],
              "pivot": [
                0,
                39,
                0
              ],
              "rotation": [
                -93.03578,
                -9.90896,
                -3.97221
              ],
              "uv": [
                73,
                98
              ]
            },
            {
              "origin": [
                1,
                28,
                -27
              ],
              "size": [
                4,
                7,
                5
              ],
              "pivot": [
                0,
                39,
                0
              ],
              "rotation": [
                -150.63344,
                -28.43535,
                -9.94337
              ],
              "uv": [
                73,
                98
              ]
            },
            {
              "origin": [
                1,
                27,
                -27
              ],
              "size": [
                4,
                7,
                5
              ],
              "pivot": [
                0,
                39,
                0
              ],
              "rotation": [
                -152.94399,
                18.54931,
                14.28506
              ],
              "uv": [
                73,
                98
              ]
            },
            {
              "origin": [
                -2,
                39,
                -2
              ],
              "size": [
                4,
                2,
                4
              ],
              "uv": [
                57,
                0
              ]
            },
            {
              "origin": [
                -4,
                48,
                -21
              ],
              "size": [
                4,
                11,
                5
              ],
              "pivot": [
                0,
                39,
                0
              ],
              "rotation": [
                -73.95265,
                21.94283,
                27.60123
              ],
              "uv": [
                35,
                101
              ]
            },
            {
              "origin": [
                -5,
                44,
                -22
              ],
              "size": [
                6,
                10,
                7
              ],
              "pivot": [
                0,
                39,
                0
              ],
              "rotation": [
                -74.21233,
                19.53865,
                26.86814
              ],
              "uv": [
                65,
                59
              ]
            },
            {
              "origin": [
                0,
                45,
                -19
              ],
              "size": [
                6,
                10,
                7
              ],
              "pivot": [
                0,
                39,
                0
              ],
              "rotation": [
                -65.47334,
                -11.74026,
                -25.29853
              ],
              "uv": [
                65,
                59
              ]
            }
          ]
        },
        {
          "name": "bone13",
          "parent": "Head",
          "pivot": [
            -8,
            43,
            4
          ],
          "cubes": [
            {
              "origin": [
                3.03867,
                43.85253,
                -7.36972
              ],
              "size": [
                1,
                1,
                3
              ],
              "pivot": [
                0,
                42,
                0
              ],
              "rotation": [
                -2.49762,
                0.00238,
                -90.10901
              ],
              "uv": [
                71,
                124
              ]
            },
            {
              "origin": [
                1.9576,
                44.72539,
                -7.36977
              ],
              "size": [
                1,
                1,
                3
              ],
              "pivot": [
                2,
                45,
                -6
              ],
              "rotation": [
                -4.99762,
                0.00238,
                -90.10901
              ],
              "uv": [
                71,
                124
              ]
            }
          ]
        },
        {
          "name": "bone12",
          "parent": "Head",
          "pivot": [
            3,
            44,
            0
          ]
        },
        {
          "name": "bone7",
          "pivot": [
            -4,
            22,
            0
          ],
          "rotation": [
            0,
            -25,
            0
          ],
          "cubes": [
            {
              "origin": [
                -11,
                16,
                -4
              ],
              "size": [
                7,
                7,
                8
              ],
              "pivot": [
                0,
                39,
                0
              ],
              "rotation": [
                0,
                0,
                -7.5
              ],
              "uv": [
                74,
                25
              ]
            },
            {
              "origin": [
                -5,
                8,
                -2
              ],
              "size": [
                3,
                8,
                4
              ],
              "uv": [
                0,
                103
              ]
            }
          ]
        },
        {
          "name": "bone8",
          "parent": "bone7",
          "pivot": [
            -4,
            8,
            0
          ],
          "cubes": [
            {
              "origin": [
                -5,
                3,
                -2
              ],
              "size": [
                3,
                5,
                4
              ],
              "uv": [
                103,
                57
              ]
            },
            {
              "origin": [
                -6,
                3,
                -3
              ],
              "size": [
                5,
                3,
                6
              ],
              "uv": [
                100,
                0
              ]
            }
          ]
        },
        {
          "name": "bone",
          "parent": "bone8",
          "pivot": [
            -5,
            2,
            0
          ],
          "cubes": [
            {
              "origin": [
                -6,
                0,
                -7
              ],
              "size": [
                4,
                3,
                9
              ],
              "uv": [
                88,
                69
              ]
            }
          ]
        },
        {
          "name": "bone9",
          "pivot": [
            5,
            22,
            0
          ],
          "rotation": [
            0,
            12.5,
            0
          ],
          "cubes": [
            {
              "origin": [
                3,
                16,
                -4
              ],
              "size": [
                7,
                7,
                8
              ],
              "pivot": [
                0,
                39,
                0
              ],
              "rotation": [
                0,
                0,
                5
              ],
              "uv": [
                64,
                77
              ]
            },
            {
              "origin": [
                2,
                8,
                -2
              ],
              "size": [
                3,
                8,
                4
              ],
              "uv": [
                53,
                102
              ]
            }
          ]
        },
        {
          "name": "bone10",
          "parent": "bone9",
          "pivot": [
            4,
            7,
            0
          ],
          "cubes": [
            {
              "origin": [
                2,
                3,
                -2
              ],
              "size": [
                3,
                5,
                4
              ],
              "uv": [
                101,
                41
              ]
            },
            {
              "origin": [
                1,
                3,
                -3
              ],
              "size": [
                5,
                3,
                6
              ],
              "uv": [
                98,
                81
              ]
            }
          ]
        },
        {
          "name": "bone11",
          "parent": "bone10",
          "pivot": [
            4,
            3,
            0
          ],
          "cubes": [
            {
              "origin": [
                2,
                0,
                -7
              ],
              "size": [
                4,
                3,
                9
              ],
              "uv": [
                86,
                57
              ]
            }
          ]
        }
      ]
    }
  ]
}