{
  "format_version": "1.12.0",
  "minecraft:geometry": [
    {
      "description": {
        "identifier": "geometry.f_ragatha",
        "texture_width": 256,
        "texture_height": 256,
        "visible_bounds_width": 3,
        "visible_bounds_height": 5.5,
        "visible_bounds_offset": [
          0,
          2.25,
          0
        ]
      },
      "bones": [
        {
          "name": "Head",
          "pivot": [
            0,
            43,
            0
          ],
          "cubes": [
            {
              "origin": [
                -6,
                34,
                -7
              ],
              "size": [
                11,
                6,
                12
              ],
              "uv": [
                34,
                28
              ]
            },
            {
              "origin": [
                -5,
                31,
                -6
              ],
              "size": [
                9,
                3,
                11
              ],
              "uv": [
                39,
                7
              ]
            },
            {
              "origin": [
                -4,
                28,
                -6
              ],
              "size": [
                7,
                3,
                11
              ],
              "uv": [
                0,
                67
              ]
            },
            {
              "origin": [
                -5,
                27,
                -6
              ],
              "size": [
                9,
                1,
                11
              ],
              "uv": [
                40,
                46
              ]
            },
            {
              "origin": [
                -8,
                11,
                -6
              ],
              "size": [
                16,
                1,
                11
              ],
              "uv": [
                202,
                0
              ]
            },
            {
              "origin": [
                -7,
                21,
                -7
              ],
              "size": [
                13,
                6,
                12
              ],
              "uv": [
                0,
                0
              ]
            },
            {
              "origin": [
                -6,
                20,
                -7
              ],
              "size": [
                1,
                6,
                12
              ],
              "pivot": [
                0,
                43,
                0
              ],
              "rotation": [
                0,
                0,
                5
              ],
              "uv": [
                50,
                79
              ]
            },
            {
              "origin": [
                4,
                20,
                -7
              ],
              "size": [
                1,
                6,
                12
              ],
              "pivot": [
                0,
                43,
                0
              ],
              "rotation": [
                0,
                0,
                -5
              ],
              "uv": [
                74,
                50
              ]
            },
            {
              "origin": [
                -6,
                14,
                -7
              ],
              "size": [
                1,
                6,
                12
              ],
              "pivot": [
                0,
                43,
                0
              ],
              "rotation": [
                0,
                0,
                5
              ],
              "uv": [
                24,
                78
              ]
            },
            {
              "origin": [
                -6,
                8,
                -8
              ],
              "size": [
                1,
                7,
                14
              ],
              "pivot": [
                0,
                43,
                0
              ],
              "rotation": [
                0,
                0,
                5
              ],
              "uv": [
                58,
                58
              ]
            },
            {
              "origin": [
                -10.17185,
                5.64741,
                -8
              ],
              "size": [
                2,
                4,
                14
              ],
              "pivot": [
                -9,
                7,
                0
              ],
              "rotation": [
                0,
                0,
                22.5
              ],
              "uv": [
                65,
                7
              ]
            },
            {
              "origin": [
                3,
                14,
                -7
              ],
              "size": [
                1,
                6,
                12
              ],
              "pivot": [
                0,
                43,
                0
              ],
              "rotation": [
                0,
                0,
                -7.5
              ],
              "uv": [
                76,
                68
              ]
            },
            {
              "origin": [
                2,
                8,
                -8
              ],
              "size": [
                2,
                6,
                14
              ],
              "pivot": [
                0,
                43,
                0
              ],
              "rotation": [
                0,
                0,
                -7.5
              ],
              "uv": [
                26,
                58
              ]
            },
            {
              "origin": [
                -1,
                4,
                -8
              ],
              "size": [
                2,
                4,
                14
              ],
              "pivot": [
                0,
                43,
                0
              ],
              "rotation": [
                0,
                0,
                -12.5
              ],
              "uv": [
                69,
                32
              ]
            },
            {
              "origin": [
                -7,
                20,
                -7
              ],
              "size": [
                13,
                6,
                1
              ],
              "pivot": [
                0,
                23,
                -6
              ],
              "rotation": [
                -12.5,
                0,
                0
              ],
              "uv": [
                44,
                58
              ]
            },
            {
              "origin": [
                -3,
                21,
                -8
              ],
              "size": [
                5,
                6,
                1
              ],
              "pivot": [
                0,
                23,
                -6
              ],
              "rotation": [
                -12.5,
                0,
                0
              ],
              "uv": [
                68,
                32
              ]
            },
            {
              "origin": [
                -7,
                20,
                4
              ],
              "size": [
                13,
                5,
                1
              ],
              "pivot": [
                0,
                23,
                -6
              ],
              "rotation": [
                10,
                0,
                0
              ],
              "uv": [
                0,
                61
              ]
            },
            {
              "origin": [
                -8,
                13,
                -8
              ],
              "size": [
                15,
                8,
                2
              ],
              "pivot": [
                0,
                17,
                -6
              ],
              "rotation": [
                -5.04852,
                -0.14127,
                -1.10892
              ],
              "uv": [
                83,
                0
              ]
            },
            {
              "origin": [
                -4,
                13,
                -9
              ],
              "size": [
                7,
                9,
                2
              ],
              "pivot": [
                0,
                17,
                -6
              ],
              "rotation": [
                -5.04852,
                -0.14127,
                -1.10892
              ],
              "uv": [
                107,
                30
              ]
            },
            {
              "origin": [
                -8,
                9,
                -8
              ],
              "size": [
                15,
                5,
                2
              ],
              "pivot": [
                0,
                17,
                -6
              ],
              "rotation": [
                -0.04852,
                -0.14127,
                -1.10892
              ],
              "uv": [
                68,
                25
              ]
            },
            {
              "origin": [
                -8,
                13,
                4
              ],
              "size": [
                15,
                7,
                2
              ],
              "pivot": [
                0,
                17,
                -6
              ],
              "rotation": [
                9.95148,
                -0.14127,
                -1.10892
              ],
              "uv": [
                0,
                81
              ]
            },
            {
              "origin": [
                -8,
                10.3185,
                5.59657
              ],
              "size": [
                15,
                6,
                1
              ],
              "pivot": [
                0,
                11,
                -8
              ],
              "rotation": [
                0.0312,
                0.19882,
                0.64147
              ],
              "uv": [
                76,
                86
              ]
            },
            {
              "origin": [
                -9,
                5.3185,
                -7.40343
              ],
              "size": [
                17,
                5,
                1
              ],
              "pivot": [
                0,
                11,
                -8
              ],
              "rotation": [
                -24.9688,
                0.19882,
                0.64147
              ],
              "uv": [
                38,
                0
              ]
            },
            {
              "origin": [
                -8,
                2.3185,
                4.59657
              ],
              "size": [
                16,
                6,
                1
              ],
              "pivot": [
                0,
                11,
                -8
              ],
              "rotation": [
                10.0312,
                0.19882,
                0.64147
              ],
              "uv": [
                83,
                10
              ]
            }
          ]
        },
        {
          "name": "bone11",
          "parent": "Head",
          "pivot": [
            0,
            17,
            -6
          ],
          "cubes": [
            {
              "origin": [
                -4,
                9,
                -8
              ],
              "size": [
                7,
                4,
                2
              ],
              "pivot": [
                0,
                17,
                -6
              ],
              "rotation": [
                -12.20856,
                1.52559,
                -2.68535
              ],
              "uv": [
                44,
                65
              ]
            },
            {
              "origin": [
                -4,
                4,
                -7
              ],
              "size": [
                7,
                5,
                1
              ],
              "pivot": [
                0,
                17,
                -6
              ],
              "rotation": [
                -19.70856,
                1.52559,
                -2.68535
              ],
              "uv": [
                69,
                50
              ]
            }
          ]
        },
        {
          "name": "bone",
          "parent": "Head",
          "pivot": [
            -6,
            40,
            0
          ],
          "rotation": [
            -17.5,
            0,
            0
          ]
        },
        {
          "name": "bone2",
          "parent": "bone",
          "pivot": [
            -9,
            25,
            0
          ]
        },
        {
          "name": "bone3",
          "parent": "bone2",
          "pivot": [
            5,
            39,
            0
          ],
          "rotation": [
            17.43745,
            1.50179,
            -4.76968
          ],
          "cubes": [
            {
              "origin": [
                5,
                35,
                -3
              ],
              "size": [
                5,
                6,
                5
              ],
              "uv": [
                87,
                32
              ]
            },
            {
              "origin": [
                5,
                34,
                -2
              ],
              "size": [
                5,
                1,
                3
              ],
              "uv": [
                30,
                46
              ]
            },
            {
              "origin": [
                6,
                26,
                -2
              ],
              "size": [
                3,
                8,
                3
              ],
              "uv": [
                28,
                60
              ]
            }
          ]
        },
        {
          "name": "bone4",
          "parent": "bone3",
          "pivot": [
            8,
            26,
            0
          ],
          "rotation": [
            0,
            0,
            7.5
          ],
          "cubes": [
            {
              "origin": [
                6.26105,
                17.01711,
                -2
              ],
              "size": [
                3,
                9,
                3
              ],
              "uv": [
                28,
                60
              ]
            },
            {
              "origin": [
                8.26105,
                14.01711,
                -2
              ],
              "size": [
                1,
                3,
                3
              ],
              "uv": [
                43,
                47
              ]
            },
            {
              "origin": [
                7.26105,
                16.01711,
                4
              ],
              "size": [
                1,
                3,
                1
              ],
              "pivot": [
                0.26105,
                42.01711,
                0
              ],
              "rotation": [
                -15,
                0,
                0
              ],
              "uv": [
                0,
                18
              ]
            }
          ]
        },
        {
          "name": "bone8",
          "parent": "bone2",
          "pivot": [
            -6,
            39,
            0
          ],
          "rotation": [
            24.4414,
            -26.27308,
            14.98304
          ],
          "cubes": [
            {
              "origin": [
                -10.83523,
                35.48154,
                -1.70334
              ],
              "size": [
                5,
                6,
                5
              ],
              "uv": [
                87,
                32
              ]
            },
            {
              "origin": [
                -10.83523,
                34.48154,
                -0.70334
              ],
              "size": [
                5,
                1,
                3
              ],
              "uv": [
                30,
                46
              ]
            },
            {
              "origin": [
                -9.83523,
                26.48154,
                -0.70334
              ],
              "size": [
                3,
                8,
                3
              ],
              "uv": [
                28,
                61
              ]
            }
          ]
        },
        {
          "name": "bone9",
          "parent": "bone8",
          "pivot": [
            -8.83523,
            26.48154,
            1.29666
          ],
          "rotation": [
            -67.69002,
            -25.71543,
            -10.09541
          ],
          "cubes": [
            {
              "origin": [
                -9.83523,
                16.48154,
                -0.70334
              ],
              "size": [
                3,
                10,
                3
              ],
              "uv": [
                28,
                60
              ]
            },
            {
              "origin": [
                -9.74153,
                14.90416,
                -0.70334
              ],
              "size": [
                1,
                2,
                3
              ],
              "pivot": [
                -8.83523,
                16.48154,
                0.29666
              ],
              "rotation": [
                0,
                0,
                17.5
              ],
              "uv": [
                71,
                13
              ]
            },
            {
              "origin": [
                -8.83523,
                16.48154,
                7.29666
              ],
              "size": [
                1,
                3,
                1
              ],
              "pivot": [
                -16.83523,
                41.48154,
                1.29666
              ],
              "rotation": [
                -20,
                0,
                0
              ],
              "uv": [
                6,
                18
              ]
            }
          ]
        },
        {
          "name": "Hemm",
          "parent": "Head",
          "pivot": [
            0,
            37,
            -2
          ],
          "rotation": [
            7.5,
            0,
            0
          ],
          "cubes": [
            {
              "origin": [
                -5,
                43,
                -7
              ],
              "size": [
                10,
                9,
                10
              ],
              "uv": [
                0,
                41
              ]
            },
            {
              "origin": [
                -1,
                40,
                -3
              ],
              "size": [
                2,
                3,
                2
              ],
              "uv": [
                62,
                65
              ]
            },
            {
              "origin": [
                -4,
                51,
                3
              ],
              "size": [
                8,
                6,
                3
              ],
              "uv": [
                102,
                77
              ]
            },
            {
              "origin": [
                7,
                46,
                2
              ],
              "size": [
                7,
                10,
                2
              ],
              "pivot": [
                0,
                37,
                -2
              ],
              "rotation": [
                0,
                0,
                -42.5
              ],
              "uv": [
                99,
                104
              ]
            },
            {
              "origin": [
                -13,
                46,
                2
              ],
              "size": [
                7,
                10,
                2
              ],
              "pivot": [
                0,
                37,
                -2
              ],
              "rotation": [
                0,
                0,
                42.5
              ],
              "uv": [
                104,
                44
              ]
            },
            {
              "origin": [
                -1,
                39,
                1
              ],
              "size": [
                2,
                17,
                5
              ],
              "pivot": [
                0,
                37,
                -2
              ],
              "rotation": [
                0,
                0,
                -2.5
              ],
              "uv": [
                85,
                93
              ]
            },
            {
              "origin": [
                4,
                39,
                1
              ],
              "size": [
                2,
                17,
                5
              ],
              "pivot": [
                0,
                37,
                -2
              ],
              "rotation": [
                0,
                0,
                -2.5
              ],
              "uv": [
                71,
                93
              ]
            },
            {
              "origin": [
                -2,
                39,
                1
              ],
              "size": [
                2,
                18,
                5
              ],
              "pivot": [
                0,
                37,
                -2
              ],
              "rotation": [
                0,
                0,
                -10
              ],
              "uv": [
                14,
                91
              ]
            },
            {
              "origin": [
                7,
                37,
                1
              ],
              "size": [
                2,
                18,
                5
              ],
              "pivot": [
                0,
                37,
                -2
              ],
              "rotation": [
                0,
                0,
                -10
              ],
              "uv": [
                0,
                90
              ]
            },
            {
              "origin": [
                7,
                42,
                -6
              ],
              "size": [
                2,
                12,
                5
              ],
              "pivot": [
                0,
                37,
                -2
              ],
              "rotation": [
                0,
                0,
                -10
              ],
              "uv": [
                0,
                90
              ]
            },
            {
              "origin": [
                2,
                39,
                1
              ],
              "size": [
                2,
                17,
                5
              ],
              "pivot": [
                0,
                37,
                -2
              ],
              "rotation": [
                0,
                0,
                -5
              ],
              "uv": [
                28,
                96
              ]
            },
            {
              "origin": [
                -6,
                44,
                -5
              ],
              "size": [
                11,
                11,
                9
              ],
              "pivot": [
                0,
                37,
                -2
              ],
              "rotation": [
                0,
                0,
                2.5
              ],
              "uv": [
                1,
                19
              ]
            },
            {
              "origin": [
                -5,
                52,
                -7
              ],
              "size": [
                8,
                3,
                3
              ],
              "pivot": [
                0,
                37,
                -2
              ],
              "rotation": [
                0,
                0,
                2.5
              ],
              "uv": [
                36,
                22
              ]
            },
            {
              "origin": [
                1,
                45,
                -6
              ],
              "size": [
                3,
                4,
                1
              ],
              "uv": [
                74,
                0
              ]
            }
          ]
        },
        {
          "name": "Hariofall",
          "parent": "Hemm",
          "pivot": [
            0,
            33,
            -2
          ]
        },
        {
          "name": "hair",
          "parent": "Hariofall",
          "pivot": [
            -2,
            47,
            -2
          ],
          "rotation": [
            0,
            0,
            45
          ],
          "cubes": [
            {
              "origin": [
                -8.70076,
                38.70076,
                -2.94724
              ],
              "size": [
                2,
                14,
                2
              ],
              "uv": [
                80,
                241
              ]
            }
          ]
        },
        {
          "name": "hair9",
          "parent": "Hariofall",
          "pivot": [
            -1,
            48,
            -2
          ],
          "rotation": [
            0,
            0,
            -62.5
          ],
          "cubes": [
            {
              "origin": [
                5.15116,
                37.72266,
                -2.94724
              ],
              "size": [
                2,
                14,
                2
              ],
              "uv": [
                0,
                236
              ]
            }
          ]
        },
        {
          "name": "hair17",
          "parent": "Hariofall",
          "pivot": [
            1,
            48,
            -2
          ],
          "rotation": [
            0,
            0,
            62.5
          ],
          "cubes": [
            {
              "origin": [
                -7.15116,
                37.72266,
                -2.94724
              ],
              "size": [
                2,
                14,
                2
              ],
              "uv": [
                0,
                236
              ],
              "mirror": true
            },
            {
              "origin": [
                -8.15116,
                36.72266,
                -5.94724
              ],
              "size": [
                2,
                10,
                2
              ],
              "uv": [
                0,
                236
              ],
              "mirror": true
            }
          ]
        },
        {
          "name": "hair4",
          "parent": "Hariofall",
          "pivot": [
            -2,
            47,
            -5
          ],
          "rotation": [
            -20.51522,
            14.28212,
            33.74486
          ],
          "cubes": [
            {
              "origin": [
                -7.35305,
                38.90935,
                -9.33624
              ],
              "size": [
                2,
                14,
                2
              ],
              "uv": [
                42,
                241
              ]
            }
          ]
        },
        {
          "name": "hair8",
          "parent": "Hariofall",
          "pivot": [
            2,
            47,
            -5
          ],
          "rotation": [
            -20.51522,
            -14.28212,
            -33.74486
          ],
          "cubes": [
            {
              "origin": [
                5.35305,
                38.90935,
                -9.33624
              ],
              "size": [
                2,
                14,
                2
              ],
              "uv": [
                8,
                236
              ]
            }
          ]
        },
        {
          "name": "hair6",
          "parent": "Hariofall",
          "pivot": [
            -1,
            47,
            -5
          ],
          "rotation": [
            -33.96912,
            6.64173,
            14.93109
          ],
          "cubes": [
            {
              "origin": [
                -4.06942,
                45.35549,
                -10.50835
              ],
              "size": [
                2,
                8,
                2
              ],
              "uv": [
                0,
                160
              ]
            }
          ]
        },
        {
          "name": "hair7",
          "parent": "Hariofall",
          "pivot": [
            0,
            47,
            -5
          ],
          "rotation": [
            -33.52178,
            -8.84005,
            -7.87103
          ],
          "cubes": [
            {
              "origin": [
                0.09905,
                45.59294,
                -10.50835
              ],
              "size": [
                2,
                8,
                2
              ],
              "uv": [
                0,
                141
              ]
            }
          ]
        },
        {
          "name": "hair5",
          "parent": "Hariofall",
          "pivot": [
            -2,
            47,
            -5
          ],
          "rotation": [
            5.08674,
            14.09017,
            26.01113
          ],
          "cubes": [
            {
              "origin": [
                -6.44207,
                40.28871,
                -6.16396
              ],
              "size": [
                2,
                14,
                2
              ],
              "uv": [
                97,
                229
              ]
            }
          ]
        },
        {
          "name": "hair10",
          "parent": "Hariofall",
          "pivot": [
            2,
            47,
            -5
          ],
          "rotation": [
            5.08674,
            -14.09017,
            -26.01113
          ],
          "cubes": [
            {
              "origin": [
                4.44207,
                41.28871,
                -6.16396
              ],
              "size": [
                2,
                14,
                2
              ],
              "uv": [
                72,
                233
              ]
            }
          ]
        },
        {
          "name": "hair3",
          "parent": "Hariofall",
          "pivot": [
            -2,
            47,
            -1
          ],
          "rotation": [
            28.46245,
            17.91241,
            43.61853
          ],
          "cubes": [
            {
              "origin": [
                -8.3083,
                38.92237,
                -0.67807
              ],
              "size": [
                2,
                14,
                2
              ],
              "uv": [
                100,
                189
              ]
            }
          ]
        },
        {
          "name": "hair12",
          "parent": "Hariofall",
          "pivot": [
            2,
            47,
            -1
          ],
          "rotation": [
            28.46245,
            -17.91241,
            -43.61853
          ],
          "cubes": [
            {
              "origin": [
                6.3083,
                38.92237,
                -0.67807
              ],
              "size": [
                2,
                14,
                2
              ],
              "uv": [
                56,
                233
              ]
            }
          ]
        },
        {
          "name": "hair15",
          "parent": "Hariofall",
          "pivot": [
            2,
            47,
            -1
          ],
          "rotation": [
            9.32856,
            -18.79378,
            -38.43282
          ],
          "cubes": [
            {
              "origin": [
                5.76118,
                39.48542,
                -2.52015
              ],
              "size": [
                2,
                14,
                2
              ],
              "uv": [
                56,
                233
              ]
            }
          ]
        },
        {
          "name": "hair16",
          "parent": "Hariofall",
          "pivot": [
            -2,
            47,
            -1
          ],
          "rotation": [
            9.32856,
            18.79378,
            38.43282
          ],
          "cubes": [
            {
              "origin": [
                -7.76118,
                39.48542,
                -2.52015
              ],
              "size": [
                2,
                14,
                2
              ],
              "uv": [
                56,
                233
              ],
              "mirror": true
            },
            {
              "origin": [
                -6.76118,
                41.48542,
                -6.52015
              ],
              "size": [
                2,
                14,
                2
              ],
              "pivot": [
                0,
                56,
                -2
              ],
              "rotation": [
                0.14066,
                0.9986,
                -20.10146
              ],
              "uv": [
                56,
                233
              ],
              "mirror": true
            }
          ]
        },
        {
          "name": "hair2",
          "parent": "Hariofall",
          "pivot": [
            -2,
            47,
            2
          ],
          "rotation": [
            19.95627,
            30.67855,
            30.80422
          ],
          "cubes": [
            {
              "origin": [
                -6.57773,
                40.21237,
                1.42605
              ],
              "size": [
                2,
                14,
                2
              ],
              "uv": [
                100,
                208
              ]
            }
          ]
        },
        {
          "name": "hair13",
          "parent": "Hariofall",
          "pivot": [
            -2,
            47,
            2
          ],
          "rotation": [
            133.69733,
            64.27696,
            132.18017
          ],
          "cubes": [
            {
              "origin": [
                -5.64051,
                40.61466,
                0.78862
              ],
              "size": [
                2,
                14,
                2
              ],
              "uv": [
                100,
                208
              ]
            }
          ]
        },
        {
          "name": "hair14",
          "parent": "Hariofall",
          "pivot": [
            0,
            47,
            2
          ],
          "rotation": [
            138.69733,
            64.27696,
            132.18017
          ],
          "cubes": [
            {
              "origin": [
                -3.64051,
                40.6041,
                1.45309
              ],
              "size": [
                2,
                14,
                2
              ],
              "uv": [
                100,
                208
              ]
            }
          ]
        },
        {
          "name": "hair11",
          "parent": "Hariofall",
          "pivot": [
            2,
            47,
            2
          ],
          "rotation": [
            19.95627,
            -30.67855,
            -30.80422
          ],
          "cubes": [
            {
              "origin": [
                4.57773,
                40.21237,
                1.42605
              ],
              "size": [
                2,
                14,
                2
              ],
              "uv": [
                64,
                233
              ]
            }
          ]
        },
        {
          "name": "bow",
          "parent": "Hariofall",
          "pivot": [
            0,
            44,
            3
          ],
          "rotation": [
            22.90981,
            -39.85571,
            -33.4032
          ]
        },
        {
          "name": "bow2",
          "parent": "Hariofall",
          "pivot": [
            0,
            44,
            3
          ],
          "rotation": [
            22.90981,
            39.85571,
            33.4032
          ]
        },
        {
          "name": "eye",
          "parent": "Hariofall",
          "pivot": [
            2,
            36,
            -2
          ]
        },
        {
          "name": "mouth",
          "parent": "Hariofall",
          "pivot": [
            0,
            33,
            -2
          ]
        },
        {
          "name": "bone6",
          "pivot": [
            -4,
            8,
            0
          ],
          "cubes": [
            {
              "origin": [
                -6,
                4,
                -2
              ],
              "size": [
                5,
                9,
                4
              ],
              "uv": [
                102,
                17
              ]
            },
            {
              "origin": [
                -6,
                0,
                -3
              ],
              "size": [
                5,
                4,
                6
              ],
              "uv": [
                38,
                78
              ]
            }
          ]
        },
        {
          "name": "bone7",
          "pivot": [
            3,
            9,
            0
          ]
        },
        {
          "name": "bone10",
          "parent": "bone7",
          "pivot": [
            0,
            43,
            0
          ],
          "cubes": [
            {
              "origin": [
                1,
                0,
                -3
              ],
              "size": [
                5,
                4,
                6
              ],
              "uv": [
                38,
                78
              ]
            },
            {
              "origin": [
                1,
                4,
                -2
              ],
              "size": [
                5,
                9,
                4
              ],
              "uv": [
                102,
                17
              ]
            }
          ]
        }
      ]
    }
  ]
}