{
  "format_version": "1.12.0",
  "minecraft:geometry": [
    {
      "description": {
        "identifier": "geometry.f_zooble",
        "texture_width": 128,
        "texture_height": 128,
        "visible_bounds_width": 3,
        "visible_bounds_height": 5.5,
        "visible_bounds_offset": [
          0,
          2.25,
          0
        ]
      },
      "bones": [
        {
          "name": "Body",
          "pivot": [
            0,
            23,
            0
          ],
          "cubes": [
            {
              "origin": [
                -3,
                23,
                -3
              ],
              "size": [
                8,
                15,
                6
              ],
              "uv": [
                0,
                0
              ]
            },
            {
              "origin": [
                -15,
                32,
                3
              ],
              "size": [
                12,
                7,
                0
              ],
              "pivot": [
                0,
                42,
                0
              ],
              "rotation": [
                0,
                0,
                -15
              ],
              "uv": [
                0,
                25
              ]
            }
          ]
        },
        {
          "name": "Head",
          "parent": "Body",
          "pivot": [
            1,
            38,
            0
          ],
          "cubes": [
            {
              "origin": [
                3,
                42,
                -1
              ],
              "size": [
                4,
                11,
                3
              ],
              "uv": [
                0,
                32
              ]
            },
            {
              "origin": [
                4,
                53,
                -1
              ],
              "size": [
                3,
                1,
                3
              ],
              "uv": [
                55,
                0
              ]
            },
            {
              "origin": [
                5,
                54,
                -1
              ],
              "size": [
                2,
                1,
                3
              ],
              "uv": [
                57,
                23
              ]
            },
            {
              "origin": [
                -11,
                43,
                -1
              ],
              "size": [
                18,
                1,
                3
              ],
              "pivot": [
                0,
                42,
                0
              ],
              "rotation": [
                0,
                0,
                17.5
              ],
              "uv": [
                0,
                21
              ]
            },
            {
              "origin": [
                -9,
                35,
                -1
              ],
              "size": [
                1,
                19,
                3
              ],
              "pivot": [
                0,
                42,
                0
              ],
              "rotation": [
                0,
                0,
                62.5
              ],
              "uv": [
                24,
                25
              ]
            },
            {
              "origin": [
                -9,
                44,
                -1
              ],
              "size": [
                6,
                2,
                3
              ],
              "pivot": [
                0,
                42,
                0
              ],
              "rotation": [
                0,
                0,
                12.5
              ],
              "uv": [
                32,
                41
              ]
            },
            {
              "origin": [
                -7,
                46,
                -1
              ],
              "size": [
                4,
                2,
                3
              ],
              "pivot": [
                0,
                42,
                0
              ],
              "rotation": [
                0,
                0,
                12.5
              ],
              "uv": [
                47,
                38
              ]
            },
            {
              "origin": [
                -8,
                46,
                -1
              ],
              "size": [
                1,
                1,
                2
              ],
              "pivot": [
                0,
                42,
                0
              ],
              "rotation": [
                0,
                0,
                12.5
              ],
              "uv": [
                29,
                25
              ]
            },
            {
              "origin": [
                -1,
                48,
                -1
              ],
              "size": [
                8,
                3,
                3
              ],
              "pivot": [
                0,
                42,
                0
              ],
              "rotation": [
                1.16177,
                -0.90878,
                -21.64773
              ],
              "uv": [
                22,
                0
              ]
            },
            {
              "origin": [
                -4,
                44,
                -1
              ],
              "size": [
                7,
                3,
                3
              ],
              "pivot": [
                0,
                42,
                0
              ],
              "rotation": [
                0.36843,
                -1.4282,
                15.8569
              ],
              "uv": [
                28,
                14
              ]
            },
            {
              "origin": [
                2,
                53,
                0
              ],
              "size": [
                5,
                7,
                0
              ],
              "uv": [
                29,
                57
              ]
            },
            {
              "origin": [
                -3,
                50,
                0
              ],
              "size": [
                5,
                8,
                0
              ],
              "pivot": [
                0,
                42,
                0
              ],
              "rotation": [
                0,
                0,
                -17.5
              ],
              "uv": [
                10,
                54
              ]
            },
            {
              "origin": [
                -5,
                46,
                -3
              ],
              "size": [
                4,
                4,
                2
              ],
              "uv": [
                52,
                43
              ]
            },
            {
              "origin": [
                3,
                47,
                -2
              ],
              "size": [
                3,
                3,
                2
              ],
              "uv": [
                57,
                56
              ]
            },
            {
              "origin": [
                0,
                38,
                0
              ],
              "size": [
                2,
                6,
                0
              ],
              "uv": [
                0,
                0
              ]
            }
          ]
        },
        {
          "name": "bone13",
          "parent": "Head",
          "pivot": [
            0,
            42,
            0
          ],
          "cubes": [
            {
              "origin": [
                -2,
                45,
                -1
              ],
              "size": [
                5,
                5,
                3
              ],
              "uv": [
                32,
                33
              ]
            }
          ]
        },
        {
          "name": "bone",
          "parent": "Body",
          "pivot": [
            -2,
            34,
            0
          ],
          "rotation": [
            0,
            0,
            -20
          ],
          "cubes": [
            {
              "origin": [
                0,
                32,
                -4
              ],
              "size": [
                1,
                3,
                1
              ],
              "uv": [
                39,
                20
              ]
            },
            {
              "origin": [
                -4,
                30,
                -4
              ],
              "size": [
                5,
                2,
                1
              ],
              "uv": [
                48,
                35
              ]
            },
            {
              "origin": [
                -4,
                32,
                -4
              ],
              "size": [
                1,
                3,
                1
              ],
              "uv": [
                28,
                6
              ]
            },
            {
              "origin": [
                -4,
                35,
                -4
              ],
              "size": [
                5,
                1,
                1
              ],
              "uv": [
                41,
                0
              ]
            }
          ]
        },
        {
          "name": "bone2",
          "parent": "Body",
          "pivot": [
            -3,
            36,
            1
          ],
          "cubes": [
            {
              "origin": [
                -6,
                28,
                -1
              ],
              "size": [
                3,
                9,
                2
              ],
              "uv": [
                0,
                46
              ]
            }
          ]
        },
        {
          "name": "bone3",
          "parent": "bone2",
          "pivot": [
            -4,
            28,
            1
          ],
          "cubes": [
            {
              "origin": [
                -6,
                19,
                -1
              ],
              "size": [
                3,
                9,
                2
              ],
              "uv": [
                0,
                46
              ]
            }
          ]
        },
        {
          "name": "bone4",
          "parent": "bone3",
          "pivot": [
            -4,
            19,
            0
          ],
          "cubes": [
            {
              "origin": [
                -7,
                18,
                -2
              ],
              "size": [
                5,
                1,
                4
              ],
              "uv": [
                42,
                20
              ]
            },
            {
              "origin": [
                -6,
                15,
                -1
              ],
              "size": [
                3,
                3,
                2
              ],
              "uv": [
                57,
                7
              ]
            }
          ]
        },
        {
          "name": "bone5",
          "parent": "Body",
          "pivot": [
            3,
            36,
            0
          ],
          "cubes": [
            {
              "origin": [
                5,
                30,
                -2
              ],
              "size": [
                3,
                8,
                3
              ],
              "uv": [
                29,
                46
              ]
            }
          ]
        },
        {
          "name": "bone6",
          "parent": "bone5",
          "pivot": [
            5,
            29,
            1
          ],
          "cubes": [
            {
              "origin": [
                4.41329,
                27.21752,
                -3
              ],
              "size": [
                5,
                3,
                5
              ],
              "uv": [
                28,
                6
              ]
            },
            {
              "origin": [
                5.41329,
                20.21752,
                -2
              ],
              "size": [
                3,
                8,
                3
              ],
              "uv": [
                11,
                43
              ]
            }
          ]
        },
        {
          "name": "bone7",
          "parent": "bone6",
          "pivot": [
            6.41329,
            19.21752,
            0
          ],
          "cubes": [
            {
              "origin": [
                7.01906,
                15.80256,
                -1.83743
              ],
              "size": [
                3,
                5,
                2
              ],
              "pivot": [
                7.06445,
                20.09995,
                -0.85417
              ],
              "rotation": [
                0.33579,
                -0.47842,
                -2.56527
              ],
              "uv": [
                56,
                16
              ]
            },
            {
              "origin": [
                5.06445,
                20.09995,
                -2.85417
              ],
              "size": [
                4,
                1,
                4
              ],
              "uv": [
                45,
                25
              ]
            },
            {
              "origin": [
                4.06445,
                16.09995,
                -1.85417
              ],
              "size": [
                3,
                5,
                2
              ],
              "pivot": [
                5.06445,
                20.09995,
                -0.85417
              ],
              "rotation": [
                -3.59357,
                -2.11378,
                17.1817
              ],
              "uv": [
                0,
                57
              ]
            }
          ]
        },
        {
          "name": "bone8",
          "pivot": [
            3,
            24,
            0
          ],
          "cubes": [
            {
              "origin": [
                2,
                14,
                -1
              ],
              "size": [
                2,
                9,
                2
              ],
              "uv": [
                49,
                53
              ]
            }
          ]
        },
        {
          "name": "bone9",
          "parent": "bone8",
          "pivot": [
            3,
            14,
            0
          ],
          "cubes": [
            {
              "origin": [
                2,
                5,
                -1
              ],
              "size": [
                2,
                9,
                2
              ],
              "uv": [
                41,
                53
              ]
            }
          ]
        },
        {
          "name": "bone10",
          "parent": "bone9",
          "pivot": [
            3,
            4,
            0
          ],
          "cubes": [
            {
              "origin": [
                1,
                0,
                -7
              ],
              "size": [
                4,
                4,
                3
              ],
              "uv": [
                41,
                46
              ]
            },
            {
              "origin": [
                1,
                0,
                -4
              ],
              "size": [
                4,
                3,
                5
              ],
              "uv": [
                32,
                25
              ]
            },
            {
              "origin": [
                1,
                3,
                -2
              ],
              "size": [
                4,
                2,
                4
              ],
              "uv": [
                45,
                10
              ]
            }
          ]
        },
        {
          "name": "bone11",
          "pivot": [
            -1,
            24,
            0
          ],
          "cubes": [
            {
              "origin": [
                -3,
                16,
                0
              ],
              "size": [
                4,
                7,
                0
              ],
              "uv": [
                57,
                49
              ]
            }
          ]
        },
        {
          "name": "bone12",
          "parent": "bone11",
          "pivot": [
            -1,
            16,
            1
          ],
          "rotation": [
            0,
            177.5,
            0
          ],
          "cubes": [
            {
              "origin": [
                -3.00286,
                13,
                -1.13086
              ],
              "size": [
                4,
                3,
                4
              ],
              "uv": [
                43,
                2
              ]
            },
            {
              "origin": [
                -2.00286,
                4,
                -0.13086
              ],
              "size": [
                2,
                10,
                2
              ],
              "uv": [
                21,
                52
              ]
            },
            {
              "origin": [
                0.99714,
                1,
                -0.13086
              ],
              "size": [
                2,
                3,
                2
              ],
              "uv": [
                59,
                28
              ]
            },
            {
              "origin": [
                0.99714,
                -1,
                -0.13086
              ],
              "size": [
                2,
                2,
                2
              ],
              "pivot": [
                1.99714,
                1,
                0.86914
              ],
              "rotation": [
                1.42724,
                -1.39424,
                62.39514
              ],
              "uv": [
                57,
                61
              ]
            },
            {
              "origin": [
                1.99714,
                -2,
                -0.13086
              ],
              "size": [
                2,
                2,
                2
              ],
              "pivot": [
                1.99714,
                1,
                0.86914
              ],
              "rotation": [
                -0.06404,
                -1.9941,
                109.91362
              ],
              "uv": [
                61,
                12
              ]
            },
            {
              "origin": [
                3.99714,
                -2,
                -0.13086
              ],
              "size": [
                2,
                2,
                2
              ],
              "pivot": [
                1.99714,
                1,
                0.86914
              ],
              "rotation": [
                -1.45558,
                -1.36463,
                154.92984
              ],
              "uv": [
                48,
                16
              ]
            },
            {
              "origin": [
                4.99714,
                0,
                -0.13086
              ],
              "size": [
                2,
                3,
                2
              ],
              "pivot": [
                1.99714,
                1,
                0.86914
              ],
              "rotation": [
                -1.78036,
                0.90061,
                -135.10149
              ],
              "uv": [
                58,
                36
              ]
            }
          ]
        }
      ]
    }
  ]
}