{
  "format_version": "1.8.0",
  "minecraft:entity": {
    "description": {
      "identifier": "mod:lightning",
      "is_spawnable": false,
      "is_summonable": true,
      "is_experimental": false,
      "runtime_identifier": "mod:lightning"
    },
    "components": {
      "minecraft:collision_box": {
        "width": 0.05,
        "height": 0.05
      },
      "minecraft:type_family": {
        "family":["lightning"]          
      },
      "minecraft:damage_sensor": [
        {
          "cause": "all",
          "deals_damage": false
        }
      ],
      "minecraft:projectile": {
        "onHit": {
          "impact_damage": {
            "damage": 30000,
            "knockback": true,
            "destroyonhit": true
          },
          "spawn_chance": {
            "firstSpawnChance": 1,
            "firstSpawnCount": 3,
            "spawnMob": "lightning_bolt",
            "spawnDefinition": "minecraft:lightning_bolt"
          },
          "remove_on_hit": {}
        },
        "power": 0.0,
        "gravity": 3.0,
        "angleoffset": 0.0
      }
    }
  }
}
