{
  "format_version": "1.8.0",
  "minecraft:entity": {
    "description": {
      "identifier": "mod:mechagodzilla",
      "is_spawnable": true,
      "is_summonable": true,
      "is_experimental": false,
      "runtime_identifier": "mod:crimsongodzilla",
"scripts":{
"animate":[
"clear"
]
},
"animations":{
"clear":"animation.clear"
}
    },
    "component_groups": {
     "mode4":{
        "minecraft:variant": {
          "value": 4
        },
        "minecraft:behavior.knockback_roar": {
          "priority": 1,
          "duration": 2,
          "attack_time": 0.2,
          "knockback_damage": 100000,
          "knockback_strength": 6,
          "knockback_range": 72,
          "knockback_filters": {
            "test": "is_family",
            "subject": "other",
            "operator": "!=",
            "value": "o"
          },
          "damage_filters": {
            "test": "is_family",
            "subject": "other",
            "operator": "!=",
            "value": "o"
          },
          "on_roar_end": {
            "event": "mode"
          },
          "cooldown_time": 0.1
        },
      "minecraft:timer": {
         "looping":false,
         "randomInterval":false,
         "time":3.5,
         "time_down_event": {
           "event":"mode",
           "target":"self"
         }
       }
     },

     "mode3":{
        "minecraft:variant": {
          "value": 3
        },
        "minecraft:is_charged": {
        },
        "minecraft:behavior.delayed_attack": {
          "priority": 4,
          "reach_multiplier": 256,
          "attack_duration": 0.1,
          "hit_delay_pct": 0.1,
          "track_target": true,
          "sound_event": "attack.strong"
        },
        "minecraft:attack": {
          "damage": 65000
        },
       "minecraft:timer": {
         "looping":false,
         "randomInterval":false,
         "time":9.5,
         "time_down_event": {
           "event":"mode",
           "target":"self"
         }
       }
     },

     "mode2":{
      "minecraft:variant": {
        "value": 8
      },
      "minecraft:behavior.melee_attack": {
        "priority": 1,
        "speed_multiplier": 1,
        "reach_multiplier": 15,
        "track_target": false
      },
      "minecraft:attack": {
        "damage": 65000
      },
       "minecraft:timer": {
         "looping":false,
         "randomInterval":false,
         "time":5.0,
         "time_down_event": {
           "event":"mode",
           "target":"self"
         }
       }
     },

     "mode1":{
        "minecraft:variant": {
          "value": 1
        },
      "minecraft:behavior.summon_entity": {
        "priority": 2,

        "summon_choices": [
          {
            "cooldown_time": 2.0,
            "weight": 1,
            "cast_duration": 1.0,
            "particle_color": "#FF664D59",
            "start_sound_event": "plop",
            "sequence": [
              {
                "shape": "circle",
                "target": "self",
                "base_delay": 0.15,
                "delay_per_summon": 0.0,
                "num_entities_spawned": 16,
                "entity_type": "mod:laser",
                "size": 8,
                "entity_lifespan": 1.1
              }
            ]
          },
          {
            "cooldown_time": 2.0,
            "weight": 1,
            "cast_duration": 1.0,
            "particle_color": "#FF664D59",
            "start_sound_event": "plop",
            "sequence": [
              {
                "shape": "circle",
                "target": "self",
                "base_delay": 0.15,
                "delay_per_summon": 0.0,
                "num_entities_spawned": 16,
                "entity_type": "mod:laser",
                "size": 16,
                "entity_lifespan": 1.1
              }
            ]
          }
        ]
      },
       "minecraft:timer": {
         "looping":false,
         "randomInterval":false,
         "time":4.5,
         "time_down_event": {
           "event":"mode",
           "target":"self"
         }
       }
     },






    "mode":{
      "minecraft:damage_sensor": [
        {
          "cause": "all",
          "deals_damage": false
        }
      ],
      "minecraft:variant": {
        "value": 2
      },
      "minecraft:movement": {
        "value": 0
      },
      "minecraft:knockback_resistance": {
        "value": 100
      },
       "minecraft:timer": {
         "looping":false,
         "randomInterval":false,
         "time":5.4,
         "time_down_event": {
           "event":"move",
           "target":"self"
         }
       }
    },

    "move":{
      "minecraft:knockback_resistance": {
        "value": 0.75
      },
      "minecraft:behavior.random_stroll": {
        "priority": 5,
        "speed_multiplier": 1.0
      },
      "minecraft:behavior.move_towards_restriction": {
        "priority": 5,
        "speed_multiplier": 1
      },
      "minecraft:behavior.random_look_around": {
        "priority": 7
      },
      "minecraft:behavior.hurt_by_target": {
        "priority": 1
      },
      "minecraft:behavior.nearest_attackable_target": {
        "priority": 2,
        "reselect_targets": false,
        "entity_types": [
          {
            "filters": {
              "test": "is_family",
              "subject": "other",
              "value": "player"
            },
            "max_dist": 256
          },
           {
            "filters": {
              "test": "is_family",
              "subject": "other",
              "value": "monster"
            },
            "max_dist": 256
          },
          {
            "filters": {
              "test": "is_family",
              "subject": "other",
              "value": "kingghidorah"
            },
            "max_dist": 256
          }
        ],
        "must_see": false
      },
      "minecraft:movement": {
        "value": 0.35
      }
     },


    "anger":{
        "minecraft:angry": {
          "duration": -1,
          "calm_event": {
            "event": "calm",
            "target": "self"
          }
        }
      }
    },





    "components": {


      "minecraft:boss": {"name":"§4Mecha §3Godzilla   ",
        "should_darken_sky": true,
        "hud_range": 500
      },
      "minecraft:tick_world": {
        "never_despawn": true
      },

      "minecraft:is_stackable": {
      },
      "minecraft:breathable": {
        "totalSupply": 15,
        "suffocateTime": 0,
        "breathesWater": true
      },
      "minecraft:health": {
        "value": 650000,
        "max": 650000
      },
      "minecraft:type_family": {
        "family": [ "monster","godzilla" ]
      },
      "minecraft:collision_box": {
        "width": 6.2,
        "height": 27
      },
      "minecraft:follow_range": {
        "value": 256,
        "max": 256
      },
      "minecraft:movement.basic": {
      },
      "minecraft:nameable": {
      },
      "minecraft:navigation.walk": {
      },
      "minecraft:behavior.float": {
        "priority": 0
      },
      "minecraft:fire_immune": true,
      "minecraft:physics": {
      }
    },

    "events": {
      "minecraft:entity_spawned": {
        "add": {
          "component_groups": [
            "mode"
          ]
        }
      },


      "mode33": {
        "add": {
          "component_groups": [
            "mode33"
          ]
        }
      },



      "mode": {
        "randomize": [
          {
            "weight": 7,
            "remove": {
              "component_groups": [
                "mode",
                "mode1",
                "mode2",
                "mode333",
                "mode33",
                "mode3"
              ]
            },
            "add": {
              "component_groups": [
                "mode4"
              ]
            }
          },
          {
            "weight": 3,
            "remove": {
              "component_groups": [
                "mode",
                "mode1",
                "mode2",
                "mode333",
                "mode33",
                "mode4"
              ]
            },
            "add": {
              "component_groups": [
                "mode3"
              ]
            }
          },
          {
            "weight": 3,
            "remove": {
              "component_groups": [
                "mode",
                "mode1",
                "mode3",
                "mode33",
                "mode333",
                "mode4"
              ]
            },
            "add": {
              "component_groups": [
                "mode2"
              ]
            }
          },
          {
            "weight": 2,
            "remove": {
              "component_groups": [
                "mode",
                "mode2",
                "mode3",
                "mode33",
                "mode333",
                "mode4"
              ]
            },
            "add": {
              "component_groups": [
                "mode1"
              ]
            }
          }
        ]
      },




      "move": {
        "remove": {
          "component_groups": [
            "mode"
          ]
        },
        "add": {
          "component_groups": [
            "mode2","move"
          ]
        }
      },


      "angry": {
        "remove": {
          "component_groups": [
            "angry"
          ]
        }
      },
      "calm": {
        "remove": {
          "component_groups": [
            "angry"
          ]
        }
      }
    }
  }
}
