{
  "format_version": "1.10.0",
  "minecraft:entity": {
    "description": {
      "identifier": "mod:mothra",
      "is_spawnable": true,
      "is_summonable": true,
      "is_experimental": false,
      "runtime_identifier": "mod:mothra",
"scripts":{
"animate":[
"clear",
"btg"
]
},
"animations":{
"clear":"animation.clear",
"btg":"animation.btg"
}
    },
    "component_groups": {

    "mode":{
       "minecraft:spawn_entity": [
        {
          "min_wait_time": 0,
          "max_wait_time": 0,
          "spawn_entity": "minecraft:lightning_bolt",
          "single_use": true,
          "num_to_spawn": 7
        }
      ]
    }
    },





    "components": {
      "minecraft:behavior.nearest_attackable_target": {
        "priority": 2,
        "reselect_targets": false,
        "must_see": false,
        "entity_types": [
          {
            "filters": {
              "test": "is_family",
              "subject": "other",
              "operator": "=",
              "value": "monster"
            },
            "max_dist": 80
          }
        ]
      },
      "minecraft:damage_sensor": [
         {
          "on_damage": {
            "filters": {
              "test": "is_family",
              "subject": "other",
              "value": "lightning"
            }
          },
          "deals_damage": false
        }
      ],
      "minecraft:behavior.hurt_by_target": {
        "priority": 1
      },
      "minecraft:boss": {
        "name": "§c§3 Powered Mothra!",
        "should_darken_sky": false,
        "hud_range": 1000
      },
      "minecraft:tick_world": {
        "never_despawn": true
      },
      "minecraft:fall_damage": {
        "value": 0.0
      },
      "minecraft:knockback_resistance": {
        "value": 0.75
      },
      "minecraft:breathable": {
        "totalSupply": 15,
        "suffocateTime": 0,
        "breathesWater": true
      },
      "minecraft:health": {
        "value": 450000,
        "max": 450000
      },
      "minecraft:type_family": {
        "family": [ "bat","kingghidorah" ]
      },
      "minecraft:collision_box": {
        "width": 8.9,
        "height": 11.8
      },
      "minecraft:follow_range": {
        "value": 80,
        "max": 80
      },
      "minecraft:movement": {
        "value": 3.5
      },
      "minecraft:nameable": {
      },
      "minecraft:fire_immune": true,
      "minecraft:movement.glide": {
        "start_speed": 0.1,
        "speed_when_turning": 0.2
      },
        "minecraft:attack": {
          "damage": 15000
        },
        "minecraft:behavior.swoop_attack": {
          "priority": 0,
          "delay_range": 0
        },
      "minecraft:behavior.circle_around_anchor": {
        "priority": 3,
        "radius_range": [ 35.0, 45.0 ],
        "radius_change_chance": 250,
        "height_above_target_range": [ 24.0, 26.0 ],
        "height_offset_range": [ -14.0, 16.0 ],
        "height_change_chance": 350,
        "goal_radius": 0.0
      },
      "minecraft:behavior.random_look_around": {
        "priority": 0
      },
      "minecraft:physics": {
       "has_gravity": false,
       "has_collision": true
      },
      "minecraft:pushable": {
        "is_pushable": false,
        "is_pushable_by_piston": false
      }
    },

    "events": {
      "minecraft:entity_spawned": {
        "add": {
          "component_groups": [
            "mode"
          ]
        }
      },

      "refly": {
            "remove": {
              "component_groups": [
                "angry",
                "fly4",
                "fly2",
                "fly3"
              ]
            },
        "add": {
          "component_groups": [
            "fly"
          ]
        }
      },


      "fly": {
        "randomize": [
          {
            "weight": 4,
            "remove": {
              "component_groups": [
                "fly2",
                "fly3",
                "fly4"
              ]
            },
            "add": {
              "component_groups": [
                "fly4","angry"
              ]
            }
          },
          {
            "weight": 3,
            "remove": {
              "component_groups": [
                "fly2",
                "fly3",
                "fly4"
              ]
            },
            "add": {
              "component_groups": [
                "fly3","angry"
              ]
            }
          },
          {
            "weight": 2,
            "remove": {
              "component_groups": [
                "fly2",
                "fly3",
                "fly4"
              ]
            },
            "add": {
              "component_groups": [
                "fly2","angry"
              ]
            }
          }
        ]
      }

    }
  }
}
