{
  "format_version": "1.8.0",
  "minecraft:entity": {
    "description": {
      "identifier": "mod:hellgodzilla",
      "is_spawnable": true,
      "is_summonable": true,
      "is_experimental": false,
      "runtime_identifier": "mod:godzilla",
"scripts":{
"animate":[
"clear"
]
},
"animations":{
"clear":"animation.clear"
}
    },
    "component_groups": {
     "melee_attack":{
      "minecraft:knockback_resistance": {
        "value": 0.05
      },
      "minecraft:behavior.nearest_attackable_target": {
        "priority": 2,
        "reselect_targets": false,
        "entity_types": [
           {
            "filters": {
              "test": "is_family",
              "subject": "other",
              "value": "monster"
            },
            "max_dist": 256
          },
          {
            "filters": {
              "test": "is_family",
              "subject": "other",
              "value": "kingghidorah"
            },
            "max_dist": 256
          }
        ],
        "must_see": false
      },
      "minecraft:behavior.random_stroll": {
        "priority": 5,
        "speed_multiplier": 1.0
      },
      "minecraft:behavior.move_towards_restriction": {
        "priority": 5,
        "speed_multiplier": 1.0
      },
      "minecraft:behavior.random_look_around": {
        "priority": 7
      },
      "minecraft:variant": {
        "value": 99
      }
     },


     "tail_attack":{
        "minecraft:variant": {
          "value": 4
        },
        "minecraft:spawn_entity": [
          {
            "min_wait_time": 1,
            "max_wait_time": 1,
            "single_use": true,
            "spawn_entity": "xx:xx",
            "spawn_sound": "purreow",
            "num_to_spawn": 1
          }
        ],
        "minecraft:behavior.knockback_roar": {
          "priority": 1,
          "duration": 2,
          "attack_time": 1.3,
          "knockback_damage": 88282828,
          "knockback_strength": 26,
          "knockback_range": 32,
          "knockback_filters": {
            "test": "is_family",
            "subject": "other",
            "operator": "!=",
            "value": "x"
          },
          "damage_filters": {
            "test": "is_family",
            "subject": "other",
            "operator": "!=",
            "value": "x"
          },
          "on_roar_end": {
            "event": "remove_tail_attack"
          },
          "cooldown_time": 0.1
        }
     },

     "mode3":{
        "minecraft:spawn_entity": [
          {
            "min_wait_time": 0,
            "max_wait_time": 0,
            "single_use": true,
            "spawn_entity": "xx:xx",
            "spawn_sound": "purr",
            "num_to_spawn": 1
          }
        ],
        "minecraft:variant": {
          "value": 3
        },
        "minecraft:is_charged": {
        },
        "minecraft:behavior.delayed_attack": {
          "priority": 4,
          "reach_multiplier": 256,
          "attack_duration": 0.0,
          "hit_delay_pct": 0.0,
          "track_target": true,
          "sound_event": "attack.strong"
        },
       "minecraft:attack": {
         "damage": 627272
        }, 
       "minecraft:timer": {
         "looping":false,
         "randomInterval":false,
         "time":6.0,
         "time_down_event": {
           "event":"mode",
           "target":"self"
         }
       }
     },

     "mode2":{
        "minecraft:behavior.delayed_attack": {
          "priority": 4,
          "speed_multiplier": 1.7,
          "reach_multiplier": 12,
          "attack_duration": 1,
          "hit_delay_pct": 1,
          "track_target": true,
          "sound_event": "attack.strong"
        },
        "minecraft:attack": {
          "damage": 25000
        },
        "minecraft:is_sheared": {
        },
       "minecraft:timer": {
         "looping":false,
         "randomInterval":false,
         "time": 7,
         "time_down_event": {
           "event":"mode",
           "target":"self"
         }
       },
       "minecraft:variant": {
         "value": 99
       }
     },

     "mode1":{
        "minecraft:variant": {
          "value": 1
        },
      "minecraft:behavior.summon_entity": {
        "priority": 2,

        "summon_choices": [
          {
            "cooldown_time": 1.0,
            "weight": 1,
            "cast_duration": 0.0,
            "particle_color": "#FF664D59",
            "start_sound_event": "plop",
            "sequence": [
              {
                "shape": "circle",
                "target": "self",
                "base_delay": 0.0,
                "delay_per_summon": 0.0,
                "num_entities_spawned": 16,
                "entity_type": "mod:laser",
                "size": 8
              }
            ]
          },
          {
            "cooldown_time": 1.0,
            "weight": 1,
            "cast_duration": 0.0,
            "particle_color": "#FF664D59",
            "start_sound_event": "plop",
            "sequence": [
              {
                "shape": "circle",
                "target": "self",
                "base_delay": 0.0,
                "delay_per_summon": 0.0,
                "num_entities_spawned": 16,
                "entity_type": "mod:laser",
                "size": 16
              }
            ]
          }
        ]
      },
       "minecraft:timer": {
         "looping":false,
         "randomInterval":false,
         "time":1.2,
         "time_down_event": {
           "event":"mode",
           "target":"self"
         }
       }
     },






    "spawned":{
      "minecraft:damage_sensor": [
        {
          "cause": "all",
          "deals_damage": false
        }
      ],
      "minecraft:variant": {
        "value": 2
      },
       "minecraft:timer": {
         "looping":false,
         "randomInterval":false,
         "time":5.4,
         "time_down_event": {
           "event":"move",
           "target":"self"
         }
       }
     }
    },





    "components": {
      "minecraft:behavior.nearest_attackable_target": {
        "priority": 2,
        "reselect_targets": false,
        "entity_types": [
           {
            "filters": {
              "test": "is_family",
              "subject": "other",
              "value": "monster"
            },
            "max_dist": 0
          },
          {
            "filters": {
              "test": "is_family",
              "subject": "other",
              "value": "kingghidorah"
            },
            "max_dist": 0
          }
        ],
        "must_see": false
      },
      "minecraft:type_family": {
        "family": [ "monster","godzilla" ]
      },
      "minecraft:target_nearby_sensor": {
        "inside_range": 12.0,
        "outside_range": 15.0,
        "on_inside_range": {
          "event": "tail_attack",
          "target": "self"
        },
        "on_outside_range": {
          "event": "remove_tail_attack",
          "target": "self"
        }
      },
      "minecraft:on_target_acquired": {
        "event": "mode",
        "target": "self"
      },
      "minecraft:on_target_escape": {
        "event": "remove",
        "target": "self"
      },
      "minecraft:behavior.hurt_by_target": {
        "priority": 1
      },
      "minecraft:movement": {
        "value": 0.5
      },
      "minecraft:knockback_resistance": {
        "value": 100
      },
      "minecraft:boss": {"name":"§1Godzilla §4IN HELL   ",
        "should_darken_sky": true,
        "hud_range": 100000000
        },
"minecraft:spell_effects": {
        "add_effects": [
          {
            "effect": "resistance",
            "chance": 1.0,
            "duration": 999999,
            "amplifier": 100,
            "visible": false,
            "ambient": false
          }
        ]
      },
      "minecraft:tick_world": {
        "never_despawn": true
      },
      "minecraft:is_stackable": {
      },
      "minecraft:breathable": {
        "totalSupply": 15,
        "suffocateTime": 0,
        "breathesWater": true
      },
      "minecraft:health": {
        "value": 1000000,
        "max": 1000000
      },
      "minecraft:collision_box": {
        "width": 6.2,
        "height": 27
      },
      "minecraft:follow_range": {
        "value": 256,
        "max": 256
      },
      "minecraft:movement.basic": {
      },
      "minecraft:navigation.walk": {
      },
      "minecraft:nameable": {
      },
      "minecraft:behavior.float": {
        "priority": 0
      },
      "minecraft:fire_immune": true,
      "minecraft:physics": {
      }
    },

    "events": {
      "minecraft:entity_spawned": {
        "add": {
          "component_groups": [
            "spawned"
          ]
        }
      },



      "mode": {
        "randomize": [
          {
            "weight": 2,
            "remove": {
              "component_groups": [
                "spawned",
                "mode1",
                "mode2",
                "mode3"
              ]
            },
            "add": {
              "component_groups": [
                "mode3"
              ]
            }
          },
          {
            "weight": 5,
            "remove": {
              "component_groups": [
                "spawned",
                "mode1",
                "mode2",
                "mode3"
              ]
            },
            "add": {
              "component_groups": [
                "mode2"
              ]
            }
          },
          {
            "weight": 1,
            "remove": {
              "component_groups": [
                "spawned",
                "mode1",
                "mode2",
                "mode3"
              ]
            },
            "add": {
              "component_groups": [
                "mode1"
              ]
            }
          }
        ]
      },



      "tail_attack": {
        "randomize": [
          {
            "weight": 1,
            "remove": {
              "component_groups": [
                "tail_attack"
              ]
            },
            "add": {
              "component_groups": [
                "tail_attack"
              ]
            }
          }
        ]
      },

      "remove_tail_attack": {
        "remove": {
          "component_groups": [
            "tail_attack"
          ]
        }
      },

      "move": {
        "remove": {
          "component_groups": [
            "spawned"
          ]
        },
        "add": {
          "component_groups": [
            "melee_attack"
          ]
        }
      },

      "remove": {
        "remove": {
          "component_groups": [
            "mode1",
            "mode3",
            "mode2"
          ]
        },
        "add": {
          "component_groups": [
            "melee_attack"
          ]
        }
      }
    }
  }
}
