{
   "format_version": "1.10.0",
   "animation_controllers": {
      "controller.animation.demogorgon.move": {
         "states": {
            "attack1": {
               "animations": [
                  "attack"
               ],
               "transitions": [
                  {
                     "default": "query.all_animations_finished"
                  }
               ]
            },
            "default": {
               "animations": [
                  {
                     "moving": "query.modified_move_speed"
                  }
               ],
               "blend_transition": 0.1,
               "transitions": [
                  {
                     "attack1": "variable.attack_time > 0"
                  }
               ]
            }
         }
      },
      "controller.animation.demogorgon.general": {
         "initial_state": "moving",
         "states": {
            "moving": {
               "variables": {
                  "move_speed": {
                     "input": "query.modified_move_speed",
                     "remap_curve": {
                        "0.0": 0,
                        "0.25": 1
                     }
                  },
                  "is_idling": {
                     "input": "query.modified_move_speed",
                     "remap_curve": {
                        "0.0": 1,
                        "0.1": 0
                     }
                  }
               },
               "animations": [
                  {
                     "moving": "variable.move_speed"
                  },
                  {
                     "idle1": "variable.is_idling"
                  }
               ],
               "transitions": [
                  {
                     "run": "query.ground_speed >= 3.5 && variable.random == 0"
                  }
               ],
               "blend_transition": 0.1
            },
            "run": {
               "animations": [
                  "run"
               ],
               "transitions": [
                  {
                     "moving": "query.ground_speed <= 3.5"
                  }
               ],
               "blend_transition": 0.1
            }
         }
      }
   }
}