{
	"format_version": "1.16.100",
	"minecraft:item": {
		"description": {
			"identifier": "knights:iron_bo_staff_twohanded",
			"category": "equipment"
		},
		"components": {
			"minecraft:can_destroy_in_creative": false,
			"minecraft:creative_category": {
				"parent": "itemGroup.name.sword"
			},
			"minecraft:durability": {
				"max_durability": 1561
			},
			"minecraft:damage": 8,
			"minecraft:digger": {
				"use_efficiency": true,
				"destroy_speeds": [
					{
						"block": "minecraft:web",
						"on_dig": {
							"event": "on_tool_used",
							"target": "self"
						},
						"speed": 15
					},
					{
						"block": "minecraft:bamboo",
						"on_dig": {
							"event": "on_tool_used",
							"target": "self"
						},
						"speed": 60
					}
				]
			},
			"minecraft:enchantable": {
				"value": 14,
				"slot": "sword"
			},
			"minecraft:hand_equipped": true,
			"minecraft:display_name": {
				"value": "Iron Bō Staff §4Two-Handed"
			},
			"minecraft:icon": {
				"texture": "knights_iron_bo_staff_twohanded"
			},
			"minecraft:max_stack_size": 1,
			"minecraft:repairable": {
				"repair_items": [
					{
						"items": [
							"minecraft:stick"
						],
						"repair_amount": "query.max_durability*0.25"
					},
					{
						"items": [
							"knights:iron_bo_staff_twohanded"
						],
						"repair_amount": "context.other->query.remaining_durability+0.12*context.other->query.max_durability"
					}
				]
			},
			"minecraft:weapon": {
				"on_hurt_entity": {
					"event": "iron_bo_stun"
				}
			},
			"tag:minecraft:is_sword": {},
			"tag:damage:iron": {},
			"tag:minecraft:is_halberd": {},
			"tag:minecraft:is_tool": {}
		},
		"events": {
			"iron_bo_stun": {
				"randomize": [
					{
						"weight": 1,
						"run_command": {
							"command": [
								"playsound knights.weapon.blunthit"
							]
						},
						"sequence": [
							{
								"add_mob_effect": {
									"effect": "slowness",
									"amplifier": 4,
									"target": "other",
									"duration": 12
								}
							},
							{
								"add_mob_effect": {
									"effect": "nausea",
									"amplifier": 2,
									"target": "other",
									"duration": 10
								}
							},
							{
								"add_mob_effect": {
									"effect": "blindness",
									"amplifier": 1,
									"target": "other",
									"duration": 10
								}
							},
							{
								"add_mob_effect": {
									"effect": "wither",
									"amplifier": 2,
									"duration": 5,
									"target": "other"
								}
							}
						]
					},
					{
						"weight": 10,
						"run_command": {
							"command": [
								"playsound knights.weapon.blunthit"
							]
						}
					}
				],
				"damage": {
					"type": "durability",
					"amount": 1,
					"target": "self"
				}
			}
		}
	}
}