{
	"format_version": "1.10.0",
	"particle_effect": {
		"description": {
			"identifier": "zm:black",
			"basic_render_parameters": {
				"material": "particles_blend",
				"texture": "textures/particles/black"
			}
		},
		"components": {
			"minecraft:emitter_rate_steady": {
				"spawn_rate": 200,
				"max_particles": 1000
			},
			"minecraft:emitter_lifetime_looping": {
				"active_time": 1
			},
			"minecraft:emitter_shape_disc": {
				"radius": 1,
				"direction": "outwards"
			},
			"minecraft:particle_lifetime_expression": {
				"max_lifetime": 0.1
			},
			"minecraft:particle_initial_speed": 1,
			"minecraft:particle_motion_dynamic": {
				"linear_acceleration": ["(variable.particle_random_1-0.5)", 1.2, "(variable.particle_random_1-0.5)"]
			},
			"minecraft:particle_appearance_billboard": {
				"size": [0.1, 0.1],
				"facing_camera_mode": "rotate_xyz",
				"uv": {
					"texture_width": 16,
					"texture_height": 16,
					"uv": [0, 0],
					"uv_size": [16, 16]
				}
			},
			"minecraft:particle_appearance_tinting": {
				"color": [0.17255, 0.17255, 0.17255, 1]
			}
		}
	}
}