{
  "format_version": "1.10.0",
  "particle_effect": {
    "description": {
      "identifier": "zm:fog_particle",
      "basic_render_parameters": {
        "material": "particles_alpha",
        "texture": "textures/particle/campfire_smoke"
      }
    },
    "components": {
      "minecraft:emitter_rate_steady": {
        "spawn_rate": 1000,
        "max_particles": 10000
      },
      "minecraft:emitter_lifetime_looping": {
        "active_time": 1
      },
      "minecraft:emitter_shape_sphere": {
        "offset": [
          0,
          30,
          0
        ],
        "radius": 90,
        "direction": [
          0,
          -0.5,
          0
        ]
      },
      "minecraft:particle_lifetime_expression": {
        "max_lifetime": 4
      },
      "minecraft:particle_initial_speed": 1,
      "minecraft:particle_motion_dynamic": {
        "linear_acceleration": [
          0,
          -0.5,
          0
        ]
      },
      "minecraft:particle_appearance_billboard": {
        "size": [
          0.2,
          0.2
        ],
        "facing_camera_mode": "rotate_xyz",
        "uv": {
          "texture_width": 1,
          "texture_height": 12,
          "uv": [
            0,
            "Math.floor(variable.particle_random_2 * 12)"
          ],
          "uv_size": [
            1,
            1
          ]
        }
      },
      "minecraft:particle_appearance_lighting": {},
      "minecraft:particle_appearance_tinting": {
        "color": {
          "interpolant": "v.particle_age / v.particle_lifetime",
          "gradient": {
            "0.0": "#FF000000",
            "1.0": "#FF575757"
          }
        }
      }
    }
  }
}