{
  "format_version": "1.16.100",
  "minecraft:item": {
	"description": {
      "identifier": "pixel:stone_saber",
      "category":"Equipment"
    },
    "components": {
	  "minecraft:icon": {
	    "texture": "stone_saber"
	  },
      "minecraft:creative_category": {
        "parent": "itemGroup.name.sword"
      },
      "minecraft:food": {
        "can_always_eat": true
      },
	  "tag:damage:5":{},
      "tag:minecraft:is_saber":{},
	  "minecraft:display_name": {
		"value": "item.pixel:stone_saber.name"
	  },
      "minecraft:max_stack_size": 1,
      "minecraft:use_duration": 3600,
      "minecraft:hand_equipped": true,
      "minecraft:durability": {
        "max_durability": 156,
        "damage_chance": {
          "min": 60,
          "max": 100
        }
      },
      "minecraft:repairable": {
        "repair_items": [
          {
            "items": [ "minecraft:cobblestone" ],
            "repair_amount": 40
          },
          {
            "items": [ "pixel:repair_item" ],
            "repair_amount": 250
          },
          {
            "items": [ "pixel:stone_saber" ],
            "repair_amount": "query.max_durability"
          }
        ]
      },
      "minecraft:mining_speed": 1.5,
      "minecraft:damage": 5,
      "minecraft:enchantable": {
        "value": 12,
        "slot": "sword"
      },
      "minecraft:can_destroy_in_creative": false,
      "minecraft:digger": {
        "use_efficiency": true,
        "destroy_speeds": [
          {
            "block": "minecraft:web",
            "speed": 15,
			"on_dig": {
			  "event": "minecraft:break"
			}
          },
          {
            "block": "minecraft:bamboo",
            "speed": 10,
			"on_dig": {
			  "event": "minecraft:break"
			}
          }
        ],
		"on_dig": {
		  "event": "minecraft:break",
		  "target": "self"
		}
      },
      "minecraft:chargeable": {
		"on_complete": {
		  "event": "filter_the_shoot",
		  "target": "self"
		}
	  },
	  "minecraft:weapon": {
		"on_hurt_entity": {
		  "event": "minecraft:break"
		}
	  }
	},
	"events": {
	  "flying_slash": {
	    "sequence":[
	      {
		   "condition": "!query.is_sneaking && query.scoreboard('saber_cd') < 2 && query.scoreboard('exhaust') >= 5",
	        "run_command":{
	          "command":[
	            "scoreboard objectives add sbrsthr dummy",
	            "scoreboard players set @s sbrsthr 1",
	            "effect @s strength 1 2",
	            "scoreboard players remove @s exhaust 5"
	          ]
	        }
	      },
	      {
		    "condition": "query.is_sneaking && query.scoreboard('saber_cd') < 2 && query.scoreboard('exhaust') >= 5",
	        "run_command":{
	          "command":[
	            "scoreboard objectives add saber_cd dummy",
	            "scoreboard players set @s saber_cd 20",
	            "effect @s resistance 10 3",
	                "scoreboard players remove @s exhaust 5",
	            "tag @s add riposte"
	          ]
	        }
	      },
	      {
		    "condition": "query.scoreboard('irnlng') != 1 && query.scoreboard('dmndlng') != 1",
		    "run_command": {
		      "command":[
	            "scoreboard players set @s exhregen 100"
		      ]
		    }
	      },
	      {
		    "condition": "query.scoreboard('irnlng') == 1",
		    "run_command": {
		      "command":[
	            "scoreboard players set @s exhregen 100"
		      ]
		    }
	      },
	      {
		    "condition": "query.scoreboard('dmndlng') == 1",
		    "run_command": {
		      "command":[
	            "scoreboard players set @s exhregen 100"
		      ]
		    }
	      }
	    ]
	  },
	  "minecraft:break": {
	    "sequence":[
	      {
		    "condition": "query.scoreboard('mdmmstr') >= 0 && query.scoreboard('mdmmstr') < 100",
		    "sequence":[
	          {
	            "run_command":{
	              "command":[
	                "scoreboard objectives add saber_cd dummy",
	                "scoreboard players set @s saber_cd 20",
	                "effect @s weakness 1 20"
	              ]
	            }
	          },
	          {
		        "condition": "query.scoreboard('sbrsthr') == 1",
		        "damage": {
		          "type": "entity_attack",
		          "amount": 5,
		          "target": "other"
	            },
	            "run_command":{
	              "command":[
	                "scoreboard players set @s sbrsthr 0"
	              ]
	            }
	          }
		    ]
	      },
	      {
		    "condition": "query.scoreboard('mdmmstr') >= 100 && query.scoreboard('mdmmstr') < 1000",
		    "sequence":[
	          {
	            "run_command":{
	              "command":[
	                "scoreboard objectives add saber_cd dummy",
	                "scoreboard players set @s saber_cd 15"
	              ]
	            }
	          },
	          {
		        "condition": "query.scoreboard('sbrsthr') == 1",
		        "damage": {
		          "type": "entity_attack",
		          "amount": 6,
		          "target": "other"
	            },
	            "run_command":{
	              "command":[
	                "scoreboard players set @s sbrsthr 0"
	              ]
	            }
	          }
		    ]
	      },
	      {
		    "condition": "query.scoreboard('mdmmstr') >= 1000",
		    "sequence":[
	          {
	            "run_command":{
	              "command":[
	                "scoreboard objectives add saber_cd dummy",
	                "scoreboard players set @s saber_cd 10"
	              ]
	            }
	          },
	          {
		        "condition": "query.scoreboard('sbrsthr') == 1",
		        "damage": {
		          "type": "entity_attack",
		          "amount": 7,
		          "target": "other"
	            },
	            "run_command":{
	              "command":[
	                "scoreboard players set @s sbrsthr 0"
	              ]
	            }
	          }
		    ]
	      },
	      {
		    "condition": "query.scoreboard('frctnstrk') > 0",
		    "sequence":[
	          {
		        "damage": {
		          "type": "fire_tick",
		          "amount": 3,
		          "target": "other"
	            }
	          }
		    ]
	      },
	      {
		    "condition": "query.scoreboard('irnlng') != 1 && query.scoreboard('dmndlng') != 1",
	        "randomize":[
	          {
	            "weight": 10,
		        "run_command": {
		          "command":[
	                "scoreboard players remove @s exhaust 2"
		          ]
		        }
	          },
	          {
	            "weight": 20,
		        "run_command": {
		          "command":[
	                "scoreboard players remove @s exhaust 3"
		          ]
		        }
	          },
	          {
	            "weight": 5,
		        "run_command": {
		          "command":[
	                "scoreboard players remove @s exhaust 1"
		          ]
		        }
	          }
	        ]
	      },
	      {
		    "condition": "query.scoreboard('irnlng') == 1",
	        "randomize":[
	          {
	            "weight": 10,
		        "run_command": {
		          "command":[
	                "scoreboard players remove @s exhaust 1"
		          ]
		        }
	          },
	          {
	            "weight": 20,
		        "run_command": {
		          "command":[
	                "scoreboard players remove @s exhaust 2"
		          ]
		        }
	          },
	          {
	            "weight": 5,
		        "run_command": {
		          "command":[
	                "scoreboard players remove @s exhaust 0"
		          ]
		        }
	          }
	        ]
	      },
	      {
		    "condition": "query.scoreboard('dmndlng') == 1",
	        "randomize":[
	          {
	            "weight": 10,
		        "run_command": {
		          "command":[
	                "scoreboard players remove @s exhaust 0"
		          ]
		        }
	          },
	          {
	            "weight": 20,
		        "run_command": {
		          "command":[
	                "scoreboard players remove @s exhaust 1"
		          ]
		        }
	          }
	        ]
	      },
	      {
	        "randomize":[
	          {
	            "weight": 10,
		        "damage": {
		          "type": "durability",
		          "amount": 1
	            }
	          },
	          {
	            "weight": 20,
		        "damage": {
		          "type": "durability",
		          "amount": 0
	            }
	          },
	          {
	            "weight": 5,
		        "damage": {
		          "type": "durability",
		          "amount": 2
	            }
	          }
	        ]
	      },
	      {
	        "randomize":[
	          {
	            "weight": 15,
	            "run_command":{
	              "command":[
	                "scoreboard objectives add mdmmstr dummy"
	              ]
	            }
	          },
	          {
	            "weight": 20,
	            "run_command":{
	              "command":[
	                "scoreboard objectives add mdmmstr dummy",
	                "scoreboard players add @s mdmmstr 1"
	              ]
	            }
	          },
	          {
	            "weight": 10,
	            "run_command":{
	              "command":[
	                "scoreboard objectives add mdmmstr dummy",
	                "scoreboard players add @s mdmmstr 2"
	              ]
	            }
	          },
	          {
	            "weight": 2,
	            "run_command":{
	              "command":[
	                "scoreboard objectives add mdmmstr dummy",
	                "scoreboard players add @s mdmmstr 5"
	              ]
	            }
	          }
	        ]
	      },
	      {
		    "condition": "query.scoreboard('irnlng') != 1 && query.scoreboard('dmndlng') != 1",
		    "run_command": {
		      "command":[
	            "scoreboard players set @s exhregen 100"
		      ]
		    }
	      },
	      {
		    "condition": "query.scoreboard('irnlng') == 1",
		    "run_command": {
		      "command":[
	            "scoreboard players set @s exhregen 100"
		      ]
		    }
	      },
	      {
		    "condition": "query.scoreboard('dmndlng') == 1",
		    "run_command": {
		      "command":[
	            "scoreboard players set @s exhregen 100"
		      ]
		    }
	      }
	    ]
	  }
    }
  }
}