{
  "mob.fc_death_worm.hurt": {
    "category": " neutral",
    "sounds": [
      "sounds/mob/fc_death_worm/hurt"
    ]
  },
  "mob.fc_death_worm.death": {
    "category": " neutral",
    "sounds": [
      "sounds/mob/fc_death_worm/death"
    ]
  },
  "mob.fc_death_worm.say": {
    "category": " neutral",
    "sounds": [
      "sounds/mob/fc_death_worm/say"
    ]
  },
  "mob.fc_fairy.idle": {
    "category": " neutral",
    "sounds": [
      "sounds/mob/fc_fairy/idle"
    ]
  },
  "mob.fc_fairy.no": {
    "category": " neutral",
    "sounds": [
      "sounds/mob/fc_fairy/no"
    ]
  },
  "mob.fc_fairy.death": {
    "category": " neutral",
    "sounds": [
      "sounds/mob/fc_fairy/death"
    ]
  },
  "mob.fc_fairy.hit": {
    "category": " neutral",
    "sounds": [
      "sounds/mob/fc_fairy/hit"
    ]
  },
  "mob.fc_fairy.haggle": {
    "category": " neutral",
    "sounds": [
      "sounds/mob/fc_fairy/haggle"
    ]
  },
  "mob.fc_fairy.yes": {
    "category": " neutral",
    "sounds": [
      "sounds/mob/fc_fairy/yes"
    ]
  },
  "fc_fairy_dust_arrow_shot": {
    "category": "neutral",
    "sounds": [
      "sounds/fc_fairy_dust_arrow_shot"
    ]
  }
}