{
  "entity_sounds": {
    "entities": {
      "fc:yeti": {
        "volume": 1.0,
        "pitch": [
          0.8,
          1.2
        ],
        "events": {
          "ambient": "mob.ravager.ambient",
          "hurt": "mob.ravager.hurt",
          "death": "mob.ravager.death",
          "step": {
            "sound": "mob.irongolem.walk",
            "volume": 1.0,
            "pitch": 1.0
          },
          "throw": {
            "sound": "mob.irongolem.throw",
            "volume": 1.0,
            "pitch": 1.0
          }
        }
      },
      "fc:lhamacorn": {
        "volume": 1.0,
        "pitch": [
          0.8,
          1.2
        ],
        "events": {
          "ambient": "mob.horse.idle",
          "hurt": "mob.horse.hit",
          "death": "mob.horse.death",
          "step": {
            "sound": "mob.cow.step",
            "volume": 0.15,
            "pitch": 1.0
          }
        }
      },
      "fc:ent": {
        "volume": 1.0,
        "pitch": [
          0.8,
          1.2
        ],
        "events": {
          "ambient": "fall.wood",
          "hurt": "dig.wood",
          "death": "fall.wood",
          "step": "fall.wood",
          "throw": {
            "sound": "mob.irongolem.throw",
            "volume": 1.0,
            "pitch": 1.0
          }
        }
      },
      "fc:dirt_golem": {
        "volume": 1.0,
        "pitch": [
          0.8,
          1.2
        ],
        "events": {
          "ambient": "mob.irongolem.say",
          "hurt": "mob.irongolem.hit",
          "death": "mob.irongolem.death",
          "step": {
            "sound": "mob.irongolem.walk",
            "volume": 1.0,
            "pitch": 1.0
          },
          "throw": {
            "sound": "mob.irongolem.throw",
            "volume": 1.0,
            "pitch": 1.0
          }
        }
      },
      "fc:hippocampus": {
        "volume": 1.0,
        "pitch": [
          0.8,
          1.2
        ],
        "events": {
          "hurt": "mob.horse.hit",
          "hurt.in.water": "mob.horse.hit",
          "flop": "mob.horse.death",
          "step": {
            "sound": "mob.fish.step",
            "volume": 0.15,
            "pitch": 1.0
          }
        }
      },
      "fc:minotauro": {
        "volume": 1.0,
        "pitch": [
          0.8,
          1.2
        ],
        "events": {
          "ambient": "mob.cow.say",
          "death": "mob.cow.hurt",
          "death.to.zombie": "mob.cow.hurt",
          "haggle": "mob.villager.haggle",
          "haggle.no": "mob.villager.no",
          "haggle.yes": "mob.villager.yes",
          "hurt": "mob.cow.hurt"
        }
      },
      "fc:goblin": {
        "volume": 1.0,
        "pitch": [
          0.8,
          1.2
        ],
        "events": {
          "ambient": "mob.pillager.idle",
          "hurt": "mob.pillager.hurt",
          "death": "mob.pillager.death",
          "step": {
            "sound": "mob.zombie.step",
            "volume": 0.15,
            "pitch": 1.0
          }
        }
      },
      "fc:ningyo": {
        "volume": 1.0,
        "pitch": [
          0.8,
          1.2
        ],
        "events": {
          "hurt": "mob.fish.hurt",
          "hurt.in.water": "mob.fish.hurt",
          "flop": {
            "sound": "mob.fish.flop",
            "volume": 1.0,
            "pitch": 1.0
          },
          "step": {
            "sound": "mob.fish.step",
            "volume": 0.15,
            "pitch": 1.0
          }
        }
      },
      "fc:koi": {
        "volume": 1.0,
        "pitch": [
          0.8,
          1.2
        ],
        "events": {
          "hurt": "mob.fish.hurt",
          "hurt.in.water": "mob.fish.hurt",
          "flop": {
            "sound": "mob.fish.flop",
            "volume": 1.0,
            "pitch": 1.0
          },
          "step": {
            "sound": "mob.fish.step",
            "volume": 0.15,
            "pitch": 1.0
          }
        }
      },
      "fc:death_worm": {
        "volume": 1.0,
        "pitch": [
          0.8,
          1.2
        ],
        "events": {
          "ambient": "mob.fc_death_worm.say",
          "hurt": "mob.fc_death_worm.hurt",
          "death": "mob.fc_death_worm.death",
          "step": {
            "sound": "mob.zombie.step",
            "volume": 0.15,
            "pitch": 1.0
          }
        }
      },
      "fc:fairy": {
        "volume": 1.0,
        "pitch": [
          0.8,
          1.2
        ],
        "events": {
          "ambient": "mob.fc_fairy.idle",
          "hurt": "mob.fc_fairy.hit",
          "death": "mob.fc_fairy.death",
          "death.to.zombie": "mob.fc_fairy.death",
          "haggle": "mob.fc_fairy.haggle",
          "haggle.yes": "mob.fc_fairy.yes",
          "haggle.no": "mob.fc_fairy.no"
        }
      }
    }
  }
}