{
	"format_version": "1.8.0",
	"animations": {
		"animation.kingghidorah.fly": {
			"loop": true,
			"animation_length": 2,
			"bones": {
				"lneck0": {
					"rotation": {
						"0.0": [-2, 0, 0],
						"0.5": [-6, 0, 0],
						"1.0": [-10, 0, 0],
						"1.5": [-1, 0, 0],
						"2.0": [-2, 0, 0]
					}
				},
				"lneck1": {
					"rotation": {
						"0.0": [-5, 0, 0],
						"0.5": [-6, 0, 0],
						"1.0": [-15, 0, 0],
						"1.5": [-20, 0, 0],
						"2.0": [-5, 0, 0]
					}
				},
				"lneck2": {
					"rotation": {
						"0.0": [-15, 0, 0],
						"0.5": [-13.33, 0, 0],
						"1.0": [-11.66, 0, 0],
						"1.5": [-10, 0, 0],
						"2.0": [-15, 0, 0]
					}
				},
				"lneck3": {
					"rotation": {
						"0.0": [-12, 0, 0],
						"0.5": [-10, 0, 0],
						"1.0": [-9.33, 0, 0],
						"1.5": [-8, 0, 0],
						"2.0": [-12, 0, 0]
					}
				},
				"lneck4": {
					"rotation": {
						"0.0": [-5, 0, 0],
						"0.5": [-6.33, 0, 0],
						"1.0": [-7.67, 0, 0],
						"1.5": [-9, 0, 0],
						"2.0": [-5, 0, 0]
					}
				},
				"lneck5": {
					"rotation": {
						"0.0": [15, 0, 0],
						"0.5": [14.34, 0, 0],
						"1.0": [13.67, 0, 0],
						"1.5": [13, 0, 0],
						"2.0": [15, 0, 0]
					}
				},
				"lneck6": {
					"rotation": {
						"0.0": [28, 0, 0],
						"0.5": [27.67, 0, 0],
						"1.0": [27.33, 0, 0],
						"1.5": [27, 0, 0],
						"2.0": [28, 0, 0]
					}
				},
				"lhead": {
					"rotation": {
						"0.0": [0, 0, 0],
						"0.5": [5, 0, 0],
						"1.0": [2, 0, 0],
						"1.5": [-1, 0, 0],
						"2.0": [0, 0, 0]
					}
				},
				"lwing": {
					"rotation": {
						"0.0": [0, 0, 0],
						"0.5": [0, -5, 0],
						"1.5": [0, 5, 0],
						"2.0": [0, 0, 0]
					}
				},
				"lw0": {
					"rotation": {
						"0.0": [0, 0, 0],
						"0.5": [5, -20, 0],
						"1.5": [-2, 20, 0],
						"2.0": [0, 0, 0]
					}
				},
				"lw3": {
					"rotation": {
						"0.0": [0, 0, 0],
						"0.5": [15, -2, 0],
						"1.5": [-5, 0, 0],
						"2.0": [0, 0, 0]
					}
				},
				"lw4": {
					"rotation": {
						"0.0": [0, 0, 0],
						"0.5": [0, -15, 0],
						"1.5": [0, 35, 0],
						"2.0": [0, 0, 0]
					}
				},
				"rwing": {
					"rotation": {
						"0.0": [0, 0, 0],
						"0.5": [0, 5, 0],
						"1.5": [0, -5, 0],
						"2.0": [0, 0, 0]
					}
				},
				"rw0": {
					"rotation": {
						"0.0": [0, 0, 0],
						"0.5": [5, 20, 0],
						"1.5": [0, -20, 0],
						"2.0": [0, 0, 0]
					}
				},
				"rw3": {
					"rotation": {
						"0.0": [0, 0, 0],
						"0.5": [15, 2, 0],
						"1.5": [-5, -2, 0],
						"2.0": [0, 0, 0]
					}
				},
				"left_leg": {
					"rotation": {
						"0.0": [0, 0, 0],
						"0.5": [-10, 0, 0],
						"1.5": [10, 0, 0],
						"2.0": [0, 0, 0]
					}
				},
				"right_leg": {
					"rotation": {
						"0.0": [0, 0, 0],
						"0.5": [10, 0, 0],
						"1.5": [-10, 0, 0],
						"2.0": [0, 0, 0]
					}
				},
				"tail01": {
					"rotation": {
						"0.0": [2, 0, 0],
						"0.5": [-2, 0, 0],
						"1.0": [2, 0, 0]
					}
				},
				"tail02": {
					"rotation": {
						"0.0": [9, 0, 0],
						"0.5": [2, 0, 0],
						"1.0": [9, 0, 0]
					}				},
				"tail03": {
					"rotation": [10, 0, 0]
				},
				"tail04": {
					"rotation": [9, 0, 0]
				},
				"tail05": {
					"rotation": [-9, 0, 0]
				},
				"tail6": {
					"rotation": [-15, 0, 0]
				},
				"tail7": {
					"rotation": [-15, 0, 0]
				},
				"tail8": {
					"rotation": [-9, 0, 0]
				},
				"tail9": {
					"rotation": [9, 0, 0]
				},
				"lxiae": {
					"rotation": {
						"0.0": [35, 0, 0],
						"0.5": [0, 0, 0],
						"1.0": [35, 0, 0],
						"1.5": [5, 0, 0],
						"2.0": [35, 0, 0]
					}
				},
				"tail011": {
					"rotation": {
						"0.0": [-2, 0, 0],
						"0.5": [0, 0, 0],
						"1.0": [2, 0, 0],
						"1.5": [0, 0, 0],
						"2.0": [-2, 0, 0]
					}
				},
				"tail021": {
					"rotation": {
						"0.0": [-2, 0, 0],
						"0.5": [0, 0, 0],
						"1.0": [2, 0, 0],
						"1.5": [0, 0, 0],
						"2.0": [-2, 0, 0]
					}
				},
				"tail031": {
					"rotation": [9, 0, 0]
				},
				"tail041": {
					"rotation": [7, 0, 0]
				},
				"tail051": {
					"rotation": [9, 0, 0]
				},
				"tail61": {
					"rotation": [7, 0, 0]
				},
				"tail71": {
					"rotation": [-8, 0, 0]
				},
				"tail81": {
					"rotation": [-15, 0, 0]
				},
				"tail91": {
					"rotation": [-15, 0, 0]
				},
				"cneck": {
					"rotation": {
						"0.0": [2, 0, 0],
						"0.5": [-5, 0, 0],
						"1.0": [-3.5, 0, 0],
						"1.5": [-2, 0, 0],
						"2.0": [2, 0, 0]
					}
				},
				"cneck0": {
					"rotation": {
						"0.0": [-20, 0, 0],
						"0.5": [-7, 0, 0],
						"1.0": [-5.5, 0, 0],
						"1.5": [-4, 0, 0],
						"2.0": [-20, 0, 0]
					}
				},
				"cneck1": {
					"rotation": {
						"0.0": [-10, 0, 0],
						"0.5": [-13, 0, 0],
						"1.0": [-8.5, 0, 0],
						"1.5": [-4, 0, 0],
						"2.0": [-10, 0, 0]
					}
				},
				"cneck2": {
					"rotation": [-25, 0, 0]
				},
				"cneck3": {
					"rotation": [-10, 0, 0]
				},
				"cneck4": {
					"rotation": [25, 0, 0]
				},
				"cneck5": {
					"rotation": [25, 0, 0]
				},
				"cneck6": {
					"rotation": [25, 0, 0]
				},
				"chead": {
					"rotation": [-10, 0, 0]
				},
				"xiae": {
					"rotation": {
						"0.0": [30, 0, 0],
						"0.5": [10, 0, 0],
						"1.0": [30, 0, 0],
						"1.5": [0, 0, 0],
						"2.0": [30, 0, 0]
					}
				},
				"rneck": {
					"rotation": {
						"0.0": [-5, 0, 0],
						"0.5": [-2, 0, 0],
						"1.0": [-5, 0, 0],
						"1.5": [-8, 0, 0],
						"2.0": [-5, 0, 0]
					}
				},
				"rneck0": {
					"rotation": {
						"0.0": [-5, 0, 0],
						"0.5": [-2, 0, 0],
						"1.0": [-5, 0, 0],
						"1.5": [-8, 0, 0],
						"2.0": [-5, 0, 0]
					}
				},
				"rneck1": {
					"rotation": {
						"0.0": [-10, 0, 0],
						"0.5": [-10, 0, 0],
						"1.0": [-10, 0, 0],
						"1.5": [-18, 0, 0],
						"2.0": [-10, 0, 0]
					}
				},
				"rneck2": {
					"rotation": [-5, 0, 0]
				},
				"rneck3": {
					"rotation": [5, 0, 0]
				},
				"rneck4": {
					"rotation": [10, 0, 0]
				},
				"rneck5": {
					"rotation": [5, 0, 0]
				},
				"rneck6": {
					"rotation": [10, 0, 0]
				},
				"rhead": {
					"rotation": [5, 0, 0]
				},
				"rxiae": {
					"rotation": [5, 0, 0]
				},
				"lneck": {
					"rotation": {
						"0.0": [0, 0, 0],
						"0.5": [-5, 0, 0],
						"1.0": [0, 0, 0],
						"1.5": [-1, 0, 0],
						"2.0": [0, 0, 0]
					}
				},
				"rw4": {
					"rotation": {
						"0.0": [0, 0, 0],
						"0.5": [0, 15, 0],
						"1.0": [0, 0, 0],
						"1.5": [0, -35, 0],
						"2.0": [0, 0, 0]
					}
				},
				"rw00": {
					"rotation": {
						"0.0": [0, 0, 0],
						"0.5": [0, 0, 0],
						"1.0": [0, 0, 0],
						"1.5": [0, 0, 0],
						"2.0": [0, 0, 0]
					}
				},
				"tail001": {
					"rotation": {
						"0.0": [-1, 0, 0],
						"0.5": [0, 0, 0],
						"1.0": [0, 0, 0],
						"1.5": [0, 0, 0],
						"2.0": [-1, 0, 0]
					}
				}
			}
		},
		"animation.kingghidorah.lightning": {
			"loop": true,
			"animation_length": 6,
			"bones": {
				"body": {
					"rotation": {
						"0.0": [-60, 0, 0],
						"1.0": [-85, 0, 0]
					}
				},
				"tail00": {
					"rotation": {
						"0.0": [25, 0, -10],
						"1.0": [35, 0, -10]
					}
				},
				"tail01": {
					"rotation": [20, 0, 0]
				},
				"tail02": {
					"rotation": [20, 0, 0]
				},
				"tail03": {
					"rotation": [20, 0, 0]
				},
				"tail04": {
					"rotation": [10, 0, 0]
				},
				"tail05": {
					"rotation": [-5, 0, 0]
				},
				"tail6": {
					"rotation": [-20, 0, 0]
				},
				"tail7": {
					"rotation": [-15, 0, 0]
				},
				"tail8": {
					"rotation": [5, 0, 0]
				},
				"tail9": {
					"rotation": [15, 0, 0]
				},
				"tail10": {
					"rotation": [15, 0, 0]
				},
				"cneck": {
					"rotation": [-20, 0, 0]
				},
				"cneck0": {
					"rotation": [5, 0, 0]
				},
				"cneck1": {
					"rotation": [25, 0, 0]
				},
				"cneck2": {
					"rotation": [20, 0, 0]
				},
				"cneck3": {
					"rotation": [15, 0, 0]
				},
				"cneck4": {
					"rotation": [30, 0, 0]
				},
				"cneck5": {
					"rotation": [25, 0, 0]
				},
				"cneck6": {
					"rotation": [15, 0, 0]
				},
				"chead": {
					"rotation": {
						"0.0": [-40, 0, 0],
						"1.0": [-30, 0, 0]
					}
				},
				"xiae": {
					"rotation": [50, 0, 0]
				},
				"lneck": {
					"rotation": [-30, 0, 15]
				},
				"lneck0": {
					"rotation": [20, 0, 0]
				},
				"lneck1": {
					"rotation": [40, 0, 0]
				},
				"lneck2": {
					"rotation": [20, 0, 0]
				},
				"lneck3": {
					"rotation": [35, 0, 0]
				},
				"lneck4": {
					"rotation": [15, 0, 0]
				},
				"lneck5": {
					"rotation": [0, 0, 0]
				},
				"lneck6": {
					"rotation": [-25, 0, 0]
				},
				"lhead": {
					"rotation": {
						"0.0": [-15, 0, 0],
						"1.0": [15, 0, 0]
					}
				},
				"lxiae": {
					"rotation": [50, 0, 0]
				},
				"rneck": {
					"rotation": [-45, -5, -15]
				},
				"rneck0": {
					"rotation": [25, 0, 0]
				},
				"rneck1": {
					"rotation": [20, 0, 0]
				},
				"rneck2": {
					"rotation": [35, 0, 0]
				},
				"rneck3": {
					"rotation": [30, 0, 0]
				},
				"rneck4": {
					"rotation": [25, 0, 0]
				},
				"rneck5": {
					"rotation": [25, 0, 0]
				},
				"rhead": {
					"rotation": {
						"0.0": [-45, 0, 335],
						"1.0": [-15, 0, 335]
					}
				},
				"rxiae": {
					"rotation": [-295, 0, 0]
				},
				"tail001": {
					"rotation": {
						"0.0": [40, 0, 15],
						"1.0": [55, 0, 15]
					}
				},
				"tail011": {
					"rotation": [30, 0, 0]
				},
				"tail021": {
					"rotation": [5, 0, 0]
				},
				"tail031": {
					"rotation": [-10, 0, 0]
				},
				"tail041": {
					"rotation": [-10, 0, 0]
				},
				"tail051": {
					"rotation": [-10, 0, 0]
				},
				"tail61": {
					"rotation": [10, 0, 0]
				},
				"tail71": {
					"rotation": [20, 0, 0]
				},
				"tail81": {
					"rotation": [10, 0, 0]
				},
				"tail91": {
					"rotation": [15, 0, 0]
				},
				"tail101": {
					"rotation": [10, 0, 0]
				},
				"lwing": {
					"rotation": [-10, -10, -20]
				},
				"lw2": {
					"rotation": [0, 0, 5]
				},
				"lw3": {
					"rotation": {
						"0.0": [-35, 5, 0],
						"1.0": [0, 0, 0]
					}
				},
				"lw6": {
					"rotation": [0, 5, 0]
				},
				"lw01": {
					"rotation": [-15, 0, 0]
				},
				"rwing": {
					"rotation": [-15, 0, 20]
				},
				"rw3": {
					"rotation": {
						"0.0": [-55, 0, 0],
						"1.0": [0, 0, 0]
					}
				},
				"rw8": {
					"rotation": [-5, 0, 0]
				},
				"rw61": {
					"rotation": [-50, 0, 0]
				},
				"left_leg": {
					"rotation": {
						"0.0": [-15, -25, 0],
						"1.0": [5, -25, 0]
					}
				},
				"left_leg0": {
					"rotation": [-5, 0, 0]
				},
				"left_leg1": {
					"rotation": [40, 0, 0]
				},
				"left_jz": {
					"rotation": [-5, -355, -350]
				},
				"left_jz0": {
					"rotation": [0, 0, 0]
				},
				"right_leg": {
					"rotation": {
						"0.0": [-5, 20, 0],
						"1.0": [15, 20, 0]
					}
				},
				"right_leg0": {
					"rotation": [-10, 0, 0]
				},
				"right_leg1": {
					"rotation": [30, 0, 0]
				},
				"right_jz": {
					"rotation": [0, 0, -5]
				},
				"rneck6": {
					"rotation": [-10, 0, 0]
				}
			}
		},
		"animation.kingghidorah.ground": {
			"loop": true,
			"bones": {
				"body": {
					"rotation": [-90, 0, 0]
				},
				"tail00": {
					"rotation": [25, 0, -10]
				},
				"tail01": {
					"rotation": [20, 0, 0]
				},
				"tail02": {
					"rotation": [20, 0, 0]
				},
				"tail03": {
					"rotation": [20, 0, 0]
				},
				"tail04": {
					"rotation": [10, 0, 0]
				},
				"tail05": {
					"rotation": [-5, 0, 0]
				},
				"tail6": {
					"rotation": [-20, 0, 0]
				},
				"tail7": {
					"rotation": [-15, 0, 0]
				},
				"tail8": {
					"rotation": [5, 0, 0]
				},
				"tail9": {
					"rotation": [15, 0, 0]
				},
				"tail10": {
					"rotation": [15, 0, 0]
				},
				"cneck": {
					"rotation": [-15, 0, 0]
				},
				"cneck0": {
					"rotation": [5, 0, 0]
				},
				"cneck1": {
					"rotation": [25, 0, 0]
				},
				"cneck2": {
					"rotation": [20, 0, 0]
				},
				"cneck3": {
					"rotation": [15, 0, 0]
				},
				"cneck4": {
					"rotation": [30, 0, 0]
				},
				"cneck5": {
					"rotation": [25, 0, 0]
				},
				"cneck6": {
					"rotation": [15, 0, 0]
				},
				"chead": {
					"rotation": [-25, 0, 0]
				},
				"xiae": {
					"rotation": [50, 0, 0]
				},
				"lneck": {
					"rotation": [-5, 0, 0]
				},
				"lneck0": {
					"rotation": [20, 0, 0]
				},
				"lneck1": {
					"rotation": [40, 0, 0]
				},
				"lneck2": {
					"rotation": [20, 0, 0]
				},
				"lneck3": {
					"rotation": [35, 0, 0]
				},
				"lneck4": {
					"rotation": [15, 0, 0]
				},
				"lneck5": {
					"rotation": [0, 0, 0]
				},
				"lneck6": {
					"rotation": [-25, 0, 0]
				},
				"lhead": {
					"rotation": [-15, 0, 0]
				},
				"lxiae": {
					"rotation": [50, 0, 0]
				},
				"rneck": {
					"rotation": [-40, -5, -15]
				},
				"rneck0": {
					"rotation": [25, 0, 0]
				},
				"rneck1": {
					"rotation": [20, 0, 0]
				},
				"rneck2": {
					"rotation": [35, 0, 0]
				},
				"rneck3": {
					"rotation": [30, 0, 0]
				},
				"rneck4": {
					"rotation": [30, 0, 0]
				},
				"rneck5": {
					"rotation": [25, 0, 0]
				},
				"rhead": {
					"rotation": [0, 0, 335]
				},
				"rxiae": {
					"rotation": [-295, 0, 0]
				},
				"tail001": {
					"rotation": [40, 0, 15]
				},
				"tail011": {
					"rotation": [30, 0, 0]
				},
				"tail021": {
					"rotation": [5, 0, 0]
				},
				"tail031": {
					"rotation": [-10, 0, 0]
				},
				"tail041": {
					"rotation": [-10, 0, 0]
				},
				"tail051": {
					"rotation": [-10, 0, 0]
				},
				"tail61": {
					"rotation": [10, 0, 0]
				},
				"tail71": {
					"rotation": [20, 0, 0]
				},
				"tail81": {
					"rotation": [10, 0, 0]
				},
				"tail91": {
					"rotation": [15, 0, 0]
				},
				"tail101": {
					"rotation": [10, 0, 0]
				},
				"lwing": {
					"rotation": [0, 0, -25]
				},
				"lw2": {
					"rotation": [0, 0, 5]
				},
				"lw3": {
					"rotation": [-35, 5, 0]
				},
				"lw6": {
					"rotation": [0, 5, 0]
				},
				"lw01": {
					"rotation": [-15, 0, 0]
				},
				"rwing": {
					"rotation": [0, 0, 20]
				},
				"rw3": {
					"rotation": [-55, 0, 0]
				},
				"rw8": {
					"rotation": [-5, 0, 0]
				},
				"rw61": {
					"rotation": [-50, 0, 0]
				},
				"left_leg": {
					"rotation": [-40, 0, -15]
				},
				"left_leg0": {
					"rotation": [-5, 0, 0]
				},
				"left_leg1": {
					"rotation": [40, 0, 0]
				},
				"left_jz": {
					"rotation": [-5, -355, -350]
				},
				"left_jz0": {
					"rotation": [0, 0, 0]
				},
				"right_leg": {
					"rotation": [-35, 20, 0]
				},
				"right_leg0": {
					"rotation": [-10, 0, 0]
				},
				"right_leg1": {
					"rotation": [30, 0, 0]
				},
				"right_jz": {
					"rotation": [0, 0, -5]
				}
			}
		}
	}
}