{
	"format_version": "1.8.0",
	"animations": {
    "animation.crimsongodzilla.look_at_target": {
      "loop": true,
      "bones": {
        "head": {
          "rotation": [ "Math.clamp(query.target_x_rotation, -15, 15)", "Math.clamp(query.target_y_rotation, -45, 45)", "Math.clamp(query.target_z_rotation, -45, 45)" ]        }
      }
    },
		"animation.crimsongodzilla.general": {
			"loop": true,
			"animation_length": 8,
			"bones": {
				"body": {
					"rotation": {
						"0.0": [0, 0, 0],
						"4.0": [2.5, 0, 0],
						"8.0": [0, 0, 0]
					},
					"position": {
						"0.0": [0, 0, 0],
						"4.0": [0, -1, 0],
						"8.0": [0, 0, 0]
					}
				},
				"tail7": {
					"rotation": {
						"0.0": [0, 0, 0],
						"2.0": [0, 5, 0],
						"6.0": [0, -5, 0],
						"8.0": [0, 0, 0]
					}
				},
				"tail1": {
					"rotation": {
						"0.0": [0, 0, 0],
						"2.0": [0, 0, -2.5],
						"6.0": [0, 0, 2.5],
						"8.0": [0, 0, 0]
					}
				},
				"tail2": {
					"rotation": {
						"0.0": [0, 0, 0],
						"2.0": [0, 0, -2.5],
						"6.0": [0, 0, 2.5],
						"8.0": [0, 0, 0]
					}
				},
				"tail3": {
					"rotation": {
						"0.0": [0, 0, 0],
						"2.0": [0, 0, -2.5],
						"6.0": [0, 0, 2.5],
						"8.0": [0, 0, 0]
					}
				},
				"tail4": {
					"rotation": {
						"0.0": [0, 0, 0],
						"2.0": [0, 0, -2.75],
						"6.0": [0, 0, 2.75],
						"8.0": [0, 0, 0]
					}
				},
				"tail5": {
					"rotation": {
						"0.0": [0, 0, 0],
						"2.0": [0, 0, -2.75],
						"6.0": [0, 0, 2.75],
						"8.0": [0, 0, 0]
					}
				},
				"tail6": {
					"rotation": {
						"0.0": [0, 0, 0],
						"2.0": [0, 0, -2.75],
						"6.0": [0, 0, 2.75],
						"8.0": [0, 0, 0]
					}
				},
				"thigh0": {
					"rotation": {
						"0.0": [0, 0, 0],
						"4.0": [0, 0, 0],
						"8.0": [0, 0, 0]
					},
					"position": {
						"0.0": [0, 0, 0],
						"4.0": [0, -1, 0],
						"8.0": [0, 0, 0]
					}
				},
				"thigh1": {
					"rotation": {
						"0.0": [0, 0, 0],
						"4.0": [0, 0, 0],
						"8.0": [0, 0, 0]
					},
					"position": {
						"0.0": [0, 0, 0],
						"4.0": [0, -1, 0],
						"8.0": [0, 0, 0]
					}
				},
				"xiae": {
					"rotation": {
						"0.0": [0, 0, 0],
						"2.0": [10, 0, 0],
						"4.0": [0, 0, 0],
						"6.0": [10, 0, 0],
						"8.0": [0, 0, 0]
					}
				},
				"right_arm": {
					"rotation": {
						"0.0": [0, 0, 0],
						"2.0": [-5, 0, 0],
						"6.0": [3, 0, 0],
						"8.0": [0, 0, 0]
					}
				},
				"left_arm": {
					"rotation": {
						"0.0": [0, 0, 0],
						"2.0": [3, 0, 0],
						"6.0": [-5, 0, 0],
						"8.0": [0, 0, 0]
					}
				}
			}
		},
		"animation.crimsongodzilla.roar": {
			"loop": true,
			"animation_length": 2,
			"bones": {
				"atom": {
					"scale": {
						"0.0": [0, 0, 0],
						"2.0": [80, 80, 80]
					}
				}
			}
		},
		"animation.crimsongodzilla.walk": {
			"loop": true,
			"animation_length": 4,
			"bones": {
				"body": {
					"rotation": {
						"0.0": [0, 0, 0],
						"2.0": [3, 0, 0],
						"4.0": [0, 0, 0]
					}
				},
				"thigh0": {
					"rotation": {
						"0.0": [0, 0, 0],
						"1.0": [10, 0, 0],
						"2.0": [0, 0, 0],
						"3.0": [-16, 0, 0],
						"4.0": [0, 0, 0]
					}
				},
				"thigh1": {
					"rotation": {
						"0.0": [0, 0, 0],
						"1.0": [-16, 0, 0],
						"2.0": [0, 0, 0],
						"3.0": [10, 0, 0],
						"4.0": [0, 0, 0]
					}
				}
			}
		},
		"animation.crimsongodzilla.atom": {
			"loop": true,
			"animation_length": 12,
			"bones": {
				"body": {
					"rotation": {
						"0.0": [0, 0, 0],
						"2.0": [65, 0, 0]
					}
				},
				"body1": {
					"rotation": {
						"0.0": [0, 0, 0],
						"2.0": [-15, 0, 0]
					}
				},
				"body2": {
					"rotation": {
						"0.0": [0, 0, 0],
						"2.0": [-20, 0, 0]
					}
				},
				"head": {
					"rotation": {
						"0.0": [0, 0, 0],
						"2.0": [-30, 0, 0]
					},
					"position": {
						"0.0": [0, 0, 0],
						"2.0": [0, -2, 0]
					}
				},
				"xiae": {
					"rotation": {
						"0.0": [0, 0, 0],
						"2.0": [40, 0, 0]
					}
				},
				"tail7": {
					"rotation": {
						"0.0": [0, 0, 0],
						"0.5": [-15, 0, 0],
						"1.0": [-30, 0, 0],
						"1.5": [-50, 0, 0],
						"2.0": [-60, 0, 0]
                    },
					"position": {
						"0.0": [0, 0, 0],
						"1.0": [0, 0, 0],
						"2.0": [0, 5, 2.5]
					}
				},
				"right_arm": {
					"rotation": {
						"0.0": [0, 0, 0],
						"2.0": [-40, 0, 0]
					}
				},
				"left_arm": {
					"rotation": {
						"0.0": [0, 0, 0],
						"2.0": [-65, 0, 0]
					}
				},
				"thigh0": {
					"rotation": {
						"0.0": [-15, 0, 0],
						"2.0": [-55, 0, 0]
					}
				},
				"right_leg": {
					"rotation": {
						"0.0": [15, 0, 0],
						"2.0": [-55, 0, 0]
					}
				}
			}
		},
		"animation.crimsongodzilla.roar1": {
			"loop": true,
			"animation_length": 6,
			"bones": {
				"xiae": {
					"rotation": {
						"0.0": [0, 0, 0],
						"1.0": [30, 0, 0]
					}
				},
				"head": {
					"rotation": {
						"0.0": [0, 0, 0],
						"1.0": [-15, 5, 0],
						"2.0": [-15, -5, 0],
						"3.0": [-15, 5, 5],
						"4.0": [-15, -5, -5],
						"5.0": [-15, 0, 0],
						"6.0": [0, 0, 0]
					}
				},
				"tail7": {
					"rotation": {
						"0.0": [0, 0, 0],
						"6.0": [0, 0, 0]
					}
				},
				"right_arm": {
					"rotation": {
						"0.0": [0, 0, 0],
						"1.0": [-30, 0, 0],
						"6.0": [0, 0, 0]
					}
				},
				"left_arm": {
					"rotation": {
						"0.0": [0, 0, 0],
						"1.0": [-40, 0, 0],
						"6.0": [0, 0, 0]
					}
				},
				"left_leg": {
					"rotation": {
						"0.0": [0, 0, 0],
						"1.0": [-20, 0, 0],
						"6.0": [0, 0, 0]
					}
				},
				"body": {
					"rotation": {
						"0.0": [0, 0, 0],
						"1.0": [20, 0, 0],
						"6.0": [0, 0, 0]
					}
				},
				"right_leg": {
					"rotation": {
						"0.0": [0, 0, 0],
						"1.0": [-20, 0, 0],
						"6.0": [0, 0, 0]
					}
				}
			}
		}
	}
}