{
	"format_version": "1.8.0",
	"animations": {
		"animation.mothra.fly": {
			"loop": true,
			"animation_length": 1.04,
			"bones": {
				"body": {
					"rotation": {
						"0.0": [0, 0, 0],
						"0.5167": [-10, 0, 0],
						"1.0": [0, 0, 0]
					}
				},
				"left_wing0": {
					"rotation": {
						"0.0": [0, 0, 20],
						"0.5167": [0, 0, -35],
						"0.9667": [0, 0, 20]
					}
				},
				"right_wing": {
					"rotation": {
						"0.0": [0, 0, -20],
						"0.5167": [0, 0, 30],
						"0.9667": [0, 0, -20]
					}
				},
				"left_wing1": {
					"rotation": [0, 0, 20]
				},
				"right_wing1": {
					"rotation": [0, 0, -15]
				},
				"head": {
					"rotation": {
						"0.0": [0, 0, 0],
						"0.5167": [-10, 0, 0],
						"1.0333": [0, 0, 0]
					}
				}
			}
		},
		"animation.mothra.attack": {
			"loop": true,
			"animation_length": 1.5667,
			"bones": {
				"body": {
					"rotation": {
						"0.0": [0, 0, 0],
						"0.5167": [-60, 0, 0],
						"1.0333": [60, 0, 0],
						"1.5667": [0, 0, 0]
					}
				},
				"left_forelimb0": {
					"rotation": {
						"0.0": [0, 0, 0],
						"0.5167": [-45, 0, 0],
						"1.0333": [5, 0, 0],
						"1.5167": [0, 0, 0]
					}
				},
				"right_forelimb0": {
					"rotation": {
						"0.0": [0, 0, 0],
						"0.5167": [-45, 0, 0],
						"1.0333": [5, 0, 0],
						"1.5167": [0, 0, 0]
					}
				}
			}
		}
	}
}