{
	"format_version": "1.8.0",
	"animations": {
		"animation.fast_paced_bow.hold": {
			"loop": true,
			"bones": {
				"leftleg": {
					"rotation": [0, 0, -7.5]
				},
				"rightleg": {
					"rotation": [-4.92442, 0.86717, 9.96271]
				},
				"waist": {
					"rotation": [2.50954, 4.99523, 0.21865]
				},
				"leftArm": {
					"rotation": [0, 0, -7.5]
				},
				"rightArm": {
					"rotation": [7.5, 0, 12.5]
				},
				"lowerrarm": {
					"rotation": [-17.5, 0, 0]
				}
			}
		},
		"animation.fast_paced_bow.charge_bow": {
			"animation_length": 1.1,
			"override_previous_animation": true,
			"loop": "hold_on_last_frame",
			"bones": {
				"waist": {
					"rotation": {
						"0.0": [2.50954, 4.99523, 0.21865],
						"0.1": [2.56062, -12.48791, -0.55404],
						"0.5": [4.10228, -52.42899, -3.25353],
						"1.0": [5.40158, -62.39543, -4.78974]
					}
				},
				"leftArm": {
					"rotation": {
						"0.0": [0, 0, -7.5],
						"0.1": [-49.04618, 49.85118, 26.05941],
						"0.5": [-129.15742, 66.72212, -48.55612],
						"1.0": [-133.16363, 68.60557, -52.88643]
					}
				},
				"rightArm": {
					"rotation": {
						"0.0": [7.5, 0, 12.5],
						"0.1": [-67.5, 0, 12.5],
						"0.5": [-87.91111, 49.63907, 5.45566],
						"1.0": [-87.32392, 59.6306, 6.17299]
					}
				},
				"lowerrarm": {
					"rotation": {
						"0.0": [-17.5, 0, 0],
						"0.5": [-5, 0, 0]
					}
				},
				"lowerlarm": {
					"rotation": {
						"0.0": [0, 0, 0],
						"0.1": [-20, 0, 0]
					}
				}
			}
		},
		"animation.fast_paced_bow.release_bow": {
			"animation_length": 1.1,
			"override_previous_animation": true,
			"bones": {
				"waist": {
					"rotation": {
						"0.0": [5.40158, -62.39543, -4.78974],
						"0.2": [5.40158, -62.39543, -4.78974],
						"0.8": [2.50954, 4.99523, 0.21865]
					}
				},
				"leftArm": {
					"rotation": {
						"0.0": [-133.16363, 68.60557, -52.88643],
						"0.2": [-153.32685, 37.9321, -5.7725],
						"0.8": [0, 0, -7.5]
					}
				},
				"rightArm": {
					"rotation": {
						"0.0": [-87.32392, 59.6306, 6.17299],
						"0.2": [-72.32392, 59.6306, 6.17299],
						"0.8": [7.5, 0, 12.5]
					}
				},
				"lowerrarm": {
					"rotation": {
						"0.0": [-5, 0, 0],
						"0.8": [-17.5, 0, 0]
					}
				},
				"lowerlarm": {
					"rotation": {
						"0.0": [-20, 0, 0],
						"0.2": [-57.5, 0, 0],
						"0.9": [-2.5, 0, 0]
					}
				}
			}
		},
		"animation.fast_paced_bow.charge_crossbow": {
			"animation_length": 1.5,
			"override_previous_animation": true,
			"bones": {
				"waist": {
					"rotation": {
						"0.0": [2.50954, 4.99523, 0.21865],
						"0.1": [2.56062, -12.48791, -0.55404]
					}
				},
				"leftArm": {
					"rotation": {
						"0.0": [0, 0, -7.5],
						"0.1": [-56.5968, 39.85571, 15.40981],
						"0.6": [-25.58678, 64.53645, 70.80408],
						"1.2": [-72.6474, 51.28258, -4.78914]
					}
				},
				"rightArm": {
					"rotation": {
						"0.0": [7.5, 0, 12.5],
						"0.1": [-36.19714, -10.54794, -1.54397],
						"0.6": [-53.69714, -10.54794, -1.54397],
						"1.2": [-68.02004, -19.68794, -0.38749]
					}
				},
				"lowerrarm": {
					"rotation": [-17.5, 0, 0]
				},
				"lowerlarm": {
					"rotation": {
						"0.0": [0, 0, 0],
						"0.1": [-20, 0, 0]
					}
				},
				"rightItem": {
					"rotation": {
						"0.8": [0, 0, 0],
						"0.9": [0, 0, 32.5]
					}
				}
			}
		},
		"animation.fast_paced_bow.hold_crossbow": {
			"loop": true,
			"override_previous_animation": true,
			"bones": {
				"waist": {
					"rotation": [2.50954, 4.99523, 0.21865]
				},
				"leftArm": {
					"rotation": [-72.6474, 51.28258, -4.78914]
				},
				"rightArm": {
					"rotation": [-68.02004, -19.68794, -0.38749]
				},
				"lowerrarm": {
					"rotation": [-17.5, 0, 0]
				},
				"lowerlarm": {
					"rotation": [-12.5, 0, 0]
				},
				"rightItem": {
					"rotation": [0, 0, 32.5]
				}
			}
		}
	}
}