{
	"format_version": "1.8.0",
	"animations": {
		"animation.bec_de_corbin.stance_0": {
			"loop": true,
			"override_previous_animation": true,
			"bones": {
				"waist": {
					"rotation": [0, 47.5, 0]
				},
				"leftArm": {
					"rotation": [-66.86696, 27.38656, 2.59775]
				},
				"lowerlarm": {
					"rotation": [-27.5, 0, 0]
				},
				"rightArm": {
					"rotation": [13.30914, -46.49794, 18.20222]
				},
				"lowerrarm": {
					"rotation": [-57.5, 0, 0]
				}
			}
		},
		"animation.bec_de_corbin.attack_stance0_0": {
			"loop": "hold_on_last_frame",
			"animation_length": 0.92,
			"override_previous_animation": true,
			"bones": {
				"waist": {
					"rotation": {
						"0.0": [0, 47.5, 0],
						"0.12": [-17.5, -25, 0],
						"0.44": [-21.17847, -40.92329, 6.65811],
						"0.52": [33.08678, 58.46549, 10.07245],
						"0.84": [100.68882, 72.54874, 88.31417]
					}
				},
				"leftArm": {
					"rotation": {
						"0.0": [-66.86696, 27.38656, 2.59775],
						"0.12": [-115.56931, 31.92004, 0.1697],
						"0.44": [-115.56931, 31.92004, 0.1697],
						"0.52": [-64.36696, 27.38656, 2.59775],
						"0.84": [-71.86696, 27.38656, 2.59775]
					}
				},
				"lowerlarm": {
					"rotation": {
						"0.0": [-27.5, 0, 0],
						"0.52": [-10, 0, 0],
						"0.84": [-5, 0, 0]
					}
				},
				"rightArm": {
					"rotation": {
						"0.0": [13.30914, -46.49794, 18.20222],
						"0.12": [-44.19086, -46.49794, 18.20222],
						"0.44": [-28.85454, -33.01485, 31.81391],
						"0.52": [-0.31454, -30.84257, 73.24688],
						"0.84": [9.84942, -33.80023, 60.74539]
					}
				},
				"lowerrarm": {
					"rotation": {
						"0.0": [-57.5, 0, 0],
						"0.52": [-70, 0, 0],
						"0.84": [-70, 0, 0]
					}
				},
				"root": {
					"rotation": {
						"0.0": [0, 7.5, 0],
						"0.12": [0, 0, 0],
						"0.44": [0, 0, 0],
						"0.52": [0, 0, 0]
					},
					"position": {
						"0.12": [0, -1, 0],
						"0.52": [0, -2, -5]
					}
				},
				"rightItem": {
					"rotation": {
						"0.0": [0, 0, 0],
						"0.12": [0, -10, 67.5],
						"0.44": [11.79397, 1.16838, 12.91349],
						"0.52": [0, 0, 20],
						"0.84": [0, 0, 55]
					},
					"position": [1, 0, 0]
				},
				"leftleg": {
					"rotation": {
						"0.0": [0, 0, 0],
						"0.12": [22.5, 0, 0],
						"0.48": [-80, 0, 0],
						"0.52": [-52.5, 0, 0]
					}
				},
				"lowerlleg": {
					"rotation": {
						"0.0": [0, 0, 0],
						"0.12": [10, 0, 0],
						"0.48": [76, 0, 0],
						"0.52": [50, 0, 0]
					}
				},
				"rightleg": {
					"rotation": {
						"0.0": [0, 0, 0],
						"0.12": [-32.5, 0, 0],
						"0.52": [15, 0, 0]
					}
				},
				"lowerrleg": {
					"rotation": {
						"0.0": [0, 0, 0],
						"0.12": [32.5, 0, 0],
						"0.44": [32.5, 0, 0]
					}
				}
			}
		},
		"animation.bec_de_corbin.inbetween_stance0_0": {
			"loop": true,
			"override_previous_animation": true,
			"bones": {
				"waist": {
					"rotation": [33.08678, 58.46549, 10.07245]
				},
				"leftArm": {
					"rotation": [-64.36696, 27.38656, 2.59775]
				},
				"lowerlarm": {
					"rotation": [-10, 0, 0]
				},
				"rightArm": {
					"rotation": [-0.31454, -30.84257, 73.24688]
				},
				"lowerrarm": {
					"rotation": [-70, 0, 0]
				},
				"root": {
					"rotation": [0, 0, 0],
					"position": [0, -2, -5]
				},
				"rightItem": {
					"rotation": [0, -10, 20]
				},
				"leftleg": {
					"rotation": [-52.5, 0, 0]
				},
				"lowerlleg": {
					"rotation": [50, 0, 0]
				},
				"rightleg": {
					"rotation": [15, 0, 0]
				},
				"lowerrleg": {
					"rotation": [0, 0, 0]
				}
			}
		},
		"animation.bec_de_crobin.attack_stance0_1": {
			"loop": "hold_on_last_frame",
			"animation_length": 0.68,
			"override_previous_animation": true,
			"bones": {
				"root": {
					"rotation": {
						"0.0": [0, 0, 0],
						"0.12": [4.7113, 52.50896, -0.35788],
						"0.28": [6.78019, 64.94866, 2.04833],
						"0.36": [3.29789, 37.15385, -0.61314],
						"0.68": [0, 37.5, 0]
					},
					"position": {
						"0.0": [0, -2, -5],
						"0.12": [0, 0, 8],
						"0.28": [0, 0, 8],
						"0.36": [0, 0, -8],
						"0.6": [0, 0, -13],
						"0.68": [0, 0, 0]
					}
				},
				"waist": {
					"rotation": {
						"0.0": [33.08678, 58.46549, 10.07245],
						"0.12": [23.02866, 29.80534, 1.10227],
						"0.28": [25.86567, 38.91551, 6.11086],
						"0.36": [33.65734, 24.66209, 23.59051],
						"0.6": [33.65734, 24.66209, 23.59051],
						"0.68": [12.5, 27.5, 0]
					}
				},
				"leftArm": {
					"rotation": {
						"0.0": [-64.36696, 27.38656, 2.59775],
						"0.12": [-35.7367, 15.18892, 13.16783],
						"0.28": [-35.7367, 15.18892, 13.16783],
						"0.36": [-42.28339, -28.29849, -43.20634],
						"0.6": [-54.78339, -28.29849, -43.20634],
						"0.68": [-42.5, 0, 0]
					}
				},
				"lowerlarm": {
					"rotation": {
						"0.0": [-10, 0, 0],
						"0.12": [-30, 0, 0],
						"0.28": [-30, 0, 0],
						"0.36": [-52.5, 0, 0],
						"0.48": [-52.5, 0, 0],
						"0.56": [-15, 0, 0]
					}
				},
				"rightArm": {
					"rotation": {
						"0.0": [-0.31454, -30.84257, 73.24688],
						"0.12": [14.03689, -60.97335, 43.59641],
						"0.28": [14.03689, -60.97335, 43.59641],
						"0.36": [-73.46311, -60.97335, 43.59641],
						"0.48": [-73.46311, -60.97335, 43.59641],
						"0.6": [-15.96311, -60.97335, 43.59641],
						"0.68": [-15.96311, -60.97335, 43.59641]
					}
				},
				"lowerrarm": {
					"rotation": {
						"0.0": [-70, 0, 0],
						"0.12": [-57.51808, 1.70025, -1.85881],
						"0.28": [-57.51808, 1.70025, -1.85881],
						"0.36": [-2.51808, 1.70025, -1.85881],
						"0.48": [-2.51808, 1.70025, -1.85881],
						"0.6": [-50, 0, 0],
						"0.68": [-32.5, 0, 0]
					}
				},
				"rightItem": {
					"rotation": [0, -10, 20],
					"position": {
						"0.0": [0, 0, -2],
						"0.12": [0, 0, 1],
						"0.28": [0, 0, 1],
						"0.36": [0, 0, -8],
						"0.48": [0, 0, -8],
						"0.56": [0, 0, -2]
					}
				},
				"rightleg": {
					"rotation": {
						"0.0": [15, 0, 0],
						"0.28": [12.31594, 2.15393, 10.23242],
						"0.36": [0, 0, 20],
						"0.48": [0, 0, 20],
						"0.56": [-12.5, 0, 20]
					}
				},
				"lowerrleg": {
					"rotation": {
						"0.0": [0, 0, 0],
						"0.28": [10, 0, 0],
						"0.56": [10, 0, 0]
					}
				},
				"leftleg": {
					"rotation": {
						"0.0": [-52.5, 0, 0],
						"0.28": [-57.08339, -65.18578, 29.42375],
						"0.32": [-68.54169, -32.59289, 3.46187],
						"0.36": [-25, 0, -22.5],
						"0.48": [-25, 0, -22.5],
						"0.56": [2.5, 0, -22.5]
					}
				},
				"lowerlleg": {
					"rotation": {
						"0.0": [50, 0, 0],
						"0.28": [27.5, 0, 0],
						"0.32": [56.25, 0, 0],
						"0.36": [25, 0, 0],
						"0.48": [25, 0, 0],
						"0.56": [7.5, 0, 0]
					}
				}
			}
		},
		"animation.bec_de_crobin.inbetween_stance0_1": {
			"loop": true,
			"override_previous_animation": true,
			"bones": {
				"root": {
					"rotation": [0, 37.5, 0],
					"position": [0, 0, 0]
				},
				"waist": {
					"rotation": [12.5, 27.5, 0]
				},
				"leftArm": {
					"rotation": [-42.5, 0, 0]
				},
				"lowerlarm": {
					"rotation": [-5, 0, 0]
				},
				"rightArm": {
					"rotation": [-15.96311, -60.97335, 43.59641]
				},
				"lowerrarm": {
					"rotation": [-32.5, 0, 0]
				},
				"rightItem": {
					"rotation": [0, 0, 20],
					"position": [0, 0, -2]
				},
				"rightleg": {
					"rotation": [-12.5, 0, 20]
				},
				"lowerrleg": {
					"rotation": [10, 0, 0]
				},
				"leftleg": {
					"rotation": [2.5, 0, -22.5]
				},
				"lowerlleg": {
					"rotation": [7.5, 0, 0]
				}
			}
		},
		"animation.bec_de_corbin.attack_stance0_2": {
			"animation_length": 0.56,
			"override_previous_animation": true,
			"bones": {
				"root": {
					"rotation": {
						"0.0": [0, 37.5, 0],
						"0.12": [0, 0, 0],
						"0.28": [0, 0, 0],
						"0.4": [0, 0, 0]
					},
					"position": {
						"0.0": [0, 0, 0],
						"0.12": [0, -1, 4],
						"0.28": [0, -1, 4],
						"0.4": [0, -2, -5]
					}
				},
				"waist": {
					"rotation": {
						"0.0": [12.5, 27.5, 0],
						"0.12": [-23.15411, 40.11485, -15.40534],
						"0.28": [-23.15411, 40.11485, -15.40534],
						"0.4": [72.00043, 32.40926, 37.01565]
					}
				},
				"leftArm": {
					"rotation": {
						"0.0": [-42.5, 0, 0],
						"0.12": [-98.3302, 36.18417, -9.00731],
						"0.28": [-98.3302, 36.18417, -9.00731],
						"0.4": [-16.93652, 34.9264, 24.22276]
					},
					"position": {
						"0.12": [0, 0, 0],
						"0.28": [0, 0, 0],
						"0.4": [-2, 0, -2]
					}
				},
				"lowerlarm": {
					"rotation": {
						"0.0": [-5, 0, 0],
						"0.08": [-17.5, 0, 0]
					}
				},
				"rightArm": {
					"rotation": {
						"0.0": [-15.96311, -60.97335, 43.59641],
						"0.12": [-95.5038, -39.96868, 13.35051],
						"0.28": [-95.5038, -39.96868, 13.35051],
						"0.4": [-75.26715, -39.63577, 5.57697]
					}
				},
				"lowerrarm": {
					"rotation": {
						"0.0": [-32.5, 0, 0],
						"0.12": [-80, 0, 0],
						"0.28": [-80, 0, 0],
						"0.4": [-5, 0, 0]
					}
				},
				"rightItem": {
					"rotation": {
						"0.0": [0, 0, 20],
						"0.12": [-4.83711, 5.73853, -7.74258],
						"0.28": [-4.83711, 5.73853, -7.74258],
						"0.4": [20.78982, -5.08918, 5.15938]
					},
					"position": {
						"0.0": [0, 0, -2],
						"0.12": [0, 0, 7],
						"0.28": [0, 0, 7],
						"0.4": [0, 3, 7]
					}
				},
				"leftleg": {
					"rotation": {
						"0.0": [2.5, 0, -22.5],
						"0.12": [10.78011, -5.28429, -3.77219],
						"0.28": [10.78011, -5.28429, -3.77219],
						"0.36": [-68.38656, -5.28429, -3.77219],
						"0.4": [-44.21989, -5.28429, -3.77219]
					}
				},
				"lowerlleg": {
					"rotation": {
						"0.0": [7.5, 0, 0],
						"0.12": [27.5, 0, 0],
						"0.28": [27.5, 0, 0],
						"0.36": [79.17, 0, 0],
						"0.4": [45, 0, 0]
					}
				},
				"rightleg": {
					"rotation": {
						"0.0": [-12.5, 0, 20],
						"0.12": [-39.83045, -1.29256, 5.05452],
						"0.28": [-39.83045, -1.29256, 5.05452],
						"0.4": [17.66955, -1.29256, 5.05452]
					}
				},
				"lowerrleg": {
					"rotation": {
						"0.0": [10, 0, 0],
						"0.12": [40, 0, 0],
						"0.28": [40, 0, 0]
					}
				}
			}
		},
		"animation.bec_de_corbin.stance_1": {
			"loop": true,
			"override_previous_animation": true,
			"bones": {
				"leftArm": {
					"rotation": [-89.07494, 39.69612, -84.07347]
				},
				"lowerlarm": {
					"rotation": [0, 0, 0]
				},
				"rightArm": {
					"rotation": [-73.06976, 6.41479, -74.8492]
				},
				"lowerrarm": {
					"rotation": [-17.5, 0, 0]
				},
				"rightItem": {
					"rotation": [0, 0, 180],
					"position": [0, -1, 11]
				}
			}
		},
		"animation.bec_de_corbin.attack_stance_1_0": {
			"loop": "hold_on_last_frame",
			"animation_length": 0.52,
			"override_previous_animation": true,
			"bones": {
				"rightArm": {
					"rotation": {
						"0.0": [-73.06976, 6.41479, -74.8492],
						"0.12": [-44.8507, 17.38632, -91.7972],
						"0.28": [-44.8507, 17.38632, -91.7972],
						"0.36": [-73.1802, -0.28384, -93.68618]
					}
				},
				"lowerrarm": {
					"rotation": {
						"0.0": [-17.5, 0, 0],
						"0.12": [-67.5, 0, 0],
						"0.28": [-67.5, 0, 0],
						"0.36": [-7.5, 0, 0]
					}
				},
				"root": {
					"position": {
						"0.0": [0, 0, 0],
						"0.12": [0, -1, 4],
						"0.28": [0, -1, 4],
						"0.36": [0, -1, -7]
					}
				},
				"waist": {
					"rotation": {
						"0.0": [0, 0, 0],
						"0.12": [-4.21372, 57.45061, -2.49662],
						"0.28": [-4.21372, 57.45061, -2.49662],
						"0.36": [107.55631, -79.90928, -97.56659]
					}
				},
				"leftArm": {
					"rotation": {
						"0.0": [-89.07494, 39.69612, -84.07347],
						"0.12": [-107.00148, 14.89949, -109.78572],
						"0.28": [-107.00148, 14.89949, -109.78572],
						"0.36": [-25.3207, 11.74336, -98.02205]
					}
				},
				"lowerlarm": {
					"rotation": {
						"0.0": [0, 0, 0],
						"0.16": [0, 0, 0],
						"0.28": [0, 0, 0],
						"0.36": [-65, 0, 0]
					}
				},
				"leftleg": {
					"rotation": {
						"0.0": [0, 0, 0],
						"0.12": [-25, 0, 0],
						"0.28": [-25, 0, 0],
						"0.36": [22.5, 0, 0]
					}
				},
				"lowerlleg": {
					"rotation": {
						"0.0": [0, 0, 0],
						"0.12": [15, 0, 0],
						"0.28": [15, 0, 0]
					}
				},
				"rightleg": {
					"rotation": {
						"0.0": [0, 0, 0],
						"0.12": [17.5, 0, 0],
						"0.28": [17.5, 0, 0],
						"0.32": [-55, 0, 0],
						"0.36": [-37.5, 0, 0]
					}
				},
				"lowerrleg": {
					"rotation": {
						"0.0": [0, 0, 0],
						"0.12": [12.5, 0, 0],
						"0.28": [12.5, 0, 0],
						"0.32": [53.75, 0, 0],
						"0.36": [45, 0, 0]
					}
				},
				"rightItem": {
					"rotation": [0, 0, 180],
					"position": {
						"0.0": [0, -1, 11],
						"0.12": [0, -1, 11],
						"0.28": [0, -1, 11]
					}
				}
			}
		},
		"animation.bec_de_corbin.inbetween_stance_1_0": {
			"loop": "hold_on_last_frame",
			"override_previous_animation": true,
			"bones": {
				"rightArm": {
					"rotation": [-73.1802, -0.28384, -93.68618]
				},
				"lowerrarm": {
					"rotation": [-7.5, 0, 0]
				},
				"root": {
					"position": [0, -1, 0]
				},
				"waist": {
					"rotation": [107.55631, -79.90928, -97.56659]
				},
				"leftArm": {
					"rotation": [-25.3207, 11.74336, -98.02205]
				},
				"lowerlarm": {
					"rotation": [-65, 0, 0]
				},
				"leftleg": {
					"rotation": [22.5, 0, 0]
				},
				"lowerlleg": {
					"rotation": [15, 0, 0]
				},
				"rightleg": {
					"rotation": [-37.5, 0, 0]
				},
				"lowerrleg": {
					"rotation": [45, 0, 0]
				},
				"rightItem": {
					"rotation": [0, 0, 180],
					"position": [0, -1, 11]
				}
			}
		},
		"animation.bec_de_corbin.attack_stance_1_2": {
			"loop": "hold_on_last_frame",
			"animation_length": 0.48,
			"override_previous_animation": true,
			"bones": {
				"rightArm": {
					"rotation": {
						"0.0": [-73.1802, -0.28384, -93.68618],
						"0.16": [-45.6802, -0.28384, -93.68618],
						"0.36": [-45.6802, -0.28384, -93.68618],
						"0.48": [-125.6802, -0.28384, -93.68618]
					}
				},
				"lowerrarm": {
					"rotation": {
						"0.0": [-7.5, 0, 0],
						"0.16": [-22.5, 0, 0],
						"0.36": [-22.5, 0, 0],
						"0.48": [-2.5, 0, 0]
					}
				},
				"root": {
					"rotation": [0, 0, 0],
					"position": {
						"0.0": [0, -1, 0],
						"0.16": [0, -1, 3],
						"0.36": [0, -1, 3],
						"0.48": [0, -1, -4]
					}
				},
				"waist": {
					"rotation": {
						"0.0": [107.55631, -79.90928, -97.56659],
						"0.16": [156.62006, -65.10507, -148.33903],
						"0.36": [156.62006, -65.10507, -148.33903],
						"0.48": [24.40404, -66.15239, -12.28873]
					}
				},
				"leftArm": {
					"rotation": {
						"0.0": [-25.3207, 11.74336, -98.02205],
						"0.16": [24.06535, 6.81747, -86.37678],
						"0.36": [24.06535, 6.81747, -86.37678],
						"0.48": [-88.43465, 6.81747, -86.37678]
					}
				},
				"lowerlarm": {
					"rotation": {
						"0.0": [-65, 0, 0],
						"0.16": [-52.5, 0, 0],
						"0.36": [-52.5, 0, 0]
					}
				},
				"leftleg": {
					"rotation": {
						"0.0": [22.5, 0, 0],
						"0.16": [12.5, 0, 0],
						"0.36": [12.5, 0, 0],
						"0.44": [-65.83, 0, 0],
						"0.48": [-30, 0, 0]
					}
				},
				"lowerlleg": {
					"rotation": {
						"0.0": [15, 0, 0],
						"0.16": [27.5, 0, 0],
						"0.36": [27.5, 0, 0],
						"0.44": [65.83, 0, 0],
						"0.48": [32.5, 0, 0]
					}
				},
				"rightleg": {
					"rotation": {
						"0.0": [-37.5, 0, 0],
						"0.16": [-45, 0, 0],
						"0.36": [-45, 0, 0],
						"0.48": [15, 0, 0]
					}
				},
				"lowerrleg": {
					"rotation": {
						"0.0": [45, 0, 0],
						"0.36": [45, 0, 0],
						"0.48": [15, 0, 0]
					}
				},
				"rightItem": {
					"rotation": {
						"0.0": [0, 0, 180],
						"0.36": [0, 0, 180],
						"0.48": [-42.5, 0, 180]
					},
					"position": {
						"0.0": [0, -1, 11],
						"0.36": [0, -1, 11],
						"0.48": [0, 5, 9]
					}
				}
			}
		},
		"animation.bec_de_corbin.inbetween_stance_1_3": {
			"loop": "hold_on_last_frame",
			"override_previous_animation": true,
			"bones": {
				"rightArm": {
					"rotation": [-125.6802, -0.28384, -93.68618]
				},
				"lowerrarm": {
					"rotation": [-2.5, 0, 0]
				},
				"root": {
					"rotation": [0, 0, 0],
					"position": [0, -1, -4]
				},
				"waist": {
					"rotation": [24.40404, -66.15239, -12.28873]
				},
				"leftArm": {
					"rotation": [-88.43465, 6.81747, -86.37678]
				},
				"lowerlarm": {
					"rotation": [-65, 0, 0]
				},
				"leftleg": {
					"rotation": [-30, 0, 0]
				},
				"lowerlleg": {
					"rotation": [32.5, 0, 0]
				},
				"rightleg": {
					"rotation": [15, 0, 0]
				},
				"lowerrleg": {
					"rotation": [15, 0, 0]
				},
				"rightItem": {
					"rotation": [-37.5, 0, 180],
					"position": [0, 5, 9]
				}
			}
		},
		"animation.bec_de_corbin.attack_stance1_2": {
			"loop": "hold_on_last_frame",
			"animation_length": 0.52,
			"override_previous_animation": true,
			"bones": {
				"waist": {
					"rotation": {
						"0.0": [24.40404, -66.15239, -12.28873],
						"0.16": [-4.21372, 57.45061, -2.49662],
						"0.32": [-4.21372, 57.45061, -2.49662],
						"0.4": [107.55631, -79.90928, -97.56659]
					}
				},
				"leftArm": {
					"rotation": {
						"0.0": [-88.43465, 6.81747, -86.37678],
						"0.16": [-107.00148, 14.89949, -109.78572],
						"0.32": [-107.00148, 14.89949, -109.78572],
						"0.4": [-25.3207, 11.74336, -98.02205]
					}
				},
				"lowerlarm": {
					"rotation": {
						"0.0": [-65, 0, 0],
						"0.16": [0, 0, 0],
						"0.32": [0, 0, 0],
						"0.4": [-65, 0, 0]
					}
				},
				"rightArm": {
					"rotation": {
						"0.0": [-125.6802, -0.28384, -93.68618],
						"0.16": [-44.8507, 17.38632, -91.7972],
						"0.32": [-44.8507, 17.38632, -91.7972],
						"0.4": [-73.1802, -0.28384, -93.68618]
					}
				},
				"lowerrarm": {
					"rotation": {
						"0.0": [-2.5, 0, 0],
						"0.16": [-67.5, 0, 0],
						"0.32": [-67.5, 0, 0],
						"0.4": [-7.5, 0, 0]
					}
				},
				"root": {
					"rotation": [0, 0, 0],
					"position": {
						"0.0": [0, -1, -4],
						"0.16": [0, -1, 4],
						"0.32": [0, -1, 4],
						"0.4": [0, -1, -7]
					}
				},
				"rightItem": {
					"rotation": {
						"0.0": [-37.5, 0, 180],
						"0.16": [0, 0, 180]
					},
					"position": {
						"0.0": [0, 5, 9],
						"0.16": [0, -1, 11],
						"0.32": [0, -1, 11]
					}
				},
				"leftleg": {
					"rotation": {
						"0.0": [-30, 0, 0],
						"0.16": [-25, 0, 0],
						"0.32": [-25, 0, 0],
						"0.4": [22.5, 0, 0]
					}
				},
				"rightleg": {
					"rotation": {
						"0.0": [15, 0, 0],
						"0.16": [17.5, 0, 0],
						"0.32": [17.5, 0, 0],
						"0.36": [-55, 0, 0],
						"0.4": [-37.5, 0, 0]
					}
				},
				"lowerlleg": {
					"rotation": {
						"0.0": [32.5, 0, 0],
						"0.16": [15, 0, 0],
						"0.32": [15, 0, 0]
					}
				},
				"lowerrleg": {
					"rotation": {
						"0.0": [15, 0, 0],
						"0.16": [12.5, 0, 0],
						"0.32": [12.5, 0, 0],
						"0.36": [53.75, 0, 0],
						"0.4": [45, 0, 0]
					}
				}
			}
		},
		"animation.bec_de_corbin.ability_dual_sided": {
			"loop": "hold_on_last_frame",
			"animation_length": 0.92,
			"override_previous_animation": true,
			"bones": {
				"waist": {
					"rotation": {
						"0.0": [0, 47.5, 0],
						"0.12": [-17.5, -25, 0],
						"0.44": [-21.17847, -40.92329, 6.65811],
						"0.52": [40.54462, 49.45818, 15.93097],
						"0.84": [47.25441, 54.87534, 24.41124]
					}
				},
				"leftArm": {
					"rotation": {
						"0.0": [-66.86696, 27.38656, 2.59775],
						"0.12": [-115.56931, 31.92004, 0.1697],
						"0.44": [-101.45116, 14.81151, 4.20296],
						"0.52": [-79.36696, 27.38656, 2.59775],
						"0.84": [-79.36696, 27.38656, 2.59775]
					}
				},
				"lowerlarm": {
					"rotation": {
						"0.0": [-27.5, 0, 0],
						"0.44": [-47.5, 0, 0],
						"0.52": [-27.5, 0, 0],
						"0.84": [-5, 0, 0]
					}
				},
				"rightArm": {
					"rotation": {
						"0.0": [13.30914, -46.49794, 18.20222],
						"0.12": [-44.19086, -46.49794, 18.20222],
						"0.44": [-39.7368, -17.24394, 56.86683],
						"0.52": [3.22751, 10.40094, 101.85756],
						"0.84": [-18.41874, -28.69822, 66.05624]
					}
				},
				"lowerrarm": {
					"rotation": {
						"0.0": [-57.5, 0, 0],
						"0.52": [-77.5, 0, 0],
						"0.84": [-57.5, 0, 0]
					}
				},
				"root": {
					"rotation": {
						"0.0": [0, 7.5, 0],
						"0.12": [0, 17.5, 0],
						"0.44": [0, -82.5, 0],
						"0.52": [25, 12.5, 0],
						"0.84": [33.0665, 54.70504, 9.72937]
					}
				},
				"rightItem": {
					"rotation": {
						"0.0": [0, 0, 0],
						"0.12": [0, -10, 67.5],
						"0.44": [0, 0, 57.5],
						"0.52": [0, 0, 20],
						"0.84": [0, 0, 20]
					}
				},
				"leftleg": {
					"rotation": {
						"0.44": [0, 0, 0],
						"0.52": [6.42848, -26.79524, -14.03271],
						"0.84": [-16.07152, -26.79524, -14.03271]
					}
				},
				"rightleg": {
					"rotation": {
						"0.44": [0, 0, 0],
						"0.52": [-35, 0, 0],
						"0.84": [-34.3569, -7.13136, -10.29284]
					},
					"position": {
						"0.52": [0, 0, 0],
						"0.84": [1, 0, 0]
					}
				}
			}
		},
		"animation.bec_de_corbin.side_1": {
			"loop": true,
			"override_previous_animation": true,
			"bones": {
				"rightItem": {
					"rotation": [0, 0, 180],
					"position": [0, -1, 0]
				}
			}
		},
		"animation.bec_de_corbin.unsheathe": {
			"loop": "hold_on_last_frame",
			"animation_length": 1.12,
			"override_previous_animation": true,
			"bones": {
				"waist": {
					"rotation": {
						"0.52": [0, 0, 0],
						"0.72": [0, 47.5, 0]
					}
				},
				"leftArm": {
					"rotation": {
						"0.52": [0, 0, 0],
						"0.72": [-66.86696, 27.38656, 2.59775]
					},
					"position": [0, 0, 0]
				},
				"lowerlarm": {
					"rotation": {
						"0.52": [0, 0, 0],
						"0.72": [-27.5, 0, 0]
					}
				},
				"rightArm": {
					"rotation": {
						"0.0": [0, 0, 0],
						"0.24": [-137.81374, 17.38772, -18.2489],
						"0.52": [4.26482, 17.09854, 5.32286],
						"0.72": [13.30914, -46.49794, 18.20222]
					}
				},
				"lowerrarm": {
					"rotation": {
						"0.0": [0, 0, 0],
						"0.24": [-97.5, 0, 0],
						"0.52": [-20, 0, 0],
						"0.72": [-57.5, 0, 0]
					}
				},
				"rightitem": {
					"rotation": {
						"0.28": [0, 0, 90],
						"0.52": [0, 0, 0]
					},
					"position": {
						"0.28": [1, 0, 0],
						"0.52": [0, 0, 0]
					},
					"scale": {
						"0.0": [0, 0, 0],
						"0.24": [0, 0, 0],
						"0.28": [1, 1, 1]
					}
				},
				"root": {
					"rotation": {
						"0.52": [0, 0, 0],
						"0.72": [0, 0, 0]
					},
					"position": [0, -1, 0]
				},
				"bec_back": {
					"scale": {
						"0.0": [1, 1, 1],
						"0.24": [1, 1, 1],
						"0.28": [0, 0, 0]
					}
				}
			}
		},
		"animation.bec_de_corbin.no_back": {
			"loop": true,
			"override_previous_animation": true,
			"bones": {
				"bec_back": {
					"scale": 0
				}
			}
		}
	}
}