{
	"format_version": "1.8.0",
	"animations": {
		"animation.better_vnpc.bow": {
			"loop": "hold_on_last_frame",
			"animation_length": 1.56,
			"bones": {
				"root": {
					"rotation": {
						"0.0": [0, 0, 0],
						"1.04": [0, -75, 0]
					}
				},
				"waist": {
					"rotation": {
						"0.0": [0, 0, 0],
						"1.04": [0, -17.5, 0]
					}
				},
				"leftArm": {
					"rotation": {
						"0.0": [0, 0, 0],
						"0.48": [-144.99943, 41.99821, -43.6983],
						"1.04": [-99.96177, 1.50078, 0.84308]
					}
				},
				"lowerlarm": {
					"rotation": {
						"0.52": [0, 0, 0],
						"1.04": [0, 0, 77.5]
					}
				},
				"rightArm": {
					"rotation": {
						"0.0": [0, 0, 0],
						"0.48": [-117.5, 0, 0],
						"1.04": [-105.56892, 69.27765, -2.52645]
					}
				},
				"lowerrarm": {
					"rotation": [7.5, 0, 0]
				},
				"rightItem": {
					"rotation": {
						"0.0": [0, 0, 0],
						"0.48": [0, 0, 40]
					},
					"position": [2, 0, 0]
				},
				"sword": {
					"rotation": [0, 0, -12.5]
				},
				"string": {
					"rotation": {
						"0.52": [0, 0, 0],
						"1.04": [37.5, 0, 0]
					}
				},
				"string2": {
					"rotation": {
						"0.52": [0, 0, 0],
						"1.04": [-35, 0, 0]
					},
					"scale": [1, 1, 1.2]
				},
				"arrow": {
					"position": {
						"0.0": [0, 0, 0],
						"1.04": [0, 10, -1]
					}
				}
			}
		},
		"animation.better_vnpc.bow2": {
			"animation_length": 0.52,
			"bones": {
				"root": {
					"rotation": [0, -75, 0]
				},
				"waist": {
					"rotation": [0, -17.5, 0]
				},
				"leftArm": {
					"rotation": {
						"0.0": [-99.96177, 1.50078, 0.84308],
						"0.2": [-170.24654, 10.07007, 80.95216]
					}
				},
				"lowerlarm": {
					"rotation": [0, 0, 77.5]
				},
				"rightArm": {
					"rotation": [-105.56892, 69.27765, -2.52645]
				},
				"lowerrarm": {
					"rotation": [7.5, 0, 0]
				},
				"rightitem": {
					"rotation": [0, 0, 40],
					"position": [2, 0, 0]
				},
				"sword": {
					"rotation": [0, 0, -12.5]
				},
				"string": {
					"rotation": {
						"0.0": [37.5, 0, 0],
						"0.2": [0, 0, 0]
					}
				},
				"string2": {
					"rotation": {
						"0.0": [-35, 0, 0],
						"0.2": [0, 0, 0]
					},
					"scale": [1, 1, 1.2]
				},
				"arrow": {
					"position": {
						"0.0": [0, 10, -1],
						"0.2": [0, -76, -1]
					}
				}
			}
		},
		"animation.bow.use": {
			"loop": "hold_on_last_frame",
			"animation_length": 1.04,
			"bones": {
				"leftArm": {
					"rotation": {
						"0.0": [0.54988, -4.8957, 2.69391],
						"0.16": ["-90 + query.target_x_rotation - query.is_sneaking * 15.0 - this", "37.5 + query.target_y_rotation", 0],
						"1.04": ["-90 + query.target_x_rotation - query.is_sneaking * 15.0 - this", "72.5 + query.target_y_rotation", 0]
					},
					"position": {
						"0.0": [0, 0, 0],
						"0.32": [-4.62, 0, -1.62],
						"1.04": [-2, 0, -2]
					}
				},
				"rightArm": {
					"rotation": {
						"0.0": [0, 0, 0],
						"0.32": ["-90 + query.target_x_rotation - query.is_sneaking * 15.0 - this", "22.5 + query.target_y_rotation", 0],
						"1.04": ["-90 + query.target_x_rotation - query.is_sneaking * 15.0 - this", "60 + query.target_y_rotation", 0]
					}
				},
				"rightItem": {
					"rotation": [0, -10, 0]
				},
				"root": {
					"rotation": {
						"0.0": [0, 0, 0],
						"1.04": [0, -42.5, 0]
					}
				},
				"waist": {
					"rotation": {
						"0.0": [0, 0, 0],
						"0.32": [0, -25, 0]
					}
				}
			}
		},
		"animation.crossbow.use": {
			"loop": "hold_on_last_frame",
			"animation_length": 1.04,
			"bones": {
				"leftArm": {
					"rotation": {
						"0.0": [-57.76457, 55.68422, 27.5122],
						"1.04": [-24.65049, 75.70774, 79.01517]
					},
					"position": {
						"0.0": [-1, 0, -4],
						"1.04": [-1, 0, -1]
					}
				},
				"rightArm": {
					"rotation": {
						"0.0": [-52.5, 0, 0],
						"1.04": [-80, 0, 0]
					}
				}
			}
		},
		"animation.item.throw": {
			"animation_length": 0.56,
			"bones": {
				"waist": {
					"rotation": {
						"0.0": [0, 5, 0],
						"0.08": [0, 27.5, 0],
						"0.28": [-2.5, 42.5, 0],
						"0.36": [0, -5, 0]
					}
				},
				"rightArm": {
					"rotation": {
						"0.0": [0, 0, 0],
						"0.08": [-190, 0, 0],
						"0.24": [-254.5, 0, 0],
						"0.36": [45.5, 0, 0],
						"0.56": [-24, 0, 0]
					}
				},
				"lowerrarm": {
					"rotation": {
						"0.0": [-22.5, 0, 0],
						"0.08": [-42.5, 0, 0],
						"0.28": [-42.5, 0, 0],
						"0.4": [8.5, 0, 0],
						"0.52": [0, 0, 0]
					}
				}
			}
		},
		"animation.item.eat": {
			"animation_length": 1,
			"bones": {
				"waist": {
					"rotation": {
						"0.0": [0, 0, 0],
						"0.24": [0, -10, 0]
					}
				},
				"rightArm": {
					"rotation": {
						"0.0": [0, 0, 0],
						"0.24": [-101.81837, 6.13784, 54.76837],
						"0.32": [-89.31837, 6.13784, 54.76837],
						"0.36": [-104.31837, 6.13784, 54.76837],
						"0.44": [-86.81837, 6.13784, 54.76837],
						"0.52": [-106.81837, 6.13784, 54.76837],
						"0.6": [-84.31837, 6.13784, 54.76837],
						"0.68": [-99.31837, 6.13784, 54.76837],
						"0.76": [-89.31837, 6.13784, 54.76837],
						"0.84": [-104.31837, 6.13784, 54.76837],
						"0.92": [-86.81837, 6.13784, 54.76837],
						"1.0": [-101.81837, 6.13784, 54.76837]
					}
				},
				"lowerrarm": {
					"rotation": {
						"0.0": [0, 0, 0],
						"0.24": [-57.5, 0, 0]
					}
				}
			}
		}
	}
}