{
	"format_version": "1.8.0",
	"animations": {
		"animation.greatsword.sprint": {
			"loop": true,
			"animation_length": 0.64,
			"override_previous_animation": true,
			"bones": {
				"waist": {
					"rotation": {
						"0.0": [12.96248, 39.27345, 8.29012],
						"0.16": [20.33981, 48.97354, 11.69208],
						"0.32": [13.85062, 26.47585, 3.82084],
						"0.48": [11.54427, 13.33514, 1.38081],
						"0.64": [12.96248, 39.27345, 8.29012]
					}
				},
				"leftArm": {
					"rotation": {
						"0.0": [-45.20848, 19.05681, 41.57337],
						"0.16": [-43.85285, 22.56464, 45.38602],
						"0.32": [-43.56762, 23.13019, 46.06037],
						"0.48": [-42.86421, 24.5447, 47.743],
						"0.64": [-45.20848, 19.05681, 41.57337]
					}
				},
				"rightArm": {
					"rotation": {
						"0.0": [-161.0335, 27.78499, -164.24392],
						"0.16": [-166.0335, 27.78499, -164.24392],
						"0.32": [-154.36683, 27.78499, -164.24392],
						"0.48": [-180.20017, 27.78499, -164.24392],
						"0.64": [-161.0335, 27.78499, -164.24392]
					}
				},
				"lowerrarm": {
					"rotation": {
						"0.0": [40, 0, 0],
						"0.16": [47.5, 0, 0],
						"0.32": [42.5, 0, 0],
						"0.48": [61.25, 0, 0],
						"0.64": [40, 0, 0]
					}
				},
				"rightitem": {
					"rotation": [-15, 0, 0]
				},
				"trail": {
					"scale": 0
				},
				"root": {
					"rotation": {
						"0.0": [15, 0, 0],
						"0.16": [1.25, 0, 0],
						"0.32": [17.5, 0, 0],
						"0.52": [7.81, 0, 0],
						"0.64": [15, 0, 0]
					},
					"position": {
						"0.0": [0, -2, 0],
						"0.16": [0, -1, 0],
						"0.32": [0, -2.89, 0],
						"0.52": [0, -0.75, 0],
						"0.64": [0, -2, 0]
					}
				},
				"leftleg": {
					"rotation": {
						"0.0": [-55, 0, 0],
						"0.16": [-2.5, 0, 0],
						"0.32": [12.5, 0, 0],
						"0.48": [-85, 0, 0],
						"0.64": [-55, 0, 0]
					}
				},
				"lowerlleg": {
					"rotation": {
						"0.0": [45, 0, 0],
						"0.16": [5, 0, 0],
						"0.32": [20, 0, 0],
						"0.48": [67.5, 0, 0],
						"0.64": [45, 0, 0]
					}
				},
				"rightleg": {
					"rotation": {
						"0.0": [22.5, 0, 0],
						"0.16": [-71.92, 0, 0],
						"0.32": [-70, 0, 0],
						"0.64": [22.5, 0, 0]
					}
				},
				"lowerrleg": {
					"rotation": {
						"0.0": [0, 0, 0],
						"0.16": [62.12, 0, 0],
						"0.32": [50, 0, 0],
						"0.64": [0, 0, 0]
					}
				}
			}
		},
		"animation.greatsword.sprint_jump": {
			"loop": "hold_on_last_frame",
			"animation_length": 0.64,
			"override_previous_animation": true,
			"bones": {
				"waist": {
					"rotation": {
						"0.0": [12.96248, 39.27345, 8.29012],
						"0.28": [19.4254, 58.52505, 16.73958]
					}
				},
				"leftArm": {
					"rotation": [-45.20848, 19.05681, 41.57337]
				},
				"rightArm": {
					"rotation": {
						"0.0": [-161.0335, 27.78499, -164.24392],
						"0.28": [-141.32211, 36.37516, -150.61552]
					}
				},
				"lowerrarm": {
					"rotation": {
						"0.0": [40, 0, 0],
						"0.28": [20, 0, 0]
					}
				},
				"rightitem": {
					"rotation": {
						"0.0": [-15, 0, 0],
						"0.28": [7.5, 0, 0]
					}
				},
				"trail": {
					"scale": 0
				},
				"root": {
					"rotation": [15, 0, 0],
					"position": {
						"0.0": [0, -2, 0],
						"0.12": [0, -4, 0],
						"0.28": [0, 6, 0]
					}
				},
				"leftleg": {
					"rotation": {
						"0.0": [-55, 0, 0],
						"0.12": [-85, 0, 0],
						"0.28": [-60, 0, 0]
					}
				},
				"lowerlleg": {
					"rotation": {
						"0.0": [45, 0, 0],
						"0.12": [80, 0, 0],
						"0.28": [12.5, 0, 0]
					}
				},
				"rightleg": {
					"rotation": {
						"0.0": [22.5, 0, 0],
						"0.12": [-25, 0, 0],
						"0.28": [12.5, 0, 0]
					}
				},
				"lowerrleg": {
					"rotation": {
						"0.0": [0, 0, 0],
						"0.12": [85, 0, 0],
						"0.28": [30, 0, 0]
					}
				}
			}
		},
		"animation.greatsword.sprint_jump_land": {
			"loop": "hold_on_last_frame",
			"animation_length": 0.64,
			"override_previous_animation": true,
			"bones": {
				"waist": {
					"rotation": {
						"0.0": [19.4254, 58.52505, 16.73958],
						"0.28": [14.00194, 44.13603, 9.85108]
					}
				},
				"leftArm": {
					"rotation": {
						"0.0": [-45.20848, 19.05681, 41.57337],
						"0.4": [-41.26062, 27.64227, 51.48537]
					}
				},
				"rightArm": {
					"rotation": {
						"0.0": [-141.32211, 36.37516, -150.61552],
						"0.28": [-158.82211, 36.37516, -150.61552],
						"0.4": [-171.32211, 36.37516, -150.61552]
					}
				},
				"lowerrarm": {
					"rotation": {
						"0.0": [20, 0, 0],
						"0.28": [50, 0, 0],
						"0.4": [60, 0, 0]
					}
				},
				"rightitem": {
					"rotation": {
						"0.0": [7.5, 0, 0],
						"0.08": [17.5, 0, 0],
						"0.4": [-2.5, 0, 0]
					}
				},
				"trail": {
					"scale": 0
				},
				"root": {
					"rotation": {
						"0.0": [15, 0, 0],
						"0.28": [27.5, 0, 0]
					},
					"position": {
						"0.0": [0, 6, 0],
						"0.12": [0, -1, 0],
						"0.28": [0, -3, 0]
					}
				},
				"leftleg": {
					"rotation": {
						"0.0": [-57.5, 0, 0],
						"0.12": [-52.5, 0, 0],
						"0.28": [-90, 0, 0]
					}
				},
				"lowerlleg": {
					"rotation": {
						"0.0": [12.5, 0, 0],
						"0.28": [57.5, 0, 0]
					}
				},
				"rightleg": {
					"rotation": {
						"0.0": [12.5, 0, 0],
						"0.12": [-15, 0, 0],
						"0.28": [-22.5, 0, 0]
					}
				},
				"lowerrleg": {
					"rotation": {
						"0.0": [30, 0, 0],
						"0.12": [45, 0, 0],
						"0.28": [67.5, 0, 0]
					}
				}
			}
		},
		"animation.greatsword.sprint_jump_attack": {
			"loop": "hold_on_last_frame",
			"animation_length": 0.64,
			"override_previous_animation": true,
			"bones": {
				"waist": {
					"rotation": {
						"0.0": [19.4254, 58.52505, 16.73958],
						"0.2": [12.53061, 36.83502, 7.58967],
						"0.36": [-52.41506, 23.88385, -20.16453],
						"0.44": [22.58494, 23.88385, -20.16453]
					}
				},
				"leftArm": {
					"rotation": {
						"0.0": [-45.20848, 19.05681, 41.57337],
						"0.2": [-147.89646, 31.86568, -18.72157],
						"0.36": [-147.89646, 31.86568, -18.72157],
						"0.44": [-95.00119, 44.35575, -18.08494]
					}
				},
				"rightArm": {
					"rotation": {
						"0.0": [-141.32211, 36.37516, -150.61552],
						"0.2": [-38.75711, 32.76127, -176.16986],
						"0.36": [-38.75711, 32.76127, -176.16986],
						"0.44": [-128.77974, 17.4184, -147.50558]
					}
				},
				"lowerrarm": {
					"rotation": {
						"0.0": [20, 0, 0],
						"0.2": [42.5, 0, 0],
						"0.36": [42.5, 0, 0],
						"0.44": [27.5, 0, 0]
					}
				},
				"rightitem": {
					"rotation": {
						"0.0": [7.5, 0, 0],
						"0.2": [172.5, 0, 0],
						"0.36": [172.5, 0, 0]
					},
					"position": {
						"0.36": [0, 0, 0],
						"0.44": [0, 0, 2]
					}
				},
				"trail": {
					"scale": 0
				},
				"root": {
					"rotation": {
						"0.0": [15, 0, 0],
						"0.36": [15, 0, 0],
						"0.44": [47.5, 0, 0],
						"0.64": [82.5, 0, 0]
					},
					"position": [0, 6, 0]
				},
				"leftleg": {
					"rotation": {
						"0.0": [-60, 0, 0],
						"0.2": [-32.5, 0, 0],
						"0.36": [-32.5, 0, 0],
						"0.52": [-7.5, 0, 0]
					}
				},
				"lowerlleg": {
					"rotation": {
						"0.0": [12.5, 0, 0],
						"0.2": [52.5, 0, 0],
						"0.36": [52.5, 0, 0]
					}
				},
				"rightleg": {
					"rotation": {
						"0.0": [12.5, 0, 0],
						"0.2": [-40, 0, 0],
						"0.36": [-40, 0, 0],
						"0.52": [-82.5, 0, 0]
					}
				},
				"lowerrleg": {
					"rotation": {
						"0.0": [30, 0, 0],
						"0.36": [30, 0, 0],
						"0.52": [10, 0, 0]
					}
				}
			}
		},
		"animation.greatsword.move": {
			"loop": true,
			"animation_length": 1.04,
			"override_previous_animation": true,
			"bones": {
				"waist": {
					"rotation": {
						"0.0": [12.96248, 39.27345, 8.29012],
						"0.28": [16.11379, 34.70861, 5.40931],
						"0.52": [13.85062, 26.47585, 3.82084],
						"0.8": [13.0537, 30.44097, 5.38335],
						"1.04": [12.96248, 39.27345, 8.29012]
					}
				},
				"leftArm": {
					"rotation": {
						"0.0": [-45.20848, 19.05681, 41.57337],
						"0.28": [-43.85285, 22.56464, 45.38602],
						"0.52": [-43.56762, 23.13019, 46.06037],
						"0.8": [-42.86421, 24.5447, 47.743],
						"1.04": [-45.20848, 19.05681, 41.57337]
					}
				},
				"rightArm": {
					"rotation": {
						"0.0": [-161.0335, 27.78499, -164.24392],
						"0.28": [-166.0335, 27.78499, -164.24392],
						"0.52": [-154.36683, 27.78499, -164.24392],
						"0.8": [-180.20017, 27.78499, -164.24392],
						"1.04": [-161.0335, 27.78499, -164.24392]
					}
				},
				"lowerrarm": {
					"rotation": {
						"0.0": [40, 0, 0],
						"0.28": [47.5, 0, 0],
						"0.52": [42.5, 0, 0],
						"0.8": [61.25, 0, 0],
						"1.04": [40, 0, 0]
					}
				},
				"rightitem": {
					"rotation": [-15, 0, 0]
				},
				"trail": {
					"scale": 0
				},
				"root": {
					"rotation": {
						"0.0": [15, 0, 0],
						"0.28": [1.25, 0, 0],
						"0.52": [17.5, 0, 0],
						"0.8": [7.81, 0, 0],
						"1.04": [15, 0, 0]
					},
					"position": {
						"0.0": [0, -2, 0],
						"0.28": [0, -1, 0],
						"0.52": [0, -2.89, 0],
						"0.8": [0, -0.75, 0],
						"1.04": [0, -2, 0]
					}
				},
				"leftleg": {
					"rotation": {
						"0.0": [-55, 0, 0],
						"0.28": [-2.5, 0, 0],
						"0.52": [12.5, 0, 0],
						"0.8": [-85, 0, 0],
						"1.04": [-55, 0, 0]
					}
				},
				"lowerlleg": {
					"rotation": {
						"0.0": [45, 0, 0],
						"0.28": [5, 0, 0],
						"0.52": [20, 0, 0],
						"0.8": [67.5, 0, 0],
						"1.04": [45, 0, 0]
					}
				},
				"rightleg": {
					"rotation": {
						"0.0": [22.5, 0, 0],
						"0.28": [-71.92, 0, 0],
						"0.52": [-70, 0, 0],
						"1.04": [22.5, 0, 0]
					}
				},
				"lowerrleg": {
					"rotation": {
						"0.0": [0, 0, 0],
						"0.28": [62.12, 0, 0],
						"0.52": [50, 0, 0],
						"1.04": [0, 0, 0]
					}
				}
			}
		},
		"animation.greatsword.stance_0": {
			"loop": true,
			"override_previous_animation": true,
			"bones": {
				"waist": {
					"rotation": [10, 0, 0]
				},
				"leftArm": {
					"rotation": [-23.70348, 14.36495, 29.47028]
				},
				"rightArm": {
					"rotation": [-57.36295, 50.20977, -81.96467]
				},
				"lowerrarm": {
					"rotation": [-15, 0, 0]
				},
				"rightitem": {
					"rotation": [-15, 0, 0]
				},
				"trail": {
					"scale": 0
				}
			}
		},
		"animation.greatsword.stance_idle": {
			"loop": true,
			"override_previous_animation": true,
			"bones": {
				"waist": {
					"rotation": [10, 0, 0]
				},
				"leftArm": {
					"rotation": [-23.70348, 14.36495, 29.47028]
				},
				"rightArm": {
					"rotation": [-57.36295, 50.20977, -81.96467]
				},
				"lowerrarm": {
					"rotation": [-15, 0, 0]
				},
				"rightitem": {
					"rotation": [-15, 0, 0]
				},
				"trail": {
					"scale": 0
				}
			}
		},
		"animation.greatsword.attack_stance0_0": {
			"loop": "hold_on_last_frame",
			"animation_length": 0.56,
			"override_previous_animation": true,
			"bones": {
				"waist": {
					"rotation": {
						"0.0": [10, 0, 0],
						"0.32": [-21.76968, 60.76562, -9.74776],
						"0.4": [-21.76968, 60.76562, -9.74776],
						"0.56": [60.27235, 61.08157, 37.16291]
					}
				},
				"leftArm": {
					"rotation": {
						"0.0": [-23.70348, 14.36495, 29.47028],
						"0.32": [-56.83975, 32.66089, 96.29404],
						"0.4": [-56.83975, 32.66089, 96.29404],
						"0.56": [-30.81321, -45.82363, 60.70821]
					}
				},
				"rightArm": {
					"rotation": {
						"0.0": [-57.36295, 50.20977, -81.96467],
						"0.32": [-67.38312, -47.40852, -28.93514],
						"0.4": [-67.38312, -47.40852, -28.93514],
						"0.56": [-52.06854, -66.49511, 23.43749]
					}
				},
				"lowerrarm": {
					"rotation": {
						"0.0": [-15, 0, 0],
						"0.32": [-85, 0, 0],
						"0.4": [-85, 0, 0],
						"0.56": [-10, 0, 0]
					}
				},
				"rightitem": {
					"rotation": {
						"0.0": [-15, 0, 0],
						"0.4": [-15, 0, 0],
						"0.56": [25, 0, 0]
					},
					"position": {
						"0.4": [0, 0, 0],
						"0.56": [0, 0, -1]
					}
				},
				"trail": {
					"scale": 0
				},
				"root": {
					"rotation": {
						"0.0": [0, 0, 0],
						"0.32": [2.5, 0, 0],
						"0.4": [2.5, 0, 0],
						"0.56": [12.5, 0, 0]
					},
					"position": {
						"0.0": [0, 0, 0],
						"0.32": [0, -1, 2],
						"0.4": [0, -1, 2],
						"0.56": [0, -1, -2]
					}
				},
				"leftleg": {
					"rotation": {
						"0.0": [0, 0, 0],
						"0.32": [-35, 0, 0],
						"0.4": [-35, 0, 0],
						"0.56": [5, 0, 0]
					}
				},
				"lowerlleg": {
					"rotation": {
						"0.0": [0, 0, 0],
						"0.32": [32.5, 0, 0],
						"0.4": [32.5, 0, 0],
						"0.56": [10, 0, 0]
					}
				},
				"rightleg": {
					"rotation": {
						"0.0": [0, 0, 0],
						"0.32": [7.5, 0, 0],
						"0.4": [7.5, 0, 0],
						"0.52": [-65.83, 0, 0],
						"0.56": [-42.5, 0, 0]
					}
				},
				"lowerrleg": {
					"rotation": {
						"0.0": [0, 0, 0],
						"0.32": [25, 0, 0],
						"0.4": [25, 0, 0],
						"0.52": [57.5, 0, 0],
						"0.56": [30, 0, 0]
					}
				},
				"lowerlarm": {
					"rotation": {
						"0.0": [0, 0, 0],
						"0.32": [0, 0, 7.5],
						"0.4": [0, 0, 7.5],
						"0.56": [0, 0, 27.5]
					}
				}
			}
		},
		"animation.greatsword.inbetween_stance0_0": {
			"loop": "hold_on_last_frame",
			"override_previous_animation": true,
			"bones": {
				"waist": {
					"rotation": [60.27235, 61.08157, 37.16291]
				},
				"leftArm": {
					"rotation": [-30.81321, -45.82363, 60.70821]
				},
				"rightArm": {
					"rotation": [-52.06854, -66.49511, 23.43749]
				},
				"lowerrarm": {
					"rotation": [-10, 0, 0]
				},
				"rightitem": {
					"rotation": [25, 0, 0],
					"position": [0, 0, -1]
				},
				"trail": {
					"scale": 0
				},
				"root": {
					"rotation": [12.5, 0, 0],
					"position": [0, -1, -2]
				},
				"leftleg": {
					"rotation": [5, 0, 0]
				},
				"lowerlleg": {
					"rotation": [10, 0, 0]
				},
				"rightleg": {
					"rotation": [-42.5, 0, 0]
				},
				"lowerrleg": {
					"rotation": [30, 0, 0]
				},
				"lowerlarm": {
					"rotation": [0, 0, 27.5]
				}
			}
		},
		"animation.greatsword.return_stance0_0": {
			"loop": "hold_on_last_frame",
			"animation_length": 0.52,
			"override_previous_animation": true,
			"bones": {
				"waist": {
					"rotation": {
						"0.0": [60.27235, 61.08157, 37.16291],
						"0.52": [0, 0, 0]
					}
				},
				"leftArm": {
					"rotation": {
						"0.0": [-30.81321, -45.82363, 60.70821],
						"0.52": [-23.70348, 14.36495, 29.47028]
					}
				},
				"rightArm": {
					"rotation": {
						"0.0": [-52.06854, -66.49511, 23.43749],
						"0.52": [-57.36295, 50.20977, -81.96467]
					}
				},
				"lowerrarm": {
					"rotation": {
						"0.0": [-10, 0, 0],
						"0.52": [-15, 0, 0]
					}
				},
				"rightitem": {
					"rotation": {
						"0.0": [25, 0, 0],
						"0.52": [-15, 0, 0]
					},
					"position": [0, 0, -1]
				},
				"trail": {
					"scale": {
						"0.0": [0, 0, 0],
						"0.52": [0, 0, 0]
					}
				},
				"root": {
					"rotation": {
						"0.0": [12.5, 0, 0],
						"0.52": [0, 0, 0]
					},
					"position": {
						"0.0": [0, -1, -2],
						"0.52": [0, 0, 0]
					}
				},
				"leftleg": {
					"rotation": {
						"0.0": [5, 0, 0],
						"0.52": [0, 0, 0]
					}
				},
				"lowerlleg": {
					"rotation": {
						"0.0": [10, 0, 0],
						"0.52": [0, 0, 0]
					}
				},
				"rightleg": {
					"rotation": {
						"0.0": [-42.5, 0, 0],
						"0.52": [0, 0, 0]
					}
				},
				"lowerrleg": {
					"rotation": {
						"0.0": [30, 0, 0],
						"0.52": [0, 0, 0]
					}
				},
				"lowerlarm": {
					"rotation": {
						"0.0": [0, 0, 27.5],
						"0.52": [0, 0, 0]
					}
				}
			}
		},
		"animation.greatsword.attack_stance0_1": {
			"loop": "hold_on_last_frame",
			"animation_length": 0.68,
			"override_previous_animation": true,
			"bones": {
				"waist": {
					"rotation": {
						"0.0": [60.27235, 61.08157, 37.16291],
						"0.2": [7.35701, -21.81466, 5.40161],
						"0.36": [-67.87086, -67.52685, 94.6992],
						"0.48": [-67.87086, -67.52685, 94.6992],
						"0.56": [-20.95548, -8.07923, 31.53295],
						"0.68": [-53.76286, 79.43533, -77.29341]
					}
				},
				"leftArm": {
					"rotation": {
						"0.0": [-30.81321, -45.82363, 60.70821],
						"0.36": [-53.82481, -16.71503, 97.99629],
						"0.48": [-53.82481, -16.71503, 97.99629],
						"0.68": [-42.73673, -11.68922, 103.74112]
					}
				},
				"rightArm": {
					"rotation": {
						"0.0": [-52.06854, -66.49511, 23.43749],
						"0.36": [-80.38611, -17.24827, 99.72601],
						"0.48": [-80.38611, -17.24827, 99.72601],
						"0.68": [-11.9523, -10.74527, 95.87274]
					}
				},
				"lowerrarm": {
					"rotation": {
						"0.0": [-10, 0, 0],
						"0.36": [-40, 0, 0],
						"0.48": [-40, 0, 0],
						"0.68": [-100, 0, 0]
					}
				},
				"rightitem": {
					"rotation": {
						"0.0": [25, 0, 0],
						"0.48": [25, 0, 0],
						"0.68": [55, 0, 0]
					},
					"position": {
						"0.0": [0, 0, -1],
						"0.36": [0, -1, -3],
						"0.48": [0, -1, -3],
						"0.68": [0, -1, -1]
					}
				},
				"trail": {
					"scale": 0
				},
				"root": {
					"rotation": {
						"0.0": [12.5, 0, 0],
						"0.52": [12.5, 0, 0],
						"0.68": [28.06978, 38.11051, 14.09613]
					},
					"position": {
						"0.0": [0, -1, -1],
						"0.52": [0, -1, -1],
						"0.68": [0, -1, -4]
					}
				},
				"leftleg": {
					"rotation": {
						"0.0": [5, 0, 0],
						"0.36": [5, 0, 0],
						"0.52": [-68.59831, 2.85693, -15.78729],
						"0.68": [-60.91709, -39.36551, -2.16492]
					}
				},
				"lowerlleg": {
					"rotation": {
						"0.0": [10, 0, 0],
						"0.36": [0, 0, 0],
						"0.52": [60.83, 0, 0],
						"0.68": [35, 0, 0]
					}
				},
				"rightleg": {
					"rotation": {
						"0.0": [-42.5, 0, 0],
						"0.36": [-22.5, 0, 0],
						"0.68": [-12.43574, -1.51615, 0.09853]
					}
				},
				"lowerrleg": {
					"rotation": {
						"0.0": [30, 0, 0],
						"0.36": [0, 0, 0],
						"0.68": [22.5, 0, 0]
					}
				},
				"lowerlarm": {
					"rotation": {
						"0.0": [0, 0, 27.5],
						"0.36": [0, 0, -5]
					}
				}
			}
		},
		"animation.greatsword.inbetween_stance0_1": {
			"loop": "hold_on_last_frame",
			"override_previous_animation": true,
			"bones": {
				"waist": {
					"rotation": [-53.76286, 79.43533, -77.29341]
				},
				"leftArm": {
					"rotation": [-42.73673, -11.68922, 103.74112]
				},
				"rightArm": {
					"rotation": [-11.9523, -10.74527, 95.87274]
				},
				"lowerrarm": {
					"rotation": [-100, 0, 0]
				},
				"rightitem": {
					"rotation": [55, 0, 0],
					"position": [0, -1, -1]
				},
				"trail": {
					"scale": 0
				},
				"root": {
					"rotation": [28.06978, 38.11051, 14.09613],
					"position": [0, -1, -4]
				},
				"leftleg": {
					"rotation": [-60.91709, -39.36551, -2.16492]
				},
				"lowerlleg": {
					"rotation": [35, 0, 0]
				},
				"rightleg": {
					"rotation": [-12.43574, -1.51615, 0.09853]
				},
				"lowerrleg": {
					"rotation": [22.5, 0, 0]
				},
				"lowerlarm": {
					"rotation": [0, 0, 27.5]
				}
			}
		},
		"animation.greatsword.return_stance0_1": {
			"loop": "hold_on_last_frame",
			"animation_length": 0.52,
			"override_previous_animation": true,
			"bones": {
				"waist": {
					"rotation": {
						"0.0": [-53.76286, 79.43533, -77.29341],
						"0.52": [0, 0, 0]
					}
				},
				"leftArm": {
					"rotation": {
						"0.0": [-42.73673, -11.68922, 103.74112],
						"0.52": [-23.70348, 14.36495, 29.47028]
					}
				},
				"rightArm": {
					"rotation": {
						"0.0": [-11.9523, -10.74527, 95.87274],
						"0.52": [-57.36295, 50.20977, -81.96467]
					}
				},
				"lowerrarm": {
					"rotation": {
						"0.0": [-100, 0, 0],
						"0.52": [-15, 0, 0]
					}
				},
				"rightitem": {
					"rotation": {
						"0.0": [55, 0, 0],
						"0.52": [-15, 0, 0]
					},
					"position": [0, -1, -1]
				},
				"trail": {
					"scale": {
						"0.0": [0, 0, 0],
						"0.52": [0, 0, 0]
					}
				},
				"root": {
					"rotation": {
						"0.0": [28.06978, 38.11051, 14.09613],
						"0.52": [0, 0, 0]
					},
					"position": {
						"0.0": [0, -1, -4],
						"0.52": [0, 0, 0]
					}
				},
				"leftleg": {
					"rotation": {
						"0.0": [-60.91709, -39.36551, -2.16492],
						"0.52": [0, 0, 0]
					}
				},
				"lowerlleg": {
					"rotation": {
						"0.0": [35, 0, 0],
						"0.52": [0, 0, 0]
					}
				},
				"rightleg": {
					"rotation": {
						"0.0": [-12.43574, -1.51615, 0.09853],
						"0.52": [0, 0, 0]
					}
				},
				"lowerrleg": {
					"rotation": {
						"0.0": [22.5, 0, 0],
						"0.52": [0, 0, 0]
					}
				},
				"lowerlarm": {
					"rotation": {
						"0.0": [0, 0, 27.5],
						"0.52": [0, 0, 0]
					}
				}
			}
		},
		"animation.greatsword.attack_stance0_2": {
			"loop": "hold_on_last_frame",
			"animation_length": 0.52,
			"override_previous_animation": true,
			"bones": {
				"waist": {
					"rotation": {
						"0.0": [-53.76286, 79.43533, -77.29341],
						"0.32": [-53.76286, 79.43533, -77.29341],
						"0.36": [-9.11202, 20.96433, -27.28311],
						"0.4": [-12.15275, -13.81895, -8.80119],
						"0.44": [-19.6134, -52.48252, 4.03692],
						"0.52": [-131.37058, -69.71365, 133.85416]
					}
				},
				"leftArm": {
					"rotation": {
						"0.0": [-42.73673, -11.68922, 103.74112],
						"0.16": [-53.12149, -24.8789, 130.36501],
						"0.32": [-53.12149, -24.8789, 130.36501],
						"0.52": [-55.65445, -45.55581, 154.63968]
					}
				},
				"rightArm": {
					"rotation": {
						"0.0": [-11.9523, -10.74527, 95.87274],
						"0.16": [3.72478, 9.0689, 52.47843],
						"0.32": [3.72478, 9.0689, 52.47843],
						"0.52": [-50.28463, 6.64644, 77.60245]
					}
				},
				"lowerrarm": {
					"rotation": {
						"0.0": [-100, 0, 0],
						"0.16": [-40, 0, 0],
						"0.32": [-40, 0, 0]
					}
				},
				"rightitem": {
					"rotation": {
						"0.0": [55, 0, 0],
						"0.16": [135, 0, 0],
						"0.32": [135, 0, 0],
						"0.52": [140, 0, 0]
					},
					"position": {
						"0.0": [0, -1, -1],
						"0.16": [0, -2, 0],
						"0.32": [0, -2, 0],
						"0.52": [0, -1, 1]
					}
				},
				"trail": {
					"scale": 0
				},
				"root": {
					"rotation": {
						"0.0": [28.06978, 38.11051, 14.09613],
						"0.32": [35.9311, 50.88135, 25.22564],
						"0.52": [32.19503, 2.42452, 16.57772]
					},
					"position": {
						"0.0": [0, -1, -4],
						"0.16": [0, -1, 2],
						"0.32": [0, -1, 2],
						"0.52": [0, -2, -4]
					}
				},
				"leftleg": {
					"rotation": {
						"0.0": [-60.91709, -39.36551, -2.16492],
						"0.16": [-33.41709, -39.36551, -2.16492],
						"0.32": [-42.39485, -45.48513, 3.72007],
						"0.52": [12.69593, -44.27112, -21.01495]
					}
				},
				"lowerlleg": {
					"rotation": {
						"0.0": [35, 0, 0],
						"0.16": [15, 0, 0],
						"0.32": [15, 0, 0]
					}
				},
				"rightleg": {
					"rotation": {
						"0.0": [-12.43574, -1.51615, 0.09853],
						"0.16": [-17.43574, -1.51615, 0.09853],
						"0.32": [-17.24711, -3.00734, -4.67779],
						"0.44": [-94.5816, -12.98396, -8.02973],
						"0.52": [-71.13793, -19.63504, -10.26436]
					}
				},
				"lowerrleg": {
					"rotation": {
						"0.0": [22.5, 0, 0],
						"0.16": [0, 0, 0],
						"0.32": [0, 0, 0],
						"0.44": [47.5, 0, 0],
						"0.52": [37.5, 0, 0]
					}
				},
				"lowerlarm": {
					"rotation": {
						"0.0": [0, 0, 27.5],
						"0.16": [0, 0, 0],
						"0.32": [0, 0, 0]
					}
				}
			}
		},
		"animation.greatsword.return_stance0_2": {
			"loop": "hold_on_last_frame",
			"animation_length": 0.52,
			"override_previous_animation": true,
			"bones": {
				"waist": {
					"rotation": {
						"0.0": [-131.37058, -69.71365, 133.85416],
						"0.52": [0, 0, 0]
					}
				},
				"leftArm": {
					"rotation": {
						"0.0": [-55.65445, -45.55581, 154.63968],
						"0.52": [-23.70348, 14.36495, 29.47028]
					}
				},
				"rightArm": {
					"rotation": {
						"0.0": [-50.28463, 6.64644, 77.60245],
						"0.52": [-57.36295, 50.20977, -81.96467]
					}
				},
				"lowerrarm": {
					"rotation": {
						"0.0": [-100, 0, 0],
						"0.52": [-15, 0, 0]
					}
				},
				"rightitem": {
					"rotation": {
						"0.0": [140, 0, 0],
						"0.52": [-15, 0, 0]
					},
					"position": [0, -1, 1]
				},
				"trail": {
					"scale": {
						"0.0": [0, 0, 0],
						"0.52": [0, 0, 0]
					}
				},
				"root": {
					"rotation": {
						"0.0": [32.19503, 2.42452, 16.57772],
						"0.52": [0, 0, 0]
					},
					"position": {
						"0.0": [0, -2, -4],
						"0.52": [0, 0, 0]
					}
				},
				"leftleg": {
					"rotation": {
						"0.0": [12.69593, -44.27112, -21.01495],
						"0.52": [0, 0, 0]
					}
				},
				"lowerlleg": {
					"rotation": {
						"0.0": [15, 0, 0],
						"0.52": [0, 0, 0]
					}
				},
				"rightleg": {
					"rotation": {
						"0.0": [-71.13793, -19.63504, -10.26436],
						"0.52": [0, 0, 0]
					}
				},
				"lowerrleg": {
					"rotation": {
						"0.0": [37.5, 0, 0],
						"0.52": [0, 0, 0]
					}
				},
				"lowerlarm": {
					"rotation": {
						"0.0": [0, 0, 0],
						"0.52": [0, 0, 0]
					}
				}
			}
		},
		"animation.greatsword.stance_1": {
			"loop": true,
			"override_previous_animation": true,
			"bones": {
				"root": {
					"rotation": [0, 10, 0]
				},
				"waist": {
					"rotation": [0, 22.5, 0]
				},
				"leftArm": {
					"rotation": [-27.62113, -12.19908, -21.99054]
				},
				"lowerlarm": {
					"rotation": [-30, 0, 0]
				},
				"rightArm": {
					"rotation": [-127.33288, 28.72147, -21.52976]
				},
				"lowerrarm": {
					"rotation": [-100, 0, 0]
				},
				"rightleg": {
					"rotation": [-15, 0, 15]
				},
				"lowerrleg": {
					"rotation": [15, 0, 0]
				},
				"leftleg": {
					"rotation": [4.60967, 3.73171, -11.93845]
				},
				"lowerlleg": {
					"rotation": [10, 0, 0]
				},
				"trail": {
					"scale": 0
				}
			}
		},
		"animation.greatsword.attack_stance1_0": {
			"loop": "hold_on_last_frame",
			"animation_length": 0.32,
			"override_previous_animation": true,
			"bones": {
				"root": {
					"rotation": [0, 10, 0]
				},
				"waist": {
					"rotation": {
						"0.0": [0, 22.5, 0],
						"0.28": [0, 25, 0]
					}
				},
				"leftArm": {
					"rotation": {
						"0.0": [-27.62113, -12.19908, -21.99054],
						"0.28": [-101.65326, 6.46399, -80.76528]
					},
					"position": [-1, 0, -3]
				},
				"lowerlarm": {
					"rotation": [-30, 0, 0]
				},
				"rightArm": {
					"rotation": {
						"0.0": [-127.33288, 28.72147, -21.52976],
						"0.28": [-79.36892, -23.52719, 2.70625]
					}
				},
				"lowerrarm": {
					"rotation": {
						"0.0": [-100, 0, 0],
						"0.28": [-62.5, 0, 0]
					}
				},
				"rightleg": {
					"rotation": [-15, 0, 15]
				},
				"lowerrleg": {
					"rotation": [15, 0, 0]
				},
				"leftleg": {
					"rotation": [4.60967, 3.73171, -11.93845]
				},
				"lowerlleg": {
					"rotation": [10, 0, 0]
				},
				"trail": {
					"scale": 0
				}
			}
		},
		"animation.greatsword.attack_stance1_1": {
			"loop": "hold_on_last_frame",
			"animation_length": 0.32,
			"override_previous_animation": true,
			"bones": {
				"root": {
					"rotation": {
						"0.0": [0, 10, 0],
						"0.12": [0, -37.5, 0]
					}
				},
				"waist": {
					"rotation": {
						"0.0": [0, 25, 0],
						"0.12": [0, -47.5, 0]
					}
				},
				"leftArm": {
					"rotation": {
						"0.0": [-101.65326, 6.46399, -80.76528],
						"0.12": [-85.60229, 36.47516, -69.1685]
					},
					"position": {
						"0.0": [-1, 0, -3],
						"0.12": [0, 0, 0]
					}
				},
				"lowerlarm": {
					"rotation": [-30, 0, 0]
				},
				"rightArm": {
					"rotation": {
						"0.0": [-79.36892, -23.52719, 2.70625],
						"0.12": [-65.7367, 8.71822, -80.69624]
					}
				},
				"lowerrarm": {
					"rotation": {
						"0.0": [-62.5, 0, 0],
						"0.12": [-10, 0, 0]
					}
				},
				"rightleg": {
					"rotation": [-15, 0, 15]
				},
				"lowerrleg": {
					"rotation": [15, 0, 0]
				},
				"leftleg": {
					"rotation": [4.60967, 3.73171, -11.93845]
				},
				"lowerlleg": {
					"rotation": [10, 0, 0]
				},
				"trail": {
					"scale": {
						"0.0": [0, 0, 0],
						"0.12": [1, 1, 1],
						"0.16": [1, 1, 1],
						"0.2": [0, 0, 0]
					}
				}
			},
			"sound_effects": {
				"0.12": {
					"effect": "pixel:smash_air"
				}
			}
		},
		"animation.greatsword.attack_stance1_2": {
			"loop": "hold_on_last_frame",
			"animation_length": 1.48,
			"override_previous_animation": true,
			"bones": {
				"root": {
					"rotation": {
						"0.0": [0, 10, 0],
						"0.2": [0, 17.5, 0],
						"0.32": [0, -2.5, 0],
						"0.52": [0, -2.5, 0],
						"1.48": [0, 10, 0]
					}
				},
				"waist": {
					"rotation": {
						"0.0": [0, 22.5, 0],
						"0.2": [-10, 32.5, 0],
						"0.32": [45.38768, -29.19141, -0.5793],
						"0.52": [45.38768, -29.19141, -0.5793],
						"0.8": [40.83393, 25.30909, -0.67606],
						"1.16": [-6.66607, 25.30909, -0.67606],
						"1.48": [0, 22.5, 0]
					}
				},
				"leftArm": {
					"rotation": {
						"0.0": [-27.62113, -12.19908, -21.99054],
						"0.32": [10.70605, -9.42646, -39.58619],
						"0.52": [10.70605, -9.42646, -39.58619],
						"0.8": [-47.71816, 32.37573, 31.65624],
						"1.16": [-115.3458, 23.21193, -85.66211],
						"1.48": [-27.62113, -12.19908, -21.99054]
					},
					"position": {
						"0.8": [0, 0, 0],
						"1.16": [-4, -1, -3],
						"1.48": [0, 0, 0]
					}
				},
				"lowerlarm": {
					"rotation": [-30, 0, 0]
				},
				"rightArm": {
					"rotation": {
						"0.0": [-127.33288, 28.72147, -21.52976],
						"0.2": [-119.37313, -15.74207, -12.46468],
						"0.32": [-37.21989, 24.62277, -9.66936],
						"0.52": [-37.21989, 24.62277, -9.66936],
						"0.8": [-35.48814, -18.70415, 20.77073],
						"1.16": [-74.20025, 11.2648, -24.26048],
						"1.48": [-127.33288, 28.72147, -21.52976]
					},
					"position": {
						"0.32": [0, 0, 0],
						"0.52": [0, 0, 0],
						"0.8": [3, 0, 0],
						"1.16": [0, 0, 0]
					}
				},
				"lowerrarm": {
					"rotation": {
						"0.0": [-100, 0, 0],
						"0.32": [-5, 0, 0],
						"0.52": [-5, 0, 0],
						"1.16": [-72.5, 0, 0],
						"1.48": [-100, 0, 0]
					}
				},
				"rightleg": {
					"rotation": [-15, 0, 15]
				},
				"lowerrleg": {
					"rotation": [15, 0, 0]
				},
				"leftleg": {
					"rotation": [4.60967, 3.73171, -11.93845]
				},
				"lowerlleg": {
					"rotation": [10, 0, 0]
				},
				"rightitem": {
					"rotation": {
						"0.2": [0, 0, 0],
						"0.32": [22.5, 0, 0],
						"0.52": [22.5, 0, 0]
					}
				},
				"trail": {
					"scale": {
						"0.0": [0, 0, 0],
						"0.2": [0, 0, 0],
						"0.32": [1, 1, 1],
						"0.36": [1, 1, 1],
						"0.4": [0, 0, 0],
						"0.68": [0, 0, 0]
					}
				}
			},
			"sound_effects": {
				"0.32": {
					"effect": "pixel:smash_ground"
				}
			}
		},
		"animation.greatsword.attack_stance1_3": {
			"loop": "hold_on_last_frame",
			"animation_length": 1.48,
			"override_previous_animation": true,
			"bones": {
				"root": {
					"rotation": {
						"0.0": [0, 10, 0],
						"0.2": [0, 17.5, 0],
						"0.32": [0, -2.5, 0],
						"0.52": [0, -2.5, 0],
						"1.48": [0, 10, 0]
					}
				},
				"waist": {
					"rotation": {
						"0.0": [0, 22.5, 0],
						"0.2": [-10, 32.5, 0],
						"0.32": [45.38768, -29.19141, -0.5793],
						"0.52": [45.38768, -29.19141, -0.5793],
						"0.8": [40.83393, 25.30909, -0.67606],
						"1.16": [-6.66607, 25.30909, -0.67606],
						"1.48": [0, 22.5, 0]
					}
				},
				"leftArm": {
					"rotation": {
						"0.0": [-27.62113, -12.19908, -21.99054],
						"0.32": [10.70605, -9.42646, -39.58619],
						"0.52": [10.70605, -9.42646, -39.58619],
						"0.68": [-64.34243, 44.61603, -17.85947],
						"0.8": [-47.71816, 32.37573, 31.65624],
						"1.16": [-115.3458, 23.21193, -85.66211],
						"1.48": [-27.62113, -12.19908, -21.99054]
					},
					"position": {
						"0.8": [0, 0, 0],
						"1.16": [-4, -1, -3],
						"1.48": [0, 0, 0]
					}
				},
				"lowerlarm": {
					"rotation": [-30, 0, 0]
				},
				"rightArm": {
					"rotation": {
						"0.0": [-127.33288, 28.72147, -21.52976],
						"0.2": [-119.37313, -15.74207, -12.46468],
						"0.32": [-43.49681, -3.68719, -42.29188],
						"0.52": [-43.49681, -3.68719, -42.29188],
						"0.8": [-35.48814, -18.70415, 20.77073],
						"1.16": [-74.20025, 11.2648, -24.26048],
						"1.48": [-127.33288, 28.72147, -21.52976]
					},
					"position": {
						"0.32": [0, 0, 0],
						"0.52": [0, 0, 0],
						"0.8": [3, 0, 0],
						"1.16": [0, 0, 0]
					}
				},
				"lowerrarm": {
					"rotation": {
						"0.0": [-100, 0, 0],
						"0.32": [-5, 0, 0],
						"0.52": [-5, 0, 0],
						"1.16": [-72.5, 0, 0],
						"1.48": [-100, 0, 0]
					}
				},
				"rightleg": {
					"rotation": [-15, 0, 15]
				},
				"lowerrleg": {
					"rotation": [15, 0, 0]
				},
				"leftleg": {
					"rotation": [4.60967, 3.73171, -11.93845]
				},
				"lowerlleg": {
					"rotation": [10, 0, 0]
				},
				"rightitem": {
					"rotation": {
						"0.2": [0, 0, 0],
						"0.32": [22.5, 0, 0],
						"0.52": [22.5, 0, 0]
					}
				},
				"trail": {
					"scale": {
						"0.0": [0, 0, 0],
						"0.2": [0, 0, 0],
						"0.32": [1, 1, 1],
						"0.36": [1, 1, 1],
						"0.4": [0, 0, 0],
						"0.72": [0, 0, 0]
					}
				}
			},
			"sound_effects": {
				"0.32": {
					"effect": "pixel:smash_ground"
				}
			}
		},
		"animation.greatsword.attack_stance1_4": {
			"loop": "hold_on_last_frame",
			"animation_length": 1.48,
			"override_previous_animation": true,
			"bones": {
				"root": {
					"rotation": {
						"0.0": [0, 10, 0],
						"0.2": [0, 17.5, 0],
						"0.32": [0, -22.5, 0],
						"0.52": [0, -22.5, 0],
						"1.16": [0, -22.5, 0],
						"1.48": [0, 10, 0]
					}
				},
				"waist": {
					"rotation": {
						"0.0": [0, 22.5, 0],
						"0.2": [-10, 32.5, 0],
						"0.32": [45.38768, -29.19141, -0.5793],
						"0.52": [45.38768, -29.19141, -0.5793],
						"0.8": [40.83393, 25.30909, -0.67606],
						"1.16": [-6.66607, 25.30909, -0.67606],
						"1.48": [0, 22.5, 0]
					}
				},
				"leftArm": {
					"rotation": {
						"0.0": [-27.62113, -12.19908, -21.99054],
						"0.32": [10.70605, -9.42646, -39.58619],
						"0.52": [10.70605, -9.42646, -39.58619],
						"0.68": [-64.34243, 44.61603, -17.85947],
						"0.8": [-47.71816, 32.37573, 31.65624],
						"1.16": [-115.3458, 23.21193, -85.66211],
						"1.48": [-27.62113, -12.19908, -21.99054]
					},
					"position": {
						"0.8": [0, 0, 0],
						"1.16": [-4, -1, -3],
						"1.48": [0, 0, 0]
					}
				},
				"lowerlarm": {
					"rotation": [-30, 0, 0]
				},
				"rightArm": {
					"rotation": {
						"0.0": [-127.33288, 28.72147, -21.52976],
						"0.2": [-119.37313, -15.74207, -12.46468],
						"0.32": [-43.49681, -3.68719, -42.29188],
						"0.52": [-43.49681, -3.68719, -42.29188],
						"0.8": [-35.48814, -18.70415, 20.77073],
						"1.16": [-74.20025, 11.2648, -24.26048],
						"1.48": [-127.33288, 28.72147, -21.52976]
					},
					"position": {
						"0.32": [0, 0, 0],
						"0.52": [0, 0, 0],
						"0.8": [3, 0, 0],
						"1.16": [0, 0, 0]
					}
				},
				"lowerrarm": {
					"rotation": {
						"0.0": [-100, 0, 0],
						"0.32": [-5, 0, 0],
						"0.52": [-5, 0, 0],
						"1.16": [-72.5, 0, 0],
						"1.48": [-100, 0, 0]
					}
				},
				"rightleg": {
					"rotation": [-15, 0, 15]
				},
				"lowerrleg": {
					"rotation": [15, 0, 0]
				},
				"leftleg": {
					"rotation": [4.60967, 3.73171, -11.93845]
				},
				"lowerlleg": {
					"rotation": [10, 0, 0]
				},
				"rightitem": {
					"rotation": {
						"0.2": [0, 0, 0],
						"0.32": [22.5, 0, 0],
						"0.52": [22.5, 0, 0]
					}
				},
				"trail": {
					"scale": {
						"0.0": [0, 0, 0],
						"0.2": [0, 0, 0],
						"0.32": [1, 1, 1],
						"0.36": [1, 1, 1],
						"0.4": [0, 0, 0],
						"0.72": [0, 0, 0]
					}
				}
			},
			"sound_effects": {
				"0.32": {
					"effect": "pixel:smash_ground"
				}
			}
		},
		"animation.greatsword.attack_stance1_5": {
			"loop": "hold_on_last_frame",
			"animation_length": 1.48,
			"override_previous_animation": true,
			"bones": {
				"root": {
					"rotation": {
						"0.0": [0, 10, 0],
						"0.2": [0, 17.5, 0],
						"0.32": [0, 30, 0],
						"0.52": [0, 30, 0],
						"1.48": [0, 10, 0]
					}
				},
				"waist": {
					"rotation": {
						"0.0": [0, 22.5, 0],
						"0.2": [-10, 32.5, 0],
						"0.32": [45.38768, -29.19141, -0.5793],
						"0.52": [45.38768, -29.19141, -0.5793],
						"0.8": [40.83393, 25.30909, -0.67606],
						"1.16": [-6.66607, 25.30909, -0.67606],
						"1.48": [0, 22.5, 0]
					}
				},
				"leftArm": {
					"rotation": {
						"0.0": [-27.62113, -12.19908, -21.99054],
						"0.32": [10.70605, -9.42646, -39.58619],
						"0.52": [10.70605, -9.42646, -39.58619],
						"0.68": [-64.34243, 44.61603, -17.85947],
						"0.8": [-47.71816, 32.37573, 31.65624],
						"1.16": [-115.3458, 23.21193, -85.66211],
						"1.48": [-27.62113, -12.19908, -21.99054]
					},
					"position": {
						"0.8": [0, 0, 0],
						"1.16": [-4, -1, -3],
						"1.48": [0, 0, 0]
					}
				},
				"lowerlarm": {
					"rotation": [-30, 0, 0]
				},
				"rightArm": {
					"rotation": {
						"0.0": [-127.33288, 28.72147, -21.52976],
						"0.2": [-119.37313, -15.74207, -12.46468],
						"0.32": [-34.13597, 29.00269, -2.84397],
						"0.52": [-34.13597, 29.00269, -2.84397],
						"0.8": [-35.48814, -18.70415, 20.77073],
						"1.16": [-74.20025, 11.2648, -24.26048],
						"1.48": [-127.33288, 28.72147, -21.52976]
					},
					"position": {
						"0.32": [0, 0, 0],
						"0.52": [0, 0, 0],
						"0.8": [3, 0, 0],
						"1.16": [0, 0, 0]
					}
				},
				"lowerrarm": {
					"rotation": {
						"0.0": [-100, 0, 0],
						"0.32": [-5, 0, 0],
						"0.52": [-5, 0, 0],
						"1.16": [-72.5, 0, 0],
						"1.48": [-100, 0, 0]
					}
				},
				"rightleg": {
					"rotation": [-15, 0, 15]
				},
				"lowerrleg": {
					"rotation": [15, 0, 0]
				},
				"leftleg": {
					"rotation": [4.60967, 3.73171, -11.93845]
				},
				"lowerlleg": {
					"rotation": [10, 0, 0]
				},
				"rightitem": {
					"rotation": {
						"0.2": [0, 0, 0],
						"0.32": [22.5, 0, 0],
						"0.52": [22.5, 0, 0]
					}
				},
				"trail": {
					"scale": {
						"0.0": [0, 0, 0],
						"0.2": [0, 0, 0],
						"0.32": [1, 1, 1],
						"0.36": [1, 1, 1],
						"0.4": [0, 0, 0],
						"0.72": [0, 0, 0]
					}
				}
			},
			"sound_effects": {
				"0.32": {
					"effect": "pixel:smash_ground"
				}
			}
		},
		"animation.greatsword.attack_stance1_6": {
			"loop": "hold_on_last_frame",
			"animation_length": 0.32,
			"override_previous_animation": true,
			"bones": {
				"root": {
					"rotation": {
						"0.0": [0, 10, 0],
						"0.12": [20, -37.5, 0]
					}
				},
				"waist": {
					"rotation": {
						"0.0": [0, 25, 0],
						"0.12": [27.06391, -71.25338, -16.53597]
					}
				},
				"leftArm": {
					"rotation": {
						"0.0": [-101.65326, 6.46399, -80.76528],
						"0.12": [-81.96267, 63.83277, -64.56337]
					},
					"position": {
						"0.0": [-1, 0, -3],
						"0.12": [0, 0, 0]
					}
				},
				"lowerlarm": {
					"rotation": [-30, 0, 0]
				},
				"rightArm": {
					"rotation": {
						"0.0": [-79.36892, -23.52719, 2.70625],
						"0.12": [-59.41338, 31.42575, -69.42274]
					}
				},
				"lowerrarm": {
					"rotation": {
						"0.0": [-62.5, 0, 0],
						"0.12": [-10, 0, 0]
					}
				},
				"rightleg": {
					"rotation": [-15, 0, 15]
				},
				"lowerrleg": {
					"rotation": [15, 0, 0]
				},
				"leftleg": {
					"rotation": [4.60967, 3.73171, -11.93845]
				},
				"lowerlleg": {
					"rotation": [10, 0, 0]
				},
				"trail": {
					"scale": {
						"0.0": [0, 0, 0],
						"0.12": [1, 1, 1],
						"0.16": [1, 1, 1],
						"0.2": [0, 0, 0]
					}
				}
			},
			"sound_effects": {
				"0.12": {
					"effect": "pixel:smash_air"
				}
			}
		},
		"animation.greatsword.attack_stance1_7": {
			"loop": "hold_on_last_frame",
			"animation_length": 0.52,
			"override_previous_animation": true,
			"bones": {
				"root": {
					"rotation": {
						"0.0": [0, 10, 0],
						"0.12": [20, 37.5, 0]
					}
				},
				"waist": {
					"rotation": {
						"0.0": [0, -37.5, 0],
						"0.12": [27.06391, 71.25338, 16.53597]
					}
				},
				"leftArm": {
					"rotation": {
						"0.0": [-101.65326, 6.46399, -80.76528],
						"0.12": [-51.44591, 5.9327, 72.15397]
					},
					"position": {
						"0.0": [-1, 0, -3],
						"0.12": [0, 0, 0]
					}
				},
				"lowerlarm": {
					"rotation": {
						"0.0": [-30, 0, 0],
						"0.12": [2.5, 0, 0]
					}
				},
				"rightArm": {
					"rotation": {
						"0.0": [-79.36892, -23.52719, 2.70625],
						"0.12": [-64.41338, -31.42575, 69.42274]
					}
				},
				"lowerrarm": {
					"rotation": {
						"0.0": [-62.5, 0, 0],
						"0.12": [-10, 0, 0]
					}
				},
				"rightleg": {
					"rotation": [-15, 0, 15]
				},
				"lowerrleg": {
					"rotation": [15, 0, 0]
				},
				"leftleg": {
					"rotation": [4.60967, 3.73171, -11.93845]
				},
				"lowerlleg": {
					"rotation": [10, 0, 0]
				},
				"trail": {
					"scale": {
						"0.0": [0, 0, 0],
						"0.12": [1, 1, 1],
						"0.16": [1, 1, 1],
						"0.2": [0, 0, 0]
					}
				},
				"rightitem": {
					"rotation": {
						"0.0": [0, 0, 0],
						"0.12": [27.5, 0, 0]
					},
					"position": {
						"0.0": [0, 0, 0],
						"0.12": [0, 0, -3]
					}
				}
			},
			"sound_effects": {
				"0.12": {
					"effect": "pixel:smash_air"
				}
			}
		},
		"animation.greatsword.stance_2": {
			"loop": true,
			"override_previous_animation": true,
			"bones": {
				"waist": {
					"rotation": [11.80868, 31.94715, 6.31274]
				},
				"leftArm": {
					"rotation": [-69.62193, 39.18216, 32.89837],
					"position": [-1, 0, -2]
				},
				"rightArm": {
					"rotation": [-65.87641, -11.18592, 81.92192]
				},
				"lowerrarm": {
					"rotation": [-25.29856, -0.51283, 3.79475]
				},
				"rightitem": {
					"rotation": [17.5, 0, 0],
					"position": [0, -1, -3]
				},
				"trail": {
					"scale": 0
				}
			}
		},
		"animation.greatsword.attack_stance_2_0": {
			"loop": "hold_on_last_frame",
			"animation_length": 0.8,
			"override_previous_animation": true,
			"bones": {
				"waist": {
					"rotation": {
						"0.0": [11.80868, 31.94715, 6.31274],
						"0.08": [13.4502, -41.70738, -9.04107],
						"0.32": [13.4502, -41.70738, -9.04107],
						"0.4": [14.62771, 46.55847, 10.73052]
					}
				},
				"leftArm": {
					"rotation": {
						"0.0": [-69.62193, 39.18216, 32.89837],
						"0.32": [-69.62193, 39.18216, 32.89837],
						"0.4": [-63.37208, 52.97053, 41.50513]
					},
					"position": {
						"0.0": [-1, 0, -2],
						"0.32": [-1, 0, -2],
						"0.4": [-2, 0, -2]
					}
				},
				"rightArm": {
					"rotation": {
						"0.0": [-65.87641, -11.18592, 81.92192],
						"0.08": [-65.87641, -11.18592, 81.92192],
						"0.32": [-65.87641, -11.18592, 81.92192],
						"0.4": [-39.73147, -9.68157, 89.39345]
					}
				},
				"lowerrarm": {
					"rotation": {
						"0.0": [-25.29856, -0.51283, 3.79475],
						"0.08": [-25.29856, -0.51283, 3.79475],
						"0.32": [-25.29856, -0.51283, 3.79475]
					}
				},
				"rightitem": {
					"rotation": {
						"0.0": [17.5, 0, 0],
						"0.08": [17.5, 0, 0],
						"0.32": [17.5, 0, 0],
						"0.4": [0, 0, 0]
					},
					"position": {
						"0.0": [0, -1, -3],
						"0.08": [0, -1, -3],
						"0.32": [0, -1, -3]
					}
				},
				"root": {
					"rotation": {
						"0.0": [0, 12.5, 0],
						"0.08": [0, -22.5, 0],
						"0.32": [0, -22.5, 0],
						"0.4": [0, 22.5, 0]
					}
				},
				"lowerlarm": {
					"rotation": {
						"0.32": [0, 0, -15],
						"0.4": [0, 0, -2.5]
					}
				},
				"trail": {
					"scale": {
						"0.0": [0, 0, 0],
						"0.32": [0, 0, 0],
						"0.4": [1, 1, 1],
						"0.44": [1, 1, 1],
						"0.48": [0, 0, 0]
					}
				}
			}
		},
		"animation.greatsword.ability_slash": {
			"loop": "hold_on_last_frame",
			"animation_length": 0.6,
			"override_previous_animation": true,
			"bones": {
				"waist": {
					"rotation": {
						"0.0": [11.80868, 31.94715, 6.31274],
						"0.08": [13.4502, -41.70738, -9.04107],
						"0.32": [13.4502, -41.70738, -9.04107],
						"0.4": [14.62771, 46.55847, 10.73052]
					}
				},
				"leftArm": {
					"rotation": {
						"0.0": [-69.62193, 39.18216, 32.89837],
						"0.32": [-69.62193, 39.18216, 32.89837],
						"0.4": [-63.37208, 52.97053, 41.50513]
					},
					"position": {
						"0.0": [-1, 0, -2],
						"0.32": [-1, 0, -2],
						"0.4": [-2, 0, -2]
					}
				},
				"rightArm": {
					"rotation": {
						"0.0": [-65.87641, -11.18592, 81.92192],
						"0.08": [-65.87641, -11.18592, 81.92192],
						"0.32": [-65.87641, -11.18592, 81.92192],
						"0.4": [-39.73147, -9.68157, 89.39345]
					}
				},
				"lowerrarm": {
					"rotation": {
						"0.0": [-25.29856, -0.51283, 3.79475],
						"0.08": [-25.29856, -0.51283, 3.79475],
						"0.32": [-25.29856, -0.51283, 3.79475]
					}
				},
				"rightitem": {
					"rotation": {
						"0.0": [17.5, 0, 0],
						"0.08": [17.5, 0, 0],
						"0.32": [17.5, 0, 0],
						"0.4": [0, 0, 0]
					},
					"position": {
						"0.0": [0, -1, -3],
						"0.08": [0, -1, -3],
						"0.32": [0, -1, -3]
					}
				},
				"root": {
					"rotation": {
						"0.0": [0, 12.5, 0],
						"0.08": [0, -55, 0],
						"0.32": [0, -50, 0],
						"0.4": [0, 55, 0]
					}
				},
				"lowerlarm": {
					"rotation": {
						"0.32": [0, 0, -15],
						"0.4": [0, 0, -2.5]
					}
				},
				"trail": {
					"scale": {
						"0.0": [0, 0, 0],
						"0.32": [0, 0, 0],
						"0.4": [1, 1, 1],
						"0.44": [1, 1, 1],
						"0.48": [0, 0, 0]
					}
				}
			}
		},
		"animation.greatsword.ability_fly": {
			"loop": "hold_on_last_frame",
			"animation_length": 0.32,
			"override_previous_animation": true,
			"bones": {
				"root": {
					"rotation": {
						"0.0": [0, 10, 0],
						"0.2": [0, 17.5, 0]
					}
				},
				"waist": {
					"rotation": {
						"0.0": [0, 22.5, 0],
						"0.2": [-10, 32.5, 0]
					}
				},
				"leftArm": {
					"rotation": {
						"0.0": [-27.62113, -12.19908, -21.99054],
						"0.2": [-61.62364, -26.72754, -32.37756]
					}
				},
				"lowerlarm": {
					"rotation": {
						"0.0": [-30, 0, 0],
						"0.2": [-15, 0, 0]
					}
				},
				"rightArm": {
					"rotation": {
						"0.0": [-127.33288, 28.72147, -21.52976],
						"0.2": [-114.65745, -42.40324, -15.89927]
					}
				},
				"lowerrarm": {
					"rotation": [-100, 0, 0]
				},
				"rightleg": {
					"rotation": [-15, 0, 15]
				},
				"lowerrleg": {
					"rotation": [15, 0, 0]
				},
				"leftleg": {
					"rotation": [4.60967, 3.73171, -11.93845]
				},
				"lowerlleg": {
					"rotation": [10, 0, 0]
				},
				"rightitem": {
					"rotation": [0, 0, 0]
				},
				"trail": {
					"scale": {
						"0.0": [0, 0, 0],
						"0.2": [0.5, 0.5, 0.5]
					}
				}
			}
		},
		"animation.greatsword.ability_fly_land": {
			"loop": "hold_on_last_frame",
			"animation_length": 0.52,
			"override_previous_animation": true,
			"bones": {
				"root": {
					"rotation": {
						"0.0": [0, 17.5, 0],
						"0.12": [0, -2.5, 0]
					}
				},
				"waist": {
					"rotation": {
						"0.0": [-10, 32.5, 0],
						"0.12": [45.38768, -29.19141, -0.5793]
					}
				},
				"leftArm": {
					"rotation": {
						"0.0": [-27.62113, -12.19908, -21.99054],
						"0.12": [10.70605, -9.42646, -39.58619]
					}
				},
				"lowerlarm": {
					"rotation": [-30, 0, 0]
				},
				"rightArm": {
					"rotation": {
						"0.0": [-119.37313, -15.74207, -12.46468],
						"0.12": [-37.21989, 24.62277, -9.66936]
					}
				},
				"lowerrarm": {
					"rotation": {
						"0.0": [-100, 0, 0],
						"0.12": [-5, 0, 0]
					}
				},
				"rightleg": {
					"rotation": [-15, 0, 15]
				},
				"lowerrleg": {
					"rotation": [15, 0, 0]
				},
				"leftleg": {
					"rotation": [4.60967, 3.73171, -11.93845]
				},
				"lowerlleg": {
					"rotation": [10, 0, 0]
				},
				"rightitem": {
					"rotation": {
						"0.0": [0, 0, 0],
						"0.12": [22.5, 0, 0]
					}
				},
				"trail": {
					"scale": {
						"0.0": [0.5, 0.5, 0.5],
						"0.12": [1, 1, 1],
						"0.16": [1, 1, 1],
						"0.2": [0, 0, 0]
					}
				}
			}
		},
		"animation.greatsword.ability_ground_slash": {
			"loop": "hold_on_last_frame",
			"animation_length": 0.52,
			"override_previous_animation": true,
			"bones": {
				"root": {
					"rotation": {
						"0.0": [0, 17.5, 0],
						"0.2": [0, 67.5, 0],
						"0.32": [0, 67.5, 0],
						"0.44": [20, 0, 0]
					}
				},
				"waist": {
					"rotation": {
						"0.0": [6.82164, -11.87195, 3.6799],
						"0.2": [-8.42165, 0.39445, 5.35367],
						"0.32": [-8.42165, 0.39445, 5.35367],
						"0.44": [50.12833, -35.92916, -9.36044]
					}
				},
				"leftArm": {
					"rotation": {
						"0.0": [-27.62113, -12.19908, -21.99054],
						"0.2": [-52.81123, 16.66577, 31.23252],
						"0.32": [-52.81123, 16.66577, 31.23252],
						"0.44": [-104.90817, 56.7769, -71.48262]
					},
					"position": {
						"0.32": [0, 0, 0],
						"0.44": [-3, 0, -4]
					}
				},
				"lowerlarm": {
					"rotation": {
						"0.0": [-30, 0, 0],
						"0.2": [-30, 0, 0],
						"0.32": [-30, 0, 0]
					}
				},
				"rightArm": {
					"rotation": {
						"0.0": [-126.93624, 38.22215, -46.09273],
						"0.2": [-30.58035, -53.35328, -18.02276],
						"0.32": [-30.58035, -53.35328, -18.02276],
						"0.44": [-74.15466, 29.41394, -25.86957]
					},
					"position": {
						"0.2": [0, 0, -3],
						"0.32": [0, 0, -3]
					}
				},
				"lowerrarm": {
					"rotation": {
						"0.2": [-100, 0, 0],
						"0.32": [-100, 0, 0],
						"0.44": [-5, 0, 0]
					}
				},
				"rightleg": {
					"rotation": {
						"0.0": [-15, 0, 15],
						"0.2": [-15, 0, 15],
						"0.32": [-15, 0, 15]
					}
				},
				"lowerrleg": {
					"rotation": {
						"0.0": [15, 0, 0],
						"0.2": [15, 0, 0],
						"0.32": [15, 0, 0]
					}
				},
				"leftleg": {
					"rotation": {
						"0.0": [4.60967, 3.73171, -11.93845],
						"0.2": [4.60967, 3.73171, -11.93845],
						"0.32": [4.60967, 3.73171, -11.93845]
					}
				},
				"lowerlleg": {
					"rotation": {
						"0.0": [10, 0, 0],
						"0.2": [10, 0, 0],
						"0.32": [10, 0, 0]
					}
				},
				"rightitem": {
					"rotation": {
						"0.0": [0, 0, 0],
						"0.2": [0, 0, 0],
						"0.32": [0, 0, 0],
						"0.44": [5, 0, 0],
						"0.52": [17.5, 0, 0]
					}
				},
				"trail": {
					"scale": {
						"0.0": [0.5, 0.5, 0.5],
						"0.2": [0.5, 0.5, 0.5],
						"0.32": [0.5, 0.5, 0.5],
						"0.44": [1, 1, 1],
						"0.48": [1, 1, 1],
						"0.52": [0, 0, 0]
					}
				}
			}
		},
		"animation.greatsword.ability_ground_slash2": {
			"loop": "hold_on_last_frame",
			"animation_length": 0.52,
			"override_previous_animation": true,
			"bones": {
				"root": {
					"rotation": {
						"0.0": [0, 17.5, 0],
						"0.2": [0, 67.5, 0],
						"0.32": [0, 67.5, 0],
						"0.44": [0, 67.5, 0]
					},
					"position": {
						"0.32": [0, 0, 0],
						"0.44": [0, -7, 0]
					}
				},
				"waist": {
					"rotation": {
						"0.0": [6.82164, -11.87195, 3.6799],
						"0.2": [-10.2303, 11.52624, -4.07682],
						"0.32": [-10.2303, 11.52624, -4.07682],
						"0.44": [-1.65981, 15.27761, 31.73578]
					}
				},
				"leftArm": {
					"rotation": {
						"0.0": [-27.62113, -12.19908, -21.99054],
						"0.2": [-27.33646, -40.9285, -76.68593],
						"0.32": [-27.33646, -40.9285, -76.68593],
						"0.4": [-35.07738, 11.10753, -0.17685],
						"0.44": [60.60639, -78.42133, -7.37643]
					},
					"position": {
						"0.2": [-3, 0, -3],
						"0.32": [-3, 0, -3],
						"0.4": [-1, 0, 2],
						"0.44": [-1, 0, -5]
					}
				},
				"lowerlarm": {
					"rotation": {
						"0.0": [-30, 0, 0],
						"0.2": [-107.5, 0, 0],
						"0.32": [-107.5, 0, 0],
						"0.4": [-97.5, 0, 0],
						"0.44": [-57.5, 0, 0]
					}
				},
				"rightArm": {
					"rotation": {
						"0.0": [-126.93624, 38.22215, -46.09273],
						"0.2": [-27.92974, -72.19028, -56.74717],
						"0.32": [-27.92974, -72.19028, -56.74717],
						"0.44": [47.07026, -72.19028, -56.74717]
					},
					"position": {
						"0.2": [0, 0, -3],
						"0.32": [0, 0, -3],
						"0.44": [-1, 0, -3]
					}
				},
				"lowerrarm": {
					"rotation": {
						"0.2": [-100, 0, 0],
						"0.32": [-100, 0, 0],
						"0.44": [-10, 0, 0]
					}
				},
				"rightleg": {
					"rotation": {
						"0.0": [-15, 0, 15],
						"0.2": [-15, 0, 15],
						"0.32": [-15, 0, 15],
						"0.44": [2.77035, -8.46068, 1.59215]
					},
					"position": {
						"0.32": [0, 0, 0],
						"0.44": [0, 2, 0]
					}
				},
				"lowerrleg": {
					"rotation": {
						"0.0": [15, 0, 0],
						"0.2": [15, 0, 0],
						"0.32": [15, 0, 0],
						"0.44": [97.5, 0, 0]
					}
				},
				"leftleg": {
					"rotation": {
						"0.0": [4.60967, 3.73171, -11.93845],
						"0.2": [4.60967, 3.73171, -11.93845],
						"0.32": [4.60967, 3.73171, -11.93845],
						"0.44": [-70.39033, 3.73171, -11.93845]
					}
				},
				"lowerlleg": {
					"rotation": {
						"0.0": [10, 0, 0],
						"0.2": [10, 0, 0],
						"0.32": [10, 0, 0],
						"0.44": [75, 0, 0]
					}
				},
				"rightitem": {
					"rotation": {
						"0.0": [0, 0, 0],
						"0.2": [0, 0, 0],
						"0.32": [0, 0, 0],
						"0.44": [5, 0, 0],
						"0.52": [17.5, 0, 0]
					},
					"position": [0, 0, -6]
				},
				"trail": {
					"scale": {
						"0.0": [0.5, 0.5, 0.5],
						"0.2": [0.5, 0.5, 0.5],
						"0.32": [0.5, 0.5, 0.5],
						"0.44": [1, 1, 1],
						"0.48": [1, 1, 1],
						"0.52": [0, 0, 0]
					}
				},
				"katana": {
					"rotation": [0, -62.5, 0],
					"position": [0, 2, 4]
				}
			}
		},
		"animation.greatsword.ability_ground_stab": {
			"loop": "hold_on_last_frame",
			"animation_length": 1.28,
			"override_previous_animation": true,
			"bones": {
				"root": {
					"rotation": [27.5, 0, 0],
					"position": {
						"0.0": [0, -2, 0],
						"0.12": [0, -1, 0],
						"0.16": [0, 6, 0],
						"0.32": [0, 26, 0],
						"0.72": [0, 60, 0],
						"1.16": [0, 60, 0],
						"1.28": [0, -1, 0]
					}
				},
				"waist": {
					"rotation": {
						"0.16": [2.5, 0, 0],
						"0.32": [-37.5, 0, 0],
						"1.28": [-12.5, 0, 0]
					}
				},
				"leftArm": {
					"rotation": {
						"0.44": [0, 0, 0],
						"0.72": [-105.14371, 34.05444, -8.61775],
						"1.16": [-105.14371, 34.05444, -8.61775],
						"1.28": [-64.38694, 43.19849, -3.41935]
					}
				},
				"lowerlarm": {
					"rotation": {
						"0.44": [0, 0, 0],
						"0.72": [-20, 0, 0],
						"1.16": [-20, 0, 0]
					}
				},
				"rightArm": {
					"rotation": {
						"0.2": [-65, 0, 0],
						"0.44": [-57.5, 0, 0],
						"0.72": [-79.53654, -32.46527, -1.59176],
						"1.16": [-79.53654, -32.46527, -1.59176],
						"1.28": [-87.03654, -32.46527, -1.59176]
					}
				},
				"lowerrarm": {
					"rotation": {
						"0.2": [-120, 0, 0],
						"0.44": [-15, 0, 0]
					}
				},
				"rightleg": {
					"rotation": {
						"0.0": [-52.07555, 7.9185, 6.12673],
						"0.12": [-17.07555, 7.9185, 6.12673],
						"1.16": [-17.07555, 7.9185, 6.12673],
						"1.28": [-9.57555, 7.9185, 6.12673]
					}
				},
				"lowerrleg": {
					"rotation": {
						"0.0": [30, 0, 0],
						"0.12": [2.5, 0, 0],
						"1.16": [2.5, 0, 0],
						"1.28": [20, 0, 0]
					}
				},
				"leftleg": {
					"rotation": {
						"0.0": [-55.46061, 1.75498, -12.22103],
						"0.12": [-25.46061, 1.75498, -12.22103],
						"1.16": [-25.46061, 1.75498, -12.22103],
						"1.28": [-55.46061, 1.75498, -12.22103]
					}
				},
				"lowerlleg": {
					"rotation": {
						"0.0": [42.5, 0, 0],
						"0.12": [7.5, 0, 0],
						"1.16": [7.5, 0, 0]
					}
				},
				"rightitem": {
					"rotation": {
						"0.32": [0, 0, 0],
						"0.72": [177.5, 0, 0],
						"1.16": [177.5, 0, 0],
						"1.28": [169.97589, -7.90937, 40.96859]
					}
				},
				"trail": {
					"scale": 0.5
				}
			}
		},
		"animation.greatsword.ability_spin": {
			"animation_length": 5.56,
			"bones": {
				"waist": {
					"rotation": {
						"0.0": [-5, 75, 0],
						"0.24": [-5, -82.5, 0],
						"1.16": [-5, -82.5, 0]
					}
				},
				"head": {
					"rotation": {
						"0.0": [0, -50, 0],
						"0.24": [5, 55, 0],
						"1.16": [5, 55, 0]
					}
				},
				"leftArm": {
					"rotation": {
						"0.0": [-85, 47.5, 0],
						"1.16": [-85, 47.5, 0]
					},
					"position": {
						"0.0": [-5, -1, -2],
						"0.24": [0, 0, 0],
						"1.16": [0, 0, 0]
					}
				},
				"rightArm": {
					"rotation": {
						"0.0": [-80, 22.5, 27.5],
						"0.24": [-80, -2.5, 27.5],
						"1.16": [-80, -2.5, 27.5]
					}
				},
				"rightitem": {
					"rotation": {
						"0.0": [0, 95, 10],
						"0.24": [0, 115, -5],
						"1.16": [0, 115, -5]
					}
				},
				"root": {
					"rotation": {
						"0.24": [0, 0, 0],
						"1.04": [0, -360, 0],
						"2.36": [0, -720, 0],
						"4.08": [0, -1090, 0],
						"5.28": [0, -1447.5, 0]
					}
				}
			}
		},
		"animation.greatsword.attack_test_0": {
			"loop": true,
			"animation_length": 2.96,
			"override_previous_animation": true,
			"bones": {
				"waist": {
					"rotation": {
						"0.0": [10, 0, 0],
						"0.52": [13.74314, 27.0478, 5.16524],
						"1.04": [17.84021, 46.31944, 11.92175],
						"1.56": [-2.15979, 46.31944, 11.92175],
						"1.84": [-12.15979, 46.31944, 11.92175],
						"2.08": [-12.15979, 46.31944, 11.92175],
						"2.44": [-5.28749, -73.59415, 18.55742]
					}
				},
				"leftArm": {
					"rotation": {
						"0.0": [-23.70348, 14.36495, 29.47028],
						"0.52": [-51.20348, 14.36495, 29.47028],
						"1.04": [-36.59008, 22.05114, 36.21162],
						"1.56": [-35.74199, 23.52666, 38.40075],
						"1.84": [-50.74199, 23.52666, 38.40075],
						"2.08": [-50.74199, 23.52666, 38.40075],
						"2.44": [-81.82593, -13.73118, -7.36805],
						"2.56": [-84.51097, -0.36429, -11.26982]
					}
				},
				"rightArm": {
					"rotation": {
						"0.0": [-57.36295, 50.20977, -81.96467],
						"0.52": [-138.17583, 37.67376, -147.24905],
						"1.04": [-141.92066, 51.30762, -138.39516],
						"1.56": [-132.06068, 42.73144, -124.98366],
						"1.84": [-168.0257, 36.98279, -118.69924],
						"2.08": [-168.0257, 36.98279, -118.69924],
						"2.44": [-105.94522, 8.85602, -99.22789],
						"2.56": [-108.4991, 17.93837, -125.11731]
					}
				},
				"lowerrarm": {
					"rotation": {
						"0.0": [-15, 0, 0],
						"0.52": [7.5, 0, 0],
						"1.56": [7.5, 0, 0],
						"1.84": [78.03571, 0, 0],
						"2.08": [78.03571, 0, 0],
						"2.56": [7.5, 0, 0]
					}
				},
				"rightitem": {
					"rotation": {
						"0.0": [-15, 0, 0],
						"0.52": [7.5, 0, 0],
						"1.04": [20, 0, 0],
						"1.56": [19.45797, -5.33718, 22.02516],
						"1.84": [-32.17935, -4.33517, -13.58811],
						"2.08": [-32.17935, -4.33517, -13.58811],
						"2.56": [42.82065, -4.33517, -13.58811]
					}
				},
				"trail": {
					"scale": 0
				},
				"root": {
					"rotation": {
						"0.0": [0, 0, 0],
						"0.52": [0, 20, 0],
						"1.04": [3.6295, 32.29033, 2.54821],
						"1.56": [3.85637, 37.27969, 2.9455],
						"1.84": [3.85637, 37.27969, 2.9455],
						"2.08": [3.85637, 37.27969, 2.9455],
						"2.44": [3.26736, -20.12756, -0.51797],
						"2.56": [-41.04674, -87.45377, 49.28695]
					}
				},
				"lowerlarm": {
					"rotation": {
						"2.08": [0, 0, 2.5],
						"2.2": [0, 0, 90]
					}
				}
			}
		},
		"animation.greatsword.attack_test_1": {
			"loop": true,
			"animation_length": 1.56,
			"override_previous_animation": true,
			"bones": {
				"waist": {
					"rotation": {
						"0.0": [10, 0, 0],
						"0.52": [12.22464, -2.22098, -1.66189],
						"1.04": [13.74314, 27.0478, 5.16524],
						"1.2": [38.23369, -5.70639, -22.83319]
					}
				},
				"leftArm": {
					"rotation": {
						"0.0": [-23.70348, 14.36495, 29.47028],
						"0.52": [-86.08645, 63.77835, 40.43159],
						"1.04": [-86.08645, 63.77835, 40.43159],
						"1.16": [-16.88728, 19.19608, 41.72407]
					},
					"position": {
						"1.04": [0, 0, 0],
						"1.16": [-4, -1, -2]
					}
				},
				"rightArm": {
					"rotation": {
						"0.0": [-57.36295, 50.20977, -81.96467],
						"0.52": [-123.04893, -26.90255, -0.70986],
						"1.04": [-103.15526, -29.66829, -26.66522],
						"1.16": [-34.62313, 23.82778, 1.70638]
					},
					"position": {
						"0.52": [0, 0, 0],
						"1.04": [-1, -2, 0],
						"1.16": [2, 1, -3]
					}
				},
				"lowerrarm": {
					"rotation": {
						"0.0": [-15, 0, 0],
						"0.52": [-57.5, 0, 0],
						"1.04": [-75.69281, -4.60233, -37.45798],
						"1.16": [0, 0, 0]
					}
				},
				"rightitem": {
					"rotation": {
						"0.0": [-15, 0, 0],
						"0.52": [7.5, 0, 0],
						"1.04": [7.5, 0, 0],
						"1.2": [6.93488, 2.86313, -22.32648]
					}
				},
				"trail": {
					"scale": 0
				},
				"root": {
					"rotation": {
						"0.0": [0, 0, 0],
						"0.52": [0, 20, 0],
						"1.04": [0, 35, 0],
						"1.16": [2.59805, -18.11895, -0.30228]
					}
				}
			}
		},
		"animation.greatsword.attack_test_0_faster": {
			"loop": true,
			"animation_length": 1.96,
			"override_previous_animation": true,
			"bones": {
				"waist": {
					"rotation": {
						"0.0": [10, 0, 0],
						"0.2": [13.74314, 27.0478, 5.16524],
						"0.44": [17.84021, 46.31944, 11.92175],
						"0.64": [-2.15979, 46.31944, 11.92175],
						"0.92": [-12.15979, 46.31944, 11.92175],
						"1.16": [-12.15979, 46.31944, 11.92175],
						"1.52": [-5.28749, -73.59415, 18.55742]
					}
				},
				"leftArm": {
					"rotation": {
						"0.0": [-23.70348, 14.36495, 29.47028],
						"0.2": [-51.20348, 14.36495, 29.47028],
						"0.44": [-36.59008, 22.05114, 36.21162],
						"0.64": [-35.74199, 23.52666, 38.40075],
						"0.92": [-50.74199, 23.52666, 38.40075],
						"1.16": [-50.74199, 23.52666, 38.40075],
						"1.32": [-60.93042, 16.28946, 3.41239],
						"1.52": [-60.74199, 23.52666, 38.40075],
						"1.64": [-84.51097, -0.36429, -11.26982]
					}
				},
				"rightArm": {
					"rotation": {
						"0.0": [-57.36295, 50.20977, -81.96467],
						"0.2": [-138.17583, 37.67376, -147.24905],
						"0.44": [-141.92066, 51.30762, -138.39516],
						"0.64": [-132.06068, 42.73144, -124.98366],
						"0.92": [-168.0257, 36.98279, -118.69924],
						"1.16": [-168.0257, 36.98279, -118.69924],
						"1.52": [-105.94522, 8.85602, -99.22789],
						"1.64": [-108.4991, 17.93837, -125.11731]
					}
				},
				"lowerrarm": {
					"rotation": {
						"0.0": [-15, 0, 0],
						"0.2": [7.5, 0, 0],
						"0.64": [7.5, 0, 0],
						"0.92": [78.03571, 0, 0],
						"1.16": [78.03571, 0, 0],
						"1.64": [7.5, 0, 0]
					}
				},
				"rightitem": {
					"rotation": {
						"0.0": [-15, 0, 0],
						"0.2": [7.5, 0, 0],
						"0.44": [20, 0, 0],
						"0.64": [19.45797, -5.33718, 22.02516],
						"0.92": [-32.17935, -4.33517, -13.58811],
						"1.16": [-32.17935, -4.33517, -13.58811],
						"1.64": [42.82065, -4.33517, -13.58811]
					}
				},
				"trail": {
					"scale": 0
				},
				"root": {
					"rotation": {
						"0.0": [0, 0, 0],
						"0.2": [0, 20, 0],
						"0.44": [3.6295, 32.29033, 2.54821],
						"0.64": [3.85637, 37.27969, 2.9455],
						"0.92": [3.85637, 37.27969, 2.9455],
						"1.16": [3.85637, 37.27969, 2.9455],
						"1.52": [3.26736, -20.12756, -0.51797],
						"1.64": [-41.04674, -87.45377, 49.28695]
					}
				},
				"lowerlarm": {
					"rotation": {
						"1.16": [0, 0, 2.5],
						"1.28": [0, 0, 90],
						"1.32": [0, 0, 45],
						"1.52": [0, 0, 90]
					}
				}
			}
		},
		"animation.greatsword.attack_test_2_faster": {
			"loop": true,
			"animation_length": 1.24,
			"override_previous_animation": true,
			"bones": {
				"waist": {
					"rotation": {
						"0.0": [-5.28749, -73.59415, 18.55742],
						"0.28": [-1.74276, -31.14849, 14.38572],
						"0.72": [9.0275, -43.13591, 21.94111],
						"0.84": [39.8434, 35.31056, 20.17416],
						"1.24": [42.33923, 39.08081, 24.29929]
					}
				},
				"leftArm": {
					"rotation": {
						"0.0": [-84.51097, -0.36429, -11.26982],
						"0.28": [-83.69133, 29.48469, -8.12021],
						"0.72": [-81.95987, 46.85173, -5.35081]
					},
					"position": [-2, 0, -2]
				},
				"rightArm": {
					"rotation": {
						"0.0": [-108.4991, 17.93837, -125.11731],
						"0.28": [-160.9991, 17.93837, -125.11731],
						"0.72": [-185.9991, 17.93837, -125.11731],
						"0.84": [-209.46086, 4.95829, -117.42814]
					}
				},
				"lowerrarm": {
					"rotation": {
						"0.0": [7.5, 0, 0],
						"0.28": [45, 0, 0],
						"0.72": [67.5, 0, 0],
						"0.84": [80, 0, 0]
					}
				},
				"rightitem": {
					"rotation": {
						"0.0": [42.82065, -4.33517, -13.58811],
						"0.28": [167.82065, -4.33517, -13.58811]
					},
					"position": {
						"0.0": [0, 0, 0],
						"0.28": [0, 0, 6]
					}
				},
				"trail": {
					"scale": 0
				},
				"root": {
					"rotation": {
						"0.0": [0, -37.5, 0],
						"0.28": [0, -42.5, 0],
						"0.72": [0, -102.5, 0],
						"0.84": [7.5, 45, 0],
						"1.24": [10.5795, 59.82107, 3.8533]
					}
				},
				"lowerlarm": {
					"rotation": {
						"0.0": [0, 0, 90],
						"0.28": [0, 0, 17.5]
					}
				}
			}
		},
		"animation.greatsword.unsheathe": {
			"loop": "hold_on_last_frame",
			"animation_length": 2.28,
			"override_previous_animation": true,
			"bones": {
				"leftleg": {
					"rotation": [0, 0, 0]
				},
				"lowerlleg": {
					"rotation": [0, 0, 0]
				},
				"rightleg": {
					"rotation": [0, 0, 0]
				},
				"lowerrleg": {
					"rotation": [0, 0, 0]
				},
				"waist": {
					"rotation": {
						"0.52": [0, 0, 0],
						"0.68": [20, 0, 0],
						"1.0": [20, 0, 0],
						"1.96": [10, 0, 0]
					}
				},
				"leftArm": {
					"rotation": {
						"0.0": [17.5, 0, 0],
						"0.2": [20.41667, 0, 0],
						"0.68": [20.41667, 0, 0],
						"1.0": [20.41667, 0, 0],
						"1.4": [-39.34178, 4.77087, 5.79365],
						"1.96": [-23.70348, 14.36495, 29.47028]
					}
				},
				"lowerlarm": {
					"rotation": {
						"0.0": [-12.5, 0, 0],
						"0.2": [-2.69231, 0, 0],
						"0.52": [0, 0, 0]
					}
				},
				"rightArm": {
					"rotation": {
						"0.0": [0, 0, 0],
						"0.2": [-154.84478, 14.48977, -15.20742],
						"0.24": [-137.81374, 17.38772, -18.2489],
						"0.52": [4.26482, 17.09854, 5.32286],
						"0.68": [-5.73518, 17.09854, 5.32286],
						"1.0": [-5.73518, 17.09854, 5.32286],
						"1.4": [24.26482, 17.09854, 5.32286],
						"1.96": [-57.36295, 50.20977, -81.96467]
					}
				},
				"lowerrarm": {
					"rotation": {
						"0.0": [0, 0, 0],
						"0.2": [-38.75, 0, 0],
						"0.24": [-97.5, 0, 0],
						"0.52": [-20, 0, 0],
						"0.68": [-2.5, 0, 0],
						"1.0": [-2.5, 0, 0],
						"1.4": [-37.5, 0, 0],
						"1.96": [-15, 0, 0]
					}
				},
				"rightitem": {
					"rotation": {
						"0.28": [0, 0, 90],
						"0.52": [0, 0, 0],
						"0.68": [17.5, 0, 0],
						"1.0": [17.5, 0, 0],
						"1.96": [-15, 0, 0]
					},
					"position": {
						"0.28": [1, 0, 0],
						"0.52": [0, 0, 0]
					},
					"scale": {
						"0.0": [0, 0, 0],
						"0.24": [0, 0, 0],
						"0.28": [1, 1, 1]
					}
				},
				"root": {
					"rotation": [0, 0, 0],
					"position": [0, -1, 0]
				},
				"greatsword_back": {
					"rotation": [-180, -7.5, -180],
					"position": {
						"0.0": [0, 0, 0],
						"0.2": [4, -8, 2]
					},
					"scale": {
						"0.0": [1, 1, 1],
						"0.24": [1, 1, 1],
						"0.28": [0, 0, 0]
					}
				},
				"trail": {
					"scale": 0
				},
				"greatsword_back_sheathe": {
					"rotation": {
						"0.2": [-180, -7.5, -180],
						"2.28": [0, 0, 0]
					},
					"position": {
						"0.0": [0, 0, 0],
						"0.2": [4, -8, 2],
						"2.28": [0, 0, 0]
					}
				}
			}
		},
		"animation.greatsword.no_back": {
			"loop": true,
			"override_previous_animation": true,
			"bones": {
				"greatsword_back": {
					"scale": 0
				}
			}
		}
	}
}