{
	"format_version": "1.8.0",
	"animations": {
		"animation.lance.stance_0": {
			"loop": true,
			"override_previous_animation": true,
			"bones": {
				"waist": {
					"rotation": [-2.5, 12.5, 0]
				},
				"leftArm": {
					"rotation": [14.94548, 1.29256, -17.33045]
				},
				"lowerlarm": {
					"rotation": [-27.5, 0, 0]
				},
				"rightArm": {
					"rotation": [102.78555, 12.6794, 50.58321]
				},
				"lowerrarm": {
					"rotation": [-60, 0, 0]
				},
				"RightItem": {
					"position": [0, 0, -8]
				},
				"root": {
					"rotation": [0, 37.5, 0]
				},
				"leftleg": {
					"rotation": [-33.25446, -30.31935, -3.75705]
				},
				"lowerlleg": {
					"rotation": [35, 0, 0]
				},
				"rightleg": {
					"rotation": [11.74546, -30.64951, 4.59393]
				},
				"lowerrleg": {
					"rotation": [25, 0, 0]
				}
			}
		},
		"animation.lance.stance_bob": {
			"override_previous_animation": true,
			"loop": true,
			"animation_length": 2.08,
			"bones": {
				"waist": {
					"rotation": {
						"0.0": [-2.5, 12.5, 0],
						"1.04": [2.5, 12.5, 0],
						"2.08": [-2.5, 12.5, 0]
					}
				},
				"leftArm": {
					"rotation": {
						"0.0": [14.94548, 1.29256, -17.33045],
						"1.04": [-2.80181, 0.58765, -32.316],
						"2.08": [14.94548, 1.29256, -17.33045]
					}
				},
				"lowerlarm": {
					"rotation": {
						"0.0": [-27.5, 0, 0],
						"1.04": [-32.5, 0, 0],
						"2.08": [-27.5, 0, 0]
					}
				},
				"rightArm": {
					"rotation": {
						"0.0": [102.78555, 12.6794, 50.58321],
						"1.04": [67.78555, 12.6794, 50.58321],
						"2.08": [102.78555, 12.6794, 50.58321]
					}
				},
				"lowerrarm": {
					"rotation": {
						"0.0": [-60, 0, 0],
						"1.04": [-45, 0, 0],
						"2.08": [-60, 0, 0]
					}
				},
				"RightItem": {
					"position": [0, 0, -8]
				},
				"root": {
					"rotation": {
						"0.0": [0, 37.5, 0],
						"2.08": [0, 37.5, 0]
					},
					"position": {
						"0.0": [0, -1, 0],
						"1.04": [0, -0.6, 0],
						"2.08": [0, -1, 0]
					}
				},
				"leftleg": {
					"rotation": {
						"0.0": [-33.25446, -30.31935, -3.75705],
						"1.04": [-25.75446, -30.31935, -3.75705],
						"2.08": [-33.25446, -30.31935, -3.75705]
					}
				},
				"lowerlleg": {
					"rotation": {
						"0.0": [35, 0, 0],
						"1.04": [27.5, 0, 0],
						"2.08": [35, 0, 0]
					}
				},
				"rightleg": {
					"rotation": {
						"0.0": [11.74546, -30.64951, 4.59393],
						"1.04": [-3.25454, -30.64951, 4.59393],
						"2.08": [11.74546, -30.64951, 4.59393]
					}
				},
				"lowerrleg": {
					"rotation": {
						"0.0": [25, 0, 0],
						"1.04": [40, 0, 0],
						"2.08": [25, 0, 0]
					}
				}
			}
		},
		"animation.lance.attack_stance_0_0": {
			"loop": "hold_on_last_frame",
			"animation_length": 0.36,
			"override_previous_animation": true,
			"bones": {
				"waist": {
					"rotation": {
						"0.0": [-2.5, 12.5, 0],
						"0.08": [-4.53142, 12.56479, 1.08023],
						"0.28": [-5.77401, 39.9594, -1.64774],
						"0.36": [14.69806, -23.24998, -1.38233]
					}
				},
				"leftArm": {
					"rotation": [14.94548, 1.29256, -17.33045]
				},
				"lowerlarm": {
					"rotation": [-27.5, 0, 0]
				},
				"rightArm": {
					"rotation": {
						"0.0": [102.78555, 12.6794, 50.58321],
						"0.08": [102.78555, 12.6794, 50.58321],
						"0.28": [53.5471, -57.28667, 27.59533],
						"0.36": [-72.23451, 32.67546, -5.8167]
					}
				},
				"lowerrarm": {
					"rotation": {
						"0.0": [-60, 0, 0],
						"0.08": [-112.5, 0, 0],
						"0.28": [-127.5, 0, 0],
						"0.36": [-12.5, 0, 0]
					}
				},
				"root": {
					"rotation": {
						"0.0": [0, 0, 0],
						"0.08": [0, 10, 0],
						"0.28": [0, 17.5, 0],
						"0.36": [0, -7.5, 0]
					}
				},
				"rightItem": {
					"rotation": {
						"0.0": [50, 0, 0],
						"0.08": [50, 0, 0],
						"0.28": [50, 0, 0],
						"0.36": [67.5, 0, 0]
					},
					"position": {
						"0.0": [0, -7, -5],
						"0.36": [0, -7, -4]
					}
				}
			}
		},
		"animation.lance.stance_1": {
			"loop": true,
			"override_previous_animation": true,
			"bones": {
				"waist": {
					"rotation": [2.55695, 2.50925, 0.4344]
				},
				"leftArm": {
					"rotation": [14.94548, 1.29256, -17.33045]
				},
				"lowerlarm": {
					"rotation": [-27.5, 0, 0]
				},
				"rightArm": {
					"rotation": [36.98942, 1.8309, 44.31353]
				},
				"lowerrarm": {
					"rotation": [-47.5, 0, 0]
				},
				"rightItem": {
					"position": [0, 0, -9]
				}
			}
		},
		"animation.lance.attack_stance_1_0": {
			"loop": "hold_on_last_frame",
			"override_previous_animation": true,
			"animation_length": 0.44,
			"bones": {
				"waist": {
					"rotation": {
						"0.0": [2.55695, 2.50925, 0.4344],
						"0.12": [-2.12032, 27.4821, 1.65215],
						"0.32": [-2.12032, 27.4821, 1.65215],
						"0.4": [8.46535, -17.27552, -0.77531]
					}
				},
				"leftArm": {
					"rotation": {
						"0.0": [14.94548, 1.29256, -17.33045],
						"0.32": [14.94548, 1.29256, -17.33045],
						"0.4": [52.44548, 1.29256, -17.33045]
					}
				},
				"lowerlarm": {
					"rotation": [-27.5, 0, 0]
				},
				"rightArm": {
					"rotation": {
						"0.0": [36.98942, 1.8309, 44.31353],
						"0.12": [86.1814, -26.77247, 2.83664],
						"0.32": [80.44893, -53.58812, 13.30871],
						"0.4": [-56.63001, 18.20922, 2.67484]
					}
				},
				"lowerrarm": {
					"rotation": {
						"0.0": [-47.5, 0, 0],
						"0.12": [-80, 0, 0],
						"0.32": [-80, 0, 0],
						"0.4": [-7.5, 0, 0]
					}
				},
				"rightItem": {
					"rotation": {
						"0.0": [52.5, 0, 0],
						"0.12": [-12.5, 0, 0],
						"0.32": [-12.5, 0, 0],
						"0.4": [52.5, 0, 0]
					},
					"position": {
						"0.0": [0, -7, -7],
						"0.12": [0, 1, -6],
						"0.32": [0, 1, -6],
						"0.4": [0, -7, -6]
					}
				},
				"root": {
					"rotation": {
						"0.0": [0, 0, 0],
						"0.12": [0, 0, 0],
						"0.32": [0, 27.5, 0],
						"0.4": [0, 0, 0]
					}
				}
			}
		},
		"animation.lance.attack_stance_1_1": {
			"loop": "hold_on_last_frame",
			"override_previous_animation": true,
			"animation_length": 0.44,
			"bones": {
				"waist": {
					"rotation": {
						"0.0": [8.46535, -17.27552, -0.77531],
						"0.12": [-2.12032, 27.4821, 1.65215],
						"0.32": [-2.12032, 27.4821, 1.65215],
						"0.4": [8.46535, -17.27552, -0.77531]
					}
				},
				"leftArm": {
					"rotation": {
						"0.0": [52.44548, 1.29256, -17.33045],
						"0.32": [14.94548, 1.29256, -17.33045],
						"0.4": [52.44548, 1.29256, -17.33045]
					}
				},
				"lowerlarm": {
					"rotation": [-27.5, 0, 0]
				},
				"rightArm": {
					"rotation": {
						"0.0": [-56.63001, 18.20922, 2.67484],
						"0.12": [86.1814, -26.77247, 2.83664],
						"0.32": [80.44893, -53.58812, 13.30871],
						"0.4": [-56.63001, 18.20922, 2.67484]
					}
				},
				"lowerrarm": {
					"rotation": {
						"0.0": [-7.5, 0, 0],
						"0.12": [-80, 0, 0],
						"0.32": [-80, 0, 0],
						"0.4": [-7.5, 0, 0]
					}
				},
				"rightItem": {
					"rotation": {
						"0.0": [52.5, 0, 0],
						"0.12": [-12.5, 0, 0],
						"0.32": [-12.5, 0, 0],
						"0.4": [52.5, 0, 0]
					},
					"position": {
						"0.0": [0, -7, -6],
						"0.12": [0, 1, -6],
						"0.32": [0, 1, -6],
						"0.4": [0, -7, -6]
					}
				},
				"root": {
					"rotation": {
						"0.0": [0, 0, 0],
						"0.12": [0, 0, 0],
						"0.32": [0, 27.5, 0],
						"0.4": [0, 0, 0]
					}
				}
			}
		},
		"animation.lance.stance_2": {
			"loop": true,
			"override_previous_animation": true,
			"bones": {
				"waist": {
					"rotation": [-2.5, 12.5, 0]
				},
				"leftArm": {
					"rotation": [-47.55452, 1.29256, -17.33045]
				},
				"lowerlarm": {
					"rotation": [-27.5, 0, 0]
				},
				"rightArm": {
					"rotation": [72.78555, 12.6794, 50.58321]
				},
				"lowerrarm": {
					"rotation": [-25, 0, 0]
				},
				"rightItem": {
					"rotation": [-20, 0, 0],
					"position": [0, 2, -7]
				}
			}
		},
		"animation.lance.attack_stance_2_0": {
			"loop": "hold_on_last_frame",
			"override_previous_animation": true,
			"animation_length": 0.4,
			"bones": {
				"waist": {
					"rotation": {
						"0.0": [-2.5, 12.5, 0],
						"0.12": [-2.5, 12.5, 0],
						"0.28": [-2.5, 12.5, 0],
						"0.36": [-2.52656, -14.97455, 1.19466]
					}
				},
				"leftArm": {
					"rotation": {
						"0.0": [-47.55452, 1.29256, -17.33045],
						"0.12": [-47.55452, 1.29256, -17.33045],
						"0.28": [-47.55452, 1.29256, -17.33045],
						"0.36": [-44.32829, 19.40376, 0.27112]
					}
				},
				"lowerlarm": {
					"rotation": [-27.5, 0, 0]
				},
				"rightArm": {
					"rotation": {
						"0.0": [72.78555, 12.6794, 50.58321],
						"0.12": [101.31601, -1.9046, 10.36631],
						"0.28": [101.31601, -1.9046, 10.36631],
						"0.36": [-40.57715, 16.62398, 6.13729]
					}
				},
				"lowerrarm": {
					"rotation": {
						"0.0": [-25, 0, 0],
						"0.12": [-60, 0, 0],
						"0.28": [-60, 0, 0],
						"0.36": [-10, 0, 0]
					}
				},
				"rightItem": {
					"rotation": {
						"0.0": [-20, 0, 0],
						"0.12": [-20, 0, 0],
						"0.28": [-20, 0, 0],
						"0.36": [50, 0, 0]
					},
					"position": {
						"0.0": [0, 2, -7],
						"0.12": [0, 2, -7],
						"0.28": [0, 2, -7],
						"0.36": [0, -5, -7]
					}
				}
			}
		},
		"animation.lance.stance_shield": {
			"loop": true,
			"override_previous_animation": true,
			"bones": {
				"waist": {
					"rotation": [-2.75087, 0, 1.81076]
				},
				"leftArm": {
					"rotation": [-64.14893, 6.00575, -8.79698]
				},
				"lowerlarm": {
					"rotation": [-3.88714, 27.24513, 81.55764]
				},
				"rightArm": {
					"rotation": [52.89905, -2.76395, 2.42202]
				},
				"lowerrarm": {
					"rotation": [-60, 0, 0]
				},
				"rightItem": {
					"position": [0, 0, -8]
				},
				"root": {
					"rotation": [0, 0, 0]
				},
				"leftleg": {
					"rotation": [-33.25446, 0, -3.75705]
				},
				"lowerlleg": {
					"rotation": [35, 0, 0]
				},
				"rightleg": {
					"rotation": [11.74546, 0, 4.59393]
				},
				"lowerrleg": {
					"rotation": [25, 0, 0]
				}
			}
		},
		"animation.lance.stance_shield_move": {
			"loop": true,
			"override_previous_animation": true,
			"animation_length": 1.04,
			"bones": {
				"waist": {
					"rotation": [-2.75087, 0, 1.81076]
				},
				"leftArm": {
					"rotation": [-64.14893, 6.00575, -8.79698]
				},
				"lowerlarm": {
					"rotation": [-3.88714, 27.24513, 81.55764]
				},
				"rightArm": {
					"rotation": {
						"0.0": [45, 0, 20],
						"0.52": [50, 0, 20],
						"1.04": [45, 0, 20]
					}
				},
				"lowerrarm": {
					"rotation": [-60, 0, 0]
				},
				"rightItem": {
					"position": [0, 0, -8]
				},
				"root": {
					"rotation": {
						"0.0": [-2.5, 0, 0],
						"0.28": [0, 0, 0],
						"0.52": [-2.5, 0, 0],
						"0.8": [2.5, 0, 0],
						"1.04": [-2.5, 0, 0]
					},
					"position": {
						"0.0": [0, -1, 0],
						"0.28": [0, 0, 0],
						"0.52": [0, -1, 0],
						"0.8": [0, 0, 0],
						"1.04": [0, -1, 0]
					}
				},
				"leftleg": {
					"rotation": {
						"0.0": [-27.5, 0, 0],
						"0.24": [-10.96, 0, 0],
						"0.52": [30, 0, 0],
						"0.8": [-15.96, 0, 0],
						"1.04": [-27.5, 0, 0]
					}
				},
				"lowerlleg": {
					"rotation": {
						"0.0": [27.5, 0, 0],
						"0.24": [0.96, 0, 0],
						"0.52": [2.5, 0, 0],
						"0.8": [58.08, 0, 0],
						"1.04": [27.5, 0, 0]
					}
				},
				"rightleg": {
					"rotation": {
						"0.0": [35, 0, 0],
						"0.52": [-32.5, 0, 0],
						"1.04": [35, 0, 0]
					}
				},
				"lowerrleg": {
					"rotation": {
						"0.0": [15, 0, 0],
						"0.28": [58.08, 0, 0],
						"0.52": [30, 0, 0],
						"0.8": [0.96, 0, 0],
						"1.04": [15, 0, 0]
					}
				}
			}
		},
		"animation.lance.attack_shield0": {
			"override_previous_animation": true,
			"animation_length": 0.64,
			"bones": {
				"waist": {
					"rotation": {
						"0.0": [-2.75087, 0, 1.81076],
						"0.16": [-2.97712, 22.47265, 0.6719],
						"0.36": [-3.17561, 29.96189, 0.22356],
						"0.44": [-3.17561, -29.96189, 3.39796],
						"0.6": [-3.88733, -44.93401, 4.55846]
					}
				},
				"leftArm": {
					"rotation": {
						"0.0": [-64.14893, 6.00575, -8.79698],
						"0.16": [-66.87835, -19.50347, -6.85924],
						"0.36": [-63.43959, -55.48502, -13.65939],
						"0.44": [-69.64742, 32.66165, -5.55726]
					},
					"position": [0, 0, -3]
				},
				"lowerlarm": {
					"rotation": {
						"0.0": [-3.88714, 27.24513, 81.55764],
						"0.16": [-3.88714, 27.24513, 81.55764],
						"0.36": [0, 27.5, 90]
					}
				},
				"rightArm": {
					"rotation": {
						"0.0": [52.89905, -2.76395, 2.42202],
						"0.16": [101.24642, -22.41572, -1.40713],
						"0.36": [82.95076, -43.35741, 24.15316],
						"0.44": [-67.77026, 29.84827, 1.85683],
						"0.6": [-72.56889, 62.09858, -0.06286]
					}
				},
				"lowerrarm": {
					"rotation": {
						"0.0": [-60, 0, 0],
						"0.16": [-87.5, 0, 0],
						"0.36": [-92.14, 0, 0],
						"0.44": [-10, 0, 0]
					}
				},
				"rightItem": {
					"rotation": {
						"0.36": [0, 0, 0],
						"0.44": [70, 0, 0]
					},
					"position": {
						"0.0": [0, 0, -8],
						"0.36": [0, 0, -8],
						"0.44": [0, -5, -1]
					}
				},
				"root": {
					"rotation": {
						"0.0": [0, 0, 0],
						"0.16": [0, 0, 0],
						"0.36": [0, 17.5, 0],
						"0.44": [0, 0, 0],
						"0.6": [0, -15, 0]
					}
				},
				"leftleg": {
					"rotation": [-33.25446, 0, -3.75705]
				},
				"lowerlleg": {
					"rotation": [35, 0, 0]
				},
				"rightleg": {
					"rotation": [11.74546, 0, 4.59393]
				},
				"lowerrleg": {
					"rotation": [25, 0, 0]
				}
			}
		},
		"animation.lance.move": {
			"loop": true,
			"animation_length": 1.04,
			"override_previous_animation": true,
			"bones": {
				"root": {
					"rotation": {
						"0.0": [-2.5, 0, 0],
						"0.28": [0, 0, 0],
						"0.52": [-2.5, 0, 0],
						"0.8": [2.5, 0, 0],
						"1.04": [-2.5, 0, 0]
					},
					"position": {
						"0.0": [0, -1, 0],
						"0.28": [0, 0, 0],
						"0.52": [0, -1, 0],
						"0.8": [0, 0, 0],
						"1.04": [0, -1, 0]
					}
				},
				"waist": {
					"rotation": {
						"0.0": [0, -7.5, 0],
						"0.28": [0, -1.92, 0],
						"0.52": [0, 7.5, 0],
						"0.8": [0, 1.92, 0],
						"1.04": [0, -7.5, 0]
					}
				},
				"leftArm": {
					"rotation": {
						"0.0": [10, 0, -5],
						"0.52": [-12.5, 0, -10],
						"1.04": [10, 0, -5]
					}
				},
				"lowerlarm": {
					"rotation": {
						"0.0": [-7.5, 0, 0],
						"0.52": [-22.5, 0, 0],
						"1.04": [-7.5, 0, 0]
					}
				},
				"rightArm": {
					"rotation": {
						"0.0": [45, 0, 20],
						"0.52": [50, 0, 20],
						"1.04": [45, 0, 20]
					}
				},
				"lowerrarm": {
					"rotation": [-45, 0, 7.5]
				},
				"rightleg": {
					"rotation": {
						"0.0": [35, 0, 0],
						"0.52": [-32.5, 0, 0],
						"1.04": [35, 0, 0]
					}
				},
				"lowerrleg": {
					"rotation": {
						"0.0": [15, 0, 0],
						"0.28": [58.08, 0, 0],
						"0.52": [30, 0, 0],
						"0.8": [0.96, 0, 0],
						"1.04": [15, 0, 0]
					}
				},
				"leftleg": {
					"rotation": {
						"0.0": [-27.5, 0, 0],
						"0.24": [-10.96, 0, 0],
						"0.52": [30, 0, 0],
						"0.8": [-15.96, 0, 0],
						"1.04": [-27.5, 0, 0]
					}
				},
				"lowerlleg": {
					"rotation": {
						"0.0": [27.5, 0, 0],
						"0.24": [0.96, 0, 0],
						"0.52": [2.5, 0, 0],
						"0.8": [58.08, 0, 0],
						"1.04": [27.5, 0, 0]
					}
				}
			}
		},
		"animation.lance.sprint": {
			"loop": true,
			"animation_length": 0.64,
			"override_previous_animation": true,
			"bones": {
				"root": {
					"rotation": {
						"0.0": [-2.5, 0, 0],
						"0.16": [0, 0, 0],
						"0.32": [-2.5, 0, 0],
						"0.48": [2.5, 0, 0],
						"0.64": [-2.5, 0, 0]
					},
					"position": {
						"0.0": [0, -1, 0],
						"0.16": [0, 0, 0],
						"0.32": [0, -1, 0],
						"0.48": [0, 0, 0],
						"0.64": [0, -1, 0]
					}
				},
				"waist": {
					"rotation": {
						"0.0": [37.5, -7.5, 0],
						"0.32": [35.83, 5, 0],
						"0.64": [37.5, -7.5, 0]
					}
				},
				"leftArm": {
					"rotation": {
						"0.0": [50, 0, -5],
						"0.32": [-45, 0, -10],
						"0.64": [50, 0, -5]
					}
				},
				"lowerlarm": {
					"rotation": {
						"0.0": [-7.5, 0, 0],
						"0.32": [-47.5, 0, 0],
						"0.64": [-7.5, 0, 0]
					}
				},
				"rightArm": {
					"rotation": {
						"0.0": [59.08025, 29.63273, 48.0409],
						"0.32": [79.08025, 29.63273, 48.0409],
						"0.64": [59.08025, 29.63273, 48.0409]
					}
				},
				"lowerrarm": {
					"rotation": [-45, 0, 7.5]
				},
				"rightleg": {
					"rotation": {
						"0.0": [35, 0, 0],
						"0.32": [-32.5, 0, 0],
						"0.64": [35, 0, 0]
					}
				},
				"lowerrleg": {
					"rotation": {
						"0.0": [15, 0, 0],
						"0.16": [58.08, 0, 0],
						"0.32": [30, 0, 0],
						"0.48": [0.96, 0, 0],
						"0.64": [15, 0, 0]
					}
				},
				"leftleg": {
					"rotation": {
						"0.0": [-27.5, 0, 0],
						"0.16": [-10.96, 0, 0],
						"0.32": [30, 0, 0],
						"0.48": [-15.96, 0, 0],
						"0.64": [-27.5, 0, 0]
					}
				},
				"lowerlleg": {
					"rotation": {
						"0.0": [27.5, 0, 0],
						"0.16": [0.96, 0, 0],
						"0.32": [2.5, 0, 0],
						"0.48": [58.08, 0, 0],
						"0.64": [27.5, 0, 0]
					}
				},
				"RightItem": {
					"rotation": {
						"0.0": [0, 0, 0],
						"0.32": [-5, 0, 0],
						"0.64": [0, 0, 0]
					},
					"position": [0, 0, -10]
				}
			}
		},
		"animation.lance.ability_horseback_charge": {
			"loop": "hold_on_last_frame",
			"override_previous_animation": true,
			"animation_length": 0.52,
			"bones": {
				"waist": {
					"rotation": {
						"0.0": [-2.5, 12.5, 0],
						"0.24": [12.5382, 7.50468, 0.2197],
						"0.32": [22.36451, 2.88323, -1.69715],
						"0.44": [22.36451, 2.88323, -1.69715],
						"0.52": [14.79488, -0.38163, 0.69307]
					}
				},
				"leftArm": {
					"rotation": {
						"0.0": [-47.55452, 1.29256, -17.33045],
						"0.24": [-79.28529, 1.29256, -17.33045],
						"0.32": [-50.05452, 1.29256, -17.33045]
					}
				},
				"lowerlarm": {
					"rotation": [-27.5, 0, 0]
				},
				"rightArm": {
					"rotation": {
						"0.0": [72.78555, 12.6794, 50.58321],
						"0.24": [65.66059, 15.69422, 5.81317],
						"0.32": [66.59717, -2.62586, 13.92518]
					}
				},
				"lowerrarm": {
					"rotation": {
						"0.0": [-25, 0, 0],
						"0.24": [-52.5, 0, 0]
					}
				},
				"rightItem": {
					"rotation": [-20, 0, 0]
				},
				"rightleg": {
					"rotation": [-53.66086, 24.94169, 17.23442]
				},
				"lowerrleg": {
					"rotation": [45, 0, 0]
				},
				"leftleg": {
					"rotation": [-56.98177, -23.92203, -8.994]
				},
				"lowerlleg": {
					"rotation": [45, 0, 0]
				},
				"lance_back": {
					"scale": 0
				}
			}
		},
		"animation.lance.ability_throw": {
			"override_previous_animation": true,
			"animation_length": 0.36,
			"bones": {
				"root": {
					"rotation": {
						"0.0": [0, 37.5, 0],
						"0.16": [0, 12.5, 0]
					},
					"position": {
						"0.0": [0, 0, 3],
						"0.08": [0, 15, 3]
					}
				},
				"waist": {
					"rotation": {
						"0.0": [15, 27.5, 0],
						"0.16": [14.78751, -25.91202, -13.63341]
					}
				},
				"leftArm": {
					"rotation": {
						"0.0": [-32.72449, -47.45602, -21.7895],
						"0.16": [66.2912, -28.1838, -59.54928]
					}
				},
				"lowerlarm": {
					"rotation": [-22.5, 0, 0]
				},
				"rightArm": {
					"rotation": {
						"0.0": [95, 0, 45],
						"0.16": [-47.5, 0, 45]
					}
				},
				"lowerrarm": {
					"rotation": {
						"0.0": [-50, 0, 0],
						"0.16": [0, 0, 0]
					}
				},
				"rightItem": {
					"rotation": {
						"0.0": [-17.5, 0, 0],
						"0.12": [75, 0, 0]
					},
					"position": {
						"0.0": [0, 0, 0],
						"0.12": [0, 0, 0],
						"0.16": [0, -45, -11]
					}
				},
				"rightleg": {
					"rotation": {
						"0.0": [17.5, 0, 25],
						"0.16": [-9.14743, -7.43547, 11.93569]
					}
				},
				"lowerrleg": {
					"rotation": [25, 0, 0]
				},
				"leftleg": {
					"rotation": {
						"0.0": [-17.5, 0, -17.5],
						"0.16": [10, 0, -17.5]
					}
				},
				"lance_back": {
					"scale": 0
				},
				"lowerlleg": {
					"rotation": [27.5, 0, 0]
				}
			}
		},
		"animation.lance.ability_charge": {
			"override_previous_animation": true,
			"loop": true,
			"animation_length": 10,
			"bones": {
				"waist": {
					"rotation": ["15+Math.cos(query.life_time * 1240) * -2", "Math.cos(query.life_time * 620) * 10+query.target_y_rotation * 0.35", 0]
				},
				"leftArm": {
					"rotation": ["1.5+Math.cos(query.life_time * 620) * -25", 0, 0]
				},
				"lowerlarm": {
					"rotation": ["-30+Math.cos(query.life_time * 620) * -25", 0, 0]
				},
				"rightArm": {
					"rotation": ["55+Math.cos(query.life_time * 1240) * 5", 0, 0]
				},
				"lowerrarm": {
					"rotation": [-62.555, 0, 0]
				},
				"rightleg": {
					"rotation": ["10+Math.cos(query.life_time * 620) * -65", 0, 0]
				},
				"lowerrleg": {
					"rotation": ["31+Math.sin(query.life_time * 620) * -35", 0, 0]
				},
				"leftleg": {
					"rotation": ["-15+Math.cos(query.life_time * 620) * 65", 0, 0]
				},
				"lowerlleg": {
					"rotation": ["23.5+Math.sin(query.life_time * 620) * 35", 0, 0]
				},
				"rightItem": {
					"rotation": ["-2.5+Math.cos(query.life_time * 60) * 5", 0, 0],
					"position": [0, 0, -9]
				},
				"lance_back": {
					"scale": 0
				}
			}
		},
		"animation.lance.ability_charge_stab": {
			"loop": "hold_on_last_frame",
			"override_previous_animation": true,
			"animation_length": 1.2,
			"bones": {
				"waist": {
					"rotation": {
						"0.0": [2.55695, 2.50925, 0.4344],
						"0.32": [21.40219, 32.15397, 3.70662],
						"0.76": [28.94195, 50.32649, 14.98035],
						"0.84": [9.82776, -34.55759, -3.85652],
						"1.04": [13.11513, -51.72022, -8.609]
					}
				},
				"leftArm": {
					"rotation": {
						"0.0": [14.94548, 1.29256, -17.33045],
						"0.32": [14.94548, 1.29256, -17.33045],
						"0.56": [3.8785, -7.97112, -88.52784],
						"0.76": [3.8785, -7.97112, -88.52784],
						"0.84": [52.44548, 1.29256, -17.33045]
					}
				},
				"lowerlarm": {
					"rotation": {
						"0.0": [-27.5, 0, 0],
						"0.32": [-27.5, 0, 0],
						"0.56": [-15, 0, 0],
						"0.76": [-15, 0, 0]
					}
				},
				"rightArm": {
					"rotation": {
						"0.0": [36.98942, 1.8309, 44.31353],
						"0.32": [55.45699, -40.0273, 21.78522],
						"0.76": [17.70119, -24.85053, 101.03771],
						"0.84": [-40.8047, 6.24834, 90.43245],
						"1.04": [-15.8047, 6.24834, 90.43245]
					}
				},
				"lowerrarm": {
					"rotation": {
						"0.0": [-47.5, 0, 0],
						"0.32": [-80, 0, 0],
						"0.76": [-92.5, 0, 0],
						"0.84": [-7.5, 0, 0]
					}
				},
				"RightItem": {
					"rotation": {
						"0.0": [52.5, 0, 0],
						"0.32": [-12.5, 0, 0],
						"0.76": [-12.5, 0, 0],
						"0.84": [75, 0, 0]
					},
					"position": {
						"0.0": [0, -7, -7],
						"0.32": [0, 1, -6],
						"0.76": [0, 1, -6],
						"0.84": [0, -7, -2]
					}
				},
				"root": {
					"rotation": {
						"0.0": [0, 0, 0],
						"0.32": [0, 15, 0],
						"0.76": [0, 40, 0],
						"0.84": [0, -5, 0]
					},
					"position": {
						"0.0": [0, 0, 0],
						"0.32": [0, 0, 2],
						"0.76": [0, 0, 15],
						"0.84": [0, 0, -13]
					}
				},
				"lance_back": {
					"scale": 0
				}
			}
		},
		"animation.lance.attack_test0": {
			"loop": "hold_on_last_frame",
			"override_previous_animation": true,
			"animation_length": 1.2,
			"bones": {
				"waist": {
					"rotation": {
						"0.0": [2.55695, 2.50925, 0.4344],
						"0.32": [21.40219, 32.15397, 3.70662],
						"0.76": [26.35322, 45.89566, 11.50601],
						"0.84": [9.82776, -34.55759, -3.85652],
						"1.04": [13.11513, -51.72022, -8.609]
					}
				},
				"leftArm": {
					"rotation": {
						"0.0": [14.94548, 1.29256, -17.33045],
						"0.76": [14.94548, 1.29256, -17.33045],
						"0.84": [52.44548, 1.29256, -17.33045]
					}
				},
				"lowerlarm": {
					"rotation": [-27.5, 0, 0]
				},
				"rightArm": {
					"rotation": {
						"0.0": [36.98942, 1.8309, 44.31353],
						"0.32": [55.45699, -40.0273, 21.78522],
						"0.76": [60.56149, -51.67307, 35.47401],
						"0.84": [-56.62186, 38.29779, 4.07171],
						"1.04": [-56.68136, 58.3354, 6.0277]
					}
				},
				"lowerrarm": {
					"rotation": {
						"0.0": [-47.5, 0, 0],
						"0.32": [-80, 0, 0],
						"0.76": [-92.5, 0, 0],
						"0.84": [-7.5, 0, 0]
					}
				},
				"RightItem": {
					"rotation": {
						"0.0": [52.5, 0, 0],
						"0.32": [-12.5, 0, 0],
						"0.76": [-12.5, 0, 0],
						"0.84": [52.5, 0, 0]
					},
					"position": {
						"0.0": [0, -7, -7],
						"0.32": [0, 1, -6],
						"0.76": [0, 1, -6],
						"0.84": [0, -7, -6]
					}
				},
				"root": {
					"rotation": {
						"0.0": [0, 0, 0],
						"0.32": [0, 15, 0],
						"0.76": [0, 15, 0],
						"0.84": [0, -5, 0]
					}
				}
			}
		},
		"animation.lance.attack_test1": {
			"loop": "hold_on_last_frame",
			"override_previous_animation": true,
			"animation_length": 1.04,
			"bones": {
				"waist": {
					"rotation": {
						"0.0": [2.55695, 2.50925, 0.4344],
						"0.32": [21.40219, 32.15397, 3.70662],
						"0.76": [24.31201, 41.37522, 8.55066],
						"0.84": [9.82776, -34.55759, -3.85652],
						"1.04": [11.85838, -46.83805, -6.95233]
					}
				},
				"leftArm": {
					"rotation": {
						"0.0": [14.94548, 1.29256, -17.33045],
						"0.76": [14.94548, 1.29256, -17.33045],
						"0.84": [52.44548, 1.29256, -17.33045]
					}
				},
				"lowerlarm": {
					"rotation": [-27.5, 0, 0]
				},
				"rightArm": {
					"rotation": {
						"0.0": [36.98942, 1.8309, 44.31353],
						"0.32": [40.59621, -14.23666, 52.93823],
						"0.76": [44.63179, 18.03389, 78.88556],
						"0.84": [-40.8047, 6.24834, 90.43245],
						"1.04": [-25.8047, 6.24834, 90.43245]
					}
				},
				"lowerrarm": {
					"rotation": {
						"0.0": [-47.5, 0, 0],
						"0.32": [-80, 0, 0],
						"0.76": [-95, 0, 0],
						"0.84": [-7.5, 0, 0]
					}
				},
				"RightItem": {
					"rotation": {
						"0.0": [52.5, 0, 0],
						"0.32": [-12.5, 0, 0],
						"0.76": [-12.5, 0, 0],
						"0.84": [85, 0, 0]
					},
					"position": {
						"0.0": [0, -7, -7],
						"0.32": [0, 1, -6],
						"0.76": [0, 1, -6],
						"0.84": [0, -10, -1]
					}
				},
				"root": {
					"rotation": {
						"0.0": [0, 0, 0],
						"0.32": [0, 15, 0],
						"0.76": [0, 15, 0],
						"0.84": [0, -5, 0]
					}
				}
			}
		},
		"animation.lance.attack_test2": {
			"loop": "hold_on_last_frame",
			"override_previous_animation": true,
			"animation_length": 1.04,
			"bones": {
				"waist": {
					"rotation": {
						"0.0": [2.55695, 2.50925, 0.4344],
						"0.32": [21.40219, 32.15397, 3.70662],
						"0.76": [24.31201, 41.37522, 8.55066],
						"0.84": [9.82776, -34.55759, -3.85652],
						"1.04": [11.85838, -46.83805, -6.95233]
					}
				},
				"leftArm": {
					"rotation": {
						"0.0": [14.94548, 1.29256, -17.33045],
						"0.76": [14.94548, 1.29256, -17.33045],
						"0.84": [52.44548, 1.29256, -17.33045]
					}
				},
				"lowerlarm": {
					"rotation": [-27.5, 0, 0]
				},
				"rightArm": {
					"rotation": {
						"0.0": [36.98942, 1.8309, 44.31353],
						"0.32": [40.59621, -14.23666, 52.93823],
						"0.76": [45.99146, -8.33274, 66.34795],
						"0.84": [-43.82905, 16.82193, 49.05642],
						"1.04": [-35.34497, 26.91299, 62.74266]
					}
				},
				"lowerrarm": {
					"rotation": {
						"0.0": [-47.5, 0, 0],
						"0.32": [-80, 0, 0],
						"0.76": [-95, 0, 0],
						"0.84": [-7.5, 0, 0]
					}
				},
				"RightItem": {
					"rotation": {
						"0.0": [52.5, 0, 0],
						"0.32": [-12.5, 0, 0],
						"0.76": [-12.5, 0, 0],
						"0.84": [85, 0, 0]
					},
					"position": {
						"0.0": [0, -7, -7],
						"0.32": [0, 1, -6],
						"0.76": [0, 1, -6],
						"0.84": [0, -10, -1]
					}
				},
				"root": {
					"rotation": {
						"0.0": [0, 0, 0],
						"0.32": [0, 15, 0],
						"0.76": [0, 15, 0],
						"0.84": [0, -5, 0]
					}
				}
			}
		},
		"animation.lance.no_back": {
			"loop": true,
			"override_previous_animation": true,
			"bones": {
				"lance_back": {
					"scale": 0
				}
			}
		},
		"animation.lance.back_unsheathe": {
			"loop": "hold_on_last_frame",
			"animation_length": 1.12,
			"override_previous_animation": true,
			"bones": {
				"leftleg": {
					"rotation": {
						"0.52": [0, 0, 0],
						"1.04": [-33.25446, -30.31935, -3.75705]
					}
				},
				"lowerlleg": {
					"rotation": {
						"0.52": [0, 0, 0],
						"1.04": [35, 0, 0]
					}
				},
				"rightleg": {
					"rotation": {
						"0.52": [0, 0, 0],
						"1.04": [11.74546, -30.64951, 4.59393]
					}
				},
				"lowerrleg": {
					"rotation": {
						"0.52": [0, 0, 0],
						"1.04": [25, 0, 0]
					}
				},
				"waist": {
					"rotation": {
						"0.52": [0, 0, 0],
						"1.04": [-2.5, 12.5, 0]
					}
				},
				"leftArm": {
					"rotation": {
						"0.52": [0, 0, 0],
						"1.04": [14.94548, 1.29256, -17.33045]
					}
				},
				"lowerlarm": {
					"rotation": {
						"0.52": [0, 0, 0],
						"1.04": [-27.5, 0, 0]
					}
				},
				"rightArm": {
					"rotation": {
						"0.0": [0, 0, 0],
						"0.24": [-137.81374, 17.38772, -18.2489],
						"0.52": [4.26482, 17.09854, 5.32286],
						"1.04": [102.78555, 12.6794, 50.58321]
					}
				},
				"lowerrarm": {
					"rotation": {
						"0.0": [0, 0, 0],
						"0.24": [-97.5, 0, 0],
						"0.52": [-20, 0, 0],
						"1.04": [-60, 0, 0]
					}
				},
				"RightItem": {
					"rotation": {
						"0.28": [0, 0, 90],
						"0.52": [0, 0, 0]
					},
					"position": {
						"0.28": [1, 0, 0],
						"0.52": [0, 0, 0],
						"1.04": [0, 0, -8]
					},
					"scale": {
						"0.0": [0, 0, 0],
						"0.24": [0, 0, 0],
						"0.28": [1, 1, 1]
					}
				},
				"root": {
					"rotation": {
						"0.52": [0, 0, 0],
						"1.04": [0, 37.5, 0]
					},
					"position": [0, -1, 0]
				},
				"lance_back": {
					"scale": {
						"0.0": [1, 1, 1],
						"0.24": [1, 1, 1],
						"0.28": [0, 0, 0]
					}
				}
			}
		},
		"animation.lance.sneak": {
			"loop": true,
			"override_previous_animation": true,
			"bones": {
				"waist": {
					"rotation": [21.77369, 20.37556, 0.70741]
				},
				"leftArm": {
					"rotation": [3.73961, 2.81082, -4.91102]
				},
				"lowerlarm": {
					"rotation": [-52.5, 0, 0]
				},
				"rightArm": {
					"rotation": [55.31752, 2.28329, -1.7742]
				},
				"lowerrarm": {
					"rotation": [-60, 0, 0]
				},
				"root": {
					"rotation": [0, -22.5, 0],
					"position": [0, -3, 0]
				},
				"trail": {
					"scale": 0
				},
				"leftleg": {
					"rotation": [0.41455, 5.9882, -10.52684]
				},
				"lowerlleg": {
					"rotation": [65, 0, 0]
				},
				"rightleg": {
					"rotation": [-64.08775, 14.11685, 1.29795]
				},
				"lowerrleg": {
					"rotation": [57.5, 0, 0]
				},
				"rightItem": {
					"position": [0, 0, -8]
				}
			}
		},
		"animation.lance.sneak_move": {
			"loop": true,
			"animation_length": 1.04,
			"override_previous_animation": true,
			"bones": {
				"waist": {
					"rotation": {
						"0.0": [20.4044, -0.92886, 0.44552],
						"1.04": [20.4044, -0.92886, 0.44552]
					}
				},
				"leftArm": {
					"rotation": {
						"0.0": [3.73961, 2.81082, -4.91102],
						"0.52": [36.23961, 2.81082, -4.91102],
						"1.04": [3.73961, 2.81082, -4.91102]
					}
				},
				"lowerlarm": {
					"rotation": {
						"0.0": [-52.5, 0, 0],
						"1.04": [-52.5, 0, 0]
					}
				},
				"rightArm": {
					"rotation": {
						"0.0": [55.31752, 2.28329, -1.7742],
						"0.52": [47.81752, 2.28329, -1.7742],
						"1.04": [55.31752, 2.28329, -1.7742]
					}
				},
				"lowerrarm": {
					"rotation": {
						"0.0": [-60, 0, 0],
						"0.52": [-75, 0, 0],
						"1.04": [-60, 0, 0]
					}
				},
				"root": {
					"rotation": [0, 0, 0],
					"position": {
						"0.0": [0, -3, 0],
						"0.28": [0, -1, 0],
						"0.52": [0, -2, 0],
						"0.8": [0, -1, 0],
						"1.04": [0, -3, 0]
					}
				},
				"trail": {
					"scale": 0
				},
				"leftleg": {
					"rotation": {
						"0.0": [5, 0, 0],
						"0.28": [-70.77, 0, 0],
						"0.52": [-47.5, 0, 0],
						"1.04": [5, 0, 0]
					}
				},
				"lowerlleg": {
					"rotation": {
						"0.0": [70, 0, 0],
						"0.52": [47.5, 0, 0],
						"1.04": [70, 0, 0]
					}
				},
				"rightleg": {
					"rotation": {
						"0.0": [-47.5, 0, 0],
						"0.52": [-2.5, 0, 0],
						"0.8": [-56.73, 0, 0],
						"1.04": [-47.5, 0, 0]
					}
				},
				"lowerrleg": {
					"rotation": {
						"0.0": [47.5, 0, 0],
						"0.52": [60, 0, 0],
						"1.04": [47.5, 0, 0]
					}
				},
				"rightItem": {
					"position": {
						"0.0": [0, 0, -8],
						"1.04": [0, 0, -8]
					}
				}
			}
		}
	}
}