{
	"format_version": "1.8.0",
	"animations": {
		"animation.no_attack.riding_pose": {
			"loop": true,
			"override_previous_animation": true,
			"bones": {
				"trail_lance": {
					"scale": 0
				},
				"trail_katana": {
					"scale": [1, 0, 1]
				},
				"trail_wakizashi_offhand": {
					"scale": [1, 0, 1]
				},
				"root": {
					"rotation": ["variable.is_first_person ? (math.cos(query.life_time * 100.0) * 0.200) + 0.200 : 0", "variable.is_first_person ? 180 : 0", 0],
					"position": ["variable.is_first_person ? 2 : 0", "variable.is_first_person ? -3 : 0", "variable.is_first_person ? 12 : 0"]
				},
				"leftleg": {
					"rotation": [-65.43798, -22.9824, -12.61783]
				},
				"lowerlleg": {
					"rotation": [62.5, 0, 0]
				},
				"rightleg": {
					"rotation": [-78.71587, 27.37204, 7.66261]
				},
				"lowerrleg": {
					"rotation": [70, 0, 0]
				},
				"waist": {
					"rotation": [2.5, 0, 0]
				},
				"leftArm": {
					"rotation": [-51.55241, 33.39974, -50.86873]
				},
				"lowerlarm": {
					"rotation": [-27.58957, -4.43385, 2.31336]
				},
				"rightArm": {
					"rotation": [-71.66097, -37.39429, 69.99335]
				},
				"lowerrarm": {
					"rotation": [-17.5, 0, 0]
				},
				"trail_glaive": {
					"scale": [1, 0, 1]
				},
				"glaive_back": {
					"scale": 0
				},
				"rope": {
					"rotation": [0, 0, -75]
				},
				"ropepart0": {
					"rotation": [0, 0, -15]
				},
				"rope2": {
					"rotation": [0, 0, -92.5]
				},
				"rightItem": {
					"scale": [1, 1, 0]
				}
			}
		},
		"animation.no_attack.riding_pose_move": {
			"loop": true,
			"animation_length": 0.6,
			"override_previous_animation": true,
			"bones": {
				"trail_lance": {
					"scale": 0
				},
				"trail_katana": {
					"scale": [1, 0, 1]
				},
				"trail_wakizashi_offhand": {
					"scale": [1, 0, 1]
				},
				"root": {
					"rotation": ["variable.is_first_person ? (math.cos(query.life_time * 100.0) * 0.200) + 0.200 : 0", "variable.is_first_person ? 180 : 0", 0],
					"position": {
						"0.0": ["variable.is_first_person ? 2 : 0", "variable.is_first_person ? -3 : 0", "variable.is_first_person ? 12 : 0"],
						"0.4": ["variable.is_first_person ? 2 : 0", "variable.is_first_person ? -3 : 0", "variable.is_first_person ? 12 : 0"],
						"0.48": ["variable.is_first_person ? 2 : 0", "variable.is_first_person ? -2 : 1", "variable.is_first_person ? 12 : 0"],
						"0.56": ["variable.is_first_person ? 2 : 0", "variable.is_first_person ? -3 : 0", "variable.is_first_person ? 12 : 0"]
					}
				},
				"leftleg": {
					"rotation": {
						"0.0": [-65.43798, -22.9824, -12.61783],
						"0.6": [-65.43798, -22.9824, -12.61783]
					}
				},
				"lowerlleg": {
					"rotation": {
						"0.0": [62.5, 0, 0],
						"0.6": [62.5, 0, 0]
					}
				},
				"rightleg": {
					"rotation": {
						"0.0": [-78.71587, 27.37204, 7.66261],
						"0.6": [-78.71587, 27.37204, 7.66261]
					}
				},
				"lowerrleg": {
					"rotation": {
						"0.0": [70, 0, 0],
						"0.6": [70, 0, 0]
					}
				},
				"waist": {
					"rotation": {
						"0.0": [27.5, 0, 0],
						"0.48": [7.5, 0, 0],
						"0.6": [27.5, 0, 0]
					}
				},
				"leftArm": {
					"rotation": {
						"0.0": [-56.66132, 19.1709, -62.28621],
						"0.48": [-78.65951, -0.54931, -72.8114],
						"0.6": [-56.66132, 19.1709, -62.28621]
					}
				},
				"lowerlarm": {
					"rotation": [-27.58957, -4.43385, 2.31336]
				},
				"rightArm": {
					"rotation": {
						"0.0": [-74.50762, -20.63537, 75.79588],
						"0.48": [-85.39851, 3.89811, 80.15371],
						"0.6": [-74.50762, -20.63537, 75.79588]
					}
				},
				"lowerrarm": {
					"rotation": [-17.5, 0, 0]
				},
				"trail_glaive": {
					"scale": [1, 0, 1]
				},
				"glaive_back": {
					"scale": 0
				},
				"rope": {
					"rotation": [0, 0, -75]
				},
				"ropepart0": {
					"rotation": [0, 0, -15]
				},
				"rope2": {
					"rotation": [0, 0, -92.5]
				},
				"rightItem": {
					"scale": [1, 1, 0]
				}
			}
		}
	}
}