{
  "id": "1672090781496",
  "name": "ent",
  "pools": [
    {
      "rolls": 1,
      "entries": [
        {
          "type": "item",
          "weight": 1,
          "name": "minecraft:log",
          "functions": [
            {
              "function": "set_count",
              "count": {
                "min": 1,
                "max": 4
              }
            },
            {
              "function": "set_data",
              "data": "0"
            }
          ]
        },
        {
          "type": "item",
          "weight": 1,
          "name": "minecraft:sapling",
          "functions": [
            {
              "function": "set_count",
              "count": {
                "min": 1,
                "max": 1
              }
            },
            {
              "function": "set_data",
              "data": 1
            }
          ]
        }
      ]
    }
  ]
}