{
  "id": "1672075550648",
  "name": "fairy",
  "pools": [
    {
      "rolls": 1,
      "entries": [
        {
          "type": "item",
          "weight": 1,
          "name": "fc:fairy_dust",
          "functions": [
            {
              "function": "set_count",
              "count": {
                "min": 1,
                "max": 3
              }
            },
            {
              "function": "set_data",
              "data": 1
            }
          ]
        }
      ]
    }
  ]
}