{
  "id": "1672119523184",
  "name": "pexi",
  "pools": [
    {
      "rolls": 1,
      "entries": [
        {
          "type": "item",
          "weight": 1,
          "name": "fc:raw_koi",
          "functions": [
            {
              "function": "set_count",
              "count": {
                "min": 1,
                "max": 2
              }
            },
            {
              "function": "set_data",
              "data": 1
            }
          ]
        }
      ]
    }
  ]
}