{
  "id": "1672118072266",
  "name": "lhamacorn ",
  "pools": [
    {
      "rolls": 1,
      "entries": [
        {
          "type": "item",
          "weight": 1,
          "name": "fc:unicorn_horn",
          "functions": [
            {
              "function": "set_count",
              "count": {
                "min": 1,
                "max": 1
              }
            },
            {
              "function": "set_data",
              "data": 1
            }
          ]
        }
      ]
    },
    {
      "rolls": 1,
      "entries": [
        {
          "type": "item",
          "weight": 1,
          "name": "minecraft:leather",
          "functions": [
            {
              "function": "set_count",
              "count": {
                "min": 1,
                "max": 3
              }
            },
            {
              "function": "set_data",
              "data": "0"
            }
          ]
        }
      ]
    }
  ]
}