{
  "id": "1672072301157",
  "name": "medusa",
  "pools": [
    {
      "rolls": 1,
      "entries": [
        {
          "type": "item",
          "weight": 1,
          "name": "fc:medusa_head",
          "functions": [
            {
              "function": "set_count",
              "count": {
                "min": 1,
                "max": 1
              }
            },
            {
              "function": "set_data",
              "data": 1
            }
          ]
        }
      ]
    }
  ]
}