{
  "id": "1672091261298",
  "name": "yeti",
  "pools": [
    {
      "rolls": 1,
      "entries": [
        {
          "type": "item",
          "weight": 1,
          "name": "fc:yeti_leather",
          "functions": [
            {
              "function": "set_count",
              "count": {
                "min": 1,
                "max": 3
              }
            },
            {
              "function": "set_data",
              "data": 1
            }
          ]
        },
        {
          "type": "item",
          "weight": 1,
          "name": "minecraft:beef",
          "functions": [
            {
              "function": "set_count",
              "count": {
                "min": 1,
                "max": 5
              }
            },
            {
              "function": "set_data",
              "data": 2
            }
          ]
        }
      ]
    }
  ]
}