{
  "format_version": "1.12.0",
  "minecraft:geometry": [
    {
      "description": {
        "identifier": "geometry.yg_bunzo_bunny",
        "texture_width": 64,
        "texture_height": 64,
        "visible_bounds_width": 3,
        "visible_bounds_height": 4.5,
        "visible_bounds_offset": [
          0,
          1.75,
          0
        ]
      },
      "bones": [
        {
          "name": "Root"
        },
        {
          "name": "Body",
          "pivot": [
            0,
            15.375,
            3.25
          ],
          "cubes": [
            {
              "origin": [
                -2.0,
                25.0,
                0.0
              ],
              "size": [
                4.0,
                3.0,
                4.0
              ],
              "uv": [
                0,
                48
              ],
              "inflate": 0
            },
            {
              "origin": [
                -0.21507,
                24.1405,
                -3.39068
              ],
              "size": [
                0.0,
                3.0,
                3.0
              ],
              "pivot": [
                -0.21507,
                25.6405,
                -1.89068
              ],
              "rotation": [
                40.20974,
                9.31642,
                5.78679
              ],
              "uv": [
                0,
                0
              ],
              "inflate": 0
            },
            {
              "origin": [
                -3.5,
                15.0,
                -1.0
              ],
              "size": [
                7.0,
                11.0,
                6.0
              ],
              "uv": [
                26,
                19
              ],
              "inflate": 0
            },
            {
              "origin": [
                -3.64,
                14.76,
                -1.12
              ],
              "size": [
                7.28,
                11.48,
                6.24
              ],
              "uv": [
                0,
                25
              ],
              "inflate": 0
            },
            {
              "origin": [
                -2.0,
                16.0,
                5.0
              ],
              "size": [
                4.0,
                4.0,
                4.0
              ],
              "uv": [
                24,
                0
              ],
              "inflate": 0
            }
          ],
          "parent": "Root"
        },
        {
          "name": "Head",
          "pivot": [
            0,
            27.09629,
            2
          ],
          "cubes": [
            {
              "origin": [
                -4.0,
                31.0,
                -2.0
              ],
              "size": [
                8.0,
                5.0,
                8.0
              ],
              "uv": [
                0,
                0
              ],
              "inflate": 0
            },
            {
              "origin": [
                -0.18301,
                35.22474,
                -3.68301
              ],
              "size": [
                0.0,
                3.0,
                3.0
              ],
              "pivot": [
                -0.18301,
                36.72474,
                -2.18301
              ],
              "rotation": [
                -15.0,
                15.0,
                0.0
              ],
              "uv": [
                0,
                0
              ],
              "inflate": 0
            },
            {
              "origin": [
                -4.4,
                26.8,
                -2.4
              ],
              "size": [
                8.8,
                4.4,
                8.8
              ],
              "uv": [
                0,
                13
              ],
              "inflate": 0
            },
            {
              "origin": [
                -6.32824,
                29.05317,
                2.12323
              ],
              "size": [
                2.0,
                7.0,
                5.0
              ],
              "pivot": [
                -5.32824,
                32.55317,
                4.62323
              ],
              "rotation": [
                2.66399,
                14.76689,
                10.34527
              ],
              "uv": [
                40,
                36
              ],
              "inflate": 0
            },
            {
              "origin": [
                4.32824,
                29.05317,
                2.12323
              ],
              "size": [
                2.0,
                7.0,
                5.0
              ],
              "pivot": [
                5.32824,
                32.55317,
                4.62323
              ],
              "rotation": [
                2.66399,
                -14.76689,
                -10.34527
              ],
              "uv": [
                40,
                36
              ],
              "inflate": 0,
              "mirror": true
            },
            {
              "origin": [
                -7.02555,
                19.98642,
                2.14399
              ],
              "size": [
                2.12,
                9.48,
                5.3
              ],
              "pivot": [
                -5.96555,
                24.72642,
                4.79399
              ],
              "rotation": [
                0.66963,
                14.98539,
                2.58807
              ],
              "uv": [
                26,
                36
              ],
              "inflate": 0
            },
            {
              "origin": [
                4.90555,
                19.98642,
                2.14399
              ],
              "size": [
                2.12,
                9.48,
                5.3
              ],
              "pivot": [
                5.96555,
                24.72642,
                4.79399
              ],
              "rotation": [
                0.66963,
                -14.98539,
                -2.58807
              ],
              "uv": [
                26,
                36
              ],
              "inflate": 0,
              "mirror": true
            },
            {
              "origin": [
                -2.5,
                35.5,
                -0.5
              ],
              "size": [
                5.0,
                1.0,
                5.0
              ],
              "uv": [
                0,
                42
              ],
              "inflate": 0
            },
            {
              "origin": [
                -2.0,
                36.5,
                0.0
              ],
              "size": [
                4.0,
                2.0,
                4.0
              ],
              "uv": [
                36,
                48
              ],
              "inflate": 0
            },
            {
              "origin": [
                -1.5,
                38.5,
                0.5
              ],
              "size": [
                3.0,
                2.0,
                3.0
              ],
              "uv": [
                52,
                7
              ],
              "inflate": 0
            },
            {
              "origin": [
                -1.0,
                40.5,
                1.0
              ],
              "size": [
                2.0,
                2.0,
                2.0
              ],
              "uv": [
                0,
                17
              ],
              "inflate": 0
            },
            {
              "origin": [
                -1.2,
                42.3,
                0.8
              ],
              "size": [
                2.4,
                2.4,
                2.4
              ],
              "uv": [
                0,
                13
              ],
              "inflate": 0
            },
            {
              "origin": [
                -3.1,
                31.9,
                -2.2
              ],
              "size": [
                1.22,
                1.22,
                1.22
              ],
              "uv": [
                0,
                0
              ],
              "inflate": 0
            },
            {
              "origin": [
                1.9,
                31.9,
                -2.2
              ],
              "size": [
                1.22,
                1.22,
                1.22
              ],
              "uv": [
                0,
                0
              ],
              "inflate": 0
            }
          ],
          "parent": "Body"
        },
        {
          "name": "Rightarm",
          "pivot": [
            -5,
            25,
            2
          ],
          "cubes": [
            {
              "origin": [
                -6.5,
                20.0,
                0.5
              ],
              "size": [
                3.0,
                6.0,
                3.0
              ],
              "uv": [
                17,
                47
              ],
              "inflate": 0
            }
          ],
          "parent": "Body",
          "rotation": [
            -27.5,
            0,
            7.5
          ]
        },
        {
          "name": "Rightarm2",
          "pivot": [
            -5,
            20.16667,
            2
          ],
          "cubes": [
            {
              "origin": [
                -6.5,
                14.0,
                0.5
              ],
              "size": [
                3.0,
                6.0,
                3.0
              ],
              "uv": [
                17,
                47
              ],
              "inflate": 0
            },
            {
              "origin": [
                -6.77,
                9.64,
                0.23
              ],
              "size": [
                3.54,
                4.72,
                3.54
              ],
              "uv": [
                51,
                45
              ],
              "inflate": 0
            },
            {
              "origin": [
                -4.0,
                7.0,
                -2.5
              ],
              "size": [
                1.0,
                9.0,
                9.0
              ],
              "uv": [
                32,
                0
              ],
              "inflate": 0
            }
          ],
          "parent": "Rightarm",
          "rotation": [
            -62.70113,
            3.45533,
            -6.66067
          ]
        },
        {
          "name": "Leftarm",
          "pivot": [
            5,
            25,
            2
          ],
          "cubes": [
            {
              "origin": [
                3.5,
                20.0,
                0.5
              ],
              "size": [
                3.0,
                6.0,
                3.0
              ],
              "uv": [
                17,
                47
              ],
              "inflate": 0,
              "mirror": true
            }
          ],
          "parent": "Body",
          "rotation": [
            -27.5,
            0,
            -7.5
          ]
        },
        {
          "name": "Rightarm4",
          "pivot": [
            5,
            20.16667,
            2
          ],
          "cubes": [
            {
              "origin": [
                3.5,
                14.0,
                0.5
              ],
              "size": [
                3.0,
                6.0,
                3.0
              ],
              "uv": [
                17,
                47
              ],
              "inflate": 0,
              "mirror": true
            },
            {
              "origin": [
                3.23,
                9.64,
                0.23
              ],
              "size": [
                3.54,
                4.72,
                3.54
              ],
              "uv": [
                51,
                45
              ],
              "inflate": 0,
              "mirror": true
            },
            {
              "origin": [
                3.0,
                7.0,
                -2.5
              ],
              "size": [
                1.0,
                9.0,
                9.0
              ],
              "uv": [
                32,
                0
              ],
              "inflate": 0,
              "mirror": true
            }
          ],
          "parent": "Leftarm",
          "rotation": [
            -62.70113,
            -3.45533,
            6.66067
          ]
        },
        {
          "name": "Rightleg",
          "pivot": [
            -2,
            15.5,
            2
          ],
          "cubes": [
            {
              "origin": [
                -3.5,
                9.0,
                0.5
              ],
              "size": [
                3.0,
                6.0,
                3.0
              ],
              "uv": [
                17,
                47
              ],
              "inflate": 0
            },
            {
              "origin": [
                -3.77,
                10.64,
                0.23
              ],
              "size": [
                3.54,
                4.72,
                3.54
              ],
              "uv": [
                49,
                33
              ],
              "inflate": 0
            }
          ],
          "parent": "Root"
        },
        {
          "name": "Rightleg2",
          "pivot": [
            -2,
            8.75,
            1
          ],
          "cubes": [
            {
              "origin": [
                -3.71,
                2.58,
                0.29
              ],
              "size": [
                3.42,
                6.84,
                3.42
              ],
              "uv": [
                17,
                47
              ],
              "inflate": 0
            }
          ],
          "parent": "Rightleg"
        },
        {
          "name": "bone",
          "pivot": [
            -2,
            2.5,
            2
          ],
          "cubes": [
            {
              "origin": [
                -4.0,
                0.0,
                -0.5
              ],
              "size": [
                4.0,
                3.0,
                4.0
              ],
              "uv": [
                46,
                18
              ],
              "inflate": 0
            },
            {
              "origin": [
                -4.5,
                0.0,
                -4.5
              ],
              "size": [
                5.0,
                3.0,
                4.0
              ],
              "uv": [
                43,
                0
              ],
              "inflate": 0
            }
          ],
          "parent": "Rightleg2"
        },
        {
          "name": "Leftleg",
          "pivot": [
            2,
            15.5,
            2
          ],
          "cubes": [
            {
              "origin": [
                0.5,
                9.0,
                0.5
              ],
              "size": [
                3.0,
                6.0,
                3.0
              ],
              "uv": [
                17,
                47
              ],
              "inflate": 0,
              "mirror": true
            },
            {
              "origin": [
                0.23,
                10.64,
                0.23
              ],
              "size": [
                3.54,
                4.72,
                3.54
              ],
              "uv": [
                49,
                33
              ],
              "inflate": 0,
              "mirror": true
            }
          ],
          "parent": "Root"
        },
        {
          "name": "Rightleg4",
          "pivot": [
            2,
            8.75,
            1
          ],
          "cubes": [
            {
              "origin": [
                0.29,
                2.58,
                0.29
              ],
              "size": [
                3.42,
                6.84,
                3.42
              ],
              "uv": [
                17,
                47
              ],
              "inflate": 0,
              "mirror": true
            }
          ],
          "parent": "Leftleg"
        },
        {
          "name": "bone2",
          "pivot": [
            2,
            2.5,
            2
          ],
          "cubes": [
            {
              "origin": [
                0.0,
                0.0,
                -0.5
              ],
              "size": [
                4.0,
                3.0,
                4.0
              ],
              "uv": [
                46,
                18
              ],
              "inflate": 0,
              "mirror": true
            },
            {
              "origin": [
                -0.5,
                0.0,
                -4.5
              ],
              "size": [
                5.0,
                3.0,
                4.0
              ],
              "uv": [
                43,
                0
              ],
              "inflate": 0,
              "mirror": true
            }
          ],
          "parent": "Rightleg4"
        }
      ]
    }
  ]
}