{"format_version":"1.12.0","minecraft:geometry":[{"description":{"identifier":"geometry.yg_catnap","texture_width":128,"texture_height":128,"visible_bounds_width":7,"visible_bounds_height":5.5,"visible_bounds_offset":[0,2.25,0]},"bones":[{"name":"Root"},{"name":"Body","pivot":[0,39,4.5],"cubes":[{"origin":[-4.5133,38.57161,-0.23519],"size":[9,9,8],"pivot":[-0.0133,43.07161,3.76481],"rotation":[5.03587,0,0],"uv":[0,30],"inflate":0},{"origin":[4.61744,35.60046,0.29099],"size":[0,3,8],"pivot":[4.61744,37.10046,4.29099],"rotation":[5.01681,0.43834,-4.9808],"uv":[46,0],"inflate":0},{"origin":[-4.61744,35.60046,0.29099],"size":[0,3,8],"pivot":[-4.61744,37.10046,4.29099],"rotation":[5.01681,-0.43834,4.9808],"uv":[46,0],"inflate":0,"mirror":true},{"origin":[-4.4867,35.23933,0.24163],"size":[9,3,0],"pivot":[0.0133,36.73933,0.24163],"rotation":[2.53587,0,0],"uv":[30,0],"inflate":0},{"origin":[-4.5133,35.94144,8.20787],"size":[9,3,0],"pivot":[-0.0133,37.44144,8.20787],"rotation":[2.46413,0,0],"uv":[30,0],"inflate":0}],"parent":"Root"},{"name":"Tail","pivot":[0,41,8],"cubes":[{"origin":[-1,40,7],"size":[2,2,8],"uv":[48,13],"inflate":0}],"parent":"Body","rotation":[-70,0,0]},{"name":"Tail2","pivot":[0,41,16],"cubes":[{"origin":[-1.12,39.88,14.52],"size":[2.24,2.24,8.96],"uv":[48,13],"inflate":0}],"parent":"Tail","rotation":[7.5,0,0]},{"name":"Tail3","pivot":[0,41,24],"cubes":[{"origin":[-1.24,39.76,23.04],"size":[2.48,2.48,7.92],"uv":[53,37],"inflate":0}],"parent":"Tail2","rotation":[27.5,0,0]},{"name":"Tail4","pivot":[0,41,32],"cubes":[{"origin":[-1.42,40.58,30.32],"size":[2.84,2.84,9.36],"uv":[0,47],"inflate":0}],"parent":"Tail3","rotation":[32.5,0,0]},{"name":"Tail5","pivot":[0,41,40],"cubes":[{"origin":[-1.82,40.18,39.72],"size":[3.64,3.64,5.56],"uv":[0,58],"inflate":0},{"origin":[-2.548,39.452,44.408],"size":[5.096,5.096,9.184],"uv":[34,37],"inflate":0}],"parent":"Tail4","rotation":[42.5,0,0]},{"name":"Torso","pivot":[0,47.5,3.5],"cubes":[{"origin":[-4,46,-1],"size":[8,7,7],"pivot":[0,50.5,1],"rotation":[15,0,0],"uv":[31,23],"inflate":0}],"parent":"Body"},{"name":"Neck","pivot":[0,53.5,1],"cubes":[{"origin":[-2,51,-1],"size":[4,5,4],"pivot":[0,53.5,1],"rotation":[55,0,0],"uv":[18,56],"inflate":0},{"origin":[-2.4,53.47358,-2.21915],"size":[4.8,1.2,4.8],"pivot":[0,54.07358,0.18085],"rotation":[55,0,0],"uv":[54,23],"inflate":0},{"origin":[-1,51.45176,-1.68723],"size":[2,1,1],"uv":[34,21],"inflate":0}],"parent":"Torso"},{"name":"Moon","pivot":[0,51.45176,-1.5],"cubes":[{"origin":[-2,47.45176,-1.5],"size":[4,4,0],"uv":[30,3],"inflate":0}],"parent":"Neck"},{"name":"Head","pivot":[0,54,-1],"cubes":[{"origin":[-5.1,52.95,-7.1],"size":[10.2,5.1,10.2],"uv":[0,0],"inflate":0},{"origin":[-6.37545,52.94221,-7],"size":[3,6,10],"pivot":[-4.87545,55.94221,-2],"rotation":[0,0,-17.5],"uv":[30,5],"inflate":0},{"origin":[3.37545,52.94221,-7],"size":[3,6,10],"pivot":[4.87545,55.94221,-2],"rotation":[0,0,17.5],"uv":[30,5],"inflate":0,"mirror":true},{"origin":[-5.244,52.878,-7.3688],"size":[10.488,5.244,3.0176],"uv":[46,0],"inflate":0},{"origin":[-1,57.44031,-7.68227],"size":[2,1,1],"pivot":[0,57.94031,-7.18227],"rotation":[10,0,0],"uv":[26,36],"inflate":0},{"origin":[-0.5,56.59048,-7.43456],"size":[1,1,1],"pivot":[0,57.09048,-6.93456],"rotation":[22.5,0,0],"uv":[26,30],"inflate":0},{"origin":[-4.5,58,-7],"size":[9,5,10],"uv":[0,15],"inflate":0},{"origin":[-3.5,59,-6.9],"size":[2,2,0],"uv":[6,5],"inflate":0},{"origin":[1.5,59,-6.9],"size":[2,2,0],"uv":[6,5],"inflate":0,"mirror":true},{"origin":[-4,58.5,-7.1],"size":[3,3,0],"uv":[30,7],"inflate":0},{"origin":[1,58.5,-7.1],"size":[3,3,0],"uv":[30,7],"inflate":0,"mirror":true},{"origin":[-8.05944,58.32401,-1.84965],"size":[6,8,0],"pivot":[-5.05944,62.32401,-1.84965],"rotation":[0,17.5,-47.5],"uv":[63,46],"inflate":0},{"origin":[2.05944,58.32401,-1.84965],"size":[6,8,0],"pivot":[5.05944,62.32401,-1.84965],"rotation":[0,-17.5,47.5],"uv":[63,46],"inflate":0,"mirror":true}],"parent":"Neck","locators":{"gas":[0,55.5,-7]}},{"name":"Rightarm","pivot":[-4,51.5,2.5],"cubes":[{"origin":[-7,44.5,1],"size":[3,8,3],"uv":[60,8],"inflate":0}],"parent":"Torso"},{"name":"Rightarm2","pivot":[-5.5,44.5,2.5],"cubes":[{"origin":[-7,36.5,1],"size":[3,8,3],"uv":[60,8],"inflate":0}],"parent":"Rightarm"},{"name":"Rightarm3","pivot":[-5.5,36.5,2.5],"cubes":[{"origin":[-7.18,28.02,0.82],"size":[3.36,8.96,3.36],"uv":[60,8],"inflate":0}],"parent":"Rightarm2"},{"name":"Rightarm4","pivot":[-5.5,28.5,2.5],"cubes":[{"origin":[-7.3,19.7,0.7],"size":[3.6,8.6,3.6],"uv":[60,8],"inflate":0},{"origin":[-7.3,22.70409,0.51244],"size":[3.6,4.6,0],"pivot":[-5.5,25.00409,0.51244],"rotation":[-2.5,0,0],"uv":[34,37],"inflate":0},{"origin":[-7.3,22.70215,4.39933],"size":[3.6,4.6,0],"pivot":[-5.5,25.00215,4.39933],"rotation":[2.5,0,0],"uv":[34,37],"inflate":0},{"origin":[-3.59968,22.70219,0.7],"size":[0,4.6,3.6],"pivot":[-3.59968,25.00219,2.5],"rotation":[0,0,-2.5],"uv":[28,18],"inflate":0},{"origin":[-7.40032,22.70219,0.7],"size":[0,4.6,3.6],"pivot":[-7.40032,25.00219,2.5],"rotation":[0,0,2.5],"uv":[28,18],"inflate":0,"mirror":true},{"origin":[-7.40032,18.70219,0.7],"size":[0,4.6,3.6],"pivot":[-7.40032,21.00219,2.5],"rotation":[0,0,2.5],"uv":[28,18],"inflate":0,"mirror":true},{"origin":[-3.59968,18.70219,0.7],"size":[0,4.6,3.6],"pivot":[-3.59968,21.00219,2.5],"rotation":[0,0,-2.5],"uv":[28,18],"inflate":0},{"origin":[-7.3,18.706,0.4252],"size":[3.6,4.6,0],"pivot":[-5.5,21.006,0.4252],"rotation":[-5,0,0],"uv":[34,37],"inflate":0,"mirror":true},{"origin":[-7.3,18.69613,4.52695],"size":[3.6,4.6,0],"pivot":[-5.5,20.99613,4.52695],"rotation":[5,0,0],"uv":[34,37],"inflate":0,"mirror":true}],"parent":"Rightarm3"},{"name":"bone","pivot":[-5.5,20,2.5],"cubes":[{"origin":[-6.83288,15.94741,0.5],"size":[2,4,4],"pivot":[-5.83288,17.94741,2.5],"rotation":[0,0,12.5],"uv":[61,28],"inflate":0},{"origin":[-7.24205,13.35179,-0.13393],"size":[2,3,2],"pivot":[-6.24205,14.85179,0.86607],"rotation":[-25,0,0],"uv":[0,5],"inflate":0},{"origin":[-5.9174,16.76993,-0.62183],"size":[2,3,2],"pivot":[-4.9174,18.26993,0.37817],"rotation":[-49.32185,-9.54385,-8.11019],"uv":[0,5],"inflate":0},{"origin":[-4.97881,15.15405,-2.43729],"size":[2.28,3.42,2.28],"pivot":[-3.83881,16.86405,-1.29729],"rotation":[-42.39409,-29.4987,-28.34077],"uv":[0,5],"inflate":0},{"origin":[-2.87217,14.43715,-2.40193],"size":[2,3,0],"pivot":[-1.87217,15.93715,-2.40193],"rotation":[-24.51604,-45.05075,-57.20219],"uv":[6,22],"inflate":0},{"origin":[-6.73271,11.12273,-1.21543],"size":[2.28,3.42,2.28],"pivot":[-5.59271,12.83273,-0.07543],"rotation":[-21.46872,-13.12479,-30.00135],"uv":[0,5],"inflate":0},{"origin":[-6.73271,11.12273,3.93543],"size":[2.28,3.42,2.28],"pivot":[-5.59271,12.83273,5.07543],"rotation":[21.46872,13.12479,-30.00135],"uv":[0,5],"inflate":0},{"origin":[-7.50253,13.23404,1.5],"size":[2,3,2],"pivot":[-6.50253,14.73404,2.5],"rotation":[0,0,10],"uv":[0,5],"inflate":0},{"origin":[-5.49048,9.47811,2.56486],"size":[2,3,0],"pivot":[-4.49048,10.97811,2.56486],"rotation":[0,0,-66.02382],"uv":[6,22],"inflate":0},{"origin":[-7.27178,10.92144,1.36],"size":[2.28,3.42,2.28],"pivot":[-6.13178,12.63144,2.5],"rotation":[0,0,-30],"uv":[0,5],"inflate":0},{"origin":[-7.24205,13.35179,3.13393],"size":[2,3,2],"pivot":[-6.24205,14.85179,4.13393],"rotation":[25,0,0],"uv":[0,5],"inflate":0},{"origin":[-5.0975,9.61245,5.87761],"size":[2,3,0],"pivot":[-4.0975,11.11245,5.87761],"rotation":[16.68541,18.88952,-47.20513],"uv":[6,22],"inflate":0},{"origin":[-5.0975,9.61245,-0.87761],"size":[2,3,0],"pivot":[-4.0975,11.11245,-0.87761],"rotation":[-16.68541,-18.88952,-47.20513],"uv":[6,22],"inflate":0}],"parent":"Rightarm4"},{"name":"Leftarm","pivot":[4,51.5,2.5],"cubes":[{"origin":[4,44.5,1],"size":[3,8,3],"uv":[60,8],"inflate":0,"mirror":true}],"parent":"Torso"},{"name":"Leftarm2","pivot":[5.5,44.5,2.5],"cubes":[{"origin":[4,36.5,1],"size":[3,8,3],"uv":[60,8],"inflate":0,"mirror":true}],"parent":"Leftarm"},{"name":"Leftarm3","pivot":[5.5,36.5,2.5],"cubes":[{"origin":[3.82,28.02,0.82],"size":[3.36,8.96,3.36],"uv":[60,8],"inflate":0,"mirror":true}],"parent":"Leftarm2"},{"name":"Leftarm4","pivot":[5.5,28.5,2.5],"cubes":[{"origin":[3.7,19.7,0.7],"size":[3.6,8.6,3.6],"uv":[60,8],"inflate":0,"mirror":true},{"origin":[3.7,22.70409,0.51244],"size":[3.6,4.6,0],"pivot":[5.5,25.00409,0.51244],"rotation":[-2.5,0,0],"uv":[34,37],"inflate":0,"mirror":true},{"origin":[3.7,22.70215,4.39933],"size":[3.6,4.6,0],"pivot":[5.5,25.00215,4.39933],"rotation":[2.5,0,0],"uv":[34,37],"inflate":0,"mirror":true},{"origin":[3.59968,22.70219,0.7],"size":[0,4.6,3.6],"pivot":[3.59968,25.00219,2.5],"rotation":[0,0,2.5],"uv":[28,18],"inflate":0,"mirror":true},{"origin":[7.40032,22.70219,0.7],"size":[0,4.6,3.6],"pivot":[7.40032,25.00219,2.5],"rotation":[0,0,-2.5],"uv":[28,18],"inflate":0},{"origin":[7.40032,18.70219,0.7],"size":[0,4.6,3.6],"pivot":[7.40032,21.00219,2.5],"rotation":[0,0,-2.5],"uv":[28,18],"inflate":0},{"origin":[3.59968,18.70219,0.7],"size":[0,4.6,3.6],"pivot":[3.59968,21.00219,2.5],"rotation":[0,0,2.5],"uv":[28,18],"inflate":0,"mirror":true},{"origin":[3.7,18.706,0.4252],"size":[3.6,4.6,0],"pivot":[5.5,21.006,0.4252],"rotation":[-5,0,0],"uv":[34,37],"inflate":0},{"origin":[3.7,18.69613,4.52695],"size":[3.6,4.6,0],"pivot":[5.5,20.99613,4.52695],"rotation":[5,0,0],"uv":[34,37],"inflate":0}],"parent":"Leftarm3"},{"name":"bone2","pivot":[5.5,20,2.5],"cubes":[{"origin":[4.83288,15.94741,0.5],"size":[2,4,4],"pivot":[5.83288,17.94741,2.5],"rotation":[0,0,-12.5],"uv":[61,28],"inflate":0,"mirror":true},{"origin":[5.24205,13.35179,-0.13393],"size":[2,3,2],"pivot":[6.24205,14.85179,0.86607],"rotation":[-25,0,0],"uv":[0,5],"inflate":0,"mirror":true},{"origin":[3.9174,16.76993,-0.62183],"size":[2,3,2],"pivot":[4.9174,18.26993,0.37817],"rotation":[-49.32185,9.54385,8.11019],"uv":[0,5],"inflate":0,"mirror":true},{"origin":[2.69881,15.15405,-2.43729],"size":[2.28,3.42,2.28],"pivot":[3.83881,16.86405,-1.29729],"rotation":[-42.39409,29.4987,28.34077],"uv":[0,5],"inflate":0,"mirror":true},{"origin":[0.87217,14.43715,-2.40193],"size":[2,3,0],"pivot":[1.87217,15.93715,-2.40193],"rotation":[-24.51604,45.05075,57.20219],"uv":[6,22],"inflate":0,"mirror":true},{"origin":[4.45271,11.12273,-1.21543],"size":[2.28,3.42,2.28],"pivot":[5.59271,12.83273,-0.07543],"rotation":[-21.46872,13.12479,30.00135],"uv":[0,5],"inflate":0,"mirror":true},{"origin":[4.45271,11.12273,3.93543],"size":[2.28,3.42,2.28],"pivot":[5.59271,12.83273,5.07543],"rotation":[21.46872,-13.12479,30.00135],"uv":[0,5],"inflate":0,"mirror":true},{"origin":[5.50253,13.23404,1.5],"size":[2,3,2],"pivot":[6.50253,14.73404,2.5],"rotation":[0,0,-10],"uv":[0,5],"inflate":0,"mirror":true},{"origin":[3.49048,9.47811,2.56486],"size":[2,3,0],"pivot":[4.49048,10.97811,2.56486],"rotation":[0,0,66.02382],"uv":[6,22],"inflate":0,"mirror":true},{"origin":[4.99178,10.92144,1.36],"size":[2.28,3.42,2.28],"pivot":[6.13178,12.63144,2.5],"rotation":[0,0,30],"uv":[0,5],"inflate":0,"mirror":true},{"origin":[5.24205,13.35179,3.13393],"size":[2,3,2],"pivot":[6.24205,14.85179,4.13393],"rotation":[25,0,0],"uv":[0,5],"inflate":0,"mirror":true},{"origin":[3.0975,9.61245,5.87761],"size":[2,3,0],"pivot":[4.0975,11.11245,5.87761],"rotation":[16.68541,-18.88952,47.20513],"uv":[6,22],"inflate":0,"mirror":true},{"origin":[3.0975,9.61245,-0.87761],"size":[2,3,0],"pivot":[4.0975,11.11245,-0.87761],"rotation":[-16.68541,18.88952,47.20513],"uv":[6,22],"inflate":0,"mirror":true}],"parent":"Leftarm4"},{"name":"Rightleg","pivot":[-2.5,39,4],"cubes":[{"origin":[-5,30,2],"size":[4,9,4],"uv":[51,51],"inflate":0}],"parent":"Root"},{"name":"Rightleg2","pivot":[-3,30,4],"cubes":[{"origin":[-5,21,2],"size":[4,9,4],"uv":[51,51],"inflate":0}],"parent":"Rightleg"},{"name":"Rightleg3","pivot":[-3,21.5,4],"cubes":[{"origin":[-5.32,11.28,1.68],"size":[4.64,10.44,4.64],"uv":[35,51],"inflate":0}],"parent":"Rightleg2"},{"name":"Rightleg4","pivot":[-3,12.5,4],"cubes":[{"origin":[-5.48,1.92,1.52],"size":[4.96,10.16,4.96],"uv":[35,51],"inflate":0},{"origin":[-5.52,4.93362,1.20798],"size":[4.96,7.16,0],"pivot":[-3.04,8.51362,1.20798],"rotation":[-5,0,0],"uv":[0,30],"inflate":0},{"origin":[-5.48,4.93354,6.79102],"size":[4.96,7.16,0],"pivot":[-3,8.51354,6.79102],"rotation":[5,0,0],"uv":[0,30],"inflate":0},{"origin":[-0.20798,4.93362,1.52],"size":[0,7.16,4.96],"pivot":[-0.20798,8.51362,4],"rotation":[0,0,-5],"uv":[0,11],"inflate":0},{"origin":[-5.79202,4.93362,1.52],"size":[0,7.16,4.96],"pivot":[-5.79202,8.51362,4],"rotation":[0,0,5],"uv":[0,11],"inflate":0,"mirror":true},{"origin":[-5.79202,0.93362,1.52],"size":[0,7.16,4.96],"pivot":[-5.79202,4.51362,4],"rotation":[0,0,5],"uv":[0,11],"inflate":0,"mirror":true},{"origin":[-0.20798,0.93362,1.52],"size":[0,7.16,4.96],"pivot":[-0.20798,4.51362,4],"rotation":[0,0,-5],"uv":[0,11],"inflate":0},{"origin":[-5.48,0.93354,6.79102],"size":[4.96,7.16,0],"pivot":[-3,4.51354,6.79102],"rotation":[5,0,0],"uv":[0,30],"inflate":0,"mirror":true},{"origin":[-5.44,1.93362,1.20798],"size":[4.96,7.16,0],"pivot":[-2.96,5.51362,1.20798],"rotation":[-5,0,0],"uv":[0,30],"inflate":0,"mirror":true}],"parent":"Rightleg3"},{"name":"bone3","pivot":[-3,2.5,4],"cubes":[{"origin":[-5.5,-0.5,0],"size":[5,3,6],"uv":[13,47],"inflate":0},{"origin":[-5.96496,0.63393,-2.77748],"size":[2,2,3],"pivot":[-4.96496,1.63393,-1.27748],"rotation":[-25,20,0],"uv":[0,0],"inflate":0},{"origin":[-2.03504,0.63393,-2.77748],"size":[2,2,3],"pivot":[-1.03504,1.63393,-1.27748],"rotation":[-25,-20,0],"uv":[0,0],"inflate":0,"mirror":true},{"origin":[-1.68606,0.61233,1.39883],"size":[2,2,3],"pivot":[-0.68606,1.61233,2.89883],"rotation":[-28.41204,-33.42119,7.53038],"uv":[0,0],"inflate":0,"mirror":true},{"origin":[-0.45693,0.91397,-0.78029],"size":[2.28,2.28,3.42],"pivot":[0.68307,2.05397,0.92971],"rotation":[-0.91204,-33.42119,7.53038],"uv":[0,0],"inflate":0,"mirror":true},{"origin":[2.11405,0.55081,-2.81996],"size":[0,2,3],"pivot":[2.11405,1.55081,-1.31996],"rotation":[14.08796,-33.42119,7.53038],"uv":[0,19],"inflate":0,"mirror":true},{"origin":[-1.40877,0.78888,-5.09277],"size":[2.28,2.28,3.42],"pivot":[-0.26877,1.92888,-3.38277],"rotation":[10,-20,0],"uv":[0,0],"inflate":0,"mirror":true},{"origin":[0.61627,0.11298,-7.31442],"size":[0,2,3],"pivot":[0.61627,1.11298,-5.81442],"rotation":[25,-20,0],"uv":[0,19],"inflate":0,"mirror":true},{"origin":[-6.61533,0.11298,-7.31476],"size":[0,2,3],"pivot":[-6.61533,1.11298,-5.81476],"rotation":[25,20,0],"uv":[0,19],"inflate":0},{"origin":[-6.87123,0.78888,-5.09277],"size":[2.28,2.28,3.42],"pivot":[-5.73123,1.92888,-3.38277],"rotation":[10,20,0],"uv":[0,0],"inflate":0},{"origin":[-4,0.75,-2.79904],"size":[2,2,3],"pivot":[-3,1.75,-1.29904],"rotation":[-30,0,0],"uv":[0,0],"inflate":0},{"origin":[-4.14,0.87187,-4.99815],"size":[2.28,2.28,3.42],"pivot":[-3,2.01187,-3.28815],"rotation":[15,0,0],"uv":[0,0],"inflate":0},{"origin":[-3,0.00993,-7.36462],"size":[0,2,3],"pivot":[-3,1.00993,-5.86462],"rotation":[27.5,0,0],"uv":[0,19],"inflate":0}],"parent":"Rightleg4"},{"name":"Leftleg","pivot":[2.5,39,4],"cubes":[{"origin":[1,30,2],"size":[4,9,4],"uv":[51,51],"inflate":0,"mirror":true}],"parent":"Root"},{"name":"Leftleg2","pivot":[3,30,4],"cubes":[{"origin":[1,21,2],"size":[4,9,4],"uv":[51,51],"inflate":0,"mirror":true}],"parent":"Leftleg"},{"name":"Leftleg3","pivot":[3,21.5,4],"cubes":[{"origin":[0.68,11.28,1.68],"size":[4.64,10.44,4.64],"uv":[35,51],"inflate":0,"mirror":true}],"parent":"Leftleg2"},{"name":"Leftleg4","pivot":[3,12.5,4],"cubes":[{"origin":[0.52,1.92,1.52],"size":[4.96,10.16,4.96],"uv":[35,51],"inflate":0,"mirror":true},{"origin":[0.56,4.93362,1.20798],"size":[4.96,7.16,0],"pivot":[3.04,8.51362,1.20798],"rotation":[-5,0,0],"uv":[0,30],"inflate":0,"mirror":true},{"origin":[0.52,4.93354,6.79102],"size":[4.96,7.16,0],"pivot":[3,8.51354,6.79102],"rotation":[5,0,0],"uv":[0,30],"inflate":0,"mirror":true},{"origin":[0.20798,4.93362,1.52],"size":[0,7.16,4.96],"pivot":[0.20798,8.51362,4],"rotation":[0,0,5],"uv":[0,11],"inflate":0,"mirror":true},{"origin":[5.79202,4.93362,1.52],"size":[0,7.16,4.96],"pivot":[5.79202,8.51362,4],"rotation":[0,0,-5],"uv":[0,11],"inflate":0},{"origin":[5.79202,0.93362,1.52],"size":[0,7.16,4.96],"pivot":[5.79202,4.51362,4],"rotation":[0,0,-5],"uv":[0,11],"inflate":0},{"origin":[0.20798,0.93362,1.52],"size":[0,7.16,4.96],"pivot":[0.20798,4.51362,4],"rotation":[0,0,5],"uv":[0,11],"inflate":0,"mirror":true},{"origin":[0.52,0.93354,6.79102],"size":[4.96,7.16,0],"pivot":[3,4.51354,6.79102],"rotation":[5,0,0],"uv":[0,30],"inflate":0},{"origin":[0.48,1.93362,1.20798],"size":[4.96,7.16,0],"pivot":[2.96,5.51362,1.20798],"rotation":[-5,0,0],"uv":[0,30],"inflate":0}],"parent":"Leftleg3"},{"name":"bone4","pivot":[3,2.5,4],"cubes":[{"origin":[0.5,-0.5,0],"size":[5,3,6],"uv":[13,47],"inflate":0,"mirror":true},{"origin":[3.96496,0.63393,-2.77748],"size":[2,2,3],"pivot":[4.96496,1.63393,-1.27748],"rotation":[-25,-20,0],"uv":[0,0],"inflate":0,"mirror":true},{"origin":[0.03504,0.63393,-2.77748],"size":[2,2,3],"pivot":[1.03504,1.63393,-1.27748],"rotation":[-25,20,0],"uv":[0,0],"inflate":0},{"origin":[-0.31394,0.61233,1.39883],"size":[2,2,3],"pivot":[0.68606,1.61233,2.89883],"rotation":[-28.41204,33.42119,-7.53038],"uv":[0,0],"inflate":0},{"origin":[-1.82307,0.91397,-0.78029],"size":[2.28,2.28,3.42],"pivot":[-0.68307,2.05397,0.92971],"rotation":[-0.91204,33.42119,-7.53038],"uv":[0,0],"inflate":0},{"origin":[-2.11405,0.55081,-2.81996],"size":[0,2,3],"pivot":[-2.11405,1.55081,-1.31996],"rotation":[14.08796,33.42119,-7.53038],"uv":[0,19],"inflate":0},{"origin":[-0.87123,0.78888,-5.09277],"size":[2.28,2.28,3.42],"pivot":[0.26877,1.92888,-3.38277],"rotation":[10,20,0],"uv":[0,0],"inflate":0},{"origin":[-0.61627,0.11298,-7.31442],"size":[0,2,3],"pivot":[-0.61627,1.11298,-5.81442],"rotation":[25,20,0],"uv":[0,19],"inflate":0},{"origin":[6.61533,0.11298,-7.31476],"size":[0,2,3],"pivot":[6.61533,1.11298,-5.81476],"rotation":[25,-20,0],"uv":[0,19],"inflate":0,"mirror":true},{"origin":[4.59123,0.78888,-5.09277],"size":[2.28,2.28,3.42],"pivot":[5.73123,1.92888,-3.38277],"rotation":[10,-20,0],"uv":[0,0],"inflate":0,"mirror":true},{"origin":[2,0.75,-2.79904],"size":[2,2,3],"pivot":[3,1.75,-1.29904],"rotation":[-30,0,0],"uv":[0,0],"inflate":0,"mirror":true},{"origin":[1.86,0.87187,-4.99815],"size":[2.28,2.28,3.42],"pivot":[3,2.01187,-3.28815],"rotation":[15,0,0],"uv":[0,0],"inflate":0,"mirror":true},{"origin":[3,0.00993,-7.36462],"size":[0,2,3],"pivot":[3,1.00993,-5.86462],"rotation":[27.5,0,0],"uv":[0,19],"inflate":0,"mirror":true}],"parent":"Leftleg4"}]}]}