{
  "format_version": "1.12.0",
  "minecraft:geometry": [
    {
      "description": {
        "identifier": "geometry.yg_dogday",
        "texture_width": 128,
        "texture_height": 128,
        "visible_bounds_width": 4,
        "visible_bounds_height": 3.5,
        "visible_bounds_offset": [
          0,
          1.25,
          0
        ]
      },
      "bones": [
        {
          "name": "Root",
          "pivot": [
            0,
            0,
            -6
          ]
        },
        {
          "name": "Body",
          "pivot": [
            0,
            9,
            11
          ],
          "cubes": [
            {
              "origin": [
                -5.8,
                3.8291,
                6.38475
              ],
              "size": [
                11.6,
                9.28,
                9.28
              ],
              "pivot": [
                0.0,
                8.4691,
                11.02475
              ],
              "rotation": [
                -20.0,
                0.0,
                0.0
              ],
              "uv": [
                0,
                16
              ],
              "inflate": 0
            }
          ],
          "parent": "Root"
        },
        {
          "name": "Torso",
          "pivot": [
            0,
            11,
            6.5
          ],
          "cubes": [
            {
              "origin": [
                -5.0,
                7.20526,
                -0.49279
              ],
              "size": [
                10.0,
                8.0,
                8.0
              ],
              "pivot": [
                0.0,
                11.20526,
                3.50721
              ],
              "rotation": [
                -20.0,
                0.0,
                0.0
              ],
              "uv": [
                0,
                34
              ],
              "inflate": 0
            }
          ],
          "parent": "Body"
        },
        {
          "name": "Neck",
          "pivot": [
            0,
            13,
            1.5
          ],
          "cubes": [
            {
              "origin": [
                -2.0,
                11.08637,
                -4.1611
              ],
              "size": [
                4.0,
                4.0,
                5.0
              ],
              "pivot": [
                0.0,
                13.08637,
                -1.6611
              ],
              "rotation": [
                -20.0,
                0.0,
                0.0
              ],
              "uv": [
                66,
                63
              ],
              "inflate": 0
            },
            {
              "origin": [
                -2.44,
                10.30435,
                -1.33141
              ],
              "size": [
                4.88,
                4.88,
                1.22
              ],
              "pivot": [
                0.0,
                12.74435,
                -0.72141
              ],
              "rotation": [
                -20.0,
                0.0,
                0.0
              ],
              "uv": [
                0,
                0
              ],
              "inflate": 0
            },
            {
              "origin": [
                -1.0,
                9.66013,
                -2.12915
              ],
              "size": [
                2.0,
                1.0,
                1.0
              ],
              "uv": [
                0,
                23
              ],
              "inflate": 0
            },
            {
              "origin": [
                -3.0,
                3.70285,
                -2.1518
              ],
              "size": [
                6.0,
                6.0,
                0.0
              ],
              "pivot": [
                0.0,
                6.70285,
                -2.1518
              ],
              "rotation": [
                -7.5,
                0.0,
                0.0
              ],
              "uv": [
                51,
                40
              ],
              "inflate": 0
            }
          ],
          "parent": "Torso"
        },
        {
          "name": "Head",
          "pivot": [
            0,
            14,
            -2
          ],
          "cubes": [
            {
              "origin": [
                -5.5,
                18.0,
                -11.0
              ],
              "size": [
                11.0,
                6.0,
                10.0
              ],
              "uv": [
                30,
                24
              ],
              "inflate": 0
            },
            {
              "origin": [
                -4.5,
                19.0,
                -11.1
              ],
              "size": [
                3.0,
                3.0,
                0.0
              ],
              "uv": [
                31,
                22
              ],
              "inflate": 0
            },
            {
              "origin": [
                1.5,
                19.0,
                -11.1
              ],
              "size": [
                3.0,
                3.0,
                0.0
              ],
              "uv": [
                31,
                22
              ],
              "inflate": 0,
              "mirror": true
            },
            {
              "origin": [
                -6.26224,
                22.60141,
                -10.72994
              ],
              "size": [
                2.0,
                4.0,
                5.0
              ],
              "pivot": [
                -5.26224,
                24.60141,
                -8.22994
              ],
              "rotation": [
                21.55613,
                -6.60796,
                -73.75926
              ],
              "uv": [
                35,
                69
              ],
              "inflate": 0
            },
            {
              "origin": [
                4.26224,
                22.60141,
                -10.72994
              ],
              "size": [
                2.0,
                4.0,
                5.0
              ],
              "pivot": [
                5.26224,
                24.60141,
                -8.22994
              ],
              "rotation": [
                21.55613,
                6.60796,
                73.75926
              ],
              "uv": [
                35,
                69
              ],
              "inflate": 0,
              "mirror": true
            },
            {
              "origin": [
                -8.96658,
                20.58167,
                -12.35071
              ],
              "size": [
                2.48,
                6.2,
                6.2
              ],
              "pivot": [
                -7.72658,
                23.68167,
                -9.25071
              ],
              "rotation": [
                16.32495,
                15.69986,
                -132.73421
              ],
              "uv": [
                50,
                63
              ],
              "inflate": 0
            },
            {
              "origin": [
                6.48658,
                20.58167,
                -12.35071
              ],
              "size": [
                2.48,
                6.2,
                6.2
              ],
              "pivot": [
                7.72658,
                23.68167,
                -9.25071
              ],
              "rotation": [
                16.32495,
                -15.69986,
                132.73421
              ],
              "uv": [
                50,
                63
              ],
              "inflate": 0,
              "mirror": true
            },
            {
              "origin": [
                -11.21249,
                12.52609,
                -13.36619
              ],
              "size": [
                4.0,
                10.0,
                7.0
              ],
              "pivot": [
                -9.21249,
                17.52609,
                -9.86619
              ],
              "rotation": [
                2.06754,
                22.40972,
                -174.59039
              ],
              "uv": [
                36,
                40
              ],
              "inflate": 0
            },
            {
              "origin": [
                7.21249,
                12.52609,
                -13.36619
              ],
              "size": [
                4.0,
                10.0,
                7.0
              ],
              "pivot": [
                9.21249,
                17.52609,
                -9.86619
              ],
              "rotation": [
                2.06754,
                -22.40972,
                174.59039
              ],
              "uv": [
                36,
                40
              ],
              "inflate": 0,
              "mirror": true
            },
            {
              "origin": [
                -11.57301,
                13.0399,
                -13.88954
              ],
              "size": [
                4.56,
                6.98,
                7.98
              ],
              "pivot": [
                -9.29301,
                16.5299,
                -9.89954
              ],
              "rotation": [
                2.06754,
                22.40972,
                -174.59039
              ],
              "uv": [
                51,
                50
              ],
              "inflate": 0
            },
            {
              "origin": [
                7.01301,
                13.0399,
                -13.88954
              ],
              "size": [
                4.56,
                6.98,
                7.98
              ],
              "pivot": [
                9.29301,
                16.5299,
                -9.89954
              ],
              "rotation": [
                2.06754,
                -22.40972,
                174.59039
              ],
              "uv": [
                51,
                50
              ],
              "inflate": 0,
              "mirror": true
            },
            {
              "origin": [
                -11.49432,
                9.89945,
                -13.48293
              ],
              "size": [
                4.0,
                3.0,
                7.0
              ],
              "pivot": [
                -9.49432,
                11.39945,
                -9.98293
              ],
              "rotation": [
                -2.06754,
                22.40972,
                174.59039
              ],
              "uv": [
                0,
                62
              ],
              "inflate": 0
            },
            {
              "origin": [
                7.49432,
                9.89945,
                -13.48293
              ],
              "size": [
                4.0,
                3.0,
                7.0
              ],
              "pivot": [
                9.49432,
                11.39945,
                -9.98293
              ],
              "rotation": [
                -2.06754,
                -22.40972,
                -174.59039
              ],
              "uv": [
                0,
                62
              ],
              "inflate": 0,
              "mirror": true
            },
            {
              "origin": [
                -6.24,
                11.88,
                -11.2
              ],
              "size": [
                12.48,
                6.24,
                10.4
              ],
              "uv": [
                0,
                0
              ],
              "inflate": 0
            },
            {
              "origin": [
                -6.6144,
                11.6928,
                -11.332
              ],
              "size": [
                13.2288,
                6.6144,
                4.664
              ],
              "uv": [
                34,
                0
              ],
              "inflate": 0
            },
            {
              "origin": [
                -1.34,
                17.49597,
                -11.70679
              ],
              "size": [
                2.68,
                1.34,
                1.34
              ],
              "pivot": [
                0.0,
                18.16597,
                -11.03679
              ],
              "rotation": [
                12.5,
                0.0,
                0.0
              ],
              "uv": [
                31,
                16
              ],
              "inflate": 0
            }
          ],
          "parent": "Neck"
        },
        {
          "name": "Rightarm",
          "pivot": [
            -5,
            12,
            2.5
          ],
          "cubes": [
            {
              "origin": [
                -14.04014,
                9.2018,
                1.0
              ],
              "size": [
                10.0,
                3.0,
                3.0
              ],
              "pivot": [
                -9.04014,
                10.7018,
                2.5
              ],
              "rotation": [
                0.0,
                0.0,
                -22.5
              ],
              "uv": [
                62,
                24
              ],
              "inflate": 0
            }
          ],
          "parent": "Torso"
        },
        {
          "name": "Rightarm2",
          "pivot": [
            -14,
            8.5,
            2
          ],
          "cubes": [
            {
              "origin": [
                -16.0,
                4.72951,
                -5.32206
              ],
              "size": [
                4.0,
                4.0,
                8.0
              ],
              "pivot": [
                -14.0,
                6.72951,
                -1.32206
              ],
              "rotation": [
                27.5,
                0.0,
                0.0
              ],
              "uv": [
                0,
                50
              ],
              "inflate": 0
            },
            {
              "origin": [
                -16.24,
                1.02639,
                -11.89465
              ],
              "size": [
                4.48,
                4.48,
                7.84
              ],
              "pivot": [
                -14.0,
                3.26639,
                -7.97465
              ],
              "rotation": [
                27.5,
                0.0,
                0.0
              ],
              "uv": [
                34,
                58
              ],
              "inflate": 0
            },
            {
              "origin": [
                -16.7328,
                0.19681,
                -10.354
              ],
              "size": [
                5.4656,
                5.4656,
                3.4648
              ],
              "pivot": [
                -14.0,
                2.92961,
                -8.6216
              ],
              "rotation": [
                27.5,
                0.0,
                0.0
              ],
              "uv": [
                19,
                69
              ],
              "inflate": 0
            },
            {
              "origin": [
                -17.18,
                -0.09,
                -17.18
              ],
              "size": [
                6.36,
                3.18,
                6.36
              ],
              "uv": [
                58,
                40
              ],
              "inflate": 0
            },
            {
              "origin": [
                -11.3861,
                0.0,
                -15.15014
              ],
              "size": [
                2.0,
                3.0,
                4.0
              ],
              "pivot": [
                -10.3861,
                1.5,
                -13.15014
              ],
              "rotation": [
                0.0,
                -42.5,
                0.0
              ],
              "uv": [
                72,
                30
              ],
              "inflate": 0
            },
            {
              "origin": [
                -10.29754,
                -0.6658,
                -15.84001
              ],
              "size": [
                2.48,
                3.72,
                2.48
              ],
              "pivot": [
                -9.05754,
                1.1942,
                -14.60001
              ],
              "rotation": [
                12.5,
                -42.5,
                0.0
              ],
              "uv": [
                0,
                5
              ],
              "inflate": 0
            },
            {
              "origin": [
                -17.48,
                -0.41365,
                -19.14481
              ],
              "size": [
                6.96,
                3.48,
                3.32
              ],
              "pivot": [
                -14.0,
                1.32635,
                -17.48481
              ],
              "rotation": [
                10.0,
                0.0,
                0.0
              ],
              "uv": [
                68,
                0
              ],
              "inflate": 0
            }
          ],
          "parent": "Rightarm"
        },
        {
          "name": "Leftarm",
          "pivot": [
            5,
            12,
            2.5
          ],
          "cubes": [
            {
              "origin": [
                4.04014,
                9.2018,
                1.0
              ],
              "size": [
                10.0,
                3.0,
                3.0
              ],
              "pivot": [
                9.04014,
                10.7018,
                2.5
              ],
              "rotation": [
                0.0,
                0.0,
                22.5
              ],
              "uv": [
                62,
                24
              ],
              "inflate": 0,
              "mirror": true
            }
          ],
          "parent": "Torso"
        },
        {
          "name": "Leftarm2",
          "pivot": [
            14,
            8.5,
            2
          ],
          "cubes": [
            {
              "origin": [
                12.0,
                4.72951,
                -5.32206
              ],
              "size": [
                4.0,
                4.0,
                8.0
              ],
              "pivot": [
                14.0,
                6.72951,
                -1.32206
              ],
              "rotation": [
                27.5,
                0.0,
                0.0
              ],
              "uv": [
                0,
                50
              ],
              "inflate": 0,
              "mirror": true
            },
            {
              "origin": [
                11.76,
                1.02639,
                -11.89465
              ],
              "size": [
                4.48,
                4.48,
                7.84
              ],
              "pivot": [
                14.0,
                3.26639,
                -7.97465
              ],
              "rotation": [
                27.5,
                0.0,
                0.0
              ],
              "uv": [
                34,
                58
              ],
              "inflate": 0,
              "mirror": true
            },
            {
              "origin": [
                11.2672,
                0.19681,
                -10.354
              ],
              "size": [
                5.4656,
                5.4656,
                3.4648
              ],
              "pivot": [
                14.0,
                2.92961,
                -8.6216
              ],
              "rotation": [
                27.5,
                0.0,
                0.0
              ],
              "uv": [
                19,
                69
              ],
              "inflate": 0,
              "mirror": true
            },
            {
              "origin": [
                10.82,
                -0.09,
                -17.18
              ],
              "size": [
                6.36,
                3.18,
                6.36
              ],
              "uv": [
                58,
                40
              ],
              "inflate": 0,
              "mirror": true
            },
            {
              "origin": [
                9.3861,
                0.0,
                -15.15014
              ],
              "size": [
                2.0,
                3.0,
                4.0
              ],
              "pivot": [
                10.3861,
                1.5,
                -13.15014
              ],
              "rotation": [
                0.0,
                42.5,
                0.0
              ],
              "uv": [
                72,
                30
              ],
              "inflate": 0,
              "mirror": true
            },
            {
              "origin": [
                7.81754,
                -0.6658,
                -15.84001
              ],
              "size": [
                2.48,
                3.72,
                2.48
              ],
              "pivot": [
                9.05754,
                1.1942,
                -14.60001
              ],
              "rotation": [
                12.5,
                42.5,
                0.0
              ],
              "uv": [
                0,
                5
              ],
              "inflate": 0,
              "mirror": true
            },
            {
              "origin": [
                10.52,
                -0.41365,
                -19.14481
              ],
              "size": [
                6.96,
                3.48,
                3.32
              ],
              "pivot": [
                14.0,
                1.32635,
                -17.48481
              ],
              "rotation": [
                10.0,
                0.0,
                0.0
              ],
              "uv": [
                68,
                0
              ],
              "inflate": 0,
              "mirror": true
            }
          ],
          "parent": "Leftarm"
        },
        {
          "name": "Tail",
          "pivot": [
            0,
            10,
            14
          ],
          "cubes": [
            {
              "origin": [
                -1.77,
                8.62403,
                15.11582
              ],
              "size": [
                3.54,
                5.9,
                3.54
              ],
              "pivot": [
                0.0,
                11.57403,
                16.88582
              ],
              "rotation": [
                -67.5,
                0.0,
                0.0
              ],
              "uv": [
                0,
                72
              ],
              "inflate": 0
            },
            {
              "origin": [
                -1.5,
                11.54144,
                18.60142
              ],
              "size": [
                3.0,
                5.0,
                3.0
              ],
              "pivot": [
                0.0,
                14.04144,
                20.10142
              ],
              "rotation": [
                -37.5,
                0.0,
                0.0
              ],
              "uv": [
                0,
                72
              ],
              "inflate": 0
            },
            {
              "origin": [
                -1.0,
                15.28043,
                20.69542
              ],
              "size": [
                2.0,
                5.0,
                2.0
              ],
              "pivot": [
                0.0,
                17.78043,
                21.69542
              ],
              "rotation": [
                -7.5,
                0.0,
                0.0
              ],
              "uv": [
                0,
                16
              ],
              "inflate": 0
            }
          ],
          "parent": "Body"
        },
        {
          "name": "Rightleg",
          "pivot": [
            -6,
            6,
            15
          ],
          "cubes": [
            {
              "origin": [
                -10.10999,
                5.88251,
                7.57531
              ],
              "size": [
                4.0,
                4.0,
                8.0
              ],
              "pivot": [
                -8.10999,
                7.88251,
                11.57531
              ],
              "rotation": [
                -21.50238,
                21.07593,
                -8.0634
              ],
              "uv": [
                36,
                10
              ],
              "inflate": 0
            }
          ],
          "parent": "Root"
        },
        {
          "name": "Rightleg2",
          "pivot": [
            -8.5,
            9,
            11
          ],
          "cubes": [
            {
              "origin": [
                -11.94938,
                1.19954,
                4.83967
              ],
              "size": [
                5.0,
                9.0,
                5.0
              ],
              "pivot": [
                -9.44938,
                5.69954,
                7.33967
              ],
              "rotation": [
                -21.50238,
                21.07593,
                -8.0634
              ],
              "uv": [
                60,
                10
              ],
              "inflate": 0
            }
          ],
          "parent": "Rightleg"
        },
        {
          "name": "bone",
          "pivot": [
            -9.5,
            3,
            7
          ],
          "cubes": [
            {
              "origin": [
                -12.5,
                0.0,
                1.0
              ],
              "size": [
                5.0,
                3.0,
                7.0
              ],
              "pivot": [
                -10.0,
                1.5,
                4.5
              ],
              "rotation": [
                0.0,
                25.0,
                0.0
              ],
              "uv": [
                17,
                55
              ],
              "inflate": 0
            },
            {
              "origin": [
                -15.1416,
                -0.4707,
                -1.89268
              ],
              "size": [
                6.0,
                3.6,
                3.6
              ],
              "pivot": [
                -12.1416,
                1.3293,
                -0.09268
              ],
              "rotation": [
                7.5,
                25.0,
                0.0
              ],
              "uv": [
                66,
                49
              ],
              "inflate": 0
            }
          ],
          "parent": "Rightleg2"
        },
        {
          "name": "Leftleg",
          "pivot": [
            6,
            6,
            15
          ],
          "cubes": [
            {
              "origin": [
                6.10999,
                5.88251,
                7.57531
              ],
              "size": [
                4.0,
                4.0,
                8.0
              ],
              "pivot": [
                8.10999,
                7.88251,
                11.57531
              ],
              "rotation": [
                -21.50238,
                -21.07593,
                8.0634
              ],
              "uv": [
                36,
                10
              ],
              "inflate": 0,
              "mirror": true
            }
          ],
          "parent": "Root"
        },
        {
          "name": "Leftleg2",
          "pivot": [
            8.5,
            9,
            11
          ],
          "cubes": [
            {
              "origin": [
                6.94938,
                1.19954,
                4.83967
              ],
              "size": [
                5.0,
                9.0,
                5.0
              ],
              "pivot": [
                9.44938,
                5.69954,
                7.33967
              ],
              "rotation": [
                -21.50238,
                -21.07593,
                8.0634
              ],
              "uv": [
                60,
                10
              ],
              "inflate": 0,
              "mirror": true
            }
          ],
          "parent": "Leftleg"
        },
        {
          "name": "bone2",
          "pivot": [
            8.5,
            3,
            7
          ],
          "cubes": [
            {
              "origin": [
                7.5,
                0.0,
                1.0
              ],
              "size": [
                5.0,
                3.0,
                7.0
              ],
              "pivot": [
                10.0,
                1.5,
                4.5
              ],
              "rotation": [
                0.0,
                -25.0,
                0.0
              ],
              "uv": [
                17,
                55
              ],
              "inflate": 0,
              "mirror": true
            },
            {
              "origin": [
                9.1416,
                -0.4707,
                -1.89268
              ],
              "size": [
                6.0,
                3.6,
                3.6
              ],
              "pivot": [
                12.1416,
                1.3293,
                -0.09268
              ],
              "rotation": [
                7.5,
                -25.0,
                0.0
              ],
              "uv": [
                66,
                49
              ],
              "inflate": 0,
              "mirror": true
            }
          ],
          "parent": "Leftleg2"
        }
      ]
    }
  ]
}