{"format_version":"1.12.0","minecraft:geometry":[{"description":{"identifier":"geometry.yg_grabpack","texture_width":64,"texture_height":64,"visible_bounds_width":3,"visible_bounds_height":3.5,"visible_bounds_offset":[0,1.25,0]},"bones":[{"name":"Body","pivot":[0,24,0]},{"name":"Grab_pack","cubes":[{"origin":[-5,24,-3],"size":[1,1,6],"uv":[0,7],"inflate":0},{"origin":[4,24,-3],"size":[1,1,6],"uv":[0,7],"inflate":0,"mirror":true},{"origin":[-5,16,-3],"size":[1,1,6],"uv":[0,0],"inflate":0},{"origin":[4,16,-3],"size":[1,1,6],"uv":[0,0],"inflate":0,"mirror":true},{"origin":[-5,17,2],"size":[1,7,1],"uv":[38,33],"inflate":0},{"origin":[4,17,2],"size":[1,7,1],"uv":[38,33],"inflate":0,"mirror":true},{"origin":[-5,17,-3],"size":[1,7,1],"uv":[22,35],"inflate":0},{"origin":[4,17,-3],"size":[1,7,1],"uv":[22,35],"inflate":0,"mirror":true},{"origin":[-4.11,18.56,2.56],"size":[1.22,4.88,4.88],"uv":[28,33],"inflate":0},{"origin":[2.89,18.56,2.56],"size":[1.22,4.88,4.88],"uv":[28,33],"inflate":0,"mirror":true},{"origin":[-4.5,19,3],"size":[1,4,4],"uv":[12,33],"inflate":0},{"origin":[3.5,19,3],"size":[1,4,4],"uv":[12,33],"inflate":0,"mirror":true},{"origin":[-3,19,3],"size":[6,4,4],"uv":[17,0],"inflate":0},{"origin":[-3.432,18.712,2.712],"size":[6.864,4.576,4.576],"uv":[0,16],"inflate":0},{"origin":[-10.36189,19.2612,2.50944],"size":[6.9552,3.4776,3.4776],"pivot":[-6.88429,21,4.24824],"rotation":[0,-17.5,0],"uv":[17,8],"inflate":0},{"origin":[3.40669,19.2612,2.50944],"size":[6.9552,3.4776,3.4776],"pivot":[6.88429,21,4.24824],"rotation":[0,17.5,0],"uv":[17,8],"inflate":0,"mirror":true},{"origin":[-12.08399,19.5,0.63184],"size":[5,3,3],"pivot":[-9.58399,21,2.13184],"rotation":[0,-65,0],"uv":[28,16],"inflate":0},{"origin":[7.08399,19.5,0.63184],"size":[5,3,3],"pivot":[9.58399,21,2.13184],"rotation":[0,65,0],"uv":[28,16],"inflate":0,"mirror":true},{"origin":[-12.15,19.35,-5.8],"size":[3.3,3.3,6.6],"uv":[0,24],"inflate":0},{"origin":[8.85,19.35,-5.8],"size":[3.3,3.3,6.6],"uv":[0,24],"inflate":0,"mirror":true},{"origin":[-12.4152,19.0848,-5.6384],"size":[3.8304,3.8304,1.2768],"uv":[33,0],"inflate":0},{"origin":[8.5848,19.0848,-5.6384],"size":[3.8304,3.8304,1.2768],"uv":[33,0],"inflate":0,"mirror":true},{"origin":[-12.54,18.96,-10.55],"size":[4.08,4.08,5.1],"uv":[15,19],"inflate":0},{"origin":[8.46,18.96,-10.55],"size":[4.08,4.08,5.1],"uv":[15,19],"inflate":0,"mirror":true},{"origin":[-12,19.5,-14.5],"size":[3,3,4],"uv":[18,28],"inflate":0},{"origin":[9,19.5,-14.5],"size":[3,3,4],"uv":[18,28],"inflate":0,"mirror":true},{"origin":[-11,17,-9],"size":[1,3,2],"pivot":[-10.5,18.5,-8],"rotation":[32.01289,0,0],"uv":[0,0],"inflate":0},{"origin":[10,17,-9],"size":[1,3,2],"pivot":[10.5,18.5,-8],"rotation":[32.01289,0,0],"uv":[0,0],"inflate":0,"mirror":true}],"parent":"Body"},{"name":"Righthand","pivot":[-10.5,21,0.5],"cubes":[{"origin":[-11,20.5,-15],"size":[1,1,15],"uv":[0,0],"inflate":0},{"origin":[-12.5,18.5,-16.5],"size":[4,5,2],"uv":[0,33],"inflate":0},{"origin":[-9.09981,19.95526,-16.13197],"size":[3,2,1],"pivot":[-7.59981,20.95526,-15.63197],"rotation":[0,20,-22.5],"uv":[33,22],"inflate":0},{"origin":[-12.62,22.70904,-17.17602],"size":[4.24,3.18,2.12],"pivot":[-10.5,24.29904,-16.11602],"rotation":[30,0,0],"uv":[35,11],"inflate":0}],"parent":"Grab_pack"},{"name":"Lefthand","pivot":[10.5,21,0.5],"cubes":[{"origin":[10,20.5,-15],"size":[1,1,15],"uv":[0,0],"inflate":0,"mirror":true},{"origin":[8.5,18.5,-16.5],"size":[4,5,2],"uv":[32,26],"inflate":0},{"origin":[6.09981,19.95526,-16.13197],"size":[3,2,1],"pivot":[7.59981,20.95526,-15.63197],"rotation":[0,-20,22.5],"uv":[16,16],"inflate":0},{"origin":[8.38,22.70904,-17.17602],"size":[4.24,3.18,2.12],"pivot":[10.5,24.29904,-16.11602],"rotation":[30,0,0],"uv":[35,6],"inflate":0}],"parent":"Grab_pack"}]}]}