{
  "format_version": "1.12.0",
  "minecraft:geometry": [
    {
      "description": {
        "identifier": "geometry.yg_gas_mask",
        "texture_width": 64,
        "texture_height": 64,
        "visible_bounds_width": 3,
        "visible_bounds_height": 2.5,
        "visible_bounds_offset": [
          0,
          0.75,
          0
        ]
      },
      "bones": [
        {
          "name": "Head",
          "pivot": [
            0,
            1,
            0
          ],
          "cubes": [
            {
              "origin": [
                -4.252,
                0.748,
                -4.252
              ],
              "size": [
                8.504,
                8.504,
                8.504
              ],
              "uv": [
                0,
                0
              ],
              "inflate": 0.5
            },
            {
              "origin": [
                -5.0,
                5.0,
                -2.0
              ],
              "size": [
                1.0,
                1.0,
                7.0
              ],
              "uv": [
                24,
                0
              ],
              "inflate": 0
            },
            {
              "origin": [
                4.0,
                5.0,
                -2.0
              ],
              "size": [
                1.0,
                1.0,
                7.0
              ],
              "uv": [
                24,
                0
              ],
              "inflate": 0,
              "mirror": true
            },
            {
              "origin": [
                -4.0,
                5.0,
                4.0
              ],
              "size": [
                8.0,
                1.0,
                1.0
              ],
              "uv": [
                29,
                16
              ],
              "inflate": 0
            },
            {
              "origin": [
                -0.5,
                6.0,
                4.0
              ],
              "size": [
                1.0,
                4.0,
                1.0
              ],
              "uv": [
                18,
                16
              ],
              "inflate": 0
            },
            {
              "origin": [
                -0.5,
                9.0,
                -2.0
              ],
              "size": [
                1.0,
                1.0,
                6.0
              ],
              "uv": [
                26,
                26
              ],
              "inflate": 0
            },
            {
              "origin": [
                -3.0,
                -0.68962,
                -6.0301
              ],
              "size": [
                6.0,
                6.0,
                3.0
              ],
              "pivot": [
                0.0,
                2.31038,
                -4.5301
              ],
              "rotation": [
                7.5,
                0.0,
                0.0
              ],
              "uv": [
                0,
                16
              ],
              "inflate": 0
            },
            {
              "origin": [
                -2.5,
                -0.6098,
                -8.9088
              ],
              "size": [
                5.0,
                5.0,
                3.0
              ],
              "pivot": [
                0.0,
                1.8902,
                -7.4088
              ],
              "rotation": [
                7.5,
                0.0,
                0.0
              ],
              "uv": [
                0,
                25
              ],
              "inflate": 0
            },
            {
              "origin": [
                -2.0,
                -0.31864,
                -8.99511
              ],
              "size": [
                4.0,
                4.0,
                0.0
              ],
              "pivot": [
                0.0,
                1.68136,
                -8.99511
              ],
              "rotation": [
                7.5,
                0.0,
                0.0
              ],
              "uv": [
                0,
                0
              ],
              "inflate": 0
            },
            {
              "origin": [
                -6.45372,
                0.69929,
                -5.0
              ],
              "size": [
                5.0,
                3.0,
                3.0
              ],
              "pivot": [
                -4.95372,
                1.69929,
                -3.0
              ],
              "rotation": [
                0.0,
                0.0,
                -17.5
              ],
              "uv": [
                16,
                26
              ],
              "inflate": 0
            },
            {
              "origin": [
                1.65036,
                0.97685,
                -5.0
              ],
              "size": [
                5.0,
                3.0,
                3.0
              ],
              "pivot": [
                4.15036,
                2.47685,
                -3.5
              ],
              "rotation": [
                0.0,
                0.0,
                17.5
              ],
              "uv": [
                16,
                26
              ],
              "inflate": 0,
              "mirror": true
            },
            {
              "origin": [
                -7.46242,
                -0.59449,
                -6.0
              ],
              "size": [
                3.0,
                5.0,
                5.0
              ],
              "pivot": [
                -5.96242,
                1.90551,
                -3.5
              ],
              "rotation": [
                0.0,
                0.0,
                -17.5
              ],
              "uv": [
                18,
                16
              ],
              "inflate": 0
            },
            {
              "origin": [
                4.46242,
                -0.59449,
                -6.0
              ],
              "size": [
                3.0,
                5.0,
                5.0
              ],
              "pivot": [
                5.96242,
                1.90551,
                -3.5
              ],
              "rotation": [
                0.0,
                0.0,
                17.5
              ],
              "uv": [
                18,
                16
              ],
              "inflate": 0,
              "mirror": true
            },
            {
              "origin": [
                -7.41722,
                -0.58249,
                -5.5
              ],
              "size": [
                0.0,
                4.0,
                4.0
              ],
              "pivot": [
                -7.41722,
                1.41751,
                -3.5
              ],
              "rotation": [
                0.0,
                0.0,
                -17.5
              ],
              "uv": [
                0,
                0
              ],
              "inflate": 0
            },
            {
              "origin": [
                7.41722,
                -0.58249,
                -5.5
              ],
              "size": [
                0.0,
                4.0,
                4.0
              ],
              "pivot": [
                7.41722,
                1.41751,
                -3.5
              ],
              "rotation": [
                0.0,
                0.0,
                17.5
              ],
              "uv": [
                0,
                0
              ],
              "inflate": 0,
              "mirror": true
            }
          ]
        }
      ]
    }
  ]
}