{
  "format_version": "1.12.0",
  "minecraft:geometry": [
    {
      "description": {
        "identifier": "geometry.yg_kissy_missy",
        "texture_width": 128,
        "texture_height": 128,
        "visible_bounds_width": 5,
        "visible_bounds_height": 6,
        "visible_bounds_offset": [
          0,
          2,
          0
        ]
      },
      "bones": [
        {
          "name": "Root"
        },
        {
          "name": "Body",
          "pivot": [
            0,
            37.15,
            2.5
          ],
          "cubes": [
            {
              "origin": [
                -4.77,
                37.16,
                -1.21
              ],
              "size": [
                9.54,
                8.48,
                7.42
              ],
              "uv": [
                30,
                11
              ],
              "inflate": 0
            },
            {
              "origin": [
                -4.5,
                36.4,
                -1.0
              ],
              "size": [
                9.0,
                1.0,
                7.0
              ],
              "uv": [
                0,
                33
              ],
              "inflate": 0
            }
          ],
          "parent": "Root"
        },
        {
          "name": "Torso",
          "pivot": [
            0,
            45.95,
            2.5
          ],
          "cubes": [
            {
              "origin": [
                -2.5,
                52.0,
                0.0
              ],
              "size": [
                5.0,
                2.0,
                5.0
              ],
              "uv": [
                47,
                0
              ],
              "inflate": 0
            },
            {
              "origin": [
                -4.5,
                45.4,
                -1.0
              ],
              "size": [
                9.0,
                7.0,
                7.0
              ],
              "uv": [
                31,
                26
              ],
              "inflate": 0
            },
            {
              "origin": [
                -4.0,
                45.41332,
                -1.30505
              ],
              "size": [
                8.0,
                7.0,
                0.0
              ],
              "pivot": [
                0.0,
                48.91332,
                -1.30505
              ],
              "rotation": [
                -5.0,
                0.0,
                0.0
              ],
              "uv": [
                45,
                53
              ],
              "inflate": 0
            }
          ],
          "parent": "Body"
        },
        {
          "name": "Head",
          "pivot": [
            -0.39257,
            52.97285,
            2.49667
          ],
          "cubes": [
            {
              "origin": [
                -5.5,
                53.23571,
                -1.3
              ],
              "size": [
                11.0,
                11.0,
                7.7
              ],
              "uv": [
                0,
                0
              ],
              "inflate": 0
            },
            {
              "origin": [
                -6.6,
                54.33571,
                -1.3
              ],
              "size": [
                1.1,
                2.2,
                7.7
              ],
              "uv": [
                11,
                51
              ],
              "inflate": 0
            },
            {
              "origin": [
                5.5,
                54.33571,
                -1.3
              ],
              "size": [
                1.1,
                2.2,
                7.7
              ],
              "uv": [
                11,
                51
              ],
              "inflate": 0,
              "mirror": true
            },
            {
              "origin": [
                -8.36167,
                53.96755,
                -0.8
              ],
              "size": [
                5.1,
                7.2,
                6.7
              ],
              "pivot": [
                -5.81167,
                57.56755,
                2.55
              ],
              "rotation": [
                0.0,
                0.0,
                -35.0
              ],
              "uv": [
                26,
                40
              ],
              "inflate": 0
            },
            {
              "origin": [
                3.26167,
                53.96755,
                -0.8
              ],
              "size": [
                5.1,
                7.2,
                6.7
              ],
              "pivot": [
                5.81167,
                57.56755,
                2.55
              ],
              "rotation": [
                0.0,
                0.0,
                35.0
              ],
              "uv": [
                26,
                40
              ],
              "inflate": 0,
              "mirror": true
            },
            {
              "origin": [
                -7.7,
                56.4357,
                -1.3
              ],
              "size": [
                2.2,
                10.0,
                7.7
              ],
              "uv": [
                0,
                41
              ],
              "inflate": 0
            },
            {
              "origin": [
                5.5,
                56.4357,
                -1.3
              ],
              "size": [
                2.2,
                10.0,
                7.7
              ],
              "uv": [
                0,
                41
              ],
              "inflate": 0,
              "mirror": true
            },
            {
              "origin": [
                -5.5,
                64.23571,
                -1.3
              ],
              "size": [
                2.2,
                2.2,
                7.7
              ],
              "uv": [
                36,
                0
              ],
              "inflate": 0
            },
            {
              "origin": [
                3.3,
                64.23571,
                -1.3
              ],
              "size": [
                2.2,
                2.2,
                7.7
              ],
              "uv": [
                36,
                0
              ],
              "inflate": 0,
              "mirror": true
            },
            {
              "origin": [
                -3.5,
                64.23571,
                -1.3
              ],
              "size": [
                1.1,
                1.1,
                1.1
              ],
              "uv": [
                0,
                0
              ],
              "inflate": 0
            },
            {
              "origin": [
                -3.5,
                64.23571,
                5.3
              ],
              "size": [
                1.1,
                1.1,
                1.1
              ],
              "uv": [
                0,
                0
              ],
              "inflate": 0
            },
            {
              "origin": [
                2.4,
                64.23571,
                5.3
              ],
              "size": [
                1.1,
                1.1,
                1.1
              ],
              "uv": [
                0,
                0
              ],
              "inflate": 0,
              "mirror": true
            },
            {
              "origin": [
                2.4,
                64.23571,
                -1.3
              ],
              "size": [
                1.1,
                1.1,
                1.1
              ],
              "uv": [
                0,
                0
              ],
              "inflate": 0,
              "mirror": true
            },
            {
              "origin": [
                -4.4,
                59.83571,
                -1.85
              ],
              "size": [
                3.3,
                3.3,
                1.1
              ],
              "uv": [
                20,
                53
              ],
              "inflate": 0
            },
            {
              "origin": [
                1.1,
                59.83571,
                -1.85
              ],
              "size": [
                3.3,
                3.3,
                1.1
              ],
              "uv": [
                20,
                53
              ],
              "inflate": 0,
              "mirror": true
            },
            {
              "origin": [
                -4.2,
                60.0,
                -2.0
              ],
              "size": [
                3.0,
                3.0,
                1.0
              ],
              "uv": [
                42,
                40
              ],
              "inflate": 0
            },
            {
              "origin": [
                1.2,
                60.0,
                -2.0
              ],
              "size": [
                3.0,
                3.0,
                1.0
              ],
              "uv": [
                42,
                40
              ],
              "inflate": 0,
              "mirror": true
            },
            {
              "origin": [
                -5.72,
                53.10371,
                -1.454
              ],
              "size": [
                11.44,
                6.864,
                8.008
              ],
              "uv": [
                0,
                18
              ],
              "inflate": 0
            }
          ],
          "parent": "Torso"
        },
        {
          "name": "Rightarm",
          "pivot": [
            -4.5,
            50.5,
            2.4
          ],
          "cubes": [
            {
              "origin": [
                -8.5,
                43.0,
                0.4
              ],
              "size": [
                4.0,
                9.0,
                4.0
              ],
              "uv": [
                48,
                40
              ],
              "inflate": 0
            }
          ],
          "parent": "Torso"
        },
        {
          "name": "Rightarm2",
          "pivot": [
            -6.5,
            43,
            2.4
          ],
          "cubes": [
            {
              "origin": [
                -8.5,
                34.0,
                0.4
              ],
              "size": [
                4.0,
                9.0,
                4.0
              ],
              "uv": [
                48,
                40
              ],
              "inflate": 0
            }
          ],
          "parent": "Rightarm"
        },
        {
          "name": "Rightarm3",
          "pivot": [
            -6.5,
            34,
            2.4
          ],
          "cubes": [
            {
              "origin": [
                -8.58,
                24.82,
                0.32
              ],
              "size": [
                4.16,
                9.36,
                4.16
              ],
              "uv": [
                48,
                40
              ],
              "inflate": 0
            }
          ],
          "parent": "Rightarm2"
        },
        {
          "name": "Rightarm4",
          "pivot": [
            -6.5,
            24.5,
            2.4
          ],
          "cubes": [
            {
              "origin": [
                -8.78,
                16.44,
                0.12
              ],
              "size": [
                4.56,
                9.12,
                4.56
              ],
              "uv": [
                48,
                40
              ],
              "inflate": 0
            },
            {
              "origin": [
                -8.78,
                18.46618,
                -0.27941
              ],
              "size": [
                4.56,
                6.12,
                0.0
              ],
              "pivot": [
                -6.5,
                21.52618,
                -0.27941
              ],
              "rotation": [
                -7.5,
                0.0,
                0.0
              ],
              "uv": [
                0,
                58
              ],
              "inflate": 0
            },
            {
              "origin": [
                -8.78,
                18.46605,
                5.07842
              ],
              "size": [
                4.56,
                6.12,
                0.0
              ],
              "pivot": [
                -6.5,
                21.52605,
                5.07842
              ],
              "rotation": [
                7.5,
                0.0,
                0.0
              ],
              "uv": [
                0,
                58
              ],
              "inflate": 0
            },
            {
              "origin": [
                -3.82059,
                18.46618,
                0.12
              ],
              "size": [
                0.0,
                6.12,
                4.56
              ],
              "pivot": [
                -3.82059,
                21.52618,
                2.4
              ],
              "rotation": [
                0.0,
                0.0,
                -7.5
              ],
              "uv": [
                0,
                14
              ],
              "inflate": 0
            },
            {
              "origin": [
                -9.17842,
                18.46605,
                0.12
              ],
              "size": [
                0.0,
                6.12,
                4.56
              ],
              "pivot": [
                -9.17842,
                21.52605,
                2.4
              ],
              "rotation": [
                0.0,
                0.0,
                7.5
              ],
              "uv": [
                0,
                14
              ],
              "inflate": 0,
              "mirror": true
            },
            {
              "origin": [
                -9.17842,
                15.46605,
                0.12
              ],
              "size": [
                0.0,
                6.12,
                4.56
              ],
              "pivot": [
                -9.17842,
                18.52605,
                2.4
              ],
              "rotation": [
                0.0,
                0.0,
                7.5
              ],
              "uv": [
                0,
                14
              ],
              "inflate": 0,
              "mirror": true
            },
            {
              "origin": [
                -3.82059,
                15.46618,
                0.12
              ],
              "size": [
                0.0,
                6.12,
                4.56
              ],
              "pivot": [
                -3.82059,
                18.52618,
                2.4
              ],
              "rotation": [
                0.0,
                0.0,
                -7.5
              ],
              "uv": [
                0,
                14
              ],
              "inflate": 0
            },
            {
              "origin": [
                -8.78,
                15.46618,
                -0.27941
              ],
              "size": [
                4.56,
                6.12,
                0.0
              ],
              "pivot": [
                -6.5,
                18.52618,
                -0.27941
              ],
              "rotation": [
                -7.5,
                0.0,
                0.0
              ],
              "uv": [
                0,
                58
              ],
              "inflate": 0
            },
            {
              "origin": [
                -8.78,
                15.46605,
                5.07842
              ],
              "size": [
                4.56,
                6.12,
                0.0
              ],
              "pivot": [
                -6.5,
                18.52605,
                5.07842
              ],
              "rotation": [
                7.5,
                0.0,
                0.0
              ],
              "uv": [
                0,
                58
              ],
              "inflate": 0
            }
          ],
          "parent": "Rightarm3"
        },
        {
          "name": "Righthand",
          "pivot": [
            -6.5,
            17,
            2.5
          ],
          "cubes": [
            {
              "origin": [
                -7.6,
                12.8,
                0.2
              ],
              "size": [
                2.2,
                4.4,
                4.4
              ],
              "uv": [
                55,
                7
              ],
              "inflate": 0
            },
            {
              "origin": [
                -7.5,
                13.82048,
                -1.25515
              ],
              "size": [
                2.0,
                3.0,
                2.0
              ],
              "pivot": [
                -6.5,
                15.32048,
                -0.25515
              ],
              "rotation": [
                -55.0,
                0.0,
                0.0
              ],
              "uv": [
                23,
                41
              ],
              "inflate": 0
            },
            {
              "origin": [
                -6.99938,
                10.64932,
                -0.0592
              ],
              "size": [
                2.4592,
                3.6888,
                4.9184
              ],
              "pivot": [
                -5.76978,
                12.49372,
                2.4
              ],
              "rotation": [
                0.0,
                0.0,
                -40.0
              ],
              "uv": [
                11,
                41
              ],
              "inflate": 0
            }
          ],
          "parent": "Rightarm4"
        },
        {
          "name": "Leftarm",
          "pivot": [
            4.5,
            50.5,
            2.4
          ],
          "cubes": [
            {
              "origin": [
                4.5,
                43.0,
                0.4
              ],
              "size": [
                4.0,
                9.0,
                4.0
              ],
              "uv": [
                48,
                40
              ],
              "inflate": 0,
              "mirror": true
            }
          ],
          "parent": "Torso"
        },
        {
          "name": "Leftarm2",
          "pivot": [
            6.5,
            43,
            2.4
          ],
          "cubes": [
            {
              "origin": [
                4.5,
                34.0,
                0.4
              ],
              "size": [
                4.0,
                9.0,
                4.0
              ],
              "uv": [
                48,
                40
              ],
              "inflate": 0,
              "mirror": true
            }
          ],
          "parent": "Leftarm"
        },
        {
          "name": "Leftarm3",
          "pivot": [
            6.5,
            34,
            2.4
          ],
          "cubes": [
            {
              "origin": [
                4.42,
                24.82,
                0.32
              ],
              "size": [
                4.16,
                9.36,
                4.16
              ],
              "uv": [
                48,
                40
              ],
              "inflate": 0,
              "mirror": true
            }
          ],
          "parent": "Leftarm2"
        },
        {
          "name": "Leftarm4",
          "pivot": [
            6.5,
            24.5,
            2.4
          ],
          "cubes": [
            {
              "origin": [
                4.22,
                16.44,
                0.12
              ],
              "size": [
                4.56,
                9.12,
                4.56
              ],
              "uv": [
                48,
                40
              ],
              "inflate": 0,
              "mirror": true
            },
            {
              "origin": [
                4.22,
                18.46618,
                -0.27941
              ],
              "size": [
                4.56,
                6.12,
                0.0
              ],
              "pivot": [
                6.5,
                21.52618,
                -0.27941
              ],
              "rotation": [
                -7.5,
                0.0,
                0.0
              ],
              "uv": [
                0,
                58
              ],
              "inflate": 0,
              "mirror": true
            },
            {
              "origin": [
                4.22,
                18.46605,
                5.07842
              ],
              "size": [
                4.56,
                6.12,
                0.0
              ],
              "pivot": [
                6.5,
                21.52605,
                5.07842
              ],
              "rotation": [
                7.5,
                0.0,
                0.0
              ],
              "uv": [
                0,
                58
              ],
              "inflate": 0,
              "mirror": true
            },
            {
              "origin": [
                3.82059,
                18.46618,
                0.12
              ],
              "size": [
                0.0,
                6.12,
                4.56
              ],
              "pivot": [
                3.82059,
                21.52618,
                2.4
              ],
              "rotation": [
                0.0,
                0.0,
                7.5
              ],
              "uv": [
                0,
                14
              ],
              "inflate": 0,
              "mirror": true
            },
            {
              "origin": [
                9.17842,
                18.46605,
                0.12
              ],
              "size": [
                0.0,
                6.12,
                4.56
              ],
              "pivot": [
                9.17842,
                21.52605,
                2.4
              ],
              "rotation": [
                0.0,
                0.0,
                -7.5
              ],
              "uv": [
                0,
                14
              ],
              "inflate": 0
            },
            {
              "origin": [
                9.17842,
                15.46605,
                0.12
              ],
              "size": [
                0.0,
                6.12,
                4.56
              ],
              "pivot": [
                9.17842,
                18.52605,
                2.4
              ],
              "rotation": [
                0.0,
                0.0,
                -7.5
              ],
              "uv": [
                0,
                14
              ],
              "inflate": 0
            },
            {
              "origin": [
                3.82059,
                15.46618,
                0.12
              ],
              "size": [
                0.0,
                6.12,
                4.56
              ],
              "pivot": [
                3.82059,
                18.52618,
                2.4
              ],
              "rotation": [
                0.0,
                0.0,
                7.5
              ],
              "uv": [
                0,
                14
              ],
              "inflate": 0,
              "mirror": true
            },
            {
              "origin": [
                4.22,
                15.46618,
                -0.27941
              ],
              "size": [
                4.56,
                6.12,
                0.0
              ],
              "pivot": [
                6.5,
                18.52618,
                -0.27941
              ],
              "rotation": [
                -7.5,
                0.0,
                0.0
              ],
              "uv": [
                0,
                58
              ],
              "inflate": 0,
              "mirror": true
            },
            {
              "origin": [
                4.22,
                15.46605,
                5.07842
              ],
              "size": [
                4.56,
                6.12,
                0.0
              ],
              "pivot": [
                6.5,
                18.52605,
                5.07842
              ],
              "rotation": [
                7.5,
                0.0,
                0.0
              ],
              "uv": [
                0,
                58
              ],
              "inflate": 0,
              "mirror": true
            }
          ],
          "parent": "Leftarm3"
        },
        {
          "name": "Lefthand",
          "pivot": [
            6.5,
            17,
            2.5
          ],
          "cubes": [
            {
              "origin": [
                5.4,
                12.8,
                0.2
              ],
              "size": [
                2.2,
                4.4,
                4.4
              ],
              "uv": [
                55,
                7
              ],
              "inflate": 0,
              "mirror": true
            },
            {
              "origin": [
                5.5,
                13.82048,
                -1.25515
              ],
              "size": [
                2.0,
                3.0,
                2.0
              ],
              "pivot": [
                6.5,
                15.32048,
                -0.25515
              ],
              "rotation": [
                -55.0,
                0.0,
                0.0
              ],
              "uv": [
                23,
                41
              ],
              "inflate": 0,
              "mirror": true
            },
            {
              "origin": [
                4.54018,
                10.64932,
                -0.0592
              ],
              "size": [
                2.4592,
                3.6888,
                4.9184
              ],
              "pivot": [
                5.76978,
                12.49372,
                2.4
              ],
              "rotation": [
                0.0,
                0.0,
                40.0
              ],
              "uv": [
                11,
                41
              ],
              "inflate": 0,
              "mirror": true
            }
          ],
          "parent": "Leftarm4"
        },
        {
          "name": "Rightleg",
          "pivot": [
            -3.5,
            37,
            2.4
          ],
          "cubes": [
            {
              "origin": [
                -5.5,
                28.0,
                0.4
              ],
              "size": [
                4.0,
                9.0,
                4.0
              ],
              "uv": [
                48,
                40
              ],
              "inflate": 0
            }
          ],
          "parent": "Root"
        },
        {
          "name": "Rightleg2",
          "pivot": [
            -3.5,
            28,
            2.4
          ],
          "cubes": [
            {
              "origin": [
                -5.5,
                19.0,
                0.4
              ],
              "size": [
                4.0,
                9.0,
                4.0
              ],
              "uv": [
                48,
                40
              ],
              "inflate": 0
            }
          ],
          "parent": "Rightleg"
        },
        {
          "name": "Rightleg3",
          "pivot": [
            -3.5,
            19,
            2.4
          ],
          "cubes": [
            {
              "origin": [
                -5.66,
                9.64,
                0.24
              ],
              "size": [
                4.32,
                9.72,
                4.32
              ],
              "uv": [
                48,
                40
              ],
              "inflate": 0
            }
          ],
          "parent": "Rightleg2"
        },
        {
          "name": "Rightleg4",
          "pivot": [
            -3.5,
            9.5,
            2.4
          ],
          "cubes": [
            {
              "origin": [
                -5.82,
                1.36,
                0.08
              ],
              "size": [
                4.64,
                9.28,
                4.64
              ],
              "uv": [
                48,
                40
              ],
              "inflate": 0
            },
            {
              "origin": [
                -5.82,
                3.38686,
                -0.32985
              ],
              "size": [
                4.64,
                6.28,
                0.0
              ],
              "pivot": [
                -3.5,
                6.52686,
                -0.32985
              ],
              "rotation": [
                -7.5,
                0.0,
                0.0
              ],
              "uv": [
                0,
                58
              ],
              "inflate": 0
            },
            {
              "origin": [
                -6.22985,
                3.38686,
                0.08
              ],
              "size": [
                0.0,
                6.28,
                4.64
              ],
              "pivot": [
                -6.22985,
                6.52686,
                2.4
              ],
              "rotation": [
                0.0,
                0.0,
                7.5
              ],
              "uv": [
                0,
                14
              ],
              "inflate": 0
            },
            {
              "origin": [
                -0.76916,
                3.38699,
                0.08
              ],
              "size": [
                0.0,
                6.28,
                4.64
              ],
              "pivot": [
                -0.76916,
                6.52699,
                2.4
              ],
              "rotation": [
                0.0,
                0.0,
                -7.5
              ],
              "uv": [
                0,
                14
              ],
              "inflate": 0,
              "mirror": true
            },
            {
              "origin": [
                -0.76916,
                1.38699,
                0.08
              ],
              "size": [
                0.0,
                6.28,
                4.64
              ],
              "pivot": [
                -0.76916,
                4.52699,
                2.4
              ],
              "rotation": [
                0.0,
                0.0,
                -7.5
              ],
              "uv": [
                0,
                14
              ],
              "inflate": 0,
              "mirror": true
            },
            {
              "origin": [
                -6.22985,
                1.38686,
                0.08
              ],
              "size": [
                0.0,
                6.28,
                4.64
              ],
              "pivot": [
                -6.22985,
                4.52686,
                2.4
              ],
              "rotation": [
                0.0,
                0.0,
                7.5
              ],
              "uv": [
                0,
                14
              ],
              "inflate": 0
            },
            {
              "origin": [
                -5.82,
                0.38686,
                -0.32985
              ],
              "size": [
                4.64,
                6.28,
                0.0
              ],
              "pivot": [
                -3.5,
                3.52686,
                -0.32985
              ],
              "rotation": [
                -7.5,
                0.0,
                0.0
              ],
              "uv": [
                0,
                58
              ],
              "inflate": 0
            },
            {
              "origin": [
                -5.82,
                3.38686,
                5.12985
              ],
              "size": [
                4.64,
                6.28,
                0.0
              ],
              "pivot": [
                -3.5,
                6.52686,
                5.12985
              ],
              "rotation": [
                7.5,
                0.0,
                0.0
              ],
              "uv": [
                0,
                58
              ],
              "inflate": 0
            },
            {
              "origin": [
                -5.82,
                0.38686,
                5.12985
              ],
              "size": [
                4.64,
                6.28,
                0.0
              ],
              "pivot": [
                -3.5,
                3.52686,
                5.12985
              ],
              "rotation": [
                7.5,
                0.0,
                0.0
              ],
              "uv": [
                0,
                58
              ],
              "inflate": 0
            }
          ],
          "parent": "Rightleg3"
        },
        {
          "name": "Rightfoot",
          "pivot": [
            -3.5,
            2,
            2.5
          ],
          "cubes": [
            {
              "origin": [
                -5.74,
                -0.12,
                -0.8
              ],
              "size": [
                4.48,
                2.24,
                5.6
              ],
              "uv": [
                27,
                53
              ],
              "inflate": 0
            },
            {
              "origin": [
                -5.94,
                -0.57415,
                -3.52007
              ],
              "size": [
                4.88,
                2.44,
                3.66
              ],
              "pivot": [
                -3.5,
                0.64585,
                -1.69007
              ],
              "rotation": [
                15.0,
                0.0,
                0.0
              ],
              "uv": [
                29,
                0
              ],
              "inflate": 0
            },
            {
              "origin": [
                -2.21442,
                0.0,
                -1.03209
              ],
              "size": [
                2.0,
                2.0,
                4.0
              ],
              "pivot": [
                -1.21442,
                1.0,
                0.96791
              ],
              "rotation": [
                0.0,
                -40.0,
                0.0
              ],
              "uv": [
                56,
                26
              ],
              "inflate": 0
            }
          ],
          "parent": "Rightleg4"
        },
        {
          "name": "Leftleg",
          "pivot": [
            3.5,
            37,
            2.4
          ],
          "cubes": [
            {
              "origin": [
                1.5,
                28.0,
                0.4
              ],
              "size": [
                4.0,
                9.0,
                4.0
              ],
              "uv": [
                48,
                40
              ],
              "inflate": 0,
              "mirror": true
            }
          ],
          "parent": "Root"
        },
        {
          "name": "Leftleg2",
          "pivot": [
            3.5,
            28,
            2.4
          ],
          "cubes": [
            {
              "origin": [
                1.5,
                19.0,
                0.4
              ],
              "size": [
                4.0,
                9.0,
                4.0
              ],
              "uv": [
                48,
                40
              ],
              "inflate": 0,
              "mirror": true
            }
          ],
          "parent": "Leftleg"
        },
        {
          "name": "Leftleg3",
          "pivot": [
            3.5,
            19,
            2.4
          ],
          "cubes": [
            {
              "origin": [
                1.34,
                9.64,
                0.24
              ],
              "size": [
                4.32,
                9.72,
                4.32
              ],
              "uv": [
                48,
                40
              ],
              "inflate": 0,
              "mirror": true
            }
          ],
          "parent": "Leftleg2"
        },
        {
          "name": "Leftleg4",
          "pivot": [
            3.5,
            9.5,
            2.4
          ],
          "cubes": [
            {
              "origin": [
                1.18,
                1.36,
                0.08
              ],
              "size": [
                4.64,
                9.28,
                4.64
              ],
              "uv": [
                48,
                40
              ],
              "inflate": 0,
              "mirror": true
            },
            {
              "origin": [
                1.18,
                3.38686,
                -0.32985
              ],
              "size": [
                4.64,
                6.28,
                0.0
              ],
              "pivot": [
                3.5,
                6.52686,
                -0.32985
              ],
              "rotation": [
                -7.5,
                0.0,
                0.0
              ],
              "uv": [
                0,
                58
              ],
              "inflate": 0,
              "mirror": true
            },
            {
              "origin": [
                6.22985,
                3.38686,
                0.08
              ],
              "size": [
                0.0,
                6.28,
                4.64
              ],
              "pivot": [
                6.22985,
                6.52686,
                2.4
              ],
              "rotation": [
                0.0,
                0.0,
                -7.5
              ],
              "uv": [
                0,
                14
              ],
              "inflate": 0,
              "mirror": true
            },
            {
              "origin": [
                0.76916,
                3.38699,
                0.08
              ],
              "size": [
                0.0,
                6.28,
                4.64
              ],
              "pivot": [
                0.76916,
                6.52699,
                2.4
              ],
              "rotation": [
                0.0,
                0.0,
                7.5
              ],
              "uv": [
                0,
                14
              ],
              "inflate": 0
            },
            {
              "origin": [
                0.76916,
                1.38699,
                0.08
              ],
              "size": [
                0.0,
                6.28,
                4.64
              ],
              "pivot": [
                0.76916,
                4.52699,
                2.4
              ],
              "rotation": [
                0.0,
                0.0,
                7.5
              ],
              "uv": [
                0,
                14
              ],
              "inflate": 0
            },
            {
              "origin": [
                6.22985,
                1.38686,
                0.08
              ],
              "size": [
                0.0,
                6.28,
                4.64
              ],
              "pivot": [
                6.22985,
                4.52686,
                2.4
              ],
              "rotation": [
                0.0,
                0.0,
                -7.5
              ],
              "uv": [
                0,
                14
              ],
              "inflate": 0,
              "mirror": true
            },
            {
              "origin": [
                1.18,
                0.38686,
                -0.32985
              ],
              "size": [
                4.64,
                6.28,
                0.0
              ],
              "pivot": [
                3.5,
                3.52686,
                -0.32985
              ],
              "rotation": [
                -7.5,
                0.0,
                0.0
              ],
              "uv": [
                0,
                58
              ],
              "inflate": 0,
              "mirror": true
            },
            {
              "origin": [
                1.18,
                3.38686,
                5.12985
              ],
              "size": [
                4.64,
                6.28,
                0.0
              ],
              "pivot": [
                3.5,
                6.52686,
                5.12985
              ],
              "rotation": [
                7.5,
                0.0,
                0.0
              ],
              "uv": [
                0,
                58
              ],
              "inflate": 0,
              "mirror": true
            },
            {
              "origin": [
                1.18,
                0.38686,
                5.12985
              ],
              "size": [
                4.64,
                6.28,
                0.0
              ],
              "pivot": [
                3.5,
                3.52686,
                5.12985
              ],
              "rotation": [
                7.5,
                0.0,
                0.0
              ],
              "uv": [
                0,
                58
              ],
              "inflate": 0,
              "mirror": true
            }
          ],
          "parent": "Leftleg3"
        },
        {
          "name": "Leftfoot",
          "pivot": [
            3.5,
            2,
            2.5
          ],
          "cubes": [
            {
              "origin": [
                1.26,
                -0.12,
                -0.8
              ],
              "size": [
                4.48,
                2.24,
                5.6
              ],
              "uv": [
                27,
                53
              ],
              "inflate": 0,
              "mirror": true
            },
            {
              "origin": [
                1.06,
                -0.57415,
                -3.52007
              ],
              "size": [
                4.88,
                2.44,
                3.66
              ],
              "pivot": [
                3.5,
                0.64585,
                -1.69007
              ],
              "rotation": [
                15.0,
                0.0,
                0.0
              ],
              "uv": [
                29,
                0
              ],
              "inflate": 0,
              "mirror": true
            },
            {
              "origin": [
                0.21442,
                0.0,
                -1.03209
              ],
              "size": [
                2.0,
                2.0,
                4.0
              ],
              "pivot": [
                1.21442,
                1.0,
                0.96791
              ],
              "rotation": [
                0.0,
                40.0,
                0.0
              ],
              "uv": [
                56,
                26
              ],
              "inflate": 0,
              "mirror": true
            }
          ],
          "parent": "Leftleg4"
        }
      ]
    }
  ]
}