{
	"format_version": "1.12.0",
	"minecraft:geometry": [
		{
			"description": {
				"identifier": "geometry.yg_lefthand",
				"texture_width": 32,
				"texture_height": 32,
				"visible_bounds_width": 3,
				"visible_bounds_height": 3.5,
				"visible_bounds_offset": [0, 1.25, 0]
			},
			"bones": [
				{
					"name": "Root",
					"pivot": [0, 0, 0]
				},
				{
					"name": "Righthand",
					"parent": "Root",
					"pivot": [0, 2, 0],
					"cubes": [
						{"origin": [-2, -0.5, -1], "size": [4, 5, 2], "uv": [0, 0]},
						{"origin": [1.44848, 0.76816, 0.01283], "size": [3, 2, 1], "pivot": [2.94848, 1.76816, 0.51283], "rotation": [0, -20, -22.5], "uv": [11, 6]},
						{"origin": [-2.14, 3.31934, -0.3577], "size": [4.24, 3.18, 2.12], "pivot": [-0.04345, 4.90934, 0.7023], "rotation": [-39.6488, 0, 0], "uv": [0, 7]}
					],
					"locators": {
						"trail": [0, 2, 0.5]
					}
				}
			]
		}
	]
}