{
	"format_version": "1.12.0",
	"minecraft:geometry": [
		{
			"description": {
				"identifier": "geometry.yg_mommy_long_legs",
				"texture_width": 128,
				"texture_height": 128,
				"visible_bounds_width": 7,
				"visible_bounds_height": 3.5,
				"visible_bounds_offset": [0, 1.25, 0]
			},
			"bones": [
				{
					"name": "Root",
					"pivot": [0, 0, 0]
				},
				{
					"name": "Body",
					"parent": "Root",
					"pivot": [0.16667, 11.31239, 25.28758],
					"cubes": [
						{"origin": [-3, 15, 2.83316], "size": [6, 6, 9], "uv": [0, 56]},
						{"origin": [-3.3, 14.7, 11.68316], "size": [6.6, 6.6, 3.3], "uv": [0, 43]},
						{"origin": [-8, 7.43717, 13.69642], "size": [17, 17, 17], "pivot": [0.5, 15.93717, 22.19642], "rotation": [-10, 0, 0], "uv": [0, 0]}
					]
				},
				{
					"name": "Torso",
					"parent": "Body",
					"pivot": [0, 18.31238, 3.77529],
					"cubes": [
						{"origin": [-6.24, 12.59455, -8.74815], "size": [12.48, 9.36, 10.44], "pivot": [0, 17.27455, -3.52815], "rotation": [7.5, 0, 0], "uv": [34, 55]},
						{"origin": [-5.5, 14, 0.83316], "size": [11, 8, 3], "uv": [22, 74]}
					]
				},
				{
					"name": "Neck",
					"parent": "Torso",
					"pivot": [0, 17, -9],
					"cubes": [
						{"origin": [-1, 12, -22], "size": [2, 2, 7], "uv": [0, 34]},
						{"origin": [-1, 13.92402, -16.33202], "size": [2, 2, 7], "pivot": [0, 14.92402, -12.83202], "rotation": [37.5, 0, 0], "uv": [0, 34]},
						{"origin": [-1, 16.31343, -10.56347], "size": [2, 2, 7], "pivot": [0, 17.31343, -7.06347], "rotation": [7.5, 0, 0], "uv": [0, 34]}
					]
				},
				{
					"name": "Head",
					"parent": "Neck",
					"pivot": [0, 13, -22],
					"cubes": [
						{"origin": [-6, 10, -32], "size": [12, 11, 10], "uv": [44, 34]},
						{"origin": [-4.19814, 21.14876, -31.98588], "size": [16, 10, 0], "pivot": [3.80186, 26.14876, -31.98588], "rotation": [-0.05989, 0.69824, -2.53928], "uv": [68, 12]},
						{"origin": [-4, 16, -32.2], "size": [2, 2, 0], "uv": [6, 0]},
						{"origin": [2, 16, -32.2], "size": [2, 2, 0], "uv": [6, 0], "mirror": true},
						{"origin": [-5.51418, 14.48582, -32.1], "size": [5.02835, 5.02835, 0], "uv": [24, 49]},
						{"origin": [0.48582, 14.48582, -32.1], "size": [5.02835, 5.02835, 0], "uv": [24, 49], "mirror": true},
						{"origin": [-7.48043, 20.13541, -29], "size": [4, 2, 4], "pivot": [-5.48043, 21.13541, -27], "rotation": [0, 0, -42.5], "uv": [24, 43]},
						{"origin": [-16.20423, 10.99951, -27], "size": [11, 17, 0], "pivot": [-10.70423, 19.49951, -27], "rotation": [0, 0, 32.5], "uv": [0, 71]},
						{"origin": [-15.01486, 8.58772, -28], "size": [11, 17, 0], "pivot": [-9.51486, 17.08772, -28], "rotation": [0, 0, 5], "uv": [0, 71]},
						{"origin": [-14.68146, 8.22387, -26], "size": [11, 17, 0], "pivot": [-5.18146, 20.72387, -27], "rotation": [0, 0, -12.5], "uv": [0, 71]}
					]
				},
				{
					"name": "Rightarm",
					"parent": "Torso",
					"pivot": [-6, 17.31238, -6.22471],
					"cubes": [
						{"origin": [-24, 16.31238, -7.22471], "size": [18, 2, 2], "pivot": [-6, 17.31238, -6.22471], "rotation": [0, 0, 20], "uv": [51, 8]},
						{"origin": [-7.22054, 15.82524, -7.64071], "size": [1.416, 2.832, 2.832], "pivot": [-5.80454, 17.24124, -6.22471], "rotation": [0, 0, 20], "uv": [8, 0]},
						{"origin": [-37.0957, 14.58186, -7.36471], "size": [20.52, 2.28, 2.28], "pivot": [-26.8357, 15.72186, -6.22471], "rotation": [0, 0, -57.5], "uv": [51, 4]},
						{"origin": [-34.16, 3.00203, -25.56157], "size": [2.32, 2.32, 20.72], "pivot": [-33, 4.16203, -15.20157], "rotation": [17.5, 0, 0], "uv": [0, 34]},
						{"origin": [-35, -0.68762, -26.22471], "size": [4, 4, 2], "uv": [42, 34]},
						{"origin": [-36, 0.82606, -32.04379], "size": [6, 3, 6], "pivot": [-33, 2.32606, -29.04379], "rotation": [-20, 0, 0], "uv": [24, 34]},
						{"origin": [-37.14988, 0.1938, -40.39301], "size": [1, 3, 10], "pivot": [-36.64988, 1.6938, -35.39301], "rotation": [20.6469, 14.0761, 5.23619], "uv": [50, 74]},
						{"origin": [-30.0384, 0.17804, -40.43631], "size": [1, 3, 10], "pivot": [-29.5384, 1.67804, -35.43631], "rotation": [20.44582, -11.73507, -4.3361], "uv": [50, 74]},
						{"origin": [-27.77859, -0.6544, -35.97594], "size": [1, 3, 10], "pivot": [-27.27859, 0.8456, -30.97594], "rotation": [22.79588, -28.02432, -11.17023], "uv": [50, 74]},
						{"origin": [-34.69332, 0.15093, -40.5108], "size": [1, 3, 10], "pivot": [-34.19332, 1.65093, -35.5108], "rotation": [20.01754, 2.34914, 0.85553], "uv": [50, 74]},
						{"origin": [-32.30573, 0.13601, -40.55179], "size": [1, 3, 10], "pivot": [-31.80573, 1.63601, -35.55179], "rotation": [20.01754, -2.34914, -0.85553], "uv": [50, 74]}
					]
				},
				{
					"name": "Leftarm",
					"parent": "Torso",
					"pivot": [6, 17.31238, -6.22471],
					"cubes": [
						{"origin": [6, 16.31238, -7.22471], "size": [18, 2, 2], "pivot": [6, 17.31238, -6.22471], "rotation": [0, 0, -20], "uv": [51, 8], "mirror": true},
						{"origin": [5.80454, 15.82524, -7.64071], "size": [1.416, 2.832, 2.832], "pivot": [5.80454, 17.24124, -6.22471], "rotation": [0, 0, -20], "uv": [8, 0], "mirror": true},
						{"origin": [16.5757, 14.58186, -7.36471], "size": [20.52, 2.28, 2.28], "pivot": [26.8357, 15.72186, -6.22471], "rotation": [0, 0, 57.5], "uv": [51, 4], "mirror": true},
						{"origin": [31.84, 3.00203, -25.56157], "size": [2.32, 2.32, 20.72], "pivot": [33, 4.16203, -15.20157], "rotation": [17.5, 0, 0], "uv": [0, 34], "mirror": true},
						{"origin": [31, -0.68762, -26.22471], "size": [4, 4, 2], "uv": [42, 34], "mirror": true},
						{"origin": [30, 0.82606, -32.04379], "size": [6, 3, 6], "pivot": [33, 2.32606, -29.04379], "rotation": [-20, 0, 0], "uv": [24, 34], "mirror": true},
						{"origin": [36.14988, 0.1938, -40.39301], "size": [1, 3, 10], "pivot": [36.64988, 1.6938, -35.39301], "rotation": [20.6469, -14.0761, -5.23619], "uv": [50, 74], "mirror": true},
						{"origin": [29.0384, 0.17804, -40.43631], "size": [1, 3, 10], "pivot": [29.5384, 1.67804, -35.43631], "rotation": [20.44582, 11.73507, 4.3361], "uv": [50, 74], "mirror": true},
						{"origin": [26.77859, -0.6544, -35.97594], "size": [1, 3, 10], "pivot": [27.27859, 0.8456, -30.97594], "rotation": [22.79588, 28.02432, 11.17023], "uv": [50, 74], "mirror": true},
						{"origin": [33.69332, 0.15093, -40.5108], "size": [1, 3, 10], "pivot": [34.19332, 1.65093, -35.5108], "rotation": [20.01754, -2.34914, -0.85553], "uv": [50, 74], "mirror": true},
						{"origin": [31.30573, 0.13601, -40.55179], "size": [1, 3, 10], "pivot": [31.80573, 1.63601, -35.55179], "rotation": [20.01754, 2.34914, 0.85553], "uv": [50, 74], "mirror": true}
					]
				},
				{
					"name": "Rightleg",
					"parent": "Root",
					"pivot": [-8, 14.5, 25],
					"cubes": [
						{"origin": [-25.91811, 21.00413, 24], "size": [22, 2, 2], "pivot": [-14.91811, 22.00413, 25], "rotation": [0, 0, 47.5], "uv": [51, 0]},
						{"origin": [-36.38307, 22.26819, 23.84], "size": [17.4, 2.32, 2.32], "pivot": [-27.68307, 23.42819, 25], "rotation": [0, 0, -45], "uv": [68, 22]},
						{"origin": [-37.09683, 4.12418, 23.8], "size": [2.4, 14, 2.4], "pivot": [-35.89683, 11.12418, 25], "rotation": [0, 0, 17.5], "uv": [0, 0]},
						{"origin": [-39.18043, 3.61365, 23.4628], "size": [3.0744, 1.5372, 3.0744], "uv": [5, 13]},
						{"origin": [-40.3, -0.11775, 20], "size": [5, 4, 7], "uv": [71, 67]},
						{"origin": [-41, -0.67775, 15.44], "size": [6.4, 5.12, 5.12], "uv": [68, 55]}
					]
				},
				{
					"name": "Leftleg",
					"parent": "Root",
					"pivot": [8, 14.5, 25],
					"cubes": [
						{"origin": [3.91811, 21.00413, 24], "size": [22, 2, 2], "pivot": [14.91811, 22.00413, 25], "rotation": [0, 0, -47.5], "uv": [51, 0], "mirror": true},
						{"origin": [18.98307, 22.26819, 23.84], "size": [17.4, 2.32, 2.32], "pivot": [27.68307, 23.42819, 25], "rotation": [0, 0, 45], "uv": [68, 22], "mirror": true},
						{"origin": [34.69683, 4.12418, 23.8], "size": [2.4, 14, 2.4], "pivot": [35.89683, 11.12418, 25], "rotation": [0, 0, -17.5], "uv": [0, 0], "mirror": true},
						{"origin": [36.10603, 3.61365, 23.4628], "size": [3.0744, 1.5372, 3.0744], "uv": [5, 13], "mirror": true},
						{"origin": [35.3, -0.11775, 20], "size": [5, 4, 7], "uv": [71, 67], "mirror": true},
						{"origin": [34.6, -0.67775, 15.44], "size": [6.4, 5.12, 5.12], "uv": [68, 55], "mirror": true}
					]
				}
			]
		}
	]
}