{
  "format_version": "1.12.0",
  "minecraft:geometry": [
    {
      "description": {
        "identifier": "geometry.yg_poppy",
        "texture_width": 64,
        "texture_height": 64,
        "visible_bounds_width": 3,
        "visible_bounds_height": 3.5,
        "visible_bounds_offset": [
          0,
          1.25,
          0
        ]
      },
      "bones": [
        {
          "name": "Root",
          "pivot": [
            0,
            1,
            0
          ]
        },
        {
          "name": "Body",
          "pivot": [
            0,
            7,
            0
          ],
          "cubes": [
            {
              "origin": [
                -2.7,
                8.88,
                -2.7
              ],
              "size": [
                5.4,
                3.24,
                5.4
              ],
              "uv": [
                36,
                24
              ],
              "inflate": 0
            },
            {
              "origin": [
                -3.186,
                8.7684,
                -3.186
              ],
              "size": [
                6.372,
                1.4632,
                6.372
              ],
              "uv": [
                24,
                0
              ],
              "inflate": 0
            },
            {
              "origin": [
                -4.0,
                1.0,
                -4.0
              ],
              "size": [
                8.0,
                8.0,
                8.0
              ],
              "uv": [
                24,
                8
              ],
              "inflate": 0
            },
            {
              "origin": [
                -3.5,
                1.2887,
                -4.69986
              ],
              "size": [
                7.0,
                8.0,
                2.0
              ],
              "pivot": [
                0.0,
                5.2887,
                -3.69986
              ],
              "rotation": [
                -10.0,
                0.0,
                0.0
              ],
              "uv": [
                0,
                32
              ],
              "inflate": 0
            },
            {
              "origin": [
                -4.69986,
                1.2887,
                -3.5
              ],
              "size": [
                2.0,
                8.0,
                7.0
              ],
              "pivot": [
                -3.69986,
                5.2887,
                0.0
              ],
              "rotation": [
                0.0,
                0.0,
                10.0
              ],
              "uv": [
                25,
                25
              ],
              "inflate": 0
            },
            {
              "origin": [
                2.69986,
                1.2887,
                -3.5
              ],
              "size": [
                2.0,
                8.0,
                7.0
              ],
              "pivot": [
                3.69986,
                5.2887,
                0.0
              ],
              "rotation": [
                0.0,
                0.0,
                -10.0
              ],
              "uv": [
                25,
                25
              ],
              "inflate": 0,
              "mirror": true
            },
            {
              "origin": [
                -3.5,
                1.30606,
                2.79834
              ],
              "size": [
                7.0,
                8.0,
                2.0
              ],
              "pivot": [
                0.0,
                5.30606,
                3.79834
              ],
              "rotation": [
                10.0,
                0.0,
                0.0
              ],
              "uv": [
                0,
                32
              ],
              "inflate": 0
            },
            {
              "origin": [
                -4.47125,
                4.9773,
                -2.5
              ],
              "size": [
                0.0,
                4.0,
                5.0
              ],
              "pivot": [
                -4.47125,
                6.9773,
                0.0
              ],
              "rotation": [
                0.0,
                0.0,
                10.0
              ],
              "uv": [
                0,
                37
              ],
              "inflate": 0
            },
            {
              "origin": [
                4.47125,
                4.9773,
                -2.5
              ],
              "size": [
                0.0,
                4.0,
                5.0
              ],
              "pivot": [
                4.47125,
                6.9773,
                0.0
              ],
              "rotation": [
                0.0,
                0.0,
                -10.0
              ],
              "uv": [
                0,
                37
              ],
              "inflate": 0,
              "mirror": true
            }
          ],
          "parent": "Root"
        },
        {
          "name": "Torso",
          "pivot": [
            0,
            12,
            0
          ],
          "cubes": [
            {
              "origin": [
                -2.5,
                12.0,
                -2.5
              ],
              "size": [
                5.0,
                3.0,
                5.0
              ],
              "uv": [
                38,
                35
              ],
              "inflate": 0
            },
            {
              "origin": [
                -2.5,
                10.50571,
                -2.73073
              ],
              "size": [
                5.0,
                4.0,
                0.0
              ],
              "pivot": [
                0.0,
                12.50571,
                -2.73073
              ],
              "rotation": [
                -5.0,
                0.0,
                0.0
              ],
              "uv": [
                40,
                43
              ],
              "inflate": 0
            }
          ],
          "parent": "Body"
        },
        {
          "name": "Head",
          "pivot": [
            0,
            15,
            1
          ],
          "cubes": [
            {
              "origin": [
                -4.0,
                15.0,
                -4.0
              ],
              "size": [
                8.0,
                8.0,
                8.0
              ],
              "uv": [
                0,
                16
              ],
              "inflate": 0
            },
            {
              "origin": [
                -4.4944,
                14.5056,
                -4.4944
              ],
              "size": [
                8.9888,
                8.9888,
                8.9888
              ],
              "uv": [
                0,
                0
              ],
              "inflate": 0
            },
            {
              "origin": [
                -5.02979,
                21.83048,
                -1.01282
              ],
              "size": [
                2.0,
                2.0,
                2.0
              ],
              "pivot": [
                -4.02979,
                22.83048,
                -0.01282
              ],
              "rotation": [
                0.0,
                1.46899,
                19.82568
              ],
              "uv": [
                0,
                16
              ],
              "inflate": 0
            },
            {
              "origin": [
                3.02979,
                21.83048,
                -1.01282
              ],
              "size": [
                2.0,
                2.0,
                2.0
              ],
              "pivot": [
                4.02979,
                22.83048,
                -0.01282
              ],
              "rotation": [
                0.0,
                -1.46899,
                -19.82568
              ],
              "uv": [
                0,
                16
              ],
              "inflate": 0,
              "mirror": true
            },
            {
              "origin": [
                -11.02446,
                15.19633,
                -0.0625
              ],
              "size": [
                7.0,
                11.0,
                0.0
              ],
              "pivot": [
                -7.52446,
                20.69633,
                -0.0625
              ],
              "rotation": [
                0.31801,
                -1.43416,
                7.32172
              ],
              "uv": [
                18,
                40
              ],
              "inflate": 0,
              "mirror": true
            },
            {
              "origin": [
                4.02446,
                15.19633,
                -0.0625
              ],
              "size": [
                7.0,
                11.0,
                0.0
              ],
              "pivot": [
                7.52446,
                20.69633,
                -0.0625
              ],
              "rotation": [
                0.31801,
                1.43416,
                -7.32172
              ],
              "uv": [
                18,
                40
              ],
              "inflate": 0
            }
          ],
          "parent": "Torso"
        },
        {
          "name": "Rightarm",
          "pivot": [
            -2.4,
            14.25,
            0
          ],
          "cubes": [
            {
              "origin": [
                -5.0,
                12.5,
                -1.5
              ],
              "size": [
                3.0,
                3.0,
                3.0
              ],
              "uv": [
                42,
                0
              ],
              "inflate": 0
            },
            {
              "origin": [
                -4.3,
                8.0,
                -1.0
              ],
              "size": [
                2.0,
                5.0,
                2.0
              ],
              "uv": [
                0,
                0
              ],
              "inflate": 0
            },
            {
              "origin": [
                -4.44,
                8.93,
                -1.14
              ],
              "size": [
                2.28,
                1.14,
                2.28
              ],
              "uv": [
                0,
                20
              ],
              "inflate": 0
            }
          ],
          "parent": "Torso"
        },
        {
          "name": "Leftarm",
          "pivot": [
            2.4,
            14.25,
            0
          ],
          "cubes": [
            {
              "origin": [
                2.0,
                12.5,
                -1.5
              ],
              "size": [
                3.0,
                3.0,
                3.0
              ],
              "uv": [
                42,
                0
              ],
              "inflate": 0,
              "mirror": true
            },
            {
              "origin": [
                2.3,
                8.0,
                -1.0
              ],
              "size": [
                2.0,
                5.0,
                2.0
              ],
              "uv": [
                0,
                0
              ],
              "inflate": 0,
              "mirror": true
            },
            {
              "origin": [
                2.16,
                8.93,
                -1.14
              ],
              "size": [
                2.28,
                1.14,
                2.28
              ],
              "uv": [
                0,
                20
              ],
              "inflate": 0,
              "mirror": true
            }
          ],
          "parent": "Torso"
        },
        {
          "name": "Rightleg",
          "pivot": [
            -2,
            8.75,
            0.5
          ],
          "cubes": [
            {
              "origin": [
                -3.0,
                1.0,
                0.0
              ],
              "size": [
                2.0,
                8.0,
                2.0
              ],
              "uv": [
                32,
                41
              ],
              "inflate": 0
            },
            {
              "origin": [
                -3.0,
                0.0,
                -2.0
              ],
              "size": [
                2.0,
                1.0,
                4.0
              ],
              "uv": [
                6,
                42
              ],
              "inflate": 0
            }
          ],
          "parent": "Root"
        },
        {
          "name": "Leftleg",
          "pivot": [
            2,
            8.75,
            0.5
          ],
          "cubes": [
            {
              "origin": [
                1.0,
                1.0,
                0.0
              ],
              "size": [
                2.0,
                8.0,
                2.0
              ],
              "uv": [
                32,
                41
              ],
              "inflate": 0,
              "mirror": true
            },
            {
              "origin": [
                1.0,
                0.0,
                -2.0
              ],
              "size": [
                2.0,
                1.0,
                4.0
              ],
              "uv": [
                6,
                42
              ],
              "inflate": 0,
              "mirror": true
            }
          ],
          "parent": "Root"
        }
      ]
    }
  ]
}