{
	"format_version": "1.12.0",
	"minecraft:geometry": [
		{
			"description": {
				"identifier": "geometry.yg_pj_pugapillar",
				"texture_width": 64,
				"texture_height": 64,
				"visible_bounds_width": 12,
				"visible_bounds_height": 2.5,
				"visible_bounds_offset": [0, 0.75, 0]
			},
			"bones": [
				{
					"name": "Root",
					"pivot": [0, 0, -4]
				},
				{
					"name": "Body",
					"parent": "Root",
					"pivot": [-0.5, 10.5, -5.5],
					"cubes": [
						{"origin": [-5.4572, 5.5428, -10.4572], "size": [9.9144, 9.9144, 9.9144], "uv": [0, 18]}
					]
				},
				{
					"name": "Head",
					"parent": "Body",
					"pivot": [-0.5, 11.46828, -10.45436],
					"cubes": [
						{"origin": [-5, 9, -18], "size": [9, 9, 8], "uv": [28, 10]},
						{"origin": [-1.5, 13, -18.5], "size": [2, 1, 1], "uv": [0, 24]},
						{"origin": [-1, 12.43837, -18.29558], "size": [1, 1, 1], "pivot": [-0.5, 12.93837, -17.79558], "rotation": [40, 0, 0], "uv": [5, 25]},
						{"origin": [-8.04362, 11.00095, -16], "size": [3, 7, 4], "pivot": [-6.54362, 14.50095, -14], "rotation": [0, 0, 2.5], "uv": [32, 32]},
						{"origin": [4.04457, 10.95733, -16], "size": [3, 7, 4], "pivot": [5.54457, 14.45733, -14], "rotation": [0, 0, -2.5], "uv": [32, 32], "mirror": true},
						{"origin": [-5.36, 8.84, -18.23], "size": [9.72, 4.32, 4.32], "uv": [27, 0]},
						{"origin": [-4.5, 13, -18.1], "size": [3, 3, 1], "uv": [24, 36]},
						{"origin": [-4.24, 13.26, -18.22], "size": [2.48, 2.48, 1.24], "uv": [0, 6]},
						{"origin": [0.76, 13.26, -18.22], "size": [2.48, 2.48, 1.24], "uv": [0, 6]},
						{"origin": [0.5, 13, -18.1], "size": [3, 3, 1], "uv": [24, 36]},
						{"origin": [-2, 7.18085, -18.57358], "size": [3, 5, 1], "pivot": [-0.5, 9.68085, -18.07358], "rotation": [-35, 0, 0], "uv": [0, 18]}
					]
				},
				{
					"name": "Leg",
					"parent": "Body",
					"pivot": [-4, 6, -6],
					"cubes": [
						{"origin": [-5, 2, -7], "size": [2, 4, 2], "uv": [0, 0]},
						{"origin": [-5.5, 0, -9], "size": [3, 2, 4], "uv": [0, 36]},
						{"origin": [-5, 0.40257, -11.62932], "size": [2, 2, 3], "pivot": [-4, 1.40257, -10.12932], "rotation": [-17.49679, -0.03571, 0.1223], "uv": [14, 36]}
					]
				},
				{
					"name": "Leg2",
					"parent": "Body",
					"pivot": [3, 6, -6],
					"cubes": [
						{"origin": [2, 2, -7], "size": [2, 4, 2], "uv": [0, 0], "mirror": true},
						{"origin": [1.5, 0, -9], "size": [3, 2, 4], "uv": [0, 36], "mirror": true},
						{"origin": [2, 0.40257, -11.62932], "size": [2, 2, 3], "pivot": [3, 1.40257, -10.12932], "rotation": [-17.49679, 0.03571, -0.1223], "uv": [14, 36], "mirror": true}
					]
				},
				{
					"name": "Body2",
					"parent": "Body",
					"pivot": [-0.5, 10.5, 3.5],
					"cubes": [
						{"origin": [-5.27, 5.73, -1.27], "size": [9.54, 9.54, 9.54], "uv": [0, 0]}
					]
				},
				{
					"name": "Leg3",
					"parent": "Body2",
					"pivot": [-4, 6, 3],
					"cubes": [
						{"origin": [-5, 2, 2], "size": [2, 4, 2], "uv": [0, 0]},
						{"origin": [-5.5, 0, 0], "size": [3, 2, 4], "uv": [0, 36]},
						{"origin": [-5, 0.40257, -2.62932], "size": [2, 2, 3], "pivot": [-4, 1.40257, -1.12932], "rotation": [-17.49679, -0.03571, 0.1223], "uv": [14, 36]}
					]
				},
				{
					"name": "Leg4",
					"parent": "Body2",
					"pivot": [3, 6, 3],
					"cubes": [
						{"origin": [2, 2, 2], "size": [2, 4, 2], "uv": [0, 0], "mirror": true},
						{"origin": [1.5, 0, 0], "size": [3, 2, 4], "uv": [0, 36], "mirror": true},
						{"origin": [2, 0.40257, -2.62932], "size": [2, 2, 3], "pivot": [3, 1.40257, -1.12932], "rotation": [-17.49679, 0.03571, -0.1223], "uv": [14, 36], "mirror": true}
					]
				},
				{
					"name": "Body3",
					"parent": "Body2",
					"pivot": [-0.5, 10.5, 12.5],
					"cubes": [
						{"origin": [-5.4572, 5.5428, 7.5428], "size": [9.9144, 9.9144, 9.9144], "uv": [0, 18]}
					]
				},
				{
					"name": "Leg5",
					"parent": "Body3",
					"pivot": [-4, 6, 12],
					"cubes": [
						{"origin": [-5, 2, 11], "size": [2, 4, 2], "uv": [0, 0]},
						{"origin": [-5.5, 0, 9], "size": [3, 2, 4], "uv": [0, 36]},
						{"origin": [-5, 0.40257, 6.37068], "size": [2, 2, 3], "pivot": [-4, 1.40257, 7.87068], "rotation": [-17.49679, -0.03571, 0.1223], "uv": [14, 36]}
					]
				},
				{
					"name": "Leg6",
					"parent": "Body3",
					"pivot": [3, 6, 12],
					"cubes": [
						{"origin": [2, 2, 11], "size": [2, 4, 2], "uv": [0, 0], "mirror": true},
						{"origin": [1.5, 0, 9], "size": [3, 2, 4], "uv": [0, 36], "mirror": true},
						{"origin": [2, 0.40257, 6.37068], "size": [2, 2, 3], "pivot": [3, 1.40257, 7.87068], "rotation": [-17.49679, 0.03571, -0.1223], "uv": [14, 36], "mirror": true}
					]
				},
				{
					"name": "Body4",
					"parent": "Body3",
					"pivot": [-0.5, 10.5, 21.5],
					"cubes": [
						{"origin": [-5.27, 5.73, 16.73], "size": [9.54, 9.54, 9.54], "uv": [0, 0]}
					]
				},
				{
					"name": "Leg7",
					"parent": "Body4",
					"pivot": [-4, 6, 21],
					"cubes": [
						{"origin": [-5, 2, 20], "size": [2, 4, 2], "uv": [0, 0]},
						{"origin": [-5.5, 0, 18], "size": [3, 2, 4], "uv": [0, 36]},
						{"origin": [-5, 0.40257, 15.37068], "size": [2, 2, 3], "pivot": [-4, 1.40257, 16.87068], "rotation": [-17.49679, -0.03571, 0.1223], "uv": [14, 36]}
					]
				},
				{
					"name": "Leg8",
					"parent": "Body4",
					"pivot": [3, 6, 21],
					"cubes": [
						{"origin": [2, 2, 20], "size": [2, 4, 2], "uv": [0, 0], "mirror": true},
						{"origin": [1.5, 0, 18], "size": [3, 2, 4], "uv": [0, 36], "mirror": true},
						{"origin": [2, 0.40257, 15.37068], "size": [2, 2, 3], "pivot": [3, 1.40257, 16.87068], "rotation": [-17.49679, 0.03571, -0.1223], "uv": [14, 36], "mirror": true}
					]
				},
				{
					"name": "Body5",
					"parent": "Body4",
					"pivot": [-0.5, 10.5, 30.5],
					"cubes": [
						{"origin": [-5.4572, 5.5428, 25.5428], "size": [9.9144, 9.9144, 9.9144], "uv": [0, 18]}
					]
				},
				{
					"name": "Leg9",
					"parent": "Body5",
					"pivot": [-4, 6, 30],
					"cubes": [
						{"origin": [-5, 2, 29], "size": [2, 4, 2], "uv": [0, 0]},
						{"origin": [-5.5, 0, 27], "size": [3, 2, 4], "uv": [0, 36]},
						{"origin": [-5, 0.40257, 24.37068], "size": [2, 2, 3], "pivot": [-4, 1.40257, 25.87068], "rotation": [-17.49679, -0.03571, 0.1223], "uv": [14, 36]}
					]
				},
				{
					"name": "Leg10",
					"parent": "Body5",
					"pivot": [3, 6, 30],
					"cubes": [
						{"origin": [2, 2, 29], "size": [2, 4, 2], "uv": [0, 0], "mirror": true},
						{"origin": [1.5, 0, 27], "size": [3, 2, 4], "uv": [0, 36], "mirror": true},
						{"origin": [2, 0.40257, 24.37068], "size": [2, 2, 3], "pivot": [3, 1.40257, 25.87068], "rotation": [-17.49679, 0.03571, -0.1223], "uv": [14, 36], "mirror": true}
					]
				},
				{
					"name": "Body6",
					"parent": "Body5",
					"pivot": [-0.5, 10.5, 39.5],
					"cubes": [
						{"origin": [-5.27, 5.73, 34.73], "size": [9.54, 9.54, 9.54], "uv": [0, 0]}
					]
				},
				{
					"name": "Leg11",
					"parent": "Body6",
					"pivot": [-4, 6, 39],
					"cubes": [
						{"origin": [-5, 2, 38], "size": [2, 4, 2], "uv": [0, 0]},
						{"origin": [-5.5, 0, 36], "size": [3, 2, 4], "uv": [0, 36]},
						{"origin": [-5, 0.40257, 33.37068], "size": [2, 2, 3], "pivot": [-4, 1.40257, 34.87068], "rotation": [-17.49679, -0.03571, 0.1223], "uv": [14, 36]}
					]
				},
				{
					"name": "Leg12",
					"parent": "Body6",
					"pivot": [3, 6, 39],
					"cubes": [
						{"origin": [2, 2, 38], "size": [2, 4, 2], "uv": [0, 0], "mirror": true},
						{"origin": [1.5, 0, 36], "size": [3, 2, 4], "uv": [0, 36], "mirror": true},
						{"origin": [2, 0.40257, 33.37068], "size": [2, 2, 3], "pivot": [3, 1.40257, 34.87068], "rotation": [-17.49679, 0.03571, -0.1223], "uv": [14, 36], "mirror": true}
					]
				},
				{
					"name": "Body7",
					"parent": "Body6",
					"pivot": [-0.5, 10.5, 47.5],
					"cubes": [
						{"origin": [-5.4572, 5.5428, 42.5428], "size": [9.9144, 9.9144, 9.9144], "uv": [0, 18]}
					]
				},
				{
					"name": "Leg13",
					"parent": "Body7",
					"pivot": [-4, 6, 47],
					"cubes": [
						{"origin": [-5, 2, 46], "size": [2, 4, 2], "uv": [0, 0]},
						{"origin": [-5.5, 0, 44], "size": [3, 2, 4], "uv": [0, 36]},
						{"origin": [-5, 0.40257, 41.37068], "size": [2, 2, 3], "pivot": [-4, 1.40257, 42.87068], "rotation": [-17.49679, -0.03571, 0.1223], "uv": [14, 36]}
					]
				},
				{
					"name": "Leg14",
					"parent": "Body7",
					"pivot": [3, 6, 47],
					"cubes": [
						{"origin": [2, 2, 46], "size": [2, 4, 2], "uv": [0, 0], "mirror": true},
						{"origin": [1.5, 0, 44], "size": [3, 2, 4], "uv": [0, 36], "mirror": true},
						{"origin": [2, 0.40257, 41.37068], "size": [2, 2, 3], "pivot": [3, 1.40257, 42.87068], "rotation": [-17.49679, 0.03571, -0.1223], "uv": [14, 36], "mirror": true}
					]
				},
				{
					"name": "Body8",
					"parent": "Body7",
					"pivot": [-0.5, 10.5, 56.5],
					"cubes": [
						{"origin": [-5.27, 5.73, 51.73], "size": [9.54, 9.54, 9.54], "uv": [0, 0]}
					]
				},
				{
					"name": "Leg15",
					"parent": "Body8",
					"pivot": [-4, 6, 56],
					"cubes": [
						{"origin": [-5, 2, 55], "size": [2, 4, 2], "uv": [0, 0]},
						{"origin": [-5.5, 0, 53], "size": [3, 2, 4], "uv": [0, 36]},
						{"origin": [-5, 0.40257, 50.37068], "size": [2, 2, 3], "pivot": [-4, 1.40257, 51.87068], "rotation": [-17.49679, -0.03571, 0.1223], "uv": [14, 36]}
					]
				},
				{
					"name": "Leg16",
					"parent": "Body8",
					"pivot": [3, 6, 56],
					"cubes": [
						{"origin": [2, 2, 55], "size": [2, 4, 2], "uv": [0, 0], "mirror": true},
						{"origin": [1.5, 0, 53], "size": [3, 2, 4], "uv": [0, 36], "mirror": true},
						{"origin": [2, 0.40257, 50.37068], "size": [2, 2, 3], "pivot": [3, 1.40257, 51.87068], "rotation": [-17.49679, 0.03571, -0.1223], "uv": [14, 36], "mirror": true}
					]
				}
			]
		}
	]
}