{
	"format_version": "1.12.0",
	"minecraft:geometry": [
		{
			"description": {
				"identifier": "geometry.demobat",
				"texture_width": 64,
				"texture_height": 64,
				"visible_bounds_width": 4,
				"visible_bounds_height": 3.5,
				"visible_bounds_offset": [0, 1.25, 0]
			},
			"bones": [
				{
					"name": "body",
					"pivot": [0, 24, 0],
					"cubes": [
						{"origin": [-1.83, 23.39, -4.88], "size": [3.05, 1.83, 8.49], "uv": [0, 3]}
					]
				},
				{
					"name": "wing0",
					"parent": "body",
					"pivot": [1.22, 24.86, -4.88],
					"rotation": [0, 0, 5.7],
					"cubes": [
						{"origin": [1.11388, 24.0445, -4.88], "size": [3.66, 1.22, 5.49], "uv": [11, 13]}
					]
				},
				{
					"name": "wingtip0",
					"parent": "wing0",
					"pivot": [4.77388, 24.9045, -4.88],
					"rotation": [0, 0, 5.7],
					"cubes": [
						{"origin": [4.66281, 25.40832, -4.88], "size": [7.93, 0, 5.49], "uv": [17, 33]}
					],
					"locators": {
						"left_wing": [14.59281, 25.40832, 0]
					}
				},
				{
					"name": "wing1",
					"parent": "body",
					"pivot": [-1.83, 24.86, -4.88],
					"rotation": [0, 0, -5.7],
					"mirror": true,
					"cubes": [
						{"origin": [-5.38388, 24.0445, -4.88], "size": [3.66, 1.22, 5.49], "uv": [0, 12], "mirror": false}
					]
				},
				{
					"name": "wingtip1",
					"parent": "wing1",
					"pivot": [-5.38388, 24.9045, -4.88],
					"rotation": [0, 0, -5.7],
					"mirror": true,
					"cubes": [
						{"origin": [-13.20281, 25.40832, -4.88], "size": [7.93, 0, 5.49], "uv": [31, 34], "mirror": false}
					],
					"locators": {
						"right_wing": [-15.20281, 24.18832, 0]
					}
				},
				{
					"name": "head",
					"parent": "body",
					"pivot": [0, 24.03, -5.27],
					"rotation": [11.5, 0, 0],
					"cubes": [
						{"origin": [-2.44, 22.78139, -7.83375], "size": [4.27, 1.83, 3.05], "uv": [19, 0]},
						{"origin": [-2.44, 19.95139, -7.83375], "size": [4.27, 2.83, 0], "uv": [16, 19]}
					]
				},
				{
					"name": "tail",
					"parent": "body",
					"pivot": [0, 24.86, 0.61]
				},
				{
					"name": "tailtip",
					"parent": "tail",
					"pivot": [0, 24.555, 4.27]
				}
			]
		}
	]
}