{
	"format_version": "1.12.0",
	"minecraft:geometry": [
		{
			"description": {
				"identifier": "geometry.demogorgon",
				"texture_width": 128,
				"texture_height": 128,
				"visible_bounds_width": 3,
				"visible_bounds_height": 7,
				"visible_bounds_offset": [0, 2.5, 0]
			},
			"bones": [
				{
					"name": "main",
					"pivot": [0, 69, -5]
				},
				{
					"name": "body",
					"parent": "main",
					"pivot": [0, 49, 0],
					"cubes": [
						{"origin": [-7, 59, -3], "size": [14, 10, 8], "uv": [0, 0]},
						{"origin": [-5, 49, -3], "size": [10, 10, 8], "uv": [0, 18]}
					]
				},
				{
					"name": "arm",
					"parent": "body",
					"pivot": [-10, 69, 1],
					"cubes": [
						{"origin": [-12, 64, -2], "size": [5, 5, 5], "uv": [80, 0]}
					]
				},
				{
					"name": "bone3",
					"parent": "arm",
					"pivot": [-9, 64, 1],
					"cubes": [
						{"origin": [-11.7, 53, -1.8], "size": [4.4, 11, 4.6], "uv": [0, 67]}
					]
				},
				{
					"name": "bone4",
					"parent": "bone3",
					"pivot": [-10, 53, 0],
					"cubes": [
						{"origin": [-11.7, 42, -1.8], "size": [4.4, 11, 4.6], "uv": [66, 61]}
					]
				},
				{
					"name": "bone5",
					"parent": "bone4",
					"pivot": [-10, 42, 0],
					"cubes": [
						{"origin": [-11.7, 32, -1.8], "size": [4.4, 10, 4.6], "uv": [79, 24]}
					]
				},
				{
					"name": "bone6",
					"parent": "bone5",
					"pivot": [-10, 32, 1],
					"cubes": [
						{"origin": [-11.7, 22, -1.8], "size": [3.4, 10, 4.6], "uv": [80, 86]}
					]
				},
				{
					"name": "bone7",
					"parent": "bone6",
					"pivot": [-12, 22, 1],
					"cubes": [
						{"origin": [-12, 17, -2], "size": [2, 5, 5], "uv": [90, 80]}
					]
				},
				{
					"name": "bone8",
					"parent": "bone7",
					"pivot": [-11, 21, -3],
					"cubes": [
						{"origin": [-12, 16, -4], "size": [2, 5, 2], "uv": [92, 57]}
					]
				},
				{
					"name": "bone9",
					"parent": "bone8",
					"pivot": [-11, 16, -3],
					"cubes": [
						{"origin": [-11.7, 11, -3.8], "size": [1.4, 5, 1.4], "uv": [16, 69]}
					]
				},
				{
					"name": "bone10",
					"parent": "bone9",
					"pivot": [-11, 11, -3],
					"cubes": [
						{"origin": [-11.5, 6, -3.6], "size": [1, 5, 1], "uv": [68, 52]}
					]
				},
				{
					"name": "bone11",
					"parent": "bone7",
					"pivot": [-11, 17, -1],
					"cubes": [
						{"origin": [-12, 12, -2], "size": [2, 5, 2], "uv": [28, 92]}
					]
				},
				{
					"name": "bone12",
					"parent": "bone11",
					"pivot": [-11, 12, -1],
					"cubes": [
						{"origin": [-11.7, 7, -1.8], "size": [1.4, 5, 1.4], "uv": [44, 67]}
					]
				},
				{
					"name": "bone13",
					"parent": "bone12",
					"pivot": [-11, 7, -1],
					"cubes": [
						{"origin": [-11.5, 2, -1.6], "size": [1, 5, 1], "uv": [60, 16]}
					]
				},
				{
					"name": "bone14",
					"parent": "bone7",
					"pivot": [-11, 17, 1],
					"cubes": [
						{"origin": [-12, 12, 0], "size": [2, 5, 2], "uv": [58, 90]}
					]
				},
				{
					"name": "bone15",
					"parent": "bone14",
					"pivot": [-11, 12, 1],
					"cubes": [
						{"origin": [-11.7, 7, 0.2], "size": [1.4, 5, 1.4], "uv": [58, 0]}
					]
				},
				{
					"name": "bone16",
					"parent": "bone15",
					"pivot": [-11, 7, 1],
					"cubes": [
						{"origin": [-11.5, 2, 0.4], "size": [1, 5, 1], "uv": [50, 53]}
					]
				},
				{
					"name": "bone17",
					"parent": "bone7",
					"pivot": [-11, 19, 3],
					"cubes": [
						{"origin": [-12, 14, 2], "size": [2, 5, 2], "uv": [52, 36]}
					]
				},
				{
					"name": "bone18",
					"parent": "bone17",
					"pivot": [-11, 14, 3],
					"cubes": [
						{"origin": [-11.7, 9, 2.2], "size": [1.4, 5, 1.4], "uv": [32, 50]}
					]
				},
				{
					"name": "bone19",
					"parent": "bone18",
					"pivot": [-11, 9, 3],
					"cubes": [
						{"origin": [-11.5, 4, 2.4], "size": [1, 5, 1], "uv": [50, 16]}
					]
				},
				{
					"name": "arm2",
					"parent": "body",
					"pivot": [10, 69, 1],
					"cubes": [
						{"origin": [7, 64, -2], "size": [5, 5, 5], "uv": [70, 76]}
					]
				},
				{
					"name": "bone20",
					"parent": "arm2",
					"pivot": [9, 64, 1],
					"cubes": [
						{"origin": [7.3, 53, -1.8], "size": [4.4, 11, 4.6], "uv": [63, 32]}
					]
				},
				{
					"name": "bone21",
					"parent": "bone20",
					"pivot": [10, 53, 0],
					"cubes": [
						{"origin": [7.3, 42, -1.8], "size": [4.4, 11, 4.6], "uv": [50, 61]}
					]
				},
				{
					"name": "bone22",
					"parent": "bone21",
					"pivot": [10, 42, 0],
					"cubes": [
						{"origin": [7.3, 32, -1.8], "size": [4.4, 10, 4.6], "uv": [54, 76]}
					]
				},
				{
					"name": "bone23",
					"parent": "bone22",
					"pivot": [10, 32, 1],
					"cubes": [
						{"origin": [8.3, 22, -1.8], "size": [3.4, 10, 4.6], "uv": [66, 86]}
					]
				},
				{
					"name": "bone24",
					"parent": "bone23",
					"pivot": [12, 22, 1],
					"cubes": [
						{"origin": [10, 17, -2], "size": [2, 5, 5], "uv": [14, 89]}
					]
				},
				{
					"name": "bone25",
					"parent": "bone24",
					"pivot": [11, 21, -3],
					"cubes": [
						{"origin": [10, 16, -4], "size": [2, 5, 2], "uv": [16, 36]}
					]
				},
				{
					"name": "bone26",
					"parent": "bone25",
					"pivot": [11, 16, -3],
					"cubes": [
						{"origin": [10.3, 11, -3.8], "size": [1.4, 5, 1.4], "uv": [16, 48]}
					]
				},
				{
					"name": "bone27",
					"parent": "bone26",
					"pivot": [11, 11, -3],
					"cubes": [
						{"origin": [10.5, 6, -3.6], "size": [1, 5, 1], "uv": [44, 28]}
					]
				},
				{
					"name": "bone28",
					"parent": "bone24",
					"pivot": [11, 17, -1],
					"cubes": [
						{"origin": [10, 12, -2], "size": [2, 5, 2], "uv": [0, 36]}
					]
				},
				{
					"name": "bone29",
					"parent": "bone28",
					"pivot": [11, 12, -1],
					"cubes": [
						{"origin": [10.3, 7, -1.8], "size": [1.4, 5, 1.4], "uv": [44, 8]}
					]
				},
				{
					"name": "bone30",
					"parent": "bone29",
					"pivot": [11, 7, -1],
					"cubes": [
						{"origin": [10.5, 2, -1.6], "size": [1, 5, 1], "uv": [43, 40]}
					]
				},
				{
					"name": "bone31",
					"parent": "bone24",
					"pivot": [11, 17, 1],
					"cubes": [
						{"origin": [10, 12, 0], "size": [2, 5, 2], "uv": [0, 18]}
					]
				},
				{
					"name": "bone32",
					"parent": "bone31",
					"pivot": [11, 12, 1],
					"cubes": [
						{"origin": [10.3, 7, 0.2], "size": [1.4, 5, 1.4], "uv": [27, 41]}
					]
				},
				{
					"name": "bone33",
					"parent": "bone32",
					"pivot": [11, 7, 1],
					"cubes": [
						{"origin": [10.5, 2, 0.4], "size": [1, 5, 1], "uv": [24, 36]}
					]
				},
				{
					"name": "bone34",
					"parent": "bone24",
					"pivot": [11, 19, 3],
					"cubes": [
						{"origin": [10, 14, 2], "size": [2, 5, 2], "uv": [0, 0]}
					]
				},
				{
					"name": "bone35",
					"parent": "bone34",
					"pivot": [11, 14, 3],
					"cubes": [
						{"origin": [10.3, 9, 2.2], "size": [1.4, 5, 1.4], "uv": [36, 0]}
					]
				},
				{
					"name": "bone36",
					"parent": "bone35",
					"pivot": [11, 9, 3],
					"cubes": [
						{"origin": [10.5, 4, 2.4], "size": [1, 5, 1], "uv": [28, 18]}
					]
				},
				{
					"name": "head",
					"parent": "body",
					"pivot": [0, 68, -2],
					"cubes": [
						{"origin": [3, 68, -5], "size": [2, 10, 7], "uv": [32, 50]},
						{"origin": [-5, 68, -5], "size": [2, 10, 7], "uv": [49, 19]},
						{"origin": [-3, 68, -5], "size": [6, 3, 7], "uv": [43, 43]},
						{"origin": [-3, 71, -5], "size": [6, 1, 0], "uv": [36, 27]},
						{"origin": [-3, 74, -5], "size": [6, 1, 0], "uv": [36, 26]},
						{"origin": [2, 72, -5], "size": [1, 2, 0], "uv": [44, 16]},
						{"origin": [-3, 72, -5], "size": [1, 2, 0], "uv": [24, 43]},
						{"origin": [-3, 71, -2], "size": [6, 4, 4], "uv": [79, 38]},
						{"origin": [-3, 75, -5], "size": [6, 3, 7], "uv": [24, 40]}
					]
				},
				{
					"name": "bone",
					"parent": "head",
					"pivot": [0, 78, -5],
					"cubes": [
						{"origin": [-3, 78.95563, -11.62593], "size": [6, 2, 6], "pivot": [-2, 70.95563, -3.62593], "rotation": [35, 0, 0], "uv": [50, 53]},
						{"origin": [1, 77.95563, -10.62593], "size": [0, 1, 1], "pivot": [-2, 70.95563, -3.62593], "rotation": [35, 0, 0], "uv": [16, 42]},
						{"origin": [-1, 77.95563, -7.62593], "size": [0, 1, 1], "pivot": [-2, 70.95563, -3.62593], "rotation": [35, 0, 0], "uv": [6, 42]},
						{"origin": [-2, 77.95563, -10.62593], "size": [0, 1, 1], "pivot": [-2, 70.95563, -3.62593], "rotation": [35, 0, 0], "uv": [4, 42]},
						{"origin": [0, 77.95563, -8.62593], "size": [0, 1, 1], "pivot": [-2, 70.95563, -3.62593], "rotation": [35, 0, 0], "uv": [2, 42]},
						{"origin": [2, 77.95563, -8.62593], "size": [0, 1, 1], "pivot": [-2, 70.95563, -3.62593], "rotation": [35, 0, 0], "uv": [0, 42]},
						{"origin": [-4, 76, -11], "size": [8, 2, 6], "uv": [36, 0]},
						{"origin": [0, 75, -10], "size": [0, 1, 1], "uv": [24, 41]},
						{"origin": [3, 75, -9], "size": [0, 1, 1], "uv": [40, 4]},
						{"origin": [1, 75, -8], "size": [0, 1, 1], "uv": [40, 3]},
						{"origin": [2, 75, -6], "size": [0, 1, 1], "uv": [40, 2]},
						{"origin": [-2, 75, -6], "size": [0, 1, 1], "uv": [40, 1]}
					]
				},
				{
					"name": "bone48",
					"parent": "head",
					"pivot": [0, 68, -5],
					"cubes": [
						{"origin": [-3, 65.04437, -11.62593], "size": [6, 2, 6], "pivot": [-2, 75.04437, -3.62593], "rotation": [-35, 0, 0], "uv": [44, 8]},
						{"origin": [1, 67.04437, -10.62593], "size": [0, 1, 1], "pivot": [-2, 75.04437, -3.62593], "rotation": [-35, 0, 0], "uv": [40, 0]},
						{"origin": [-1, 67.04437, -7.62593], "size": [0, 1, 1], "pivot": [-2, 75.04437, -3.62593], "rotation": [-35, 0, 0], "uv": [28, 39]},
						{"origin": [-2, 67.04437, -10.62593], "size": [0, 1, 1], "pivot": [-2, 75.04437, -3.62593], "rotation": [-35, 0, 0], "uv": [22, 36]},
						{"origin": [0, 67.04437, -8.62593], "size": [0, 1, 1], "pivot": [-2, 75.04437, -3.62593], "rotation": [-35, 0, 0], "uv": [16, 36]},
						{"origin": [2, 67.04437, -8.62593], "size": [0, 1, 1], "pivot": [-2, 75.04437, -3.62593], "rotation": [-35, 0, 0], "uv": [6, 36]},
						{"origin": [-4, 68, -11], "size": [8, 2, 6], "uv": [28, 18]},
						{"origin": [0, 70, -10], "size": [0, 1, 1], "uv": [0, 36]},
						{"origin": [3, 70, -9], "size": [0, 1, 1], "uv": [0, 35]},
						{"origin": [1, 70, -8], "size": [0, 1, 1], "uv": [0, 18]},
						{"origin": [2, 70, -6], "size": [0, 1, 1], "uv": [0, 17]},
						{"origin": [-2, 70, -6], "size": [0, 1, 1], "uv": [0, 0]}
					]
				},
				{
					"name": "bone2",
					"parent": "head",
					"pivot": [-5.42326, 74, -4.83786],
					"cubes": [
						{"origin": [-5.14372, 70, -14.03302], "size": [2, 6, 6], "pivot": [-0.14372, 68, -11.03302], "rotation": [0, -20, 0], "uv": [83, 10]},
						{"origin": [-3.14372, 71, -13.03302], "size": [1, 0, 1], "pivot": [-0.14372, 68, -11.03302], "rotation": [0, -20, 0], "uv": [21, 36]},
						{"origin": [-3.14372, 73, -13.03302], "size": [1, 0, 1], "pivot": [-0.14372, 68, -11.03302], "rotation": [0, -20, 0], "uv": [15, 36]},
						{"origin": [-3.14372, 72, -11.03302], "size": [1, 0, 1], "pivot": [-0.14372, 68, -11.03302], "rotation": [0, -20, 0], "uv": [5, 36]},
						{"origin": [-3.14372, 75, -11.03302], "size": [1, 0, 1], "pivot": [-0.14372, 68, -11.03302], "rotation": [0, -20, 0], "uv": [31, 23]},
						{"origin": [-5.42326, 69, -10.83786], "size": [2, 8, 6], "pivot": [-0.42326, 68, -7.83786], "rotation": [0, 10, 0], "uv": [38, 75]},
						{"origin": [-3.42326, 70, -7.83786], "size": [1, 0, 1], "pivot": [-0.42326, 68, -7.83786], "rotation": [0, 10, 0], "uv": [31, 22]},
						{"origin": [-3.42326, 72, -8.83786], "size": [1, 0, 1], "pivot": [-0.42326, 68, -7.83786], "rotation": [0, 10, 0], "uv": [31, 21]},
						{"origin": [-3.42326, 74, -9.83786], "size": [1, 0, 1], "pivot": [-0.42326, 68, -7.83786], "rotation": [0, 10, 0], "uv": [31, 20]},
						{"origin": [-3.42326, 75, -5.83786], "size": [1, 0, 1], "pivot": [-0.42326, 68, -7.83786], "rotation": [0, 10, 0], "uv": [31, 19]},
						{"origin": [-3.42326, 72, -6.83786], "size": [1, 0, 1], "pivot": [-0.42326, 68, -7.83786], "rotation": [0, 10, 0], "uv": [30, 18]}
					]
				},
				{
					"name": "bone47",
					"parent": "head",
					"pivot": [5.42326, 74, -4.83786],
					"cubes": [
						{"origin": [3.14372, 70, -14.03302], "size": [2, 6, 6], "pivot": [0.14372, 68, -11.03302], "rotation": [0, 20, 0], "uv": [82, 61]},
						{"origin": [2.14372, 71, -13.03302], "size": [1, 0, 1], "pivot": [0.14372, 68, -11.03302], "rotation": [0, 20, 0], "uv": [4, 25]},
						{"origin": [2.14372, 74, -13.03302], "size": [1, 0, 1], "pivot": [0.14372, 68, -11.03302], "rotation": [0, 20, 0], "uv": [2, 25]},
						{"origin": [2.14372, 73, -11.03302], "size": [1, 0, 1], "pivot": [0.14372, 68, -11.03302], "rotation": [0, 20, 0], "uv": [0, 25]},
						{"origin": [2.14372, 75, -11.03302], "size": [1, 0, 1], "pivot": [0.14372, 68, -11.03302], "rotation": [0, 20, 0], "uv": [5, 19]},
						{"origin": [3.42326, 69, -10.83786], "size": [2, 8, 6], "pivot": [0.42326, 68, -7.83786], "rotation": [0, -10, 0], "uv": [16, 75]},
						{"origin": [2.42326, 70, -7.83786], "size": [1, 0, 1], "pivot": [0.42326, 68, -7.83786], "rotation": [0, -10, 0], "uv": [5, 18]},
						{"origin": [2.42326, 72, -6.83786], "size": [1, 0, 1], "pivot": [0.42326, 68, -7.83786], "rotation": [0, -10, 0], "uv": [4, 7]},
						{"origin": [2.42326, 73, -8.83786], "size": [1, 0, 1], "pivot": [0.42326, 68, -7.83786], "rotation": [0, -10, 0], "uv": [2, 7]},
						{"origin": [2.42326, 75, -6.83786], "size": [1, 0, 1], "pivot": [0.42326, 68, -7.83786], "rotation": [0, -10, 0], "uv": [0, 7]},
						{"origin": [2.42326, 75, -9.83786], "size": [1, 0, 1], "pivot": [0.42326, 68, -7.83786], "rotation": [0, -10, 0], "uv": [5, 1]},
						{"origin": [2.42326, 71, -9.83786], "size": [1, 0, 1], "pivot": [0.42326, 68, -7.83786], "rotation": [0, -10, 0], "uv": [5, 0]}
					]
				},
				{
					"name": "leg",
					"parent": "main",
					"pivot": [-3, 49, 1],
					"cubes": [
						{"origin": [-5, 47, -1], "size": [5, 2, 5], "uv": [38, 89]}
					]
				},
				{
					"name": "bone37",
					"parent": "leg",
					"pivot": [-2.1897, 47, 2.44876],
					"cubes": [
						{"origin": [-4.8, 37, -0.8], "size": [4.6, 10, 4.6], "uv": [74, 47]}
					]
				},
				{
					"name": "bone38",
					"parent": "bone37",
					"pivot": [-3.1897, 37, 2.44876],
					"cubes": [
						{"origin": [-4.6, 27, -0.6], "size": [4.2, 10, 4.2], "uv": [28, 67]}
					]
				},
				{
					"name": "bone39",
					"parent": "bone38",
					"pivot": [-2.1897, 27, 1.44876],
					"cubes": [
						{"origin": [-4.8, 12, -0.8], "size": [4.6, 15, 4.6], "uv": [16, 50]}
					]
				},
				{
					"name": "bone40",
					"parent": "bone39",
					"pivot": [-2.1897, 12, 2.44876],
					"cubes": [
						{"origin": [-4.8, 4, 0.2], "size": [4.6, 8, 3.6], "uv": [0, 92]}
					]
				},
				{
					"name": "bone41",
					"parent": "bone40",
					"pivot": [-2.1897, 4, 2.44876],
					"cubes": [
						{"origin": [-4.8, 0, -4.8], "size": [4.6, 4, 8.6], "uv": [0, 36]},
						{"origin": [-5.9897, 0, -4.35124], "size": [2.6, 3, 7.6], "pivot": [-1.1897, 75, -5.55124], "rotation": [0, 7.5, 0], "uv": [25, 82]}
					]
				},
				{
					"name": "leg2",
					"parent": "main",
					"pivot": [3, 49, 1],
					"cubes": [
						{"origin": [0, 47, -1], "size": [5, 2, 5], "uv": [85, 73]}
					]
				},
				{
					"name": "bone42",
					"parent": "leg2",
					"pivot": [2.1897, 47, 2.44876],
					"cubes": [
						{"origin": [0.2, 37, -0.8], "size": [4.6, 10, 4.6], "uv": [67, 14]}
					]
				},
				{
					"name": "bone43",
					"parent": "bone42",
					"pivot": [3.1897, 37, 2.44876],
					"cubes": [
						{"origin": [0.4, 27, -0.6], "size": [4.2, 10, 4.2], "uv": [64, 0]}
					]
				},
				{
					"name": "bone44",
					"parent": "bone43",
					"pivot": [2.1897, 27, 1.44876],
					"cubes": [
						{"origin": [0.2, 12, -0.8], "size": [4.6, 15, 4.6], "uv": [0, 48]}
					]
				},
				{
					"name": "bone45",
					"parent": "bone44",
					"pivot": [2.1897, 12, 2.44876],
					"cubes": [
						{"origin": [0.2, 4, 0.2], "size": [4.6, 8, 3.6], "uv": [90, 46]}
					]
				},
				{
					"name": "bone46",
					"parent": "bone45",
					"pivot": [2.1897, 4, 2.44876],
					"cubes": [
						{"origin": [0.2, 0, -4.8], "size": [4.6, 4, 8.6], "uv": [28, 28]},
						{"origin": [3.3897, 0, -4.35124], "size": [2.6, 3, 7.6], "pivot": [1.1897, 75, -5.55124], "rotation": [0, -7.5, 0], "uv": [0, 82]}
					]
				}
			]
		}
	]
}