{
	"format_version": "1.12.0",
	"minecraft:geometry": [
		{
			"description": {
				"identifier": "geometry.demodog",
				"texture_width": 256,
				"texture_height": 256,
				"visible_bounds_width": 9,
				"visible_bounds_height": 6.5,
				"visible_bounds_offset": [0, 2.75, 0]
			},
			"bones": [
				{
					"name": "main",
					"pivot": [0, 0, -7]
				},
				{
					"name": "head",
					"parent": "main",
					"pivot": [0, 29, -17],
					"cubes": [
						{"origin": [3, 24, -24], "size": [2, 10, 7], "uv": [46, 105]},
						{"origin": [-5, 24, -24], "size": [2, 10, 7], "uv": [0, 105]},
						{"origin": [-3, 24, -24], "size": [6, 3, 7], "uv": [101, 98]},
						{"origin": [-3, 27, -24], "size": [6, 1, 0], "uv": [0, 19]},
						{"origin": [-3, 30, -24], "size": [6, 1, 0], "uv": [0, 18]},
						{"origin": [2, 28, -24], "size": [1, 2, 0], "uv": [10, 28]},
						{"origin": [-3, 28, -24], "size": [1, 2, 0], "uv": [8, 28]},
						{"origin": [-3, 27, -21], "size": [6, 4, 4], "uv": [108, 52]},
						{"origin": [-3, 31, -24], "size": [6, 3, 7], "uv": [101, 61]}
					]
				},
				{
					"name": "bone",
					"parent": "head",
					"pivot": [0, 34, -24],
					"cubes": [
						{"origin": [-3, 34.95563, -30.62593], "size": [6, 2, 6], "pivot": [-2, 26.95563, -22.62593], "rotation": [35, 0, 0], "uv": [108, 44]},
						{"origin": [1, 33.95563, -29.62593], "size": [0, 1, 1], "pivot": [-2, 26.95563, -22.62593], "rotation": [35, 0, 0], "uv": [6, 27]},
						{"origin": [-1, 33.95563, -26.62593], "size": [0, 1, 1], "pivot": [-2, 26.95563, -22.62593], "rotation": [35, 0, 0], "uv": [4, 27]},
						{"origin": [-2, 33.95563, -29.62593], "size": [0, 1, 1], "pivot": [-2, 26.95563, -22.62593], "rotation": [35, 0, 0], "uv": [2, 27]},
						{"origin": [0, 33.95563, -27.62593], "size": [0, 1, 1], "pivot": [-2, 26.95563, -22.62593], "rotation": [35, 0, 0], "uv": [0, 27]},
						{"origin": [2, 33.95563, -27.62593], "size": [0, 1, 1], "pivot": [-2, 26.95563, -22.62593], "rotation": [35, 0, 0], "uv": [12, 26]},
						{"origin": [-4, 32, -30], "size": [8, 2, 6], "uv": [100, 11]},
						{"origin": [0, 31, -29], "size": [0, 1, 1], "uv": [10, 26]},
						{"origin": [3, 31, -28], "size": [0, 1, 1], "uv": [8, 26]},
						{"origin": [1, 31, -27], "size": [0, 1, 1], "uv": [6, 26]},
						{"origin": [2, 31, -25], "size": [0, 1, 1], "uv": [4, 26]},
						{"origin": [-2, 31, -25], "size": [0, 1, 1], "uv": [2, 26]}
					]
				},
				{
					"name": "bone48",
					"parent": "head",
					"pivot": [0, 24, -24],
					"cubes": [
						{"origin": [-3, 21.04437, -30.62593], "size": [6, 2, 6], "pivot": [-2, 31.04437, -22.62593], "rotation": [-35, 0, 0], "uv": [108, 19]},
						{"origin": [1, 23.04437, -29.62593], "size": [0, 1, 1], "pivot": [-2, 31.04437, -22.62593], "rotation": [-35, 0, 0], "uv": [0, 26]},
						{"origin": [-1, 23.04437, -26.62593], "size": [0, 1, 1], "pivot": [-2, 31.04437, -22.62593], "rotation": [-35, 0, 0], "uv": [18, 18]},
						{"origin": [-2, 23.04437, -29.62593], "size": [0, 1, 1], "pivot": [-2, 31.04437, -22.62593], "rotation": [-35, 0, 0], "uv": [18, 17]},
						{"origin": [0, 23.04437, -27.62593], "size": [0, 1, 1], "pivot": [-2, 31.04437, -22.62593], "rotation": [-35, 0, 0], "uv": [16, 18]},
						{"origin": [2, 23.04437, -27.62593], "size": [0, 1, 1], "pivot": [-2, 31.04437, -22.62593], "rotation": [-35, 0, 0], "uv": [14, 18]},
						{"origin": [-4, 24, -30], "size": [8, 2, 6], "uv": [42, 32]},
						{"origin": [0, 26, -29], "size": [0, 1, 1], "uv": [12, 18]},
						{"origin": [3, 26, -28], "size": [0, 1, 1], "uv": [16, 17]},
						{"origin": [1, 26, -27], "size": [0, 1, 1], "uv": [14, 17]},
						{"origin": [2, 26, -25], "size": [0, 1, 1], "uv": [12, 17]},
						{"origin": [-2, 26, -25], "size": [0, 1, 1], "uv": [17, 3]}
					]
				},
				{
					"name": "bone2",
					"parent": "head",
					"pivot": [-5.42326, 30, -23.83786],
					"cubes": [
						{"origin": [-5.14372, 26, -33.03302], "size": [2, 6, 6], "pivot": [-0.14372, 24, -30.03302], "rotation": [0, -20, 0], "uv": [114, 27]},
						{"origin": [-3.14372, 27, -32.03302], "size": [1, 0, 1], "pivot": [-0.14372, 24, -30.03302], "rotation": [0, -20, 0], "uv": [16, 3]},
						{"origin": [-3.14372, 29, -32.03302], "size": [1, 0, 1], "pivot": [-0.14372, 24, -30.03302], "rotation": [0, -20, 0], "uv": [16, 2]},
						{"origin": [-3.14372, 28, -30.03302], "size": [1, 0, 1], "pivot": [-0.14372, 24, -30.03302], "rotation": [0, -20, 0], "uv": [16, 1]},
						{"origin": [-3.14372, 31, -30.03302], "size": [1, 0, 1], "pivot": [-0.14372, 24, -30.03302], "rotation": [0, -20, 0], "uv": [16, 0]},
						{"origin": [-5.42326, 25, -29.83786], "size": [2, 8, 6], "pivot": [-0.42326, 24, -26.83786], "rotation": [0, 10, 0], "uv": [64, 110]},
						{"origin": [-3.42326, 26, -26.83786], "size": [1, 0, 1], "pivot": [-0.42326, 24, -26.83786], "rotation": [0, 10, 0], "uv": [14, 4]},
						{"origin": [-3.42326, 28, -27.83786], "size": [1, 0, 1], "pivot": [-0.42326, 24, -26.83786], "rotation": [0, 10, 0], "uv": [14, 3]},
						{"origin": [-3.42326, 30, -28.83786], "size": [1, 0, 1], "pivot": [-0.42326, 24, -26.83786], "rotation": [0, 10, 0], "uv": [14, 2]},
						{"origin": [-3.42326, 31, -24.83786], "size": [1, 0, 1], "pivot": [-0.42326, 24, -26.83786], "rotation": [0, 10, 0], "uv": [14, 1]},
						{"origin": [-3.42326, 28, -25.83786], "size": [1, 0, 1], "pivot": [-0.42326, 24, -26.83786], "rotation": [0, 10, 0], "uv": [14, 0]}
					]
				},
				{
					"name": "bone47",
					"parent": "head",
					"pivot": [5.42326, 30, -23.83786],
					"cubes": [
						{"origin": [3.14372, 26, -33.03302], "size": [2, 6, 6], "pivot": [0.14372, 24, -30.03302], "rotation": [0, 20, 0], "uv": [18, 112]},
						{"origin": [2.14372, 27, -32.03302], "size": [1, 0, 1], "pivot": [0.14372, 24, -30.03302], "rotation": [0, 20, 0], "uv": [2, 4]},
						{"origin": [2.14372, 30, -32.03302], "size": [1, 0, 1], "pivot": [0.14372, 24, -30.03302], "rotation": [0, 20, 0], "uv": [0, 4]},
						{"origin": [2.14372, 29, -30.03302], "size": [1, 0, 1], "pivot": [0.14372, 24, -30.03302], "rotation": [0, 20, 0], "uv": [2, 3]},
						{"origin": [2.14372, 31, -30.03302], "size": [1, 0, 1], "pivot": [0.14372, 24, -30.03302], "rotation": [0, 20, 0], "uv": [0, 3]},
						{"origin": [3.42326, 25, -29.83786], "size": [2, 8, 6], "pivot": [0.42326, 24, -26.83786], "rotation": [0, -10, 0], "uv": [101, 108]},
						{"origin": [2.42326, 26, -26.83786], "size": [1, 0, 1], "pivot": [0.42326, 24, -26.83786], "rotation": [0, -10, 0], "uv": [2, 2]},
						{"origin": [2.42326, 28, -25.83786], "size": [1, 0, 1], "pivot": [0.42326, 24, -26.83786], "rotation": [0, -10, 0], "uv": [2, 1]},
						{"origin": [2.42326, 29, -27.83786], "size": [1, 0, 1], "pivot": [0.42326, 24, -26.83786], "rotation": [0, -10, 0], "uv": [2, 0]},
						{"origin": [2.42326, 31, -25.83786], "size": [1, 0, 1], "pivot": [0.42326, 24, -26.83786], "rotation": [0, -10, 0], "uv": [0, 2]},
						{"origin": [2.42326, 31, -28.83786], "size": [1, 0, 1], "pivot": [0.42326, 24, -26.83786], "rotation": [0, -10, 0], "uv": [0, 1]},
						{"origin": [2.42326, 27, -28.83786], "size": [1, 0, 1], "pivot": [0.42326, 24, -26.83786], "rotation": [0, -10, 0], "uv": [0, 0]}
					]
				},
				{
					"name": "body",
					"parent": "main",
					"pivot": [0, 19, -7],
					"cubes": [
						{"origin": [-7, 24, -14], "size": [14, 11, 14], "uv": [0, 27]},
						{"origin": [-5, 28, 0], "size": [10, 7, 20], "uv": [0, 0]},
						{"origin": [-4.7, 21.50093, 3.00341], "size": [9.4, 7, 9], "pivot": [0, 14.10093, -4.99659], "rotation": [25, 0, 0], "uv": [47, 43]},
						{"origin": [-4.7, 26.79264, -15.78783], "size": [9.4, 10, 6], "pivot": [0, 20.79264, -5.78783], "rotation": [15, 0, 0], "uv": [0, 52]}
					]
				},
				{
					"name": "tails",
					"parent": "body",
					"pivot": [0, 32, 20],
					"cubes": [
						{"origin": [-4, 29, 20], "size": [8, 6, 10], "uv": [40, 0]},
						{"origin": [-3, 30, 30], "size": [6, 5, 10], "uv": [50, 17]},
						{"origin": [-2, 31, 40], "size": [4, 4, 10], "uv": [0, 68]},
						{"origin": [-2, 32, 50], "size": [4, 3, 10], "uv": [72, 6]}
					]
				},
				{
					"name": "leg",
					"parent": "main",
					"pivot": [-9, 33, -10],
					"cubes": [
						{"origin": [-12, 28, -11], "size": [6, 6, 7], "pivot": [0, 19, -7], "rotation": [12.5, 0, 0], "uv": [83, 85]}
					]
				},
				{
					"name": "bone3",
					"parent": "leg",
					"pivot": [-9, 29, -8],
					"cubes": [
						{"origin": [-11.6, 16, -8], "size": [5.2, 13, 6], "pivot": [0, 19, -7], "rotation": [22.5, 0, 0], "uv": [74, 32]}
					]
				},
				{
					"name": "bone4",
					"parent": "bone3",
					"pivot": [-9, 18, -6],
					"cubes": [
						{"origin": [-11, 11.50593, -2.31173], "size": [4, 13, 5], "pivot": [0, 26.50593, -8.31173], "rotation": [-60, 0, 0], "uv": [83, 98]}
					]
				},
				{
					"name": "bone5",
					"parent": "bone4",
					"pivot": [-9, 13, -16],
					"cubes": [
						{"origin": [-11, 1.57583, -17.98973], "size": [4, 13, 5], "pivot": [0, 16.57583, -23.98973], "rotation": [-7.5, 0, 0], "uv": [96, 32]}
					]
				},
				{
					"name": "bone6",
					"parent": "bone5",
					"pivot": [-9, 2, -15],
					"cubes": [
						{"origin": [-11.2, 0, -24], "size": [4.4, 2, 9], "uv": [90, 0]}
					]
				},
				{
					"name": "leg2",
					"parent": "main",
					"pivot": [9, 33, -10],
					"cubes": [
						{"origin": [6, 28, -11], "size": [6, 6, 7], "pivot": [0, 19, -7], "rotation": [12.5, 0, 0], "uv": [82, 19]}
					]
				},
				{
					"name": "bone27",
					"parent": "leg2",
					"pivot": [9, 29, -8],
					"cubes": [
						{"origin": [6.4, 16, -8], "size": [5.2, 13, 6], "pivot": [0, 19, -7], "rotation": [22.5, 0, 0], "uv": [68, 73]}
					]
				},
				{
					"name": "bone28",
					"parent": "bone27",
					"pivot": [9, 18, -6],
					"cubes": [
						{"origin": [7, 11.50593, -2.31173], "size": [4, 13, 5], "pivot": [0, 26.50593, -8.31173], "rotation": [-60, 0, 0], "uv": [35, 94]}
					]
				},
				{
					"name": "bone29",
					"parent": "bone28",
					"pivot": [9, 13, -16],
					"cubes": [
						{"origin": [7, 1.57583, -17.98973], "size": [4, 13, 5], "pivot": [0, 16.57583, -23.98973], "rotation": [-7.5, 0, 0], "uv": [17, 94]}
					]
				},
				{
					"name": "bone30",
					"parent": "bone29",
					"pivot": [9, 2, -15],
					"cubes": [
						{"origin": [6.8, 0, -24], "size": [4.4, 2, 9], "uv": [84, 68]}
					]
				},
				{
					"name": "leg3",
					"parent": "main",
					"pivot": [8, 34, 17],
					"cubes": [
						{"origin": [4, 26, 14], "size": [7, 7, 7], "pivot": [10, 35, 18], "rotation": [-32.5, 0, 0], "uv": [58, 59]}
					]
				},
				{
					"name": "bone53",
					"parent": "leg3",
					"pivot": [8, 29, 12],
					"cubes": [
						{"origin": [4.4, 14, 14], "size": [6.2, 12, 5], "pivot": [10, 35, 18], "rotation": [-32.5, 0, 0], "uv": [86, 51]}
					]
				},
				{
					"name": "bone54",
					"parent": "bone53",
					"pivot": [7.2, 19, 6],
					"cubes": [
						{"origin": [4.6, 2.28724, -5.98011], "size": [5.8, 16, 5], "pivot": [10, 28.28724, -0.98011], "rotation": [50, 0, 0], "uv": [48, 73]}
					]
				},
				{
					"name": "bone55",
					"parent": "bone54",
					"pivot": [7.5, 12, 18],
					"cubes": [
						{"origin": [4.6, 6.2181, 20.70133], "size": [5.8, 13, 5], "pivot": [10, 29.2181, 6.70133], "rotation": [-27.5, 0, 0], "uv": [63, 92]}
					]
				},
				{
					"name": "bone56",
					"parent": "bone55",
					"pivot": [7, 3, 14],
					"cubes": [
						{"origin": [4, 0, 8], "size": [7, 3, 6], "uv": [107, 0]},
						{"origin": [4, 0, 4], "size": [7, 2, 4], "uv": [66, 0]}
					]
				},
				{
					"name": "leg4",
					"parent": "main",
					"pivot": [-8, 34, 17],
					"cubes": [
						{"origin": [-11, 26, 14], "size": [7, 7, 7], "pivot": [-10, 35, 18], "rotation": [-32.5, 0, 0], "uv": [30, 59]}
					]
				},
				{
					"name": "bone72",
					"parent": "leg4",
					"pivot": [-8, 29, 12],
					"cubes": [
						{"origin": [-10.6, 14, 14], "size": [6.2, 12, 5], "pivot": [-10, 35, 18], "rotation": [-32.5, 0, 0], "uv": [0, 82]}
					]
				},
				{
					"name": "bone73",
					"parent": "bone72",
					"pivot": [-7.2, 19, 6],
					"cubes": [
						{"origin": [-10.4, 2.28724, -5.98011], "size": [5.8, 16, 5], "pivot": [-10, 28.28724, -0.98011], "rotation": [50, 0, 0], "uv": [28, 73]}
					]
				},
				{
					"name": "bone74",
					"parent": "bone73",
					"pivot": [-7.5, 12, 18],
					"cubes": [
						{"origin": [-10.4, 6.2181, 20.70133], "size": [5.8, 13, 5], "pivot": [-10, 29.2181, 6.70133], "rotation": [-27.5, 0, 0], "uv": [0, 0]}
					]
				},
				{
					"name": "bone75",
					"parent": "bone74",
					"pivot": [-7, 3, 14],
					"cubes": [
						{"origin": [-11, 0, 8], "size": [7, 3, 6], "uv": [102, 79]},
						{"origin": [-11, 0, 4], "size": [7, 2, 4], "uv": [24, 52]}
					]
				}
			]
		}
	]
}