{
	"format_version": "1.12.0",
	"minecraft:geometry": [
		{
			"description": {
				"identifier": "geometry.mind_flayer",
				"texture_width": 512,
				"texture_height": 512,
				"visible_bounds_width": 45,
				"visible_bounds_height": 14,
				"visible_bounds_offset": [0, 5, 0]
			},
			"bones": [
				{
					"name": "main",
					"pivot": [0, 0, 0]
				},
				{
					"name": "neck",
					"parent": "main",
					"pivot": [0, 137.346, -31.59],
					"cubes": [
						{"origin": [-4.212, 122.604, -58.968], "size": [8.424, 8.424, 12.636], "pivot": [0, 124.71, -67.392], "rotation": [22.5, 0, 0], "uv": [0, 112]},
						{"origin": [-6.318, 127.83681, -49.61647], "size": [12.636, 12.636, 18.954], "pivot": [0, 132.04881, -55.93447], "rotation": [7.5, 0, 0], "uv": [96, 112]}
					]
				},
				{
					"name": "head",
					"parent": "neck",
					"pivot": [0, 126.816, -58.968],
					"cubes": [
						{"origin": [-8.424, 124.71, -75.816], "size": [16.848, 10.53, 16.848], "uv": [191, 196]},
						{"origin": [-6.318, 133.93716, -77.77249], "size": [12.636, 10.53, 12.636], "pivot": [0, 123.40716, -69.34849], "rotation": [-10, 0, 0], "uv": [146, 212]},
						{"origin": [-6.318, 126.54769, -62.55443], "size": [12.636, 10.53, 6.318], "pivot": [0, 116.01769, -87.82643], "rotation": [12.5, 0, 0], "uv": [138, 112]},
						{"origin": [-10.07102, 133.17181, -77.90745], "size": [2.106, 10.53, 12.636], "pivot": [-3.75302, 122.64181, -69.48345], "rotation": [-9.85108, 1.72794, 9.85108], "uv": [0, 219]},
						{"origin": [7.96502, 133.17181, -77.90745], "size": [2.106, 10.53, 12.636], "pivot": [3.75302, 122.64181, -69.48345], "rotation": [-9.85108, -1.72794, -9.85108], "uv": [215, 116]},
						{"origin": [-4.212, 142.91003, -77.69552], "size": [8.424, 12.636, 10.53], "pivot": [0, 132.38003, -71.37752], "rotation": [-27.5, 0, 0], "uv": [0, 132]},
						{"origin": [-6.318, 142.15492, -72.3574], "size": [4.212, 12.636, 10.53], "pivot": [0, 142.91003, -67.16552], "rotation": [-27.14233, 4.59902, 8.88927], "uv": [63, 0]},
						{"origin": [2.106, 142.15492, -72.3574], "size": [4.212, 12.636, 10.53], "pivot": [0, 142.91003, -67.16552], "rotation": [-27.14233, -4.59902, -8.88927], "uv": [0, 0]},
						{"origin": [-4.212, 140.80403, -81.90752], "size": [8.424, 12.636, 4.212], "pivot": [0, 132.38003, -71.37752], "rotation": [-40, 0, 0], "uv": [86, 181]},
						{"origin": [-4.212, 155.6393, -78.56303], "size": [8.424, 12.636, 10.53], "pivot": [0, 145.1093, -72.24503], "rotation": [-60, 0, 0], "uv": [128, 0]},
						{"origin": [-4.212, 154.49355, -63.18853], "size": [8.424, 12.636, 6.318], "pivot": [0, 143.96355, -56.87053], "rotation": [-15, 0, 0], "uv": [28, 219]},
						{"origin": [-2.106, 165.72934, -59.88992], "size": [4.212, 12.636, 4.212], "pivot": [0, 136.24534, -53.57192], "rotation": [-5, 0, 0], "uv": [96, 112]},
						{"origin": [-6.318, 121.96081, -75.94398], "size": [12.636, 4.212, 14.742], "pivot": [-2.106, 126.17281, -67.51998], "rotation": [10, 0, 0], "uv": [215, 98]},
						{"origin": [-4.212, 118.68819, -76.74106], "size": [8.424, 4.212, 12.636], "pivot": [4.212, 127.11219, -68.31706], "rotation": [17.5, 0, 0], "uv": [96, 142]},
						{"origin": [-4.4226, 115.53988, -79.6635], "size": [8.8452, 4.212, 12.636], "pivot": [4.212, 128.17588, -71.2395], "rotation": [32.5, 0, 0], "uv": [128, 22]}
					]
				},
				{
					"name": "body",
					"parent": "main",
					"pivot": [0, 139.452, 0],
					"cubes": [
						{"origin": [-12.636, 126.816, -2.106], "size": [25.272, 23.166, 46.332], "pivot": [0, 51, 0], "rotation": [20, 0, 0], "uv": [0, 112]},
						{"origin": [-10.53, 138.27194, -0.92986], "size": [21.06, 21.06, 42.12], "pivot": [0, 60.34994, 1.17614], "rotation": [-5, 0, 0], "uv": [128, 0]},
						{"origin": [-9.6876, 172.36415, -26.91217], "size": [19.3752, 16.848, 35.802], "pivot": [0, 90.23015, -24.80617], "rotation": [-50, 0, 0], "uv": [142, 112]},
						{"origin": [-7.5816, 205.86039, -28.22412], "size": [15.1632, 14.742, 35.802], "pivot": [0, 121.62039, -26.11812], "rotation": [-87.5, 0, 0], "uv": [107, 163]},
						{"origin": [-7.5816, 195.88154, -24.95808], "size": [15.1632, 14.742, 33.696], "pivot": [0, 111.64154, -22.85208], "rotation": [-102.5, 0, 0], "uv": [0, 0]},
						{"origin": [-7.5816, 144.70147, -33.79223], "size": [15.1632, 14.742, 98.982], "pivot": [0, 60.46147, -31.68623], "rotation": [-90, 0, 0], "uv": [0, 0]}
					]
				},
				{
					"name": "arm",
					"parent": "main",
					"pivot": [-12.636, 143.664, -14.742],
					"cubes": [
						{"origin": [-46.332, 139.452, -21.06], "size": [33.696, 10.53, 10.53], "uv": [0, 47]}
					]
				},
				{
					"name": "bone",
					"parent": "arm",
					"pivot": [-46.332, 143.664, -16.848],
					"cubes": [
						{"origin": [-80.028, 139.452, -21.06], "size": [33.696, 10.53, 10.53], "uv": [0, 67]}
					]
				},
				{
					"name": "bone2",
					"parent": "bone",
					"pivot": [-80.028, 143.664, -14.742],
					"cubes": [
						{"origin": [-113.724, 139.452, -21.06], "size": [33.696, 10.53, 10.53], "uv": [0, 181]}
					]
				},
				{
					"name": "bone3",
					"parent": "bone2",
					"pivot": [-113.724, 143.664, -14.742],
					"cubes": [
						{"origin": [-147.42, 139.8732, -20.6388], "size": [33.696, 9.6876, 9.6876], "uv": [0, 201]}
					]
				},
				{
					"name": "bone4",
					"parent": "bone3",
					"pivot": [-147.42, 143.664, -16.848],
					"cubes": [
						{"origin": [-181.116, 139.452, -21.06], "size": [33.696, 10.53, 10.53], "uv": [172, 163]}
					]
				},
				{
					"name": "bone5",
					"parent": "bone4",
					"pivot": [-181.116, 143.664, -14.742],
					"cubes": [
						{"origin": [-214.812, 139.452, -21.06], "size": [33.696, 10.53, 10.53], "uv": [128, 63]}
					]
				},
				{
					"name": "bone6",
					"parent": "bone5",
					"pivot": [-212.706, 147.876, -18.954],
					"cubes": [
						{"origin": [-248.508, 145.77, -21.06], "size": [33.696, 4.212, 4.212], "uv": [84, 212]}
					]
				},
				{
					"name": "bone7",
					"parent": "bone6",
					"pivot": [-248.508, 147.876, -18.954],
					"cubes": [
						{"origin": [-282.204, 145.77, -21.06], "size": [33.696, 4.212, 4.212], "uv": [212, 32]}
					]
				},
				{
					"name": "bone8",
					"parent": "bone7",
					"pivot": [-282.204, 147.876, -18.954],
					"cubes": [
						{"origin": [-315.9, 145.77, -21.06], "size": [33.696, 4.212, 4.212], "uv": [212, 24]}
					]
				},
				{
					"name": "bone9",
					"parent": "bone8",
					"pivot": [-315.9, 147.876, -18.954],
					"cubes": [
						{"origin": [-349.596, 145.77, -21.06], "size": [33.696, 4.212, 4.212], "uv": [212, 16]}
					]
				},
				{
					"name": "bone10",
					"parent": "bone5",
					"pivot": [-212.706, 147.876, -12.636],
					"cubes": [
						{"origin": [-248.508, 145.77, -14.742], "size": [33.696, 4.212, 4.212], "uv": [212, 8]}
					]
				},
				{
					"name": "bone11",
					"parent": "bone10",
					"pivot": [-248.508, 147.876, -12.636],
					"cubes": [
						{"origin": [-282.204, 145.77, -14.742], "size": [33.696, 4.212, 4.212], "uv": [212, 0]}
					]
				},
				{
					"name": "bone12",
					"parent": "bone11",
					"pivot": [-282.204, 147.876, -12.636],
					"cubes": [
						{"origin": [-315.9, 145.77, -14.742], "size": [33.696, 4.212, 4.212], "uv": [210, 79]}
					]
				},
				{
					"name": "bone13",
					"parent": "bone12",
					"pivot": [-315.9, 147.876, -12.636],
					"cubes": [
						{"origin": [-349.596, 145.77, -14.742], "size": [33.696, 4.212, 4.212], "uv": [204, 63]}
					]
				},
				{
					"name": "bone14",
					"parent": "bone5",
					"pivot": [-204.282, 147.876, -23.166],
					"cubes": [
						{"origin": [-240.084, 145.77, -25.272], "size": [33.696, 4.212, 4.212], "uv": [198, 87]}
					]
				},
				{
					"name": "bone15",
					"parent": "bone14",
					"pivot": [-240.084, 147.876, -23.166],
					"cubes": [
						{"origin": [-273.78, 145.77, -25.272], "size": [33.696, 4.212, 4.212], "uv": [172, 183]}
					]
				},
				{
					"name": "bone16",
					"parent": "bone15",
					"pivot": [-273.78, 147.876, -23.166],
					"cubes": [
						{"origin": [-307.476, 145.77, -25.272], "size": [33.696, 4.212, 4.212], "uv": [128, 83]}
					]
				},
				{
					"name": "bone17",
					"parent": "bone16",
					"pivot": [-307.476, 147.876, -23.166],
					"cubes": [
						{"origin": [-341.172, 145.77, -25.272], "size": [33.696, 4.212, 4.212], "uv": [0, 87]}
					]
				},
				{
					"name": "arm4",
					"parent": "main",
					"pivot": [12.636, 143.664, -14.742],
					"cubes": [
						{"origin": [12.636, 139.452, -21.06], "size": [33.696, 10.53, 10.53], "uv": [0, 47], "mirror": true}
					]
				},
				{
					"name": "bone52",
					"parent": "arm4",
					"pivot": [46.332, 143.664, -16.848],
					"cubes": [
						{"origin": [46.332, 139.452, -21.06], "size": [33.696, 10.53, 10.53], "uv": [0, 67], "mirror": true}
					]
				},
				{
					"name": "bone53",
					"parent": "bone52",
					"pivot": [80.028, 143.664, -14.742],
					"cubes": [
						{"origin": [80.028, 139.452, -21.06], "size": [33.696, 10.53, 10.53], "uv": [0, 181], "mirror": true}
					]
				},
				{
					"name": "bone54",
					"parent": "bone53",
					"pivot": [113.724, 143.664, -14.742],
					"cubes": [
						{"origin": [113.724, 139.8732, -20.6388], "size": [33.696, 9.6876, 9.6876], "uv": [0, 201], "mirror": true}
					]
				},
				{
					"name": "bone55",
					"parent": "bone54",
					"pivot": [147.42, 143.664, -16.848],
					"cubes": [
						{"origin": [147.42, 139.452, -21.06], "size": [33.696, 10.53, 10.53], "uv": [172, 163], "mirror": true}
					]
				},
				{
					"name": "bone56",
					"parent": "bone55",
					"pivot": [181.116, 143.664, -14.742],
					"cubes": [
						{"origin": [181.116, 139.452, -21.06], "size": [33.696, 10.53, 10.53], "uv": [128, 63], "mirror": true}
					]
				},
				{
					"name": "bone57",
					"parent": "bone56",
					"pivot": [212.706, 147.876, -18.954],
					"cubes": [
						{"origin": [214.812, 145.77, -21.06], "size": [33.696, 4.212, 4.212], "uv": [84, 212], "mirror": true}
					]
				},
				{
					"name": "bone58",
					"parent": "bone57",
					"pivot": [248.508, 147.876, -18.954],
					"cubes": [
						{"origin": [248.508, 145.77, -21.06], "size": [33.696, 4.212, 4.212], "uv": [212, 32], "mirror": true}
					]
				},
				{
					"name": "bone59",
					"parent": "bone58",
					"pivot": [282.204, 147.876, -18.954],
					"cubes": [
						{"origin": [282.204, 145.77, -21.06], "size": [33.696, 4.212, 4.212], "uv": [212, 24], "mirror": true}
					]
				},
				{
					"name": "bone60",
					"parent": "bone59",
					"pivot": [315.9, 147.876, -18.954],
					"cubes": [
						{"origin": [315.9, 145.77, -21.06], "size": [33.696, 4.212, 4.212], "uv": [212, 16], "mirror": true}
					]
				},
				{
					"name": "bone61",
					"parent": "bone56",
					"pivot": [212.706, 147.876, -12.636],
					"cubes": [
						{"origin": [214.812, 145.77, -14.742], "size": [33.696, 4.212, 4.212], "uv": [212, 8], "mirror": true}
					]
				},
				{
					"name": "bone62",
					"parent": "bone61",
					"pivot": [248.508, 147.876, -12.636],
					"cubes": [
						{"origin": [248.508, 145.77, -14.742], "size": [33.696, 4.212, 4.212], "uv": [212, 0], "mirror": true}
					]
				},
				{
					"name": "bone63",
					"parent": "bone62",
					"pivot": [282.204, 147.876, -12.636],
					"cubes": [
						{"origin": [282.204, 145.77, -14.742], "size": [33.696, 4.212, 4.212], "uv": [210, 79], "mirror": true}
					]
				},
				{
					"name": "bone64",
					"parent": "bone63",
					"pivot": [315.9, 147.876, -12.636],
					"cubes": [
						{"origin": [315.9, 145.77, -14.742], "size": [33.696, 4.212, 4.212], "uv": [204, 63], "mirror": true}
					]
				},
				{
					"name": "bone65",
					"parent": "bone56",
					"pivot": [204.282, 147.876, -23.166],
					"cubes": [
						{"origin": [206.388, 145.77, -25.272], "size": [33.696, 4.212, 4.212], "uv": [198, 87], "mirror": true}
					]
				},
				{
					"name": "bone66",
					"parent": "bone65",
					"pivot": [240.084, 147.876, -23.166],
					"cubes": [
						{"origin": [240.084, 145.77, -25.272], "size": [33.696, 4.212, 4.212], "uv": [172, 183], "mirror": true}
					]
				},
				{
					"name": "bone67",
					"parent": "bone66",
					"pivot": [273.78, 147.876, -23.166],
					"cubes": [
						{"origin": [273.78, 145.77, -25.272], "size": [33.696, 4.212, 4.212], "uv": [128, 83], "mirror": true}
					]
				},
				{
					"name": "bone68",
					"parent": "bone67",
					"pivot": [307.476, 147.876, -23.166],
					"cubes": [
						{"origin": [307.476, 145.77, -25.272], "size": [33.696, 4.212, 4.212], "uv": [0, 87], "mirror": true}
					]
				},
				{
					"name": "arm2",
					"parent": "main",
					"pivot": [-11.636, 143.664, 47.258],
					"cubes": [
						{"origin": [-45.332, 139.452, 40.94], "size": [33.696, 10.53, 10.53], "uv": [0, 47]}
					]
				},
				{
					"name": "bone18",
					"parent": "arm2",
					"pivot": [-45.332, 143.664, 45.152],
					"cubes": [
						{"origin": [-79.028, 139.452, 40.94], "size": [33.696, 10.53, 10.53], "uv": [0, 67]}
					]
				},
				{
					"name": "bone19",
					"parent": "bone18",
					"pivot": [-79.028, 143.664, 47.258],
					"cubes": [
						{"origin": [-112.724, 139.452, 40.94], "size": [33.696, 10.53, 10.53], "uv": [0, 181]}
					]
				},
				{
					"name": "bone20",
					"parent": "bone19",
					"pivot": [-112.724, 143.664, 47.258],
					"cubes": [
						{"origin": [-146.42, 139.8732, 41.3612], "size": [33.696, 9.6876, 9.6876], "uv": [0, 201]}
					]
				},
				{
					"name": "bone21",
					"parent": "bone20",
					"pivot": [-146.42, 143.664, 45.152],
					"cubes": [
						{"origin": [-180.116, 139.452, 40.94], "size": [33.696, 10.53, 10.53], "uv": [172, 163]}
					]
				},
				{
					"name": "bone22",
					"parent": "bone21",
					"pivot": [-180.116, 143.664, 47.258],
					"cubes": [
						{"origin": [-213.812, 139.452, 40.94], "size": [33.696, 10.53, 10.53], "uv": [128, 63]}
					]
				},
				{
					"name": "bone23",
					"parent": "bone22",
					"pivot": [-211.706, 147.876, 43.046],
					"cubes": [
						{"origin": [-247.508, 145.77, 40.94], "size": [33.696, 4.212, 4.212], "uv": [84, 212]}
					]
				},
				{
					"name": "bone24",
					"parent": "bone23",
					"pivot": [-247.508, 147.876, 43.046],
					"cubes": [
						{"origin": [-281.204, 145.77, 40.94], "size": [33.696, 4.212, 4.212], "uv": [212, 32]}
					]
				},
				{
					"name": "bone25",
					"parent": "bone24",
					"pivot": [-281.204, 147.876, 43.046],
					"cubes": [
						{"origin": [-314.9, 145.77, 40.94], "size": [33.696, 4.212, 4.212], "uv": [212, 24]}
					]
				},
				{
					"name": "bone26",
					"parent": "bone25",
					"pivot": [-314.9, 147.876, 43.046],
					"cubes": [
						{"origin": [-348.596, 145.77, 40.94], "size": [33.696, 4.212, 4.212], "uv": [212, 16]}
					]
				},
				{
					"name": "bone27",
					"parent": "bone22",
					"pivot": [-211.706, 147.876, 49.364],
					"cubes": [
						{"origin": [-247.508, 145.77, 47.258], "size": [33.696, 4.212, 4.212], "uv": [212, 8]}
					]
				},
				{
					"name": "bone28",
					"parent": "bone27",
					"pivot": [-247.508, 147.876, 49.364],
					"cubes": [
						{"origin": [-281.204, 145.77, 47.258], "size": [33.696, 4.212, 4.212], "uv": [212, 0]}
					]
				},
				{
					"name": "bone29",
					"parent": "bone28",
					"pivot": [-281.204, 147.876, 49.364],
					"cubes": [
						{"origin": [-314.9, 145.77, 47.258], "size": [33.696, 4.212, 4.212], "uv": [210, 79]}
					]
				},
				{
					"name": "bone30",
					"parent": "bone29",
					"pivot": [-314.9, 147.876, 49.364],
					"cubes": [
						{"origin": [-348.596, 145.77, 47.258], "size": [33.696, 4.212, 4.212], "uv": [204, 63]}
					]
				},
				{
					"name": "bone31",
					"parent": "bone22",
					"pivot": [-203.282, 147.876, 38.834],
					"cubes": [
						{"origin": [-239.084, 145.77, 36.728], "size": [33.696, 4.212, 4.212], "uv": [198, 87]}
					]
				},
				{
					"name": "bone32",
					"parent": "bone31",
					"pivot": [-239.084, 147.876, 38.834],
					"cubes": [
						{"origin": [-272.78, 145.77, 36.728], "size": [33.696, 4.212, 4.212], "uv": [172, 183]}
					]
				},
				{
					"name": "bone33",
					"parent": "bone32",
					"pivot": [-272.78, 147.876, 38.834],
					"cubes": [
						{"origin": [-306.476, 145.77, 36.728], "size": [33.696, 4.212, 4.212], "uv": [128, 83]}
					]
				},
				{
					"name": "bone34",
					"parent": "bone33",
					"pivot": [-306.476, 147.876, 38.834],
					"cubes": [
						{"origin": [-340.172, 145.77, 36.728], "size": [33.696, 4.212, 4.212], "uv": [0, 87]}
					]
				},
				{
					"name": "arm3",
					"parent": "main",
					"pivot": [11.636, 143.664, 47.258],
					"cubes": [
						{"origin": [11.636, 139.452, 40.94], "size": [33.696, 10.53, 10.53], "uv": [0, 47], "mirror": true}
					]
				},
				{
					"name": "bone35",
					"parent": "arm3",
					"pivot": [45.332, 143.664, 45.152],
					"cubes": [
						{"origin": [45.332, 139.452, 40.94], "size": [33.696, 10.53, 10.53], "uv": [0, 67], "mirror": true}
					]
				},
				{
					"name": "bone36",
					"parent": "bone35",
					"pivot": [79.028, 143.664, 47.258],
					"cubes": [
						{"origin": [79.028, 139.452, 40.94], "size": [33.696, 10.53, 10.53], "uv": [0, 181], "mirror": true}
					]
				},
				{
					"name": "bone37",
					"parent": "bone36",
					"pivot": [112.724, 143.664, 47.258],
					"cubes": [
						{"origin": [112.724, 139.8732, 41.3612], "size": [33.696, 9.6876, 9.6876], "uv": [0, 201], "mirror": true}
					]
				},
				{
					"name": "bone38",
					"parent": "bone37",
					"pivot": [146.42, 143.664, 45.152],
					"cubes": [
						{"origin": [146.42, 139.452, 40.94], "size": [33.696, 10.53, 10.53], "uv": [172, 163], "mirror": true}
					]
				},
				{
					"name": "bone39",
					"parent": "bone38",
					"pivot": [180.116, 143.664, 47.258],
					"cubes": [
						{"origin": [180.116, 139.452, 40.94], "size": [33.696, 10.53, 10.53], "uv": [128, 63], "mirror": true}
					]
				},
				{
					"name": "bone40",
					"parent": "bone39",
					"pivot": [211.706, 147.876, 43.046],
					"cubes": [
						{"origin": [213.812, 145.77, 40.94], "size": [33.696, 4.212, 4.212], "uv": [84, 212], "mirror": true}
					]
				},
				{
					"name": "bone41",
					"parent": "bone40",
					"pivot": [247.508, 147.876, 43.046],
					"cubes": [
						{"origin": [247.508, 145.77, 40.94], "size": [33.696, 4.212, 4.212], "uv": [212, 32], "mirror": true}
					]
				},
				{
					"name": "bone42",
					"parent": "bone41",
					"pivot": [281.204, 147.876, 43.046],
					"cubes": [
						{"origin": [281.204, 145.77, 40.94], "size": [33.696, 4.212, 4.212], "uv": [212, 24], "mirror": true}
					]
				},
				{
					"name": "bone43",
					"parent": "bone42",
					"pivot": [314.9, 147.876, 43.046],
					"cubes": [
						{"origin": [314.9, 145.77, 40.94], "size": [33.696, 4.212, 4.212], "uv": [212, 16], "mirror": true}
					]
				},
				{
					"name": "bone44",
					"parent": "bone39",
					"pivot": [211.706, 147.876, 49.364],
					"cubes": [
						{"origin": [213.812, 145.77, 47.258], "size": [33.696, 4.212, 4.212], "uv": [212, 8], "mirror": true}
					]
				},
				{
					"name": "bone45",
					"parent": "bone44",
					"pivot": [247.508, 147.876, 49.364],
					"cubes": [
						{"origin": [247.508, 145.77, 47.258], "size": [33.696, 4.212, 4.212], "uv": [212, 0], "mirror": true}
					]
				},
				{
					"name": "bone46",
					"parent": "bone45",
					"pivot": [281.204, 147.876, 49.364],
					"cubes": [
						{"origin": [281.204, 145.77, 47.258], "size": [33.696, 4.212, 4.212], "uv": [210, 79], "mirror": true}
					]
				},
				{
					"name": "bone47",
					"parent": "bone46",
					"pivot": [314.9, 147.876, 49.364],
					"cubes": [
						{"origin": [314.9, 145.77, 47.258], "size": [33.696, 4.212, 4.212], "uv": [204, 63], "mirror": true}
					]
				},
				{
					"name": "bone48",
					"parent": "bone39",
					"pivot": [204.282, 147.876, 38.834],
					"cubes": [
						{"origin": [205.388, 145.77, 36.728], "size": [33.696, 4.212, 4.212], "uv": [198, 87], "mirror": true}
					]
				},
				{
					"name": "bone49",
					"parent": "bone48",
					"pivot": [239.084, 147.876, 38.834],
					"cubes": [
						{"origin": [239.084, 145.77, 36.728], "size": [33.696, 4.212, 4.212], "uv": [172, 183], "mirror": true}
					]
				},
				{
					"name": "bone50",
					"parent": "bone49",
					"pivot": [272.78, 147.876, 38.834],
					"cubes": [
						{"origin": [272.78, 145.77, 36.728], "size": [33.696, 4.212, 4.212], "uv": [128, 83], "mirror": true}
					]
				},
				{
					"name": "bone51",
					"parent": "bone50",
					"pivot": [306.476, 147.876, 38.834],
					"cubes": [
						{"origin": [306.476, 145.77, 36.728], "size": [33.696, 4.212, 4.212], "uv": [0, 87], "mirror": true}
					]
				}
			]
		}
	]
}