{
	"format_version": "1.12.0",
	"minecraft:geometry": [
		{
			"description": {
				"identifier": "geometry.rat",
				"texture_width": 64,
				"texture_height": 64,
				"visible_bounds_width": 4,
				"visible_bounds_height": 2.5,
				"visible_bounds_offset": [0, 0.75, 0]
			},
			"bones": [
				{
					"name": "main",
					"pivot": [0, 2, 4]
				},
				{
					"name": "body",
					"parent": "main",
					"pivot": [0, 2, 4],
					"cubes": [
						{"origin": [-3.4, 1.8, 0], "size": [6.8, 5.4, 8], "pivot": [0, 2, 4], "rotation": [-10, 0, 0], "uv": [0, 0]},
						{"origin": [-3, 3.6, -3], "size": [6, 4.4, 5], "pivot": [0, 2, 4], "rotation": [10, 0, 0], "uv": [0, 13]}
					]
				},
				{
					"name": "leg",
					"parent": "main",
					"pivot": [-3, 4, 5],
					"cubes": [
						{"origin": [-4, 1, 4], "size": [1, 3, 3], "uv": [18, 24]},
						{"origin": [-4, 0, 3], "size": [1, 1, 3], "uv": [26, 15]}
					]
				},
				{
					"name": "leg2",
					"parent": "main",
					"pivot": [3, 4, 5],
					"cubes": [
						{"origin": [3, 1, 4], "size": [1, 3, 3], "uv": [0, 0]},
						{"origin": [3, 0, 3], "size": [1, 1, 3], "uv": [20, 4]}
					]
				},
				{
					"name": "arm",
					"parent": "main",
					"pivot": [3, 4, 0],
					"cubes": [
						{"origin": [3, 2, -2], "size": [1, 2, 2], "uv": [24, 28]},
						{"origin": [3, 0, -2], "size": [1, 1, 1], "uv": [17, 16]},
						{"origin": [3, -1.36808, -1.24123], "size": [1, 2, 1], "pivot": [0, 0.63192, 3.75877], "rotation": [-20, 0, 0], "uv": [17, 13]}
					]
				},
				{
					"name": "arm2",
					"parent": "main",
					"pivot": [-3, 4, 0],
					"cubes": [
						{"origin": [-4, 2, -2], "size": [1, 2, 2], "uv": [26, 24]},
						{"origin": [-4, 0, -2], "size": [1, 1, 1], "uv": [0, 16]},
						{"origin": [-4, -1.36808, -1.24123], "size": [1, 2, 1], "pivot": [0, 0.63192, 3.75877], "rotation": [-20, 0, 0], "uv": [0, 13]}
					]
				},
				{
					"name": "head",
					"parent": "main",
					"pivot": [0, 2, -4],
					"cubes": [
						{"origin": [-3.1, 2.8, -6], "size": [6.2, 4.4, 3], "uv": [0, 22]},
						{"origin": [-5.1, 5.8, -4.5], "size": [3.2, 3.4, 0], "uv": [0, 29]},
						{"origin": [1.9, 5.8, -4.5], "size": [3.2, 3.4, 0], "uv": [26, 19]},
						{"origin": [-2.1, 2.8, -8], "size": [4.2, 2.4, 2], "uv": [20, 0]},
						{"origin": [-1.1, 3.8, -9], "size": [2.2, 1.4, 1], "uv": [0, 6]}
					]
				},
				{
					"name": "tail",
					"parent": "main",
					"pivot": [0, 3, 8],
					"cubes": [
						{"origin": [-1, 2, 8], "size": [2, 2, 7], "uv": [21, 6]}
					]
				},
				{
					"name": "bone",
					"parent": "tail",
					"pivot": [0, 3, 15],
					"cubes": [
						{"origin": [-1, 2, 15], "size": [2, 2, 7], "uv": [15, 15]}
					]
				}
			]
		}
	]
}