{
	"format_version": "1.12.0",
	"minecraft:geometry": [
		{
			"description": {
				"identifier": "geometry.tentacle",
				"texture_width": 128,
				"texture_height": 128,
				"visible_bounds_width": 2,
				"visible_bounds_height": 7,
				"visible_bounds_offset": [0, 2.5, 0]
			},
			"bones": [
				{
					"name": "main",
					"pivot": [0, 0, 0]
				},
				{
					"name": "ccube",
					"parent": "main",
					"pivot": [0, -13, 0],
					"cubes": [
						{"origin": [-3, -13, -3], "size": [6, 29, 6], "uv": [0, 35]}
					]
				},
				{
					"name": "ccube2",
					"parent": "ccube",
					"pivot": [0, 16, 0],
					"cubes": [
						{"origin": [-3, 16, -3], "size": [6, 29, 6], "uv": [24, 0]}
					]
				},
				{
					"name": "ccube3",
					"parent": "ccube2",
					"pivot": [0, 45, 0],
					"cubes": [
						{"origin": [-3, 45, -3], "size": [6, 29, 6], "uv": [0, 0]}
					]
				}
			]
		}
	]
}