{
	"format_version": "1.12.0",
	"minecraft:geometry": [
		{
			"description": {
				"identifier": "geometry.th_portal",
				"texture_width": 256,
				"texture_height": 256,
				"visible_bounds_width": 7,
				"visible_bounds_height": 4.5,
				"visible_bounds_offset": [0, 1.75, 0]
			},
			"bones": [
				{
					"name": "main",
					"pivot": [0, 0, 0]
				},
				{
					"name": "base",
					"parent": "main",
					"pivot": [0, 0, 0],
					"cubes": [
						{"origin": [-7, 0, -1], "size": [14, 45, 2], "uv": [46, 0]},
						{"origin": [-7, 0.8, -0.6], "size": [10, 21.7, 1.2], "pivot": [0, 0, 0], "rotation": [0, 0, -12.5], "uv": [103, 110]},
						{"origin": [-3, 0.8, -0.6], "size": [10, 21.7, 1.2], "pivot": [0, 0, 0], "rotation": [0, 0, 12.5], "uv": [81, 110]},
						{"origin": [1.63384, 20.46541, -0.6], "size": [10, 24.7, 1.2], "pivot": [11.73204, 20.77864, 0], "rotation": [0, 0, -10], "uv": [59, 106]},
						{"origin": [-11.63384, 20.46541, -0.6], "size": [10, 24.7, 1.2], "pivot": [-11.73204, 20.77864, 0], "rotation": [0, 0, 10], "uv": [0, 105]},
						{"origin": [-9, 0, 1], "size": [18, 49, 5], "uv": [0, 0]},
						{"origin": [-12, 45, 0], "size": [8, 7, 5], "pivot": [-4, 47, 4], "rotation": [-57.5, 0, 0], "uv": [163, 31]},
						{"origin": [-9, 45, 2], "size": [8, 7, 5], "pivot": [-4, 47, 4], "rotation": [-142.5, 0, 0], "uv": [0, 163]},
						{"origin": [1, 45, 2], "size": [8, 7, 5], "pivot": [4, 47, 4], "rotation": [-142.5, 0, 0], "uv": [125, 160]},
						{"origin": [4, 45, 0], "size": [8, 7, 5], "pivot": [4, 47, 4], "rotation": [-57.5, 0, 0], "uv": [151, 160]},
						{"origin": [-7, 45, 2], "size": [8, 7, 5], "pivot": [-4, 47, 4], "rotation": [-142.5, -32.5, 0], "uv": [52, 156]},
						{"origin": [-4, 45, 0], "size": [8, 7, 5], "pivot": [-4, 47, 4], "rotation": [-57.5, -32.5, 0], "uv": [78, 160]},
						{"origin": [-11, -2, -7], "size": [8, 7, 5], "pivot": [-3, 3, -3], "rotation": [57.5, 0, 0], "uv": [102, 55]},
						{"origin": [5, -2, -7], "size": [8, 7, 5], "pivot": [5, 3, -3], "rotation": [57.5, 0, 0], "uv": [111, 38]},
						{"origin": [-3, -2, -7], "size": [8, 7, 5], "pivot": [-3, 3, -3], "rotation": [57.5, -32.5, 0], "uv": [22, 115]},
						{"origin": [-6, -2, -5], "size": [8, 7, 5], "pivot": [-3, 3, -3], "rotation": [142.5, -32.5, 0], "uv": [115, 67]},
						{"origin": [-7, 34, 2], "size": [8, 7, 5], "pivot": [-4, 36, 4], "rotation": [-142.5, -32.5, 0], "uv": [154, 74]},
						{"origin": [-4, 34, 0], "size": [8, 7, 5], "pivot": [-4, 36, 4], "rotation": [-57.5, -32.5, 0], "uv": [26, 155]},
						{"origin": [-9, 34, 2], "size": [8, 7, 5], "pivot": [-6, 36, 4], "rotation": [37.5, -12.5, -180], "uv": [104, 153]},
						{"origin": [-6, 34, 0], "size": [8, 7, 5], "pivot": [-6, 36, 4], "rotation": [122.5, -12.5, 180], "uv": [154, 45]},
						{"origin": [1, 34, 2], "size": [8, 7, 5], "pivot": [6, 36, 4], "rotation": [37.5, 12.5, 180], "uv": [0, 151]},
						{"origin": [1, 39, 2], "size": [8, 7, 5], "pivot": [6, 41, 4], "rotation": [37.5, 12.5, 180], "uv": [142, 148]},
						{"origin": [-9, 39, 2], "size": [8, 7, 5], "pivot": [-6, 41, 4], "rotation": [37.5, -12.5, -180], "uv": [147, 136]},
						{"origin": [-6, 39, 0], "size": [8, 7, 5], "pivot": [-6, 41, 4], "rotation": [122.5, -12.5, 180], "uv": [78, 148]},
						{"origin": [-9, 25, 2], "size": [8, 7, 5], "pivot": [-6, 27, 4], "rotation": [37.5, 27.5, -180], "uv": [145, 7]},
						{"origin": [-6, 25, 0], "size": [8, 7, 5], "pivot": [-6, 27, 4], "rotation": [122.5, 27.5, 180], "uv": [146, 124]},
						{"origin": [-9, 18, 2], "size": [8, 7, 5], "pivot": [-6, 20, 4], "rotation": [37.5, 27.5, -140], "uv": [26, 143]},
						{"origin": [-6, 18, 0], "size": [8, 7, 5], "pivot": [-6, 20, 4], "rotation": [122.5, 27.5, -140], "uv": [52, 144]},
						{"origin": [-9, 29, 2], "size": [8, 7, 5], "pivot": [-6, 31, 4], "rotation": [37.5, 27.5, -140], "uv": [141, 91]},
						{"origin": [-6, 29, 0], "size": [8, 7, 5], "pivot": [-6, 31, 4], "rotation": [122.5, 27.5, -140], "uv": [121, 141]},
						{"origin": [-12, 8, 2], "size": [8, 7, 5], "pivot": [-9, 10, 4], "rotation": [37.5, 27.5, -140], "uv": [0, 139]},
						{"origin": [-9, 8, 0], "size": [8, 7, 5], "pivot": [-9, 10, 4], "rotation": [122.5, 27.5, -140], "uv": [141, 62]},
						{"origin": [-12, -1, 2], "size": [8, 7, 5], "pivot": [-9, 1, 4], "rotation": [100.54313, 55.10183, -94.74408], "uv": [95, 136]},
						{"origin": [-9, -1, 0], "size": [8, 7, 5], "pivot": [-9, 1, 4], "rotation": [-174.45687, 55.10183, -94.74408], "uv": [137, 33]},
						{"origin": [-2, 34, 0], "size": [8, 7, 5], "pivot": [6, 36, 4], "rotation": [122.5, 12.5, -180], "uv": [115, 93]},
						{"origin": [-2, 39, 0], "size": [8, 7, 5], "pivot": [6, 41, 4], "rotation": [122.5, 12.5, -180], "uv": [124, 0]},
						{"origin": [-2, 25, 0], "size": [8, 7, 5], "pivot": [6, 27, 4], "rotation": [122.5, -27.5, -180], "uv": [124, 21]},
						{"origin": [-2, 18, 0], "size": [8, 7, 5], "pivot": [6, 20, 4], "rotation": [122.5, -27.5, 140], "uv": [125, 105]},
						{"origin": [1, 18, 2], "size": [8, 7, 5], "pivot": [6, 20, 4], "rotation": [37.5, -27.5, 140], "uv": [125, 117]},
						{"origin": [-2, 29, 0], "size": [8, 7, 5], "pivot": [6, 31, 4], "rotation": [122.5, -27.5, 140], "uv": [17, 127]},
						{"origin": [1, 29, 2], "size": [8, 7, 5], "pivot": [6, 31, 4], "rotation": [37.5, -27.5, 140], "uv": [128, 50]},
						{"origin": [1, 8, 0], "size": [8, 7, 5], "pivot": [9, 10, 4], "rotation": [122.5, -27.5, 140], "uv": [128, 79]},
						{"origin": [4, 8, 2], "size": [8, 7, 5], "pivot": [9, 10, 4], "rotation": [37.5, -27.5, 140], "uv": [120, 129]},
						{"origin": [1, -1, 0], "size": [8, 7, 5], "pivot": [9, 1, 4], "rotation": [-174.45687, -55.10183, 94.74408], "uv": [43, 131]},
						{"origin": [4, -1, 2], "size": [8, 7, 5], "pivot": [9, 1, 4], "rotation": [100.54313, -55.10183, 94.74408], "uv": [69, 132]},
						{"origin": [-10, 45.94506, 7.62925], "size": [6, 4, 4], "pivot": [0, 0.94506, 10.62925], "rotation": [12.5, 0, 0], "uv": [162, 86]},
						{"origin": [4, 45.94506, 7.62925], "size": [6, 4, 4], "pivot": [0, 0.94506, 10.62925], "rotation": [12.5, 0, 0], "uv": [162, 57]},
						{"origin": [-4, 45.94506, 7.62925], "size": [8, 4, 4], "pivot": [0, 0.94506, 10.62925], "rotation": [12.5, 0, 0], "uv": [151, 115]},
						{"origin": [-1, 42.94506, 7.62925], "size": [2, 3, 4], "pivot": [0, 0.94506, 10.62925], "rotation": [12.5, 0, 0], "uv": [0, 71]},
						{"origin": [-0.89195, 41.64493, -1.79701], "size": [2, 3, 4], "pivot": [0.10805, 44.55455, 11.15921], "rotation": [10.59061, -6.6782, 31.88034], "uv": [69, 68]},
						{"origin": [-8.10805, 41.64493, -1.79701], "size": [2, 3, 4], "pivot": [-7.10805, 44.55455, 11.15921], "rotation": [10.59061, 6.6782, -31.88034], "uv": [23, 60]},
						{"origin": [-8, 42.94506, 7.62925], "size": [2, 3, 4], "pivot": [-7, 0.94506, 10.62925], "rotation": [12.5, 0, 0], "uv": [46, 64]},
						{"origin": [6.10805, 41.64493, -1.79701], "size": [2, 3, 4], "pivot": [7.10805, 44.55455, 11.15921], "rotation": [10.59061, -6.6782, 31.88034], "uv": [0, 54]},
						{"origin": [6, 42.94506, 7.62925], "size": [2, 3, 4], "pivot": [7, 0.94506, 10.62925], "rotation": [12.5, 0, 0], "uv": [56, 47]}
					]
				},
				{
					"name": "tenc",
					"parent": "main",
					"pivot": [-9, 0, 0],
					"cubes": [
						{"origin": [-10, 0, -17], "size": [5, 4, 13], "pivot": [0, 0, 0], "rotation": [0, 25, 0], "uv": [101, 21]}
					]
				},
				{
					"name": "bone",
					"parent": "tenc",
					"pivot": [-14, 3, -13],
					"cubes": [
						{"origin": [-10, 0, -30], "size": [5, 4, 13], "pivot": [0, 0, 0], "rotation": [0, 25, 0], "uv": [101, 4]}
					]
				},
				{
					"name": "bone2",
					"parent": "bone",
					"pivot": [-20, 4, -25],
					"cubes": [
						{"origin": [-10, 0, -43], "size": [5, 4, 13], "pivot": [0, 0, 0], "rotation": [0, 25, 0], "uv": [23, 98]}
					]
				},
				{
					"name": "tenc2",
					"parent": "main",
					"pivot": [9, 0, 0],
					"cubes": [
						{"origin": [5, 0, -17], "size": [5, 4, 13], "pivot": [0, 0, 0], "rotation": [0, -25, 0], "uv": [92, 93]}
					]
				},
				{
					"name": "bone3",
					"parent": "tenc2",
					"pivot": [14, 3, -13],
					"cubes": [
						{"origin": [5, 0, -30], "size": [5, 4, 13], "pivot": [0, 0, 0], "rotation": [0, -25, 0], "uv": [92, 76]}
					]
				},
				{
					"name": "bone4",
					"parent": "bone3",
					"pivot": [20, 4, -25],
					"cubes": [
						{"origin": [5, 0, -43], "size": [5, 4, 13], "pivot": [0, 0, 0], "rotation": [0, -25, 0], "uv": [69, 89]}
					]
				},
				{
					"name": "tenc3",
					"parent": "main",
					"pivot": [9, 0, 0],
					"rotation": [0, -50, 0],
					"cubes": [
						{"origin": [5, 0, -17], "size": [5, 4, 13], "pivot": [0, 0, 0], "rotation": [0, -25, 0], "uv": [88, 38]}
					]
				},
				{
					"name": "bone5",
					"parent": "tenc3",
					"pivot": [14, 3, -13],
					"cubes": [
						{"origin": [5, 0, -30], "size": [5, 4, 13], "pivot": [0, 0, 0], "rotation": [0, -25, 0], "uv": [0, 88]}
					]
				},
				{
					"name": "bone6",
					"parent": "bone5",
					"pivot": [20, 4, -25],
					"cubes": [
						{"origin": [5, 0, -43], "size": [5, 4, 13], "pivot": [0, 0, 0], "rotation": [0, -25, 0], "uv": [46, 85]}
					]
				},
				{
					"name": "tenc4",
					"parent": "main",
					"pivot": [-9, 0, 0],
					"rotation": [0, 50, 0],
					"cubes": [
						{"origin": [-10, 0, -17], "size": [5, 4, 13], "pivot": [0, 0, 0], "rotation": [0, 25, 0], "uv": [23, 81]}
					]
				},
				{
					"name": "bone7",
					"parent": "tenc4",
					"pivot": [-14, 3, -13],
					"cubes": [
						{"origin": [-10, 0, -30], "size": [5, 4, 13], "pivot": [0, 0, 0], "rotation": [0, 25, 0], "uv": [79, 55]}
					]
				},
				{
					"name": "bone8",
					"parent": "bone7",
					"pivot": [-20, 4, -25],
					"cubes": [
						{"origin": [-10, 0, -43], "size": [5, 4, 13], "pivot": [0, 0, 0], "rotation": [0, 25, 0], "uv": [78, 17]}
					]
				},
				{
					"name": "tenc5",
					"parent": "main",
					"pivot": [-9, 0, 0],
					"rotation": [0, -40, 0],
					"cubes": [
						{"origin": [-10, 0, -17], "size": [5, 4, 13], "pivot": [0, 0, 0], "rotation": [0, 25, 0], "uv": [78, 0]}
					]
				},
				{
					"name": "bone9",
					"parent": "tenc5",
					"pivot": [-14, 3, -13],
					"cubes": [
						{"origin": [-10, 0, -30], "size": [5, 4, 13], "pivot": [0, 0, 0], "rotation": [0, 25, 0], "uv": [69, 72]}
					]
				},
				{
					"name": "bone10",
					"parent": "bone9",
					"pivot": [-20, 4, -25],
					"cubes": [
						{"origin": [-10, 0, -43], "size": [5, 4, 13], "pivot": [0, 0, 0], "rotation": [0, 25, 0], "uv": [0, 71]}
					]
				},
				{
					"name": "tenc6",
					"parent": "main",
					"pivot": [-9, 11, 0],
					"rotation": [0, 77.5, 0],
					"cubes": [
						{"origin": [-10, 11, -17], "size": [5, 4, 13], "pivot": [0, 11, 0], "rotation": [0, 25, 0], "uv": [46, 68]}
					]
				},
				{
					"name": "bone11",
					"parent": "tenc6",
					"pivot": [-14, 14, -13],
					"cubes": [
						{"origin": [-10, 11, -30], "size": [5, 4, 13], "pivot": [0, 11, 0], "rotation": [0, 25, 0], "uv": [65, 34]}
					]
				},
				{
					"name": "bone12",
					"parent": "bone11",
					"pivot": [-20, 15, -25],
					"cubes": [
						{"origin": [-10, 11, -43], "size": [5, 4, 13], "pivot": [0, 11, 0], "rotation": [0, 25, 0], "uv": [23, 64]}
					]
				},
				{
					"name": "tenc7",
					"parent": "main",
					"pivot": [9, 11, 0],
					"rotation": [0, -77.5, 0],
					"cubes": [
						{"origin": [5, 11, -17], "size": [5, 4, 13], "pivot": [0, 11, 0], "rotation": [0, -25, 0], "uv": [56, 51]}
					]
				},
				{
					"name": "bone13",
					"parent": "tenc7",
					"pivot": [14, 14, -13],
					"cubes": [
						{"origin": [5, 11, -30], "size": [5, 4, 13], "pivot": [0, 11, 0], "rotation": [0, -25, 0], "uv": [0, 54]}
					]
				},
				{
					"name": "bone14",
					"parent": "bone13",
					"pivot": [20, 15, -25],
					"cubes": [
						{"origin": [5, 11, -43], "size": [5, 4, 13], "pivot": [0, 11, 0], "rotation": [0, -25, 0], "uv": [33, 47]}
					]
				}
			]
		}
	]
}