{
	"format_version": "1.12.0",
	"minecraft:geometry": [
		{
			"description": {
				"identifier": "geometry.vecna",
				"texture_width": 128,
				"texture_height": 128,
				"visible_bounds_width": 3,
				"visible_bounds_height": 6.5,
				"visible_bounds_offset": [0, 2.75, 0]
			},
			"bones": [
				{
					"name": "main",
					"pivot": [0, 69, -5]
				},
				{
					"name": "body",
					"parent": "main",
					"pivot": [0, 49, 0],
					"cubes": [
						{"origin": [-7, 59, -3], "size": [14, 10, 8], "uv": [0, 0]},
						{"origin": [-6, 49, -3], "size": [12, 10, 8], "uv": [0, 0]}
					]
				},
				{
					"name": "arm",
					"parent": "body",
					"pivot": [-10, 69, 1],
					"cubes": [
						{"origin": [-12, 64, -2], "size": [5, 5, 5], "uv": [77, 71]}
					]
				},
				{
					"name": "bone3",
					"parent": "arm",
					"pivot": [-9, 64, 1],
					"cubes": [
						{"origin": [-11.7, 53, -1.8], "size": [4.4, 11, 4.6], "uv": [0, 67]}
					]
				},
				{
					"name": "bone4",
					"parent": "bone3",
					"pivot": [-10, 53, 0],
					"cubes": [
						{"origin": [-11.7, 42, -1.8], "size": [4.4, 11, 4.6], "uv": [66, 61]}
					]
				},
				{
					"name": "bone5",
					"parent": "bone4",
					"pivot": [-10, 42, 0],
					"cubes": [
						{"origin": [-11.7, 32, -1.8], "size": [4.4, 10, 4.6], "uv": [16, 77]}
					]
				},
				{
					"name": "bone6",
					"parent": "bone5",
					"pivot": [-10, 32, 1],
					"cubes": [
						{"origin": [-11.7, 22, -1.8], "size": [3.4, 10, 4.6], "uv": [32, 86]}
					]
				},
				{
					"name": "bone7",
					"parent": "bone6",
					"pivot": [-12, 22, 1],
					"cubes": [
						{"origin": [-12, 17, -2], "size": [2, 5, 5], "uv": [85, 92]}
					]
				},
				{
					"name": "bone8",
					"parent": "bone7",
					"pivot": [-11, 21, -3],
					"cubes": [
						{"origin": [-12, 16, -4], "size": [2, 5, 2], "uv": [16, 69]}
					]
				},
				{
					"name": "bone9",
					"parent": "bone8",
					"pivot": [-11, 16, -3],
					"cubes": [
						{"origin": [-11.7, 11, -3.8], "size": [1.4, 5, 1.4], "uv": [24, 69]}
					]
				},
				{
					"name": "bone10",
					"parent": "bone9",
					"pivot": [-11, 11, -3]
				},
				{
					"name": "bone11",
					"parent": "bone7",
					"pivot": [-11, 17, -1],
					"cubes": [
						{"origin": [-12, 12, -2], "size": [2, 5, 2], "uv": [67, 24]}
					]
				},
				{
					"name": "bone12",
					"parent": "bone11",
					"pivot": [-11, 12, -1],
					"cubes": [
						{"origin": [-11.7, 7, -1.8], "size": [1.4, 5, 1.4], "uv": [44, 67]}
					]
				},
				{
					"name": "bone13",
					"parent": "bone12",
					"pivot": [-11, 7, -1]
				},
				{
					"name": "bone14",
					"parent": "bone7",
					"pivot": [-11, 17, 1],
					"cubes": [
						{"origin": [-12, 12, 0], "size": [2, 5, 2], "uv": [64, 0]}
					]
				},
				{
					"name": "bone15",
					"parent": "bone14",
					"pivot": [-11, 12, 1],
					"cubes": [
						{"origin": [-11.7, 7, 0.2], "size": [1.4, 5, 1.4], "uv": [58, 0]}
					]
				},
				{
					"name": "bone16",
					"parent": "bone15",
					"pivot": [-11, 7, 1]
				},
				{
					"name": "bone17",
					"parent": "bone7",
					"pivot": [-11, 19, 3],
					"cubes": [
						{"origin": [-12, 14, 2], "size": [2, 5, 2], "uv": [52, 36]}
					]
				},
				{
					"name": "bone18",
					"parent": "bone17",
					"pivot": [-11, 14, 3],
					"cubes": [
						{"origin": [-11.7, 9, 2.2], "size": [1.4, 5, 1.4], "uv": [32, 50]}
					]
				},
				{
					"name": "bone19",
					"parent": "bone18",
					"pivot": [-11, 9, 3]
				},
				{
					"name": "arm2",
					"parent": "body",
					"pivot": [10, 69, 1],
					"cubes": [
						{"origin": [7, 64, -2], "size": [5, 5, 5], "uv": [60, 76]}
					]
				},
				{
					"name": "bone20",
					"parent": "arm2",
					"pivot": [9, 64, 1],
					"cubes": [
						{"origin": [7.3, 53, -1.8], "size": [4.4, 11, 4.6], "uv": [63, 32]}
					]
				},
				{
					"name": "bone21",
					"parent": "bone20",
					"pivot": [10, 53, 0],
					"cubes": [
						{"origin": [7.3, 42, -1.8], "size": [4.4, 11, 4.6], "uv": [50, 61]}
					]
				},
				{
					"name": "bone22",
					"parent": "bone21",
					"pivot": [10, 42, 0],
					"cubes": [
						{"origin": [7.3, 32, -1.8], "size": [4.4, 10, 4.6], "uv": [44, 76]}
					]
				},
				{
					"name": "bone23",
					"parent": "bone22",
					"pivot": [10, 32, 1],
					"cubes": [
						{"origin": [8.3, 22, -1.8], "size": [3.4, 10, 4.6], "uv": [0, 82]}
					]
				},
				{
					"name": "bone24",
					"parent": "bone23",
					"pivot": [12, 22, 1],
					"cubes": [
						{"origin": [10, 17, -2], "size": [2, 5, 5], "uv": [9, 91]}
					]
				},
				{
					"name": "bone25",
					"parent": "bone24",
					"pivot": [11, 21, -3],
					"cubes": [
						{"origin": [10, 16, -4], "size": [2, 5, 2], "uv": [16, 36]}
					]
				},
				{
					"name": "bone26",
					"parent": "bone25",
					"pivot": [11, 16, -3],
					"cubes": [
						{"origin": [10.3, 11, -3.8], "size": [1.4, 5, 1.4], "uv": [16, 48]}
					]
				},
				{
					"name": "bone27",
					"parent": "bone26",
					"pivot": [11, 11, -3]
				},
				{
					"name": "bone28",
					"parent": "bone24",
					"pivot": [11, 17, -1],
					"cubes": [
						{"origin": [10, 12, -2], "size": [2, 5, 2], "uv": [0, 36]}
					]
				},
				{
					"name": "bone29",
					"parent": "bone28",
					"pivot": [11, 12, -1],
					"cubes": [
						{"origin": [10.3, 7, -1.8], "size": [1.4, 5, 1.4], "uv": [44, 8]}
					]
				},
				{
					"name": "bone30",
					"parent": "bone29",
					"pivot": [11, 7, -1]
				},
				{
					"name": "bone31",
					"parent": "bone24",
					"pivot": [11, 17, 1],
					"cubes": [
						{"origin": [10, 12, 0], "size": [2, 5, 2], "uv": [0, 18]}
					]
				},
				{
					"name": "bone32",
					"parent": "bone31",
					"pivot": [11, 12, 1],
					"cubes": [
						{"origin": [10.3, 7, 0.2], "size": [1.4, 5, 1.4], "uv": [27, 41]}
					]
				},
				{
					"name": "bone33",
					"parent": "bone32",
					"pivot": [11, 7, 1]
				},
				{
					"name": "bone34",
					"parent": "bone24",
					"pivot": [11, 19, 3],
					"cubes": [
						{"origin": [10, 14, 2], "size": [2, 5, 2], "uv": [0, 0]}
					]
				},
				{
					"name": "bone35",
					"parent": "bone34",
					"pivot": [11, 14, 3],
					"cubes": [
						{"origin": [10.3, 9, 2.2], "size": [1.4, 5, 1.4], "uv": [36, 0]}
					]
				},
				{
					"name": "bone36",
					"parent": "bone35",
					"pivot": [11, 9, 3]
				},
				{
					"name": "head",
					"parent": "body",
					"pivot": [0, 69, 0],
					"cubes": [
						{"origin": [-3, 69, -2], "size": [6, 2, 6], "uv": [60, 65]},
						{"origin": [-5, 71, -5], "size": [10, 12, 11], "uv": [58, 105]}
					]
				},
				{
					"name": "leg",
					"parent": "main",
					"pivot": [-4, 49, 1],
					"cubes": [
						{"origin": [-6, 47, -1], "size": [5, 2, 5], "uv": [88, 0]}
					]
				},
				{
					"name": "bone37",
					"parent": "leg",
					"pivot": [-3.1897, 47, 2.44876],
					"cubes": [
						{"origin": [-5.8, 37, -0.8], "size": [4.6, 10, 4.6], "uv": [75, 20]}
					]
				},
				{
					"name": "bone38",
					"parent": "bone37",
					"pivot": [-4.1897, 37, 2.44876],
					"cubes": [
						{"origin": [-5.6, 27, -0.6], "size": [4.2, 10, 4.2], "uv": [74, 47]}
					]
				},
				{
					"name": "bone39",
					"parent": "bone38",
					"pivot": [-3.1897, 27, 1.44876],
					"cubes": [
						{"origin": [-5.8, 12, -0.8], "size": [4.6, 15, 4.6], "uv": [16, 50]}
					]
				},
				{
					"name": "bone40",
					"parent": "bone39",
					"pivot": [-3.1897, 12, 2.44876],
					"cubes": [
						{"origin": [-5.8, 4, 0.2], "size": [4.6, 8, 3.6], "uv": [90, 81]}
					]
				},
				{
					"name": "bone41",
					"parent": "bone40",
					"pivot": [-3.1897, 4, 2.44876],
					"cubes": [
						{"origin": [-5.8, 0, -4.8], "size": [4.6, 4, 8.6], "uv": [0, 36]}
					]
				},
				{
					"name": "leg2",
					"parent": "main",
					"pivot": [4, 49, 1],
					"cubes": [
						{"origin": [1, 47, -1], "size": [5, 2, 5], "uv": [87, 17]}
					]
				},
				{
					"name": "bone42",
					"parent": "leg2",
					"pivot": [3.1897, 47, 2.44876],
					"cubes": [
						{"origin": [1.2, 37, -0.8], "size": [4.6, 10, 4.6], "uv": [72, 0]}
					]
				},
				{
					"name": "bone43",
					"parent": "bone42",
					"pivot": [4.1897, 37, 2.44876],
					"cubes": [
						{"origin": [1.4, 27, -0.6], "size": [4.2, 10, 4.2], "uv": [28, 67]}
					]
				},
				{
					"name": "bone44",
					"parent": "bone43",
					"pivot": [3.1897, 27, 1.44876],
					"cubes": [
						{"origin": [1.2, 12, -0.8], "size": [4.6, 15, 4.6], "uv": [0, 48]}
					]
				},
				{
					"name": "bone45",
					"parent": "bone44",
					"pivot": [3.1897, 12, 2.44876],
					"cubes": [
						{"origin": [1.2, 4, 0.2], "size": [4.6, 8, 3.6], "uv": [90, 46]}
					]
				},
				{
					"name": "bone46",
					"parent": "bone45",
					"pivot": [3.1897, 4, 2.44876],
					"cubes": [
						{"origin": [1.2, 0, -4.8], "size": [4.6, 4, 8.6], "uv": [28, 28]}
					]
				}
			]
		}
	]
}