{
  "format_version": "1.16.0",
  "minecraft:geometry": [
    {
      "description": {
        "identifier": "geometry.zm_baseball",
        "texture_width": 32,
        "texture_height": 32,
        "visible_bounds_width": 2,
        "visible_bounds_height": 3.5,
        "visible_bounds_offset": [
          0,
          1.25,
          0
        ]
      },
      "bones": [
        {
          "name": "rightitem",
          "pivot": [
            0,
            0,
            0
          ],
          "binding": "q.item_slot_to_bone_name(c.item_slot)",
          "cubes": [
            {
              "origin": [
                -1,
                0,
                -1
              ],
              "size": [
                2,
                6,
                2
              ],
              "uv": [
                12,
                0
              ]
            },
            {
              "origin": [
                -3,
                18,
                0
              ],
              "size": [
                2,
                1,
                1
              ],
              "uv": [
                23,
                20
              ]
            },
            {
              "origin": [
                -3,
                24,
                0
              ],
              "size": [
                2,
                1,
                1
              ],
              "uv": [
                18,
                23
              ]
            },
            {
              "origin": [
                -3,
                14,
                1
              ],
              "size": [
                2,
                1,
                0
              ],
              "uv": [
                24,
                9
              ]
            },
            {
              "origin": [
                -3,
                16,
                -1
              ],
              "size": [
                2,
                1,
                1
              ],
              "uv": [
                6,
                23
              ]
            },
            {
              "origin": [
                -3,
                12,
                -1
              ],
              "size": [
                2,
                1,
                1
              ],
              "uv": [
                0,
                23
              ]
            },
            {
              "origin": [
                -3,
                21,
                0
              ],
              "size": [
                2,
                1,
                0
              ],
              "uv": [
                13,
                24
              ]
            },
            {
              "origin": [
                1,
                12,
                0
              ],
              "size": [
                2,
                1,
                0
              ],
              "uv": [
                21,
                16
              ]
            },
            {
              "origin": [
                1,
                14,
                1
              ],
              "size": [
                2,
                1,
                0
              ],
              "uv": [
                21,
                19
              ]
            },
            {
              "origin": [
                1,
                16,
                -1
              ],
              "size": [
                2,
                1,
                0
              ],
              "uv": [
                13,
                22
              ]
            },
            {
              "origin": [
                1,
                18,
                1
              ],
              "size": [
                2,
                1,
                0
              ],
              "uv": [
                19,
                22
              ]
            },
            {
              "origin": [
                1,
                24,
                0
              ],
              "size": [
                2,
                1,
                0
              ],
              "uv": [
                23,
                7
              ]
            },
            {
              "origin": [
                1,
                21,
                0
              ],
              "size": [
                2,
                1,
                0
              ],
              "uv": [
                23,
                14
              ]
            },
            {
              "origin": [
                -1,
                12,
                -3
              ],
              "size": [
                1,
                1,
                2
              ],
              "uv": [
                12,
                17
              ]
            },
            {
              "origin": [
                1,
                14,
                -3
              ],
              "size": [
                0,
                1,
                2
              ],
              "uv": [
                18,
                6
              ]
            },
            {
              "origin": [
                -1,
                16,
                -3
              ],
              "size": [
                0,
                1,
                2
              ],
              "uv": [
                16,
                18
              ]
            },
            {
              "origin": [
                0,
                18,
                -3
              ],
              "size": [
                0,
                1,
                2
              ],
              "uv": [
                20,
                0
              ]
            },
            {
              "origin": [
                0,
                24,
                -3
              ],
              "size": [
                0,
                1,
                2
              ],
              "uv": [
                20,
                3
              ]
            },
            {
              "origin": [
                -1,
                21,
                -3
              ],
              "size": [
                1,
                1,
                2
              ],
              "uv": [
                20,
                10
              ]
            },
            {
              "origin": [
                -1,
                12,
                1
              ],
              "size": [
                1,
                1,
                2
              ],
              "uv": [
                12,
                8
              ]
            },
            {
              "origin": [
                0,
                14,
                1
              ],
              "size": [
                0,
                1,
                2
              ],
              "uv": [
                12,
                11
              ]
            },
            {
              "origin": [
                -1,
                16,
                1
              ],
              "size": [
                1,
                1,
                2
              ],
              "uv": [
                12,
                14
              ]
            },
            {
              "origin": [
                1,
                18,
                1
              ],
              "size": [
                0,
                1,
                2
              ],
              "uv": [
                16,
                9
              ]
            },
            {
              "origin": [
                1,
                24,
                1
              ],
              "size": [
                0,
                1,
                2
              ],
              "uv": [
                16,
                12
              ]
            },
            {
              "origin": [
                -1,
                21,
                1
              ],
              "size": [
                0,
                1,
                2
              ],
              "uv": [
                16,
                15
              ]
            },
            {
              "origin": [
                -1.6,
                6,
                -1.5
              ],
              "size": [
                3.2,
                20,
                3
              ],
              "uv": [
                0,
                0
              ]
            }
          ]
        }
      ]
    }
  ]
}