{
  "format_version": "1.16.0",
  "minecraft:geometry": [
    {
      "description": {
        "identifier": "geometry.zm_pipe",
        "texture_width": 64,
        "texture_height": 64,
        "visible_bounds_width": 3,
        "visible_bounds_height": 4,
        "visible_bounds_offset": [
          0,
          1,
          0
        ]
      },
      "bones": [
        {
          "name": "rightitem",
          "pivot": [
            0,
            0,
            0
          ],
          "binding": "q.item_slot_to_bone_name(c.item_slot)",
          "cubes": [
            {
              "origin": [
                -2,
                0,
                -2
              ],
              "size": [
                4,
                30,
                4
              ],
              "uv": [
                0,
                0
              ]
            },
            {
              "origin": [
                -2.4,
                2,
                -2.3
              ],
              "size": [
                4.8,
                1,
                4.6
              ],
              "uv": [
                12,
                33
              ]
            },
            {
              "origin": [
                -2.4,
                16,
                -2.3
              ],
              "size": [
                4.8,
                1,
                4.6
              ],
              "uv": [
                32,
                0
              ]
            },
            {
              "origin": [
                -2.4,
                24,
                -2.3
              ],
              "size": [
                4.8,
                1,
                4.6
              ],
              "uv": [
                30,
                29
              ]
            },
            {
              "origin": [
                -2.4,
                27,
                -2.3
              ],
              "size": [
                4.8,
                1,
                4.6
              ],
              "uv": [
                29,
                23
              ]
            },
            {
              "origin": [
                -2.4,
                29,
                -2.3
              ],
              "size": [
                4.8,
                1,
                4.6
              ],
              "uv": [
                28,
                14
              ]
            },
            {
              "origin": [
                -2.4,
                31,
                -2.3
              ],
              "size": [
                4.8,
                1,
                4.6
              ],
              "uv": [
                28,
                5
              ]
            },
            {
              "origin": [
                -2,
                30,
                -2
              ],
              "size": [
                4,
                5,
                4
              ],
              "uv": [
                16,
                18
              ]
            },
            {
              "origin": [
                -2,
                33.58579,
                -1.41421
              ],
              "size": [
                4,
                5,
                4
              ],
              "pivot": [
                0,
                33.58579,
                0.58579
              ],
              "rotation": [
                45,
                0,
                0
              ],
              "uv": [
                16,
                9
              ]
            },
            {
              "origin": [
                -2,
                36.53744,
                -3.62277
              ],
              "size": [
                4,
                5,
                4
              ],
              "pivot": [
                0,
                36.53744,
                -1.62277
              ],
              "rotation": [
                87.5,
                0,
                0
              ],
              "uv": [
                16,
                0
              ]
            },
            {
              "origin": [
                -2.3,
                41.53744,
                -4.12277
              ],
              "size": [
                4.6,
                1,
                5
              ],
              "pivot": [
                0,
                36.53744,
                -1.62277
              ],
              "rotation": [
                87.5,
                0,
                0
              ],
              "uv": [
                16,
                27
              ]
            }
          ]
        }
      ]
    }
  ]
}