{
  "format_version": "1.8.0",
  "minecraft:client_entity": {
    "description": {
    "identifier": "mod:mothra",
    "materials": {
	     "default": "kingghidorah",
         "charged": "kingghidorah_lightning"
    },
	"textures": {
         "default": "textures/mod/mothra"
    },
	"geometry": {
    "default": "geometry.mothra"
    },
    "scripts": {
         "scale": "2.3"
    },
    "animations": {
         "fly": "animation.mothra.fly",
         "attack": "animation.mothra.attack"
    },
    "animation_controllers": [
	    { "fly": "controller.animation.kingghidorah.fly" }
    ],
    "render_controllers": [
	    "controller.render.kingghidorah",
		"controller.render.kingghidorah_lightning"
    ],
			"spawn_egg": {
				"base_color": "#ff7c00",
				"overlay_color": "#f6cf00"
			}
		}
	}
}
