{
  "format_version": "1.8.0",
  "minecraft:client_entity": {
    "description": {
      "identifier": "mod:crimsongodzilla",
      "materials": {
        "default": "crimsongodzilla",
        "charged": "crimsongodzilla_atom"
      },
      "textures": {
        "default": "textures/mod/crimsongodzilla",
        "charged": "textures/mod/crimsongodzilla_atom"
      },
      "geometry": {
        "default": "geometry.crimsongodzilla",
        "charged": "geometry.crimsongodzilla.atom",
        "atomic": "geometry.crimsongodzilla.atomic"
      },
      "scripts": {
        "scale": "7.6"
      },
      "animations": {
       "general": "animation.crimsongodzilla.general",
       "roar1": "animation.crimsongodzilla.roar1",
       "roar": "animation.crimsongodzilla.roar",
       "atom": "animation.crimsongodzilla.atom",
       "walk": "animation.crimsongodzilla.walk"
      },
      "animation_controllers": [
	    { "roar": "controller.animation.crimsongodzilla.roar" },
	    { "move": "controller.animation.crimsongodzilla.move" }
      ],
      "render_controllers": [
       "controller.render.crimsongodzilla",
       "controller.render.crimsongodzilla_atom",
       "controller.render.crimsongodzilla_atomic"
      ],
      "spawn_egg": {
        "base_color": "#ff0000",
        "overlay_color": "#ff8200"
      }
    }
  }
}
