{
 "format_version": "1.10.0",
 "minecraft:client_entity": {
  "description": {
   "identifier": "zm:demodog",
   "textures": {
    "default": "textures/entity/demodog"
   },
   "materials": {
    "default": "skeleton"
   },
   "geometry": {
    "default": "geometry.demodog"
   },
   "render_controllers": [
    "controller.render.default"
   ],
   "animations": {
    "walk": "animation.demodog.walk",
    "idle": "animation.demodog.idle",
    "move": "controller.animation.demodog.move",
    "general": "controller.animation.demodog.general",
    "attack": "animation.demodog.attack",
    "target": "animation.demodog.target"
   },
   "scripts": {
    "animate": [
     "move",
     "general",
     {
      "target": "query.has_target"
     }
    ],
    "scale": "0.40"
   },
   "spawn_egg": {
    "overlay_color": "#BCFF79",
    "base_color": "#234600"
   }
  }
 }
}