{
	"format_version": "1.10.0",
	"minecraft:client_entity": {
		"description": {
			"identifier": "zm:demobat",
			"materials": {
				"default": "phantom",
				"invisible": "phantom_invisible"
			},
			"textures": {
				"default": "textures/entity/demobat"
			},
			"geometry": {
				"default": "geometry.demobat"
			},
			"scripts": {
				"initialize": ["variable.runtimeid = 0;", "variable.tailrotx = -5.0;", "variable.wingrotz = 0.0;"],
				"animate": ["phantom_base_pose_controller", "move"]
			},
			"animations": {
				"phantom_base_pose": "animation.demobat.base_pose",
				"phantom_base_pose_controller": "controller.animation.phantom.base_pose",
				"move": "animation.demobat.move"
			},
			"particle_effects": {
				"wing_dust": "minecraft:phantom_trail_particle"
			},
			"sound_effects": {
				"flap": "mob.phantom.flap"
			},
			"render_controllers": ["controller.render.phantom"],
			"spawn_egg": {
				"base_color": "#a2d57a",
				"overlay_color": "#181120"
			}
		}
	}
}