{
 "format_version": "1.10.0",
 "minecraft:client_entity": {
  "description": {
   "identifier": "zm:demogorgon",
   "textures": {
    "default": "textures/entity/demogorgon"
   },
   "materials": {
    "default": "skeleton"
   },
   "geometry": {
    "default": "geometry.demogorgon"
   },
   "render_controllers": [
    "controller.render.default"
   ],
   "animations": {
    "moving": "animation.demogorgon.walk",
    "look_at_target": "animation.common.look_at_target",
    "idle1": "animation.demogorgon.idle",
    "move": "controller.animation.demogorgon.move",
    "general": "controller.animation.demogorgon.general",
    "attack1": "animation.demogorgon.attack",
	"run": "animation.demogorgon.run"
   },
   "scripts": {
	   "scale": "0.69",
    "animate": [
     "move",
     "general",
     "look_at_target"
    ],
	"pre_animation": [
          "variable.random = math.round(math.random(0,3));",
          "variable.random1 = math.round(math.random(0,2));",
          "variable.attack = Math.sin(variable.attack_time * 30.0);"
        ]
   },
   "spawn_egg": {
    "base_color": "#FFFFFF",
    "overlay_color": "#626262"
   }
  }
 }
}