{
 "format_version": "1.10.0",
 "minecraft:client_entity": {
  "description": {
   "render_controllers": [
    "controller.render.default"
   ],
   "identifier": "zm:mind_flayer",
   "textures": {
    "default": "textures/entity/mind_flayer"
   },
   "materials": {
    "default": "skeleton"
   },
   "geometry": {
    "default": "geometry.mind_flayer"
   },
   "animations": {
    "walk": "animation.mind_flayer.walk",
    "look_at_target": "animation.common.look_at_target",
    "idle": "animation.mind_flayer.idle",
    "move": "controller.animation.mind_flayer.move",
    "general": "controller.animation.mind_flayer.general",
    "attack": "animation.mind_flayer.attack"
   },
   "scripts": {
    "animate": [
     "move",
     "general",
     "look_at_target"
    ]
   },
   "spawn_egg": {
    "overlay_color": "#000000",
    "base_color": "#434343"
   }
  }
 }
}