{
 "format_version": "1.10.0",
 "minecraft:client_entity": {
  "description": {
   "identifier": "zm:th_portal",
   "textures": {
    "default": "textures/entity/th_portal"
   },
   "materials": {
    "default": "skeleton"
   },
   "geometry": {
    "default": "geometry.th_portal"
   },
   "render_controllers": [
    "controller.render.default"
   ],
   "animations": {
    "start": "animation.th_portal.start",
    "idle": "animation.th_portal.idle"
   },
   "scripts": {
    "animate": [
   "idle",
   {
	   "start": "query.is_alive"
   }
    ],
    "scale": "1"
   },
   "spawn_egg": {
    "base_color": "#FFA900",
    "overlay_color": "#FF0600"
   }
  }
 }
}