{
 "format_version": "1.10.0",
 "minecraft:client_entity": {
  "description": {
   "identifier": "zm:rat",
   "textures": {
    "default": "textures/entity/rat"
   },
   "materials": {
    "default": "skeleton"
   },
   "geometry": {
    "default": "geometry.rat"
   },
   "render_controllers": [
    "controller.render.default"
   ],
   "animations": {
    "walk": "animation.rat.walk",
    "idle": "animation.rat.idle",
    "move": "controller.animation.rat.move",
    "general": "controller.animation.rat.general",
    "attack": "animation.rat.attack"
   },
   "scripts": {
    "animate": [
     "move",
     "general"
    ],
    "scale": "0.78"
   },
   "spawn_egg": {
    "overlay_color": "#571300",
    "base_color": "#611F12"
   }
  }
 }
}