{"format_version":"1.10.0","animation_controllers":{"controller.animation.ppt_jumpscare":{"states":{"default":{"transitions":[{"angry_player":"query.has_target ? (query.target -> q.has_any_family('player'))"},{"angry_mobs":"query.has_target ? (query.target -> q.has_any_family('mob'))"}]},"angry_player":{"transitions":[{"default":"!query.has_target"}],"on_entry":["@s minecraft:angry_mode","@s minecraft:attack_unactive"]},"angry_mobs":{"transitions":[{"default":"!query.has_target"}],"on_entry":["@s minecraft:angry_mode","@s minecraft:attack_active"]}}},"controller.animation.huggy_jumpscare":{"states":{"default":{"transitions":[{"angry_player":"query.has_target ? (query.target -> q.has_any_family('player'))"},{"angry_mobs":"query.has_target ? (query.target -> q.has_any_family('mob'))"}]},"angry_player":{"transitions":[{"default":"!query.has_target"}],"on_entry":["/playsound music.yg_huggy_wuggy.target @a","@s minecraft:chase_start"]},"angry_mobs":{"transitions":[{"default":"!query.has_target"}],"on_entry":["@s minecraft:angry_mode","@s minecraft:attack_active"]}}},"controller.animation.mommy_jumpscare":{"states":{"default":{"transitions":[{"angry_player":"query.has_target ? (query.target -> q.has_any_family('player'))"},{"angry_mobs":"query.has_target ? (query.target -> q.has_any_family('mob'))"}]},"angry_player":{"transitions":[{"default":"!query.has_target"}],"on_entry":["/playsound music.yg_mommy_long_legs.target @a","@s minecraft:chase_start"]},"angry_mobs":{"transitions":[{"default":"!query.has_target"}],"on_entry":["@s minecraft:angry_mode","@s minecraft:attack_active"]}}}}}