{
  "format_version": "1.16.100",
  "minecraft:entity": {
    "description": {
      "identifier": "pixel:master_parry",
      "is_spawnable": false,
      "is_summonable": true,
      "is_experimental": false,
      "runtime_identifier": "minecraft:arrow",
	  "scripts": {
		"animate": [
	      "run"
		]
      },
	  "animations": {
		"run": "controller.animation.mstrprry"
	  }
    },
    "component_groups": {
      "despawn":{
	    "minecraft:instant_despawn":{}
      },
      "shoot":{
	    "minecraft:variant":{
	      "value": 2
	    }
      },
      "lance_horse":{
        "minecraft:area_attack" : {
          "damage_range": 4,
          "damage_per_tick": 10,
          "cause": "contact",
          "entity_filter": {
            "all_of": [
              { "test": "is_owner", "subject": "other", "operator": "!=" ,"value": true },
              { "test": "is_family", "subject": "other", "operator": "!=" ,"value": "horse" }
            ]
          }
        }
      },
      "nonshoot":{
	    "minecraft:variant":{
	      "value": 1
	    }
      }
    },

    "components": {
      "minecraft:collision_box": {
        "width": 0.0,
        "height": 0.0
      },
	  "minecraft:timer":{
	    "time": 5,
	    "looping": true,
	    "time_down_event":{
	    "event": "remove_katana",
	      "target": "self"
	    }
	  },
      "minecraft:damage_sensor": {
        "triggers": {
          "cause": "any",
          "deals_damage": false
        }
      },
      "minecraft:type_family": {
        "family": [ "attack" ]
      },
      "minecraft:area_attack" : {
        "damage_range": 2,
        "damage_per_tick": 10,
        "cause": "contact",
        "entity_filter": {
          "any_of": [
            { "test": "has_tag", "subject": "other", "operator": "!=" ,"value": "mstrprry" }
          ]
        }
      }
    },

    "events": {
      "minecraft:entity_spawned": {
        "add":{
          "component_groups":[
            "shoot"
          ]
        }
      },
      "non_shoot": {
        "add":{
          "component_groups":[
            "nonshoot"
          ]
        }
      },
      "lance_horse": {
        "add":{
          "component_groups":[
            "lance_horse"
          ]
        }
      },
      "remove_katana":{
        "run_command": {
          "command": [
            "execute as @a[tag=pcharge] run tag @s remove mstrprry"
          ]
        },
        "add":{
          "component_groups":[
               "despawn"
          ]
        }
      }
    }
  }
}




