{
  "format_version": "1.16.100",
  "minecraft:entity": {
    "description": {
      "identifier": "pixel:slash_crescent_random",
      "is_spawnable": false,
      "is_summonable": true,
      "is_experimental": false,
	  "scripts": {
		 "animate": [
		"wind_chakram",
		"double_hand"
		]
	  },
	  "animations": {
		 "wind_chakram": "controller.animation.slash",
		"double_hand":"animation.attack.projectile"
      }
    },
    "component_groups": {
      "despawn":{
	    "minecraft:instant_despawn":{}
      },
      "shoot":{
	    "minecraft:variant":{
	      "value": 2
	    }
      },
      "nonshoot":{
	    "minecraft:variant":{
	      "value": 1
	    }
      }
    },

    "components": {
      "minecraft:collision_box": {
        "width": 0.0,
        "height": 0.0
      },
	  "minecraft:timer":{
	    "time": [1,1],
	    "looping": true,
	    "time_down_event":{
	    "event": "remove_katana",
	      "target": "self"
	    }
	  },
      "minecraft:damage_sensor": {
        "triggers": {
          "cause": "any",
          "deals_damage": false
        }
      },
      "minecraft:area_attack" : {
        "damage_range": 2,
        "damage_per_tick": 10,
        "cause": "contact",
        "entity_filter": {
          "any_of": [
            { "test": "has_tag", "subject": "other", "operator": "!=" ,"value": "onegai" }
          ]
        }
      }
    },

    "events": {
      "minecraft:entity_spawned": {
        "add":{
          "component_groups":[
            "shoot"
          ]
        }
      },
      "non_shoot": {
        "add":{
          "component_groups":[
            "nonshoot"
          ]
        }
      },
      "remove_tag":{
        "run_command": {
          "command": [
            "execute as @a[tag=onegai] run tag @s remove onegai"
          ]
        }
      },
      "remove_katana":{
        "add":{
          "component_groups":[
               "despawn"
          ]
        }
      }
    }
  }
}




