{
  "format_version": "1.16.100",
  "minecraft:entity": {
    "description": {
      "identifier": "pixel:great_hit",
      "is_spawnable": false,
      "is_summonable": true,
      "is_experimental": false,
	  "scripts": {
		"animate": [
	      "double_hand"
		]
      },
	  "animations": {
		"double_hand":"animation.attack.remover"
	  }
    },
    "component_groups": {
      "despawn":{
	    "minecraft:instant_despawn":{}
      },
      "despawn_adder":{
	    "minecraft:timer":{
	      "time": [0.05,0.05],
	      "looping": false,
	      "time_down_event":{
	      "event": "remove_tag",
	        "target": "self"
	      }
	    }
      },
      "remove_katana":{
	    "minecraft:timer":{
	      "time": [1,1],
	      "looping": false,
	      "time_down_event":{
	      "event": "remove_katana",
	        "target": "self"
	      }
	    }
      },
      "kuroyami":{
	    "minecraft:timer":{
	      "time": [1,1],
	      "looping": false,
	      "time_down_event":{
	      "event": "kuroyami",
	        "target": "self"
	      }
	    }
      },
      "damage:1":{
        "minecraft:area_attack" : {
          "damage_range": 2,
          "damage_per_tick": 1,
          "cause": "contact",
          "entity_filter": {
            "all_of": [
              { "test": "has_tag", "subject": "other", "operator": "!=" ,"value": "grt" }
            ]
          }  
        }
      },
      "damage:2":{
        "minecraft:area_attack" : {
          "damage_range": 2,
          "damage_per_tick": 2,
          "cause": "contact",
          "entity_filter": {
            "all_of": [
              { "test": "has_tag", "subject": "other", "operator": "!=" ,"value": "grt" }
            ]
          }  
        }
      },
      "damage:3":{
        "minecraft:area_attack" : {
          "damage_range": 2,
          "damage_per_tick": 3,
          "cause": "contact",
          "entity_filter": {
            "all_of": [
              { "test": "has_tag", "subject": "other", "operator": "!=" ,"value": "grt" }
            ]
          }  
        }
      },
      "damage:4":{
        "minecraft:area_attack" : {
          "damage_range": 2,
          "damage_per_tick": 4,
          "cause": "contact",
          "entity_filter": {
            "all_of": [
              { "test": "has_tag", "subject": "other", "operator": "!=" ,"value": "grt" }
            ]
          }  
        }
      },
      "damage:5":{
        "minecraft:area_attack" : {
          "damage_range": 2,
          "damage_per_tick": 5,
          "cause": "contact",
          "entity_filter": {
            "all_of": [
              { "test": "has_tag", "subject": "other", "operator": "!=" ,"value": "grt" }
            ]
          }  
        }
      },
      "damage:6":{
        "minecraft:area_attack" : {
          "damage_range": 2,
          "damage_per_tick": 6,
          "cause": "contact",
          "entity_filter": {
            "all_of": [
              { "test": "has_tag", "subject": "other", "operator": "!=" ,"value": "grt" }
            ]
          }  
        }
      },
      "damage:7":{
        "minecraft:area_attack" : {
          "damage_range": 2,
          "damage_per_tick": 7,
          "cause": "contact",
          "entity_filter": {
            "all_of": [
              { "test": "has_tag", "subject": "other", "operator": "!=" ,"value": "grt" }
            ]
          }  
        }
      },
      "damage:8":{
        "minecraft:area_attack" : {
          "damage_range": 2,
          "damage_per_tick": 8,
          "cause": "contact",
          "entity_filter": {
            "all_of": [
              { "test": "has_tag", "subject": "other", "operator": "!=" ,"value": "grt" }
            ]
          }  
        }
      },
      "damage:9":{
        "minecraft:area_attack" : {
          "damage_range": 2,
          "damage_per_tick": 9,
          "cause": "contact",
          "entity_filter": {
            "all_of": [
              { "test": "has_tag", "subject": "other", "operator": "!=" ,"value": "grt" }
            ]
          }  
        }
      },
      "damage:10":{
        "minecraft:area_attack" : {
          "damage_range": 2,
          "damage_per_tick": 8,
          "cause": "contact",
          "entity_filter": {
            "all_of": [
              { "test": "has_tag", "subject": "other", "operator": "!=" ,"value": "grt" }
            ]
          }  
        }
      },
      "damage:11":{
        "minecraft:area_attack" : {
          "damage_range": 2,
          "damage_per_tick": 11,
          "cause": "contact",
          "entity_filter": {
            "all_of": [
              { "test": "has_tag", "subject": "other", "operator": "!=" ,"value": "grt" }
            ]
          }  
        }
      },
      "damage:12":{
        "minecraft:area_attack" : {
          "damage_range": 2,
          "damage_per_tick": 12,
          "cause": "contact",
          "entity_filter": {
            "all_of": [
              { "test": "has_tag", "subject": "other", "operator": "!=" ,"value": "grt" }
            ]
          }  
        }
      },
      "damage:13":{
        "minecraft:area_attack" : {
          "damage_range": 2,
          "damage_per_tick": 13,
          "cause": "contact",
          "entity_filter": {
            "all_of": [
              { "test": "has_tag", "subject": "other", "operator": "!=" ,"value": "grt" }
            ]
          }  
        }
      },
      "damage:14":{
        "minecraft:area_attack" : {
          "damage_range": 2,
          "damage_per_tick": 14,
          "cause": "contact",
          "entity_filter": {
            "all_of": [
              { "test": "has_tag", "subject": "other", "operator": "!=" ,"value": "grt" }
            ]
          }  
        }
      },
      "damage:15":{
        "minecraft:area_attack" : {
          "damage_range": 2,
          "damage_per_tick": 15,
          "cause": "contact",
          "entity_filter": {
            "all_of": [
              { "test": "has_tag", "subject": "other", "operator": "!=" ,"value": "grt" }
            ]
          }  
        }
      },
      "damage:16":{
        "minecraft:area_attack" : {
          "damage_range": 2,
          "damage_per_tick": 16,
          "cause": "contact",
          "entity_filter": {
            "all_of": [
              { "test": "has_tag", "subject": "other", "operator": "!=" ,"value": "grt" }
            ]
          }  
        }
      },
      "damage:17":{
        "minecraft:area_attack" : {
          "damage_range": 2,
          "damage_per_tick": 17,
          "cause": "contact",
          "entity_filter": {
            "all_of": [
              { "test": "has_tag", "subject": "other", "operator": "!=" ,"value": "grt" }
            ]
          }  
        }
      },
      "damage:18":{
        "minecraft:area_attack" : {
          "damage_range": 2,
          "damage_per_tick": 18,
          "cause": "contact",
          "entity_filter": {
            "all_of": [
              { "test": "has_tag", "subject": "other", "operator": "!=" ,"value": "grt" }
            ]
          }  
        }
      },
      "damage:19":{
        "minecraft:area_attack" : {
          "damage_range": 2,
          "damage_per_tick": 19,
          "cause": "contact",
          "entity_filter": {
            "all_of": [
              { "test": "has_tag", "subject": "other", "operator": "!=" ,"value": "grt" }
            ]
          }  
        }
      },
      "damage:20":{
        "minecraft:area_attack" : {
          "damage_range": 3,
          "damage_per_tick": 20,
          "cause": "contact",
          "entity_filter": {
            "all_of": [
              { "test": "has_tag", "subject": "other", "operator": "!=" ,"value": "grt" }
            ]
          }  
        }
      },
      "damage:21":{
        "minecraft:area_attack" : {
          "damage_range": 3,
          "damage_per_tick": 21,
          "cause": "contact",
          "entity_filter": {
            "all_of": [
              { "test": "has_tag", "subject": "other", "operator": "!=" ,"value": "grt" }
            ]
          }  
        }
      },
      "damage:22":{
        "minecraft:area_attack" : {
          "damage_range": 3,
          "damage_per_tick": 22,
          "cause": "contact",
          "entity_filter": {
            "all_of": [
              { "test": "has_tag", "subject": "other", "operator": "!=" ,"value": "grt" }
            ]
          }  
        }
      },
      "damage:23":{
        "minecraft:area_attack" : {
          "damage_range": 3,
          "damage_per_tick": 23,
          "cause": "contact",
          "entity_filter": {
            "all_of": [
              { "test": "has_tag", "subject": "other", "operator": "!=" ,"value": "grt" }
            ]
          }  
        }
      },
      "damage:24":{
        "minecraft:area_attack" : {
          "damage_range": 3,
          "damage_per_tick": 24,
          "cause": "contact",
          "entity_filter": {
            "all_of": [
              { "test": "has_tag", "subject": "other", "operator": "!=" ,"value": "grt" }
            ]
          }  
        }
      },
      "damage:25":{
        "minecraft:area_attack" : {
          "damage_range": 3,
          "damage_per_tick": 25,
          "cause": "contact",
          "entity_filter": {
            "all_of": [
              { "test": "has_tag", "subject": "other", "operator": "!=" ,"value": "grt" }
            ]
          }  
        }
      },
      "damage:26":{
        "minecraft:area_attack" : {
          "damage_range": 3,
          "damage_per_tick": 26,
          "cause": "contact",
          "entity_filter": {
            "all_of": [
              { "test": "has_tag", "subject": "other", "operator": "!=" ,"value": "grt" }
            ]
          }  
        }
      },
      "damage:27":{
        "minecraft:area_attack" : {
          "damage_range": 3,
          "damage_per_tick": 27,
          "cause": "contact",
          "entity_filter": {
            "all_of": [
              { "test": "has_tag", "subject": "other", "operator": "!=" ,"value": "grt" }
            ]
          }  
        }
      },
      "damage:28":{
        "minecraft:area_attack" : {
          "damage_range": 2,
          "damage_per_tick": 28,
          "cause": "contact",
          "entity_filter": {
            "all_of": [
              { "test": "has_tag", "subject": "other", "operator": "!=" ,"value": "grt" }
            ]
          }  
        }
      },
      "damage:29":{
        "minecraft:area_attack" : {
          "damage_range": 2,
          "damage_per_tick": 29,
          "cause": "contact",
          "entity_filter": {
            "all_of": [
              { "test": "has_tag", "subject": "other", "operator": "!=" ,"value": "grt" }
            ]
          }  
        }
      },
      "damage:30":{
        "minecraft:area_attack" : {
          "damage_range": 2,
          "damage_per_tick": 30,
          "cause": "contact",
          "entity_filter": {
            "all_of": [
              { "test": "has_tag", "subject": "other", "operator": "!=" ,"value": "grt" }
            ]
          }  
        }
      },
      "damage:31":{
        "minecraft:area_attack" : {
          "damage_range": 3,
          "damage_per_tick": 31,
          "cause": "contact",
          "entity_filter": {
            "all_of": [
              { "test": "has_tag", "subject": "other", "operator": "!=" ,"value": "grt" }
            ]
          }  
        }
      },
      "damage:32":{
        "minecraft:area_attack" : {
          "damage_range": 3,
          "damage_per_tick": 32,
          "cause": "contact",
          "entity_filter": {
            "all_of": [
              { "test": "has_tag", "subject": "other", "operator": "!=" ,"value": "grt" }
            ]
          }  
        }
      },
      "damage:33":{
        "minecraft:area_attack" : {
          "damage_range": 3,
          "damage_per_tick": 33,
          "cause": "contact",
          "entity_filter": {
            "all_of": [
              { "test": "has_tag", "subject": "other", "operator": "!=" ,"value": "grt" }
            ]
          }  
        }
      },
      "damage:34":{
        "minecraft:area_attack" : {
          "damage_range": 3,
          "damage_per_tick": 34,
          "cause": "contact",
          "entity_filter": {
            "all_of": [
              { "test": "has_tag", "subject": "other", "operator": "!=" ,"value": "grt" }
            ]
          }  
        }
      },
      "damage:35":{
        "minecraft:area_attack" : {
          "damage_range": 3,
          "damage_per_tick": 35,
          "cause": "contact",
          "entity_filter": {
            "all_of": [
              { "test": "has_tag", "subject": "other", "operator": "!=" ,"value": "grt" }
            ]
          }  
        }
      },
      "damage:36":{
        "minecraft:area_attack" : {
          "damage_range": 3,
          "damage_per_tick": 36,
          "cause": "contact",
          "entity_filter": {
            "all_of": [
              { "test": "has_tag", "subject": "other", "operator": "!=" ,"value": "grt" }
            ]
          }  
        }
      },
      "damage:37":{
        "minecraft:area_attack" : {
          "damage_range": 3,
          "damage_per_tick": 37,
          "cause": "contact",
          "entity_filter": {
            "all_of": [
              { "test": "has_tag", "subject": "other", "operator": "!=" ,"value": "grt" }
            ]
          }  
        }
      },
      "damage:38":{
        "minecraft:area_attack" : {
          "damage_range": 2,
          "damage_per_tick": 38,
          "cause": "contact",
          "entity_filter": {
            "all_of": [
              { "test": "has_tag", "subject": "other", "operator": "!=" ,"value": "grt" }
            ]
          }  
        }
      },
      "damage:39":{
        "minecraft:area_attack" : {
          "damage_range": 2,
          "damage_per_tick": 39,
          "cause": "contact",
          "entity_filter": {
            "all_of": [
              { "test": "has_tag", "subject": "other", "operator": "!=" ,"value": "grt" }
            ]
          }  
        }
      },
      "damage:40":{
        "minecraft:area_attack" : {
          "damage_range": 2,
          "damage_per_tick": 40,
          "cause": "contact",
          "entity_filter": {
            "all_of": [
              { "test": "has_tag", "subject": "other", "operator": "!=" ,"value": "grt" }
            ]
          }  
        }
      },
      "damage:41":{
        "minecraft:area_attack" : {
          "damage_range": 3,
          "damage_per_tick": 41,
          "cause": "contact",
          "entity_filter": {
            "all_of": [
              { "test": "has_tag", "subject": "other", "operator": "!=" ,"value": "grt" }
            ]
          }  
        }
      },
      "damage:42":{
        "minecraft:area_attack" : {
          "damage_range": 3,
          "damage_per_tick": 42,
          "cause": "contact",
          "entity_filter": {
            "all_of": [
              { "test": "has_tag", "subject": "other", "operator": "!=" ,"value": "grt" }
            ]
          }  
        }
      },
      "damage:43":{
        "minecraft:area_attack" : {
          "damage_range": 3,
          "damage_per_tick": 43,
          "cause": "contact",
          "entity_filter": {
            "all_of": [
              { "test": "has_tag", "subject": "other", "operator": "!=" ,"value": "grt" }
            ]
          }  
        }
      },
      "damage:44":{
        "minecraft:area_attack" : {
          "damage_range": 3,
          "damage_per_tick": 44,
          "cause": "contact",
          "entity_filter": {
            "all_of": [
              { "test": "has_tag", "subject": "other", "operator": "!=" ,"value": "grt" }
            ]
          }  
        }
      },
      "damage:45":{
        "minecraft:area_attack" : {
          "damage_range": 3,
          "damage_per_tick": 45,
          "cause": "contact",
          "entity_filter": {
            "all_of": [
              { "test": "has_tag", "subject": "other", "operator": "!=" ,"value": "grt" }
            ]
          }  
        }
      },
      "damage:46":{
        "minecraft:area_attack" : {
          "damage_range": 3,
          "damage_per_tick": 46,
          "cause": "contact",
          "entity_filter": {
            "all_of": [
              { "test": "has_tag", "subject": "other", "operator": "!=" ,"value": "grt" }
            ]
          }  
        }
      },
      "damage:47":{
        "minecraft:area_attack" : {
          "damage_range": 3,
          "damage_per_tick": 47,
          "cause": "contact",
          "entity_filter": {
            "all_of": [
              { "test": "has_tag", "subject": "other", "operator": "!=" ,"value": "grt" }
            ]
          }  
        }
      },
      "damage:48":{
        "minecraft:area_attack" : {
          "damage_range": 2,
          "damage_per_tick": 48,
          "cause": "contact",
          "entity_filter": {
            "all_of": [
              { "test": "has_tag", "subject": "other", "operator": "!=" ,"value": "grt" }
            ]
          }  
        }
      },
      "damage:49":{
        "minecraft:area_attack" : {
          "damage_range": 2,
          "damage_per_tick": 49,
          "cause": "contact",
          "entity_filter": {
            "all_of": [
              { "test": "has_tag", "subject": "other", "operator": "!=" ,"value": "grt" }
            ]
          }  
        }
      },
      "damage:50":{
        "minecraft:area_attack" : {
          "damage_range": 2,
          "damage_per_tick": 50,
          "cause": "contact",
          "entity_filter": {
            "all_of": [
              { "test": "has_tag", "subject": "other", "operator": "!=" ,"value": "grt" }
            ]
          }  
        }
      },
      "damage:51":{
        "minecraft:area_attack" : {
          "damage_range": 3,
          "damage_per_tick": 51,
          "cause": "contact",
          "entity_filter": {
            "all_of": [
              { "test": "has_tag", "subject": "other", "operator": "!=" ,"value": "grt" }
            ]
          }  
        }
      },
      "damage:52":{
        "minecraft:area_attack" : {
          "damage_range": 3,
          "damage_per_tick": 52,
          "cause": "contact",
          "entity_filter": {
            "all_of": [
              { "test": "has_tag", "subject": "other", "operator": "!=" ,"value": "grt" }
            ]
          }  
        }
      },
      "damage:53":{
        "minecraft:area_attack" : {
          "damage_range": 3,
          "damage_per_tick": 53,
          "cause": "contact",
          "entity_filter": {
            "all_of": [
              { "test": "has_tag", "subject": "other", "operator": "!=" ,"value": "grt" }
            ]
          }  
        }
      },
      "damage:54":{
        "minecraft:area_attack" : {
          "damage_range": 3,
          "damage_per_tick": 54,
          "cause": "contact",
          "entity_filter": {
            "all_of": [
              { "test": "has_tag", "subject": "other", "operator": "!=" ,"value": "grt" }
            ]
          }  
        }
      },
      "damage:55":{
        "minecraft:area_attack" : {
          "damage_range": 3,
          "damage_per_tick": 55,
          "cause": "contact",
          "entity_filter": {
            "all_of": [
              { "test": "has_tag", "subject": "other", "operator": "!=" ,"value": "grt" }
            ]
          }  
        }
      },
      "damage:56":{
        "minecraft:area_attack" : {
          "damage_range": 3,
          "damage_per_tick": 56,
          "cause": "contact",
          "entity_filter": {
            "all_of": [
              { "test": "has_tag", "subject": "other", "operator": "!=" ,"value": "grt" }
            ]
          }  
        }
      },
      "damage:57":{
        "minecraft:area_attack" : {
          "damage_range": 3,
          "damage_per_tick": 57,
          "cause": "contact",
          "entity_filter": {
            "all_of": [
              { "test": "has_tag", "subject": "other", "operator": "!=" ,"value": "grt" }
            ]
          }  
        }
      },
      "damage:58":{
        "minecraft:area_attack" : {
          "damage_range": 2,
          "damage_per_tick": 58,
          "cause": "contact",
          "entity_filter": {
            "all_of": [
              { "test": "has_tag", "subject": "other", "operator": "!=" ,"value": "grt" }
            ]
          }  
        }
      },
      "damage:59":{
        "minecraft:area_attack" : {
          "damage_range": 2,
          "damage_per_tick": 59,
          "cause": "contact",
          "entity_filter": {
            "all_of": [
              { "test": "has_tag", "subject": "other", "operator": "!=" ,"value": "grt" }
            ]
          }  
        }
      },
      "damage:60":{
        "minecraft:area_attack" : {
          "damage_range": 2,
          "damage_per_tick": 60,
          "cause": "contact",
          "entity_filter": {
            "all_of": [
              { "test": "has_tag", "subject": "other", "operator": "!=" ,"value": "grt" }
            ]
          }  
        }
      },
      "damage:61":{
        "minecraft:area_attack" : {
          "damage_range": 3,
          "damage_per_tick": 61,
          "cause": "contact",
          "entity_filter": {
            "all_of": [
              { "test": "has_tag", "subject": "other", "operator": "!=" ,"value": "grt" }
            ]
          }  
        }
      },
      "damage:62":{
        "minecraft:area_attack" : {
          "damage_range": 3,
          "damage_per_tick": 62,
          "cause": "contact",
          "entity_filter": {
            "all_of": [
              { "test": "has_tag", "subject": "other", "operator": "!=" ,"value": "grt" }
            ]
          }  
        }
      },
      "damage:63":{
        "minecraft:area_attack" : {
          "damage_range": 3,
          "damage_per_tick": 63,
          "cause": "contact",
          "entity_filter": {
            "all_of": [
              { "test": "has_tag", "subject": "other", "operator": "!=" ,"value": "grt" }
            ]
          }  
        }
      },
      "damage:64":{
        "minecraft:area_attack" : {
          "damage_range": 3,
          "damage_per_tick": 64,
          "cause": "contact",
          "entity_filter": {
            "all_of": [
              { "test": "has_tag", "subject": "other", "operator": "!=" ,"value": "grt" }
            ]
          }  
        }
      },
      "damage:65":{
        "minecraft:area_attack" : {
          "damage_range": 3,
          "damage_per_tick": 65,
          "cause": "contact",
          "entity_filter": {
            "all_of": [
              { "test": "has_tag", "subject": "other", "operator": "!=" ,"value": "grt" }
            ]
          }  
        }
      },
      "damage:66":{
        "minecraft:area_attack" : {
          "damage_range": 3,
          "damage_per_tick": 66,
          "cause": "contact",
          "entity_filter": {
            "all_of": [
              { "test": "has_tag", "subject": "other", "operator": "!=" ,"value": "grt" }
            ]
          }  
        }
      },
      "damage:67":{
        "minecraft:area_attack" : {
          "damage_range": 3,
          "damage_per_tick": 67,
          "cause": "contact",
          "entity_filter": {
            "all_of": [
              { "test": "has_tag", "subject": "other", "operator": "!=" ,"value": "grt" }
            ]
          }  
        }
      },
      "damage:68":{
        "minecraft:area_attack" : {
          "damage_range": 2,
          "damage_per_tick": 68,
          "cause": "contact",
          "entity_filter": {
            "all_of": [
              { "test": "has_tag", "subject": "other", "operator": "!=" ,"value": "grt" }
            ]
          }  
        }
      },
      "damage:69":{
        "minecraft:area_attack" : {
          "damage_range": 2,
          "damage_per_tick": 69,
          "cause": "contact",
          "entity_filter": {
            "all_of": [
              { "test": "has_tag", "subject": "other", "operator": "!=" ,"value": "grt" }
            ]
          }  
        }
      },
      "damage:70":{
        "minecraft:area_attack" : {
          "damage_range": 2,
          "damage_per_tick": 70,
          "cause": "contact",
          "entity_filter": {
            "all_of": [
              { "test": "has_tag", "subject": "other", "operator": "!=" ,"value": "grt" }
            ]
          }  
        }
      }
    },

    "components": {
      "minecraft:collision_box": {
        "width": 0.0,
        "height": 0.0
      }
    },

    "events": {
      "damage:low":{
        "sequence": [
          {
            "randomize": [
              {
                "weight": 10,
                "add":{
                  "component_groups":[
                    "damage:1"
                  ]
                }
              },
              {
                "weight": 10,
                "add":{
                  "component_groups":[
                    "damage:2"
                  ]
                }
              },
              {
                "weight": 10,
                "add":{
                  "component_groups":[
                    "damage:3"
                  ]
                }
              },
              {
                "weight": 10,
                "add":{
                  "component_groups":[
                    "damage:4"
                  ]
                }
              },
              {
                "weight": 10,
                "add":{
                  "component_groups":[
                    "damage:5"
                  ]
                }
              },
              {
                "weight": 10,
                "add":{
                  "component_groups":[
                    "damage:6"
                  ]
                }
              },
              {
                "weight": 10,
                "add":{
                  "component_groups":[
                    "damage:7"
                  ]
                }
              },
              {
                "weight": 10,
                "add":{
                  "component_groups":[
                    "damage:8"
                  ]
                }
              }
            ]
          }
        ]
      },
      "damage:low_medium":{
        "sequence": [
          {
            "randomize": [
              {
                "weight": 10,
                "add":{
                  "component_groups":[
                    "damage:6"
                  ]
                }
              },
              {
                "weight": 10,
                "add":{
                  "component_groups":[
                    "damage:7"
                  ]
                }
              },
              {
                "weight": 10,
                "add":{
                  "component_groups":[
                    "damage:8"
                  ]
                }
              },
              {
                "weight": 10,
                "add":{
                  "component_groups":[
                    "damage:9"
                  ]
                }
              },
              {
                "weight": 10,
                "add":{
                  "component_groups":[
                    "damage:10"
                  ]
                }
              }
            ]
          }
        ]
      },
      "damage:medium":{
        "sequence": [
          {
            "randomize": [
              {
                "weight": 10,
                "add":{
                  "component_groups":[
                    "damage:10"
                  ]
                }
              },
              {
                "weight": 10,
                "add":{
                  "component_groups":[
                    "damage:11"
                  ]
                }
              },
              {
                "weight": 10,
                "add":{
                  "component_groups":[
                    "damage:12"
                  ]
                }
              },
              {
                "weight": 10,
                "add":{
                  "component_groups":[
                    "damage:13"
                  ]
                }
              },
              {
                "weight": 10,
                "add":{
                  "component_groups":[
                    "damage:14"
                  ]
                }
              },
              {
                "weight": 10,
                "add":{
                  "component_groups":[
                    "damage:15"
                  ]
                }
              },
              {
                "weight": 10,
                "add":{
                  "component_groups":[
                    "damage:16"
                  ]
                }
              },
              {
                "weight": 10,
                "add":{
                  "component_groups":[
                    "damage:17"
                  ]
                }
              }
            ]
          }
        ]
      },
      "damage:high_medium":{
        "sequence": [
          {
            "randomize": [
              {
                "weight": 10,
                "add":{
                  "component_groups":[
                    "damage:15"
                  ]
                }
              },
              {
                "weight": 10,
                "add":{
                  "component_groups":[
                    "damage:16"
                  ]
                }
              },
              {
                "weight": 10,
                "add":{
                  "component_groups":[
                    "damage:17"
                  ]
                }
              },
              {
                "weight": 10,
                "add":{
                  "component_groups":[
                    "damage:18"
                  ]
                }
              },
              {
                "weight": 10,
                "add":{
                  "component_groups":[
                    "damage:19"
                  ]
                }
              }
            ]
          }
        ]
      },
      "damage:high":{
        "sequence": [
          {
            "randomize": [
              {
                "weight": 10,
                "add":{
                  "component_groups":[
                    "damage:20"
                  ]
                }
              },
              {
                "weight": 10,
                "add":{
                  "component_groups":[
                    "damage:21"
                  ]
                }
              },
              {
                "weight": 10,
                "add":{
                  "component_groups":[
                    "damage:22"
                  ]
                }
              },
              {
                "weight": 10,
                "add":{
                  "component_groups":[
                    "damage:23"
                  ]
                }
              },
              {
                "weight": 10,
                "add":{
                  "component_groups":[
                    "damage:24"
                  ]
                }
              },
              {
                "weight": 10,
                "add":{
                  "component_groups":[
                    "damage:25"
                  ]
                }
              },
              {
                "weight": 10,
                "add":{
                  "component_groups":[
                    "damage:26"
                  ]
                }
              },
              {
                "weight": 10,
                "add":{
                  "component_groups":[
                    "damage:27"
                  ]
                }
              }
            ]
          }
        ]
      },
      "damage:really_high":{
        "sequence": [
          {
            "randomize": [
              {
                "weight": 10,
                "add":{
                  "component_groups":[
                    "damage:28"
                  ]
                }
              },
              {
                "weight": 10,
                "add":{
                  "component_groups":[
                    "damage:29"
                  ]
                }
              },
              {
                "weight": 10,
                "add":{
                  "component_groups":[
                    "damage:30"
                  ]
                }
              },
              {
                "weight": 10,
                "add":{
                  "component_groups":[
                    "damage:31"
                  ]
                }
              },
              {
                "weight": 10,
                "add":{
                  "component_groups":[
                    "damage:32"
                  ]
                }
              },
              {
                "weight": 10,
                "add":{
                  "component_groups":[
                    "damage:33"
                  ]
                }
              },
              {
                "weight": 10,
                "add":{
                  "component_groups":[
                    "damage:34"
                  ]
                }
              },
              {
                "weight": 10,
                "add":{
                  "component_groups":[
                    "damage:35"
                  ]
                }
              }
            ]
          }
        ]
      },
      "damage:qp":{
        "add":{
          "component_groups":[
            "damage:10"
          ]
        }
      },
      "damage:qq":{
        "add":{
          "component_groups":[
            "damage:11"
          ]
        }
      },
      "damage:qw":{
        "add":{
          "component_groups":[
            "damage:12"
          ]
        }
      },
      "damage:qe":{
        "add":{
          "component_groups":[
            "damage:13"
          ]
        }
      },
      "damage:qr":{
        "add":{
          "component_groups":[
            "damage:14"
          ]
        }
      },
      "damage:qt":{
        "add":{
          "component_groups":[
            "damage:15"
          ]
        }
      },
      "damage:qy":{
        "add":{
          "component_groups":[
            "damage:16"
          ]
        }
      },
      "damage:qu":{
        "add":{
          "component_groups":[
            "damage:17"
          ]
        }
      },
      "damage:qi":{
        "add":{
          "component_groups":[
            "damage:18"
          ]
        }
      },
      "damage:qo":{
        "add":{
          "component_groups":[
            "damage:19"
          ]
        }
      },
      "damage:wp":{
        "add":{
          "component_groups":[
            "damage:20"
          ]
        }
      },
      "damage:wq":{
        "add":{
          "component_groups":[
            "damage:21"
          ]
        }
      },
      "damage:ww":{
        "add":{
          "component_groups":[
            "damage:22"
          ]
        }
      },
      "damage:we":{
        "add":{
          "component_groups":[
            "damage:23"
          ]
        }
      },
      "damage:wr":{
        "add":{
          "component_groups":[
            "damage:24"
          ]
        }
      },
      "damage:wt":{
        "add":{
          "component_groups":[
            "damage:25"
          ]
        }
      },
      "damage:wy":{
        "add":{
          "component_groups":[
            "damage:26"
          ]
        }
      },
      "damage:wu":{
        "add":{
          "component_groups":[
            "damage:27"
          ]
        }
      },
      "damage:wi":{
        "add":{
          "component_groups":[
            "damage:28"
          ]
        }
      },
      "damage:wo":{
        "add":{
          "component_groups":[
            "damage:29"
          ]
        }
      },
      "damage:ep":{
        "add":{
          "component_groups":[
            "damage:30"
          ]
        }
      },
      "damage:eq":{
        "add":{
          "component_groups":[
            "damage:31"
          ]
        }
      },
      "damage:ew":{
        "add":{
          "component_groups":[
            "damage:32"
          ]
        }
      },
      "damage:ee":{
        "add":{
          "component_groups":[
            "damage:33"
          ]
        }
      },
      "damage:er":{
        "add":{
          "component_groups":[
            "damage:34"
          ]
        }
      },
      "damage:et":{
        "add":{
          "component_groups":[
            "damage:35"
          ]
        }
      },
      "damage:ey":{
        "add":{
          "component_groups":[
            "damage:36"
          ]
        }
      },
      "damage:eu":{
        "add":{
          "component_groups":[
            "damage:37"
          ]
        }
      },
      "damage:ei":{
        "add":{
          "component_groups":[
            "damage:38"
          ]
        }
      },
      "damage:eo":{
        "add":{
          "component_groups":[
            "damage:39"
          ]
        }
      },
      "damage:rp":{
        "add":{
          "component_groups":[
            "damage:40"
          ]
        }
      },
      "damage:rq":{
        "add":{
          "component_groups":[
            "damage:41"
          ]
        }
      },
      "damage:rw":{
        "add":{
          "component_groups":[
            "damage:42"
          ]
        }
      },
      "damage:re":{
        "add":{
          "component_groups":[
            "damage:43"
          ]
        }
      },
      "damage:rr":{
        "add":{
          "component_groups":[
            "damage:44"
          ]
        }
      },
      "damage:rt":{
        "add":{
          "component_groups":[
            "damage:45"
          ]
        }
      },
      "damage:ry":{
        "add":{
          "component_groups":[
            "damage:46"
          ]
        }
      },
      "damage:ru":{
        "add":{
          "component_groups":[
            "damage:47"
          ]
        }
      },
      "damage:ri":{
        "add":{
          "component_groups":[
            "damage:48"
          ]
        }
      },
      "damage:ro":{
        "add":{
          "component_groups":[
            "damage:49"
          ]
        }
      },
      "damage:tp":{
        "add":{
          "component_groups":[
            "damage:50"
          ]
        }
      },
      "damage:tq":{
        "add":{
          "component_groups":[
            "damage:51"
          ]
        }
      },
      "damage:tw":{
        "add":{
          "component_groups":[
            "damage:52"
          ]
        }
      },
      "damage:te":{
        "add":{
          "component_groups":[
            "damage:53"
          ]
        }
      },
      "damage:tr":{
        "add":{
          "component_groups":[
            "damage:54"
          ]
        }
      },
      "damage:tt":{
        "add":{
          "component_groups":[
            "damage:55"
          ]
        }
      },
      "damage:ty":{
        "add":{
          "component_groups":[
            "damage:56"
          ]
        }
      },
      "damage:tu":{
        "add":{
          "component_groups":[
            "damage:57"
          ]
        }
      },
      "damage:ti":{
        "add":{
          "component_groups":[
            "damage:58"
          ]
        }
      },
      "damage:to":{
        "add":{
          "component_groups":[
            "damage:59"
          ]
        }
      },
      "damage:yp":{
        "add":{
          "component_groups":[
            "damage:60"
          ]
        }
      },
      "damage:yq":{
        "add":{
          "component_groups":[
            "damage:61"
          ]
        }
      },
      "damage:yw":{
        "add":{
          "component_groups":[
            "damage:62"
          ]
        }
      },
      "damage:ye":{
        "add":{
          "component_groups":[
            "damage:63"
          ]
        }
      },
      "damage:yr":{
        "add":{
          "component_groups":[
            "damage:64"
          ]
        }
      },
      "damage:yt":{
        "add":{
          "component_groups":[
            "damage:65"
          ]
        }
      },
      "damage:yy":{
        "add":{
          "component_groups":[
            "damage:66"
          ]
        }
      },
      "damage:yu":{
        "add":{
          "component_groups":[
            "damage:67"
          ]
        }
      },
      "damage:yi":{
        "add":{
          "component_groups":[
            "damage:68"
          ]
        }
      },
      "damage:yo":{
        "add":{
          "component_groups":[
            "damage:69"
          ]
        }
      },
      "damage:up":{
        "add":{
          "component_groups":[
            "damage:70"
          ]
        }
      },
      "remove_damage":{
        "remove":{
          "component_groups":[
            "damage:1",
            "damage:2",
            "damage:3",
            "damage:4",
            "damage:5",
            "damage:6",
            "damage:7",
            "damage:8",
            "damage:9",
            "damage:10",
            "damage:11",
            "damage:12",
            "damage:13",
            "damage:14",
            "damage:15",
            "damage:16",
            "damage:17",
            "damage:18",
            "damage:19",
            "damage:20",
            "damage:21",
            "damage:22",
            "damage:23",
            "damage:24",
            "damage:25",
            "damage:26",
            "damage:27",
            "damage:28",
            "damage:29",
            "damage:30",
            "damage:31",
            "damage:32",
            "damage:33",
            "damage:34",
            "damage:35",
            "damage:36",
            "damage:37",
            "damage:38",
            "damage:39",
            "damage:40",
            "damage:41",
            "damage:42",
            "damage:43",
            "damage:44",
            "damage:45",
            "damage:46",
            "damage:47",
            "damage:48",
            "damage:49",
            "damage:50",
            "damage:51",
            "damage:52",
            "damage:53",
            "damage:54",
            "damage:55",
            "damage:56",
            "damage:57",
            "damage:58",
            "damage:59",
            "damage:60",
            "damage:61",
            "damage:62",
            "damage:63",
            "damage:64",
            "damage:65",
            "damage:66",
            "damage:67",
            "damage:68",
            "damage:69",
            "damage:70"
          ]
        }
      },
      "remove_tag":{
        "run_command": {
          "command": [
            "execute as @a[tag=grt] run tag @s remove grt"
          ]
        }
      },
      "remove_katana":{
        "add":{
          "component_groups":[
               "despawn"
          ]
        }
      }
    }
  }
}




