{
  "format_version": "1.16.100",
  "minecraft:entity": {
    "description": {
      "identifier": "pixel:hit",
      "is_spawnable": false,
      "is_summonable": true,
      "is_experimental": false
    },
    "component_groups": {
      "despawn":{
	    "minecraft:instant_despawn":{}
      },
      "despawn_adder":{
	    "minecraft:timer":{
	      "time": [0.05,0.05],
	      "looping": false,
	      "time_down_event":{
	      "event": "remove_tag",
	        "target": "self"
	      }
	    }
      },
      "remove_katana":{
	    "minecraft:timer":{
	      "time": [1,1],
	      "looping": false,
	      "time_down_event":{
	      "event": "remove_katana",
	        "target": "self"
	      }
	    }
      }
    },

    "components": {
	  "minecraft:damage_sensor": {
		"triggers": {
		  "cause": "any",
		   "deals_damage": false
		}
	  },
      "minecraft:physics": {
        "has_gravity": false,
        "has_collision": false
      },
      "minecraft:collision_box": {
        "width": 1.5,
        "height": 1.5
      }
    },

    "events": {
      "remove_damage":{
        "remove":{
          "component_groups":[
            "damage:1",
            "damage:2",
            "damage:3",
            "damage:4",
            "damage:5",
            "damage:6",
            "damage:7",
            "damage:8",
            "damage:9",
            "damage:10",
            "damage:11",
            "damage:12",
            "damage:13",
            "damage:14",
            "damage:15",
            "damage:16",
            "damage:17",
            "damage:18",
            "damage:19",
            "damage:20",
            "damage:21",
            "damage:22",
            "damage:23",
            "damage:24",
            "damage:25",
            "damage:26",
            "damage:27",
            "damage:28",
            "damage:29",
            "damage:30",
            "damage:31",
            "damage:32",
            "damage:33",
            "damage:34",
            "damage:35",
            "damage:36",
            "damage:37",
            "damage:38",
            "damage:39",
            "damage:40",
            "damage:41",
            "damage:42",
            "damage:43",
            "damage:44",
            "damage:45",
            "damage:46",
            "damage:47",
            "damage:48",
            "damage:49",
            "damage:50",
            "despawn_adder"
          ]
        }
      },
      "remove_tag":{
        "run_command": {
          "command": [
            "execute as @a[tag=mce] run tag @s remove mce"
          ]
        }
      },
      "hews":{
        "run_command": {
          "command": [
            "execute as @a[scores={intn=0}] run scoreboard players set @s intn 1"
          ]
        }
      },
      "hewss":{
        "run_command": {
          "command": [
            "execute as @a[scores={ints=0}] run scoreboard players set @s ints 1"
          ]
        }
      },
      "remove_katana":{
        "add":{
          "component_groups":[
               "despawn"
          ]
        }
      }
    }
  }
}




