{
 "format_version": "1.16.100",
 "minecraft:item": {
	"description": {
		"identifier": "pixel:netherite_rapier",
        "category":"Equipment"
	},
	"components": {
      "minecraft:creative_category": {
        "parent": "itemGroup.name.sword"
      },
	  "minecraft:icon": {
		"texture": "netherite_rapier"
	  },
	  "tag:damage:7":{},
      "tag:minecraft:is_rapier":{},
      "minecraft:durability": {
        "max_durability": 2304,
        "damage_chance": {
          "min": 60,
          "max": 100
        }
      },
      "minecraft:repairable": {
        "repair_items": [
          {
            "items": [ "minecraft:netherite_scrap" ],
            "repair_amount": 280
          },
          {
            "items": [ "pixel:repair_item" ],
            "repair_amount": 250
          },
          {
            "items": [ "pixel:netherite_rapier" ],
            "repair_amount": "query.max_durability"
          }
        ]
      },
      "minecraft:use_duration": 1000,
	  "minecraft:display_name": {
		"value": "item.pixel:netherite_rapier.name"
	  },
	  "minecraft:max_stack_size": 1,
	  "minecraft:hand_equipped": true,
      "minecraft:mining_speed": 1.5,
      "minecraft:damage": 7,
      "minecraft:enchantable": {
        "value": 12,
        "slot": "sword"
      },
      "minecraft:can_destroy_in_creative": false,
      "minecraft:digger": {
        "use_efficiency": true,
        "destroy_speeds": [
          {
            "block": "minecraft:web",
            "speed": 15,
			"on_dig": {
			  "event": "minecraft:break"
			}
          },
          {
            "block": "minecraft:bamboo",
            "speed": 10,
			"on_dig": {
			  "event": "minecraft:break"
			}
          }
        ],
		"on_dig": {
		  "event": "minecraft:break",
		  "target": "self"
		}
      },
      "minecraft:chargeable": {
		"on_complete": {
		  "event": "filter_the_shoot",
		  "target": "self"
		}
	  },
	  "minecraft:weapon": {
		"on_hurt_entity": {
		  "event": "minecraft:break"
		}
	  }
    },
	"events": {
	  "minecraft:break": {
	    "sequence":[
	      {
		    "condition": "query.scoreboard('lghtmstr') >= 0 && query.scoreboard('lghtmstr') < 100",
		    "sequence": [
	          {
		        "condition": "query.scoreboard('rprspd') <= 0",
	            "run_command":{
	              "command":[
	                "scoreboard objectives add rapier_cd dummy",
	                "scoreboard players set @s rapier_cd 35",
	                "effect @s weakness 2 20"
	              ]
	            }
	          },
	          {
		        "condition": "query.scoreboard('rprspd') > 0",
	            "run_command":{
	              "command":[
	                "scoreboard objectives add rapier_cd dummy",
	                "scoreboard players set @s rapier_cd 20",
	                "effect @s weakness 1 20"
	              ]
	            }
	          },
	          {
		        "condition": "query.is_sprinting && query.scoreboard('rapier_cd') < 2",
	            "sequence":[
	              {
		            "damage": {
		              "type": "magic",
		              "amount": 3,
		              "target": "other"
		            }
	              }
	            ]
	          },
	          {
		        "condition": "!query.is_on_ground && query.scoreboard('rapier_cd') < 2",
	            "sequence":[
	              {
		            "damage": {
		              "type": "magic",
		              "amount": 5,
		              "target": "other"
		            }
	              }
	            ]
	          }
		    ]
	      },
	      {
		    "condition": "query.scoreboard('lghtmstr') >= 100 && query.scoreboard('lghtmstr') < 500",
		    "sequence": [
	          {
		        "condition": "query.scoreboard('rprspd') <= 0",
	            "run_command":{
	              "command":[
	                "scoreboard objectives add rapier_cd dummy",
	                "scoreboard players set @s rapier_cd 25",
	                "effect @s weakness 1 20"
	              ]
	            }
	          },
	          {
		        "condition": "query.scoreboard('rprspd') > 0",
	            "run_command":{
	              "command":[
	                "scoreboard objectives add rapier_cd dummy",
	                "scoreboard players set @s rapier_cd 10"
	              ]
	            }
	          },
	          {
		        "condition": "query.is_sprinting && query.scoreboard('rapier_cd') < 2",
	            "sequence":[
	              {
		            "damage": {
		              "type": "magic",
		              "amount": 6,
		              "target": "other"
		            }
	              }
	            ]
	          },
	          {
		        "condition": "!query.is_on_ground && query.scoreboard('rapier_cd') < 2",
	            "sequence":[
	              {
		            "damage": {
		              "type": "magic",
		              "amount": 7,
		              "target": "other"
		            }
	              }
	            ]
	          }
		    ]
	      },
	      {
		    "condition": "query.scoreboard('lghtmstr') >= 500 && query.scoreboard('lghtmstr') < 1000",
		    "sequence": [
	          {
		        "condition": "query.scoreboard('rprspd') <= 0",
	            "run_command":{
	              "command":[
	                "scoreboard objectives add rapier_cd dummy",
	                "scoreboard players set @s rapier_cd 25",
	                "effect @s weakness 1 20"
	              ]
	            }
	          },
	          {
		        "condition": "query.scoreboard('rprspd') > 0",
	            "run_command":{
	              "command":[
	                "scoreboard objectives add rapier_cd dummy",
	                "scoreboard players set @s rapier_cd 5"
	              ]
	            }
	          },
	          {
		        "condition": "query.is_sprinting && query.scoreboard('rapier_cd') < 2",
	            "sequence":[
	              {
		            "damage": {
		              "type": "magic",
		              "amount": 8,
		              "target": "other"
		            }
	              }
	            ]
	          },
	          {
		        "condition": "!query.is_on_ground && query.scoreboard('rapier_cd') < 2",
	            "sequence":[
	              {
		            "damage": {
		              "type": "magic",
		              "amount": 9,
		              "target": "other"
		            }
	              }
	            ]
	          }
		    ]
	      },
	      {
		    "condition": "query.scoreboard('lghtmstr') >= 1000",
		    "sequence": [
	          {
	            "run_command":{
	              "command":[
	                "scoreboard objectives add rapier_cd dummy",
	                "scoreboard players set @s rapier_cd 10"
	              ]
	            }
	          },
	          {
		        "condition": "query.is_sprinting && query.scoreboard('rapier_cd') < 2",
	            "sequence":[
	              {
		            "damage": {
		              "type": "magic",
		              "amount": 9,
		              "target": "other"
		            }
	              }
	            ]
	          },
	          {
		        "condition": "!query.is_on_ground && query.scoreboard('rapier_cd') < 2",
	            "sequence":[
	              {
		            "damage": {
		              "type": "magic",
		              "amount": 11,
		              "target": "other"
		            }
	              }
	            ]
	          }
		    ]
	      },
	      {
		    "condition": "query.scoreboard('frctnstrk') > 0",
		    "sequence":[
	          {
		        "damage": {
		          "type": "fire_tick",
		          "amount": 3,
		          "target": "other"
	            }
	          }
		    ]
	      },
	      {
		    "condition": "query.scoreboard('irnlng') != 1 && query.scoreboard('dmndlng') != 1",
	        "randomize":[
	          {
	            "weight": 10,
		        "run_command": {
		          "command":[
	                "scoreboard players remove @s exhaust 5"
		          ]
		        }
	          },
	          {
	            "weight": 20,
		        "run_command": {
		          "command":[
	                "scoreboard players remove @s exhaust 6"
		          ]
		        }
	          },
	          {
	            "weight": 5,
		        "run_command": {
		          "command":[
	                "scoreboard players remove @s exhaust 4"
		          ]
		        }
	          }
	        ]
	      },
	      {
		    "condition": "query.scoreboard('irnlng') == 1",
	        "randomize":[
	          {
	            "weight": 10,
		        "run_command": {
		          "command":[
	                "scoreboard players remove @s exhaust 2"
		          ]
		        }
	          },
	          {
	            "weight": 20,
		        "run_command": {
		          "command":[
	                "scoreboard players remove @s exhaust 5"
		          ]
		        }
	          },
	          {
	            "weight": 5,
		        "run_command": {
		          "command":[
	                "scoreboard players remove @s exhaust 4"
		          ]
		        }
	          }
	        ]
	      },
	      {
		    "condition": "query.scoreboard('dmndlng') == 1",
	        "randomize":[
	          {
	            "weight": 10,
		        "run_command": {
		          "command":[
	                "scoreboard players remove @s exhaust 2"
		          ]
		        }
	          },
	          {
	            "weight": 20,
		        "run_command": {
		          "command":[
	                "scoreboard players remove @s exhaust 3"
		          ]
		        }
	          }
	        ]
	      },
	      {
	        "randomize":[
	          {
	            "weight": 10,
		        "damage": {
		          "type": "durability",
		          "amount": 1
	            }
	          },
	          {
	            "weight": 20,
		        "damage": {
		          "type": "durability",
		          "amount": 0
	            }
	          },
	          {
	            "weight": 5,
		        "damage": {
		          "type": "durability",
		          "amount": 2
	            }
	          }
	        ]
	      },
	      {
	        "randomize":[
	          {
	            "weight": 15,
	            "run_command":{
	              "command":[
	                "scoreboard objectives add lghtmstr dummy"
	              ]
	            }
	          },
	          {
	            "weight": 20,
	            "run_command":{
	              "command":[
	                "scoreboard objectives add lghtmstr dummy",
	                "scoreboard players add @s lghtmstr 1"
	              ]
	            }
	          },
	          {
	            "weight": 10,
	            "run_command":{
	              "command":[
	                "scoreboard objectives add lghtmstr dummy",
	                "scoreboard players add @s lghtmstr 2"
	              ]
	            }
	          },
	          {
	            "weight": 2,
	            "run_command":{
	              "command":[
	                "scoreboard objectives add lghtmstr dummy",
	                "scoreboard players add @s lghtmstr 5"
	              ]
	            }
	          }
	        ]
	      },
	      {
		    "condition": "query.scoreboard('irnlng') != 1 && query.scoreboard('dmndlng') != 1",
		    "run_command": {
		      "command":[
	            "scoreboard players set @s exhregen 100"
		      ]
		    }
	      },
	      {
		    "condition": "query.scoreboard('irnlng') == 1",
		    "run_command": {
		      "command":[
	            "scoreboard players set @s exhregen 100"
		      ]
		    }
	      },
	      {
		    "condition": "query.scoreboard('dmndlng') == 1",
		    "run_command": {
		      "command":[
	            "scoreboard players set @s exhregen 100"
		      ]
		    }
	      }
	    ]
	  }
	}
  }
}